sample_index,true_label,true_class,majority_vote_label,majority_vote_class,majority_vote_correct,mean_probability_label,mean_probability_class,mean_probability_correct,strategies_agree,efficientnet_b0_label,efficientnet_b0_class,efficientnet_b0_confidence,resnet50_label,resnet50_class,resnet50_confidence,convnext_tiny_label,convnext_tiny_class,convnext_tiny_confidence,vit_b_16_label,vit_b_16_class,vit_b_16_confidence,vmamba_label,vmamba_class,vmamba_confidence,cnn_shallow_label,cnn_shallow_class,cnn_shallow_confidence
0,0,galaxy,0,galaxy,True,0,galaxy,True,True,0,galaxy,0.9848702549934387,0,galaxy,0.9785333275794983,0,galaxy,0.9813385009765625,0,galaxy,0.9359641075134277,0,galaxy,0.9898257851600647,0,galaxy,0.5689408779144287
1,0,galaxy,0,galaxy,True,0,galaxy,True,True,0,galaxy,0.9897134304046631,0,galaxy,0.9934697151184082,0,galaxy,0.9965343475341797,0,galaxy,0.9707311391830444,0,galaxy,0.9920184016227722,0,galaxy,0.5732985138893127
2,0,galaxy,0,galaxy,True,0,galaxy,True,True,0,galaxy,0.9839073419570923,0,galaxy,0.9645665884017944,0,galaxy,0.9923781156539917,0,galaxy,0.9817294478416443,0,galaxy,0.9940998554229736,0,galaxy,0.7942075133323669
3,0,galaxy,0,galaxy,True,0,galaxy,True,True,0,galaxy,0.9960311055183411,0,galaxy,0.9954320192337036,0,galaxy,0.9967792630195618,0,galaxy,0.9880163073539734,0,galaxy,0.9943167567253113,0,galaxy,0.9432021379470825
4,0,galaxy,0,galaxy,True,0,galaxy,True,True,0,galaxy,0.9970376491546631,0,galaxy,0.9885542988777161,0,galaxy,0.9929353594779968,0,galaxy,0.9956117272377014,0,galaxy,0.9947181344032288,0,galaxy,0.978837251663208
5,0,galaxy,0,galaxy,True,0,galaxy,True,True,0,galaxy,0.91693115234375,0,galaxy,0.9813584685325623,0,galaxy,0.9687795639038086,0,galaxy,0.9222658276557922,0,galaxy,0.8741070032119751,0,galaxy,0.48167169094085693
6,0,galaxy,0,galaxy,True,0,galaxy,True,True,0,galaxy,0.9979064464569092,0,galaxy,0.9989563226699829,0,galaxy,0.9941009879112244,0,galaxy,0.9866156578063965,0,galaxy,0.9919256567955017,0,galaxy,0.8195187449455261
7,0,galaxy,0,galaxy,True,0,galaxy,True,True,0,galaxy,0.9741085767745972,0,galaxy,0.819037139415741,0,galaxy,0.9713867902755737,0,galaxy,0.9208946228027344,0,galaxy,0.9282488226890564,1,quasar,0.4209599494934082
8,0,galaxy,0,galaxy,True,0,galaxy,True,True,0,galaxy,0.8821035623550415,0,galaxy,0.9664386510848999,0,galaxy,0.9854956269264221,0,galaxy,0.8829995393753052,0,galaxy,0.9830120205879211,0,galaxy,0.5768206715583801
9,0,galaxy,0,galaxy,True,0,galaxy,True,True,0,galaxy,0.9840519428253174,0,galaxy,0.9950789213180542,0,galaxy,0.9887403845787048,0,galaxy,0.9594067931175232,0,galaxy,0.9788435697555542,2,star,0.48323339223861694
10,0,galaxy,0,galaxy,True,0,galaxy,True,True,0,galaxy,0.9947566986083984,0,galaxy,0.9928873181343079,0,galaxy,0.9914964437484741,0,galaxy,0.9765800833702087,0,galaxy,0.9946901798248291,0,galaxy,0.8459511399269104
11,0,galaxy,0,galaxy,True,0,galaxy,True,True,0,galaxy,0.9217252135276794,0,galaxy,0.9895484447479248,0,galaxy,0.9842760562896729,0,galaxy,0.9225295186042786,0,galaxy,0.9751272201538086,0,galaxy,0.7082173228263855
12,0,galaxy,0,galaxy,True,0,galaxy,True,True,0,galaxy,0.9445148706436157,0,galaxy,0.9483802318572998,0,galaxy,0.9802923798561096,0,galaxy,0.7320523262023926,0,galaxy,0.916918933391571,0,galaxy,0.5889277458190918
13,0,galaxy,0,galaxy,True,0,galaxy,True,True,0,galaxy,0.9503117203712463,0,galaxy,0.9924386143684387,0,galaxy,0.9872703552246094,0,galaxy,0.9624622464179993,0,galaxy,0.9928086996078491,2,star,0.5599363446235657
14,0,galaxy,0,galaxy,True,0,galaxy,True,True,0,galaxy,0.9434993267059326,0,galaxy,0.9978345036506653,0,galaxy,0.9947233200073242,0,galaxy,0.9878702759742737,0,galaxy,0.9705315828323364,0,galaxy,0.7707341909408569
15,0,galaxy,0,galaxy,True,0,galaxy,True,True,0,galaxy,0.9929313659667969,0,galaxy,0.9955286383628845,0,galaxy,0.9911064505577087,0,galaxy,0.9546392560005188,0,galaxy,0.9922784566879272,0,galaxy,0.7761327624320984
16,0,galaxy,0,galaxy,True,0,galaxy,True,True,0,galaxy,0.8472580313682556,0,galaxy,0.9538323283195496,0,galaxy,0.9811888337135315,0,galaxy,0.9288541078567505,0,galaxy,0.9915761351585388,2,star,0.7831680774688721
17,0,galaxy,0,galaxy,True,0,galaxy,True,True,0,galaxy,0.915336549282074,0,galaxy,0.9158281087875366,0,galaxy,0.9767012000083923,0,galaxy,0.9522491097450256,0,galaxy,0.9889089465141296,0,galaxy,0.6068390011787415
18,0,galaxy,0,galaxy,True,0,galaxy,True,True,0,galaxy,0.9844776391983032,0,galaxy,0.997649610042572,0,galaxy,0.9938296675682068,0,galaxy,0.9946897029876709,0,galaxy,0.992994487285614,0,galaxy,0.7781566381454468
19,0,galaxy,0,galaxy,True,0,galaxy,True,True,0,galaxy,0.995109498500824,0,galaxy,0.974575400352478,0,galaxy,0.9888181090354919,0,galaxy,0.9544967412948608,0,galaxy,0.985913872718811,0,galaxy,0.7434707880020142
20,0,galaxy,0,galaxy,True,0,galaxy,True,True,0,galaxy,0.986136794090271,0,galaxy,0.9989039897918701,0,galaxy,0.9923559427261353,0,galaxy,0.982142984867096,0,galaxy,0.9945335388183594,2,star,0.5766447186470032
21,0,galaxy,0,galaxy,True,0,galaxy,True,True,0,galaxy,0.9828585386276245,0,galaxy,0.99216228723526,0,galaxy,0.9913853406906128,0,galaxy,0.9664273858070374,0,galaxy,0.9945560693740845,0,galaxy,0.6308093667030334
22,0,galaxy,0,galaxy,True,0,galaxy,True,True,0,galaxy,0.9466366171836853,0,galaxy,0.9721295833587646,0,galaxy,0.9742017984390259,0,galaxy,0.927764356136322,0,galaxy,0.9857825040817261,0,galaxy,0.8679764866828918
23,0,galaxy,0,galaxy,True,0,galaxy,True,True,0,galaxy,0.9946159720420837,0,galaxy,0.993721604347229,0,galaxy,0.9903855323791504,0,galaxy,0.9689506888389587,0,galaxy,0.9935630559921265,0,galaxy,0.738400936126709
24,0,galaxy,0,galaxy,True,0,galaxy,True,True,0,galaxy,0.996773898601532,0,galaxy,0.9984861016273499,0,galaxy,0.9954380393028259,0,galaxy,0.9936047196388245,0,galaxy,0.9957610964775085,0,galaxy,0.6945799589157104
25,0,galaxy,0,galaxy,True,0,galaxy,True,True,0,galaxy,0.9960557222366333,0,galaxy,0.9960170388221741,0,galaxy,0.994821310043335,0,galaxy,0.9869231581687927,0,galaxy,0.9952732920646667,0,galaxy,0.8587339520454407
26,0,galaxy,0,galaxy,True,0,galaxy,True,True,0,galaxy,0.9979332685470581,0,galaxy,0.9984575510025024,0,galaxy,0.9955675005912781,0,galaxy,0.977176308631897,0,galaxy,0.9957419037818909,0,galaxy,0.9134884476661682
27,0,galaxy,0,galaxy,True,0,galaxy,True,True,0,galaxy,0.8589284420013428,0,galaxy,0.872138261795044,0,galaxy,0.9795745015144348,0,galaxy,0.909549355506897,0,galaxy,0.8865739107131958,0,galaxy,0.8230869770050049
28,0,galaxy,0,galaxy,True,0,galaxy,True,True,0,galaxy,0.9110870361328125,0,galaxy,0.9463256597518921,0,galaxy,0.9749062061309814,0,galaxy,0.9298679232597351,0,galaxy,0.9706120491027832,0,galaxy,0.45900288224220276
29,0,galaxy,0,galaxy,True,0,galaxy,True,True,0,galaxy,0.9882203340530396,0,galaxy,0.9881606101989746,0,galaxy,0.9786815047264099,0,galaxy,0.976829469203949,0,galaxy,0.9645883440971375,0,galaxy,0.9400973320007324
30,0,galaxy,0,galaxy,True,0,galaxy,True,True,0,galaxy,0.9951280355453491,0,galaxy,0.9858410358428955,0,galaxy,0.9953833222389221,0,galaxy,0.9695195555686951,0,galaxy,0.9935320615768433,0,galaxy,0.7839176058769226
31,0,galaxy,0,galaxy,True,0,galaxy,True,True,0,galaxy,0.9667357802391052,0,galaxy,0.9958880543708801,0,galaxy,0.9824995994567871,0,galaxy,0.9578880667686462,0,galaxy,0.9811813235282898,0,galaxy,0.6567268967628479
32,0,galaxy,0,galaxy,True,0,galaxy,True,True,0,galaxy,0.984046995639801,0,galaxy,0.9974523186683655,0,galaxy,0.9853672981262207,0,galaxy,0.9775390625,0,galaxy,0.9803338646888733,0,galaxy,0.683689534664154
33,0,galaxy,0,galaxy,True,0,galaxy,True,True,0,galaxy,0.834494411945343,0,galaxy,0.9414441585540771,0,galaxy,0.9783529043197632,0,galaxy,0.9193761944770813,0,galaxy,0.9628128409385681,0,galaxy,0.7234740257263184
34,0,galaxy,0,galaxy,True,0,galaxy,True,True,0,galaxy,0.948394238948822,0,galaxy,0.9951169490814209,0,galaxy,0.991139829158783,0,galaxy,0.9849270582199097,0,galaxy,0.9913301467895508,0,galaxy,0.5571281313896179
35,0,galaxy,0,galaxy,True,0,galaxy,True,True,0,galaxy,0.9437227249145508,0,galaxy,0.9991230368614197,0,galaxy,0.994860827922821,0,galaxy,0.9839047789573669,0,galaxy,0.9940817952156067,0,galaxy,0.37051355838775635
36,0,galaxy,0,galaxy,True,0,galaxy,True,True,0,galaxy,0.6047044992446899,0,galaxy,0.8914868831634521,0,galaxy,0.9484952688217163,0,galaxy,0.7811720371246338,0,galaxy,0.9172508716583252,0,galaxy,0.8020686507225037
37,0,galaxy,0,galaxy,True,0,galaxy,True,True,0,galaxy,0.874769389629364,0,galaxy,0.6921862363815308,0,galaxy,0.9697704911231995,0,galaxy,0.5737779140472412,0,galaxy,0.949852466583252,2,star,0.4748568832874298
38,0,galaxy,0,galaxy,True,0,galaxy,True,True,0,galaxy,0.5836658477783203,0,galaxy,0.9575139284133911,0,galaxy,0.9647526144981384,0,galaxy,0.9609848856925964,0,galaxy,0.9433996677398682,2,star,0.6266660094261169
39,0,galaxy,0,galaxy,True,0,galaxy,True,True,0,galaxy,0.9962648749351501,0,galaxy,0.995991051197052,0,galaxy,0.9970068335533142,0,galaxy,0.975993812084198,0,galaxy,0.9958666563034058,0,galaxy,0.9194636344909668
40,0,galaxy,0,galaxy,True,0,galaxy,True,True,0,galaxy,0.9892534613609314,0,galaxy,0.9967250227928162,0,galaxy,0.9955430626869202,0,galaxy,0.9817460775375366,0,galaxy,0.9928488731384277,0,galaxy,0.8825353384017944
41,0,galaxy,0,galaxy,True,0,galaxy,True,True,0,galaxy,0.931300163269043,0,galaxy,0.9978585839271545,0,galaxy,0.97339928150177,0,galaxy,0.96844482421875,0,galaxy,0.9887781739234924,0,galaxy,0.546622097492218
42,0,galaxy,0,galaxy,True,0,galaxy,True,True,0,galaxy,0.88486248254776,0,galaxy,0.995051920413971,0,galaxy,0.9838621020317078,0,galaxy,0.935554027557373,0,galaxy,0.9675204157829285,2,star,0.3892233967781067
43,0,galaxy,0,galaxy,True,0,galaxy,True,True,0,galaxy,0.8077147603034973,0,galaxy,0.9988492727279663,0,galaxy,0.988335132598877,0,galaxy,0.9032326340675354,0,galaxy,0.9939483404159546,0,galaxy,0.6728834509849548
44,0,galaxy,0,galaxy,True,0,galaxy,True,True,0,galaxy,0.9779689908027649,0,galaxy,0.9862365126609802,0,galaxy,0.992635190486908,0,galaxy,0.963529109954834,0,galaxy,0.9935238361358643,0,galaxy,0.8027992844581604
45,0,galaxy,0,galaxy,True,0,galaxy,True,True,0,galaxy,0.9295837879180908,0,galaxy,0.9620835185050964,0,galaxy,0.9741513133049011,0,galaxy,0.5395693182945251,0,galaxy,0.7921236753463745,0,galaxy,0.6964003443717957
46,0,galaxy,0,galaxy,True,0,galaxy,True,True,0,galaxy,0.9492611885070801,0,galaxy,0.9778679609298706,0,galaxy,0.9692205786705017,0,galaxy,0.9656243920326233,0,galaxy,0.7943158745765686,0,galaxy,0.45225489139556885
47,0,galaxy,0,galaxy,True,0,galaxy,True,True,0,galaxy,0.9741804003715515,0,galaxy,0.9853028059005737,0,galaxy,0.9911921620368958,0,galaxy,0.9806832671165466,0,galaxy,0.9718842506408691,0,galaxy,0.8776911497116089
48,0,galaxy,0,galaxy,True,0,galaxy,True,True,0,galaxy,0.9933307766914368,0,galaxy,0.9896726608276367,0,galaxy,0.989237904548645,0,galaxy,0.9534603357315063,0,galaxy,0.9840607047080994,0,galaxy,0.7900576591491699
49,0,galaxy,0,galaxy,True,0,galaxy,True,True,0,galaxy,0.9704693555831909,0,galaxy,0.9717816710472107,0,galaxy,0.9866446852684021,0,galaxy,0.9349668622016907,0,galaxy,0.9824404716491699,0,galaxy,0.5051903128623962
50,0,galaxy,0,galaxy,True,0,galaxy,True,True,0,galaxy,0.9510164260864258,0,galaxy,0.9735196828842163,0,galaxy,0.938587486743927,0,galaxy,0.6578345894813538,0,galaxy,0.9539464116096497,0,galaxy,0.616420567035675
51,0,galaxy,0,galaxy,True,0,galaxy,True,True,0,galaxy,0.6497522592544556,0,galaxy,0.7265374660491943,0,galaxy,0.9729536771774292,0,galaxy,0.8749875426292419,0,galaxy,0.9446784853935242,0,galaxy,0.41553324460983276
52,0,galaxy,0,galaxy,True,0,galaxy,True,True,0,galaxy,0.9927434921264648,0,galaxy,0.9975447058677673,0,galaxy,0.9900370836257935,0,galaxy,0.9696649312973022,0,galaxy,0.7575297355651855,2,star,0.6829187870025635
53,0,galaxy,0,galaxy,True,0,galaxy,True,True,0,galaxy,0.9791785478591919,0,galaxy,0.9720559120178223,0,galaxy,0.9844635725021362,0,galaxy,0.9525936245918274,0,galaxy,0.9672555327415466,0,galaxy,0.556459367275238
54,0,galaxy,0,galaxy,True,0,galaxy,True,True,0,galaxy,0.7524147033691406,0,galaxy,0.8600926399230957,0,galaxy,0.9515625238418579,0,galaxy,0.9015882611274719,0,galaxy,0.9732215404510498,0,galaxy,0.6629176139831543
55,0,galaxy,0,galaxy,True,0,galaxy,True,True,0,galaxy,0.9616550207138062,0,galaxy,0.9496875405311584,0,galaxy,0.9912003874778748,0,galaxy,0.9401745796203613,0,galaxy,0.9909183979034424,0,galaxy,0.6726962924003601
56,0,galaxy,0,galaxy,True,0,galaxy,True,True,0,galaxy,0.9334942698478699,0,galaxy,0.9553725719451904,0,galaxy,0.9936955571174622,0,galaxy,0.9765914678573608,0,galaxy,0.988884687423706,0,galaxy,0.7207017540931702
57,0,galaxy,0,galaxy,True,0,galaxy,True,True,0,galaxy,0.9386391639709473,0,galaxy,0.9877977967262268,0,galaxy,0.9879712462425232,0,galaxy,0.9766830801963806,0,galaxy,0.9893288016319275,0,galaxy,0.7103345394134521
58,0,galaxy,0,galaxy,True,0,galaxy,True,True,0,galaxy,0.9889886975288391,0,galaxy,0.8909355401992798,0,galaxy,0.9900197982788086,0,galaxy,0.9602373838424683,0,galaxy,0.9821299910545349,0,galaxy,0.9018370509147644
59,0,galaxy,0,galaxy,True,0,galaxy,True,True,0,galaxy,0.9965178966522217,0,galaxy,0.9873241186141968,0,galaxy,0.9921899437904358,0,galaxy,0.9463895559310913,0,galaxy,0.9907903671264648,0,galaxy,0.9110276699066162
60,0,galaxy,0,galaxy,True,0,galaxy,True,True,0,galaxy,0.9880595803260803,0,galaxy,0.9879218935966492,0,galaxy,0.9906689524650574,0,galaxy,0.96505206823349,0,galaxy,0.9926097989082336,0,galaxy,0.840812087059021
61,0,galaxy,0,galaxy,True,0,galaxy,True,True,0,galaxy,0.9968787431716919,0,galaxy,0.9871930480003357,0,galaxy,0.9954441785812378,0,galaxy,0.9860225915908813,0,galaxy,0.9939926266670227,0,galaxy,0.7613681554794312
62,0,galaxy,0,galaxy,True,0,galaxy,True,True,0,galaxy,0.9989767074584961,0,galaxy,0.9987199306488037,0,galaxy,0.9974496960639954,0,galaxy,0.9863597750663757,0,galaxy,0.9955428242683411,0,galaxy,0.8754861354827881
63,0,galaxy,0,galaxy,True,0,galaxy,True,True,0,galaxy,0.9660440683364868,0,galaxy,0.9916336536407471,0,galaxy,0.9938955903053284,0,galaxy,0.9906198978424072,0,galaxy,0.9940370321273804,1,quasar,0.4999065101146698
64,0,galaxy,2,star,False,2,star,False,True,2,star,0.4682299792766571,0,galaxy,0.8011354804039001,2,star,0.542521595954895,2,star,0.45724961161613464,1,quasar,0.5788605213165283,2,star,0.4700677990913391
65,0,galaxy,0,galaxy,True,0,galaxy,True,True,0,galaxy,0.9505478143692017,0,galaxy,0.9484139680862427,0,galaxy,0.9758381247520447,0,galaxy,0.6037799119949341,0,galaxy,0.9867635369300842,0,galaxy,0.6180356740951538
66,0,galaxy,0,galaxy,True,0,galaxy,True,True,0,galaxy,0.9901123642921448,0,galaxy,0.9990596175193787,0,galaxy,0.9958652257919312,0,galaxy,0.9904747605323792,0,galaxy,0.9927499294281006,2,star,0.6200256943702698
67,0,galaxy,0,galaxy,True,0,galaxy,True,True,1,quasar,0.6834167242050171,0,galaxy,0.5792054533958435,0,galaxy,0.9348435401916504,0,galaxy,0.7911118268966675,2,star,0.6984443068504333,0,galaxy,0.6758276224136353
68,0,galaxy,0,galaxy,True,0,galaxy,True,True,0,galaxy,0.9932540059089661,0,galaxy,0.9989637136459351,0,galaxy,0.9958806037902832,0,galaxy,0.9922389984130859,0,galaxy,0.9949138164520264,0,galaxy,0.8637949228286743
69,0,galaxy,0,galaxy,True,0,galaxy,True,True,1,quasar,0.6232047080993652,1,quasar,0.43176665902137756,0,galaxy,0.731762170791626,2,star,0.7126790285110474,2,star,0.5199193954467773,0,galaxy,0.5973134636878967
70,0,galaxy,0,galaxy,True,0,galaxy,True,True,1,quasar,0.6553395986557007,1,quasar,0.4127153158187866,0,galaxy,0.9102773070335388,2,star,0.6323394179344177,0,galaxy,0.4890570640563965,0,galaxy,0.7002308368682861
71,0,galaxy,0,galaxy,True,0,galaxy,True,True,0,galaxy,0.8521699905395508,0,galaxy,0.8239119648933411,0,galaxy,0.977976381778717,0,galaxy,0.91758793592453,0,galaxy,0.6662547588348389,0,galaxy,0.7163149118423462
72,0,galaxy,0,galaxy,True,0,galaxy,True,True,0,galaxy,0.43233203887939453,0,galaxy,0.36347728967666626,0,galaxy,0.9211946725845337,0,galaxy,0.7166988849639893,0,galaxy,0.659879744052887,0,galaxy,0.49022552371025085
73,0,galaxy,1,quasar,False,1,quasar,False,True,1,quasar,0.9034883379936218,1,quasar,0.7585219740867615,1,quasar,0.7302994728088379,1,quasar,0.7979658246040344,1,quasar,0.6473556756973267,1,quasar,0.5862550735473633
74,0,galaxy,0,galaxy,True,0,galaxy,True,True,1,quasar,0.6715353727340698,2,star,0.34081926941871643,0,galaxy,0.9324051141738892,0,galaxy,0.651581346988678,0,galaxy,0.5649045705795288,1,quasar,0.7676109075546265
75,0,galaxy,0,galaxy,True,0,galaxy,True,True,0,galaxy,0.5436037182807922,0,galaxy,0.4447256028652191,0,galaxy,0.808208703994751,0,galaxy,0.5834177732467651,0,galaxy,0.8099493384361267,0,galaxy,0.9786897301673889
76,0,galaxy,0,galaxy,True,0,galaxy,True,True,1,quasar,0.42365679144859314,0,galaxy,0.34078192710876465,0,galaxy,0.8239819407463074,0,galaxy,0.5557442903518677,0,galaxy,0.5767771005630493,0,galaxy,0.8333715200424194
77,0,galaxy,0,galaxy,True,0,galaxy,True,True,0,galaxy,0.9656525254249573,0,galaxy,0.9066059589385986,0,galaxy,0.9815729856491089,0,galaxy,0.9393929243087769,0,galaxy,0.982721745967865,0,galaxy,0.9301262497901917
78,0,galaxy,0,galaxy,True,0,galaxy,True,True,0,galaxy,0.9860653877258301,0,galaxy,0.9978164434432983,0,galaxy,0.9953148365020752,0,galaxy,0.9879106283187866,0,galaxy,0.9940003156661987,0,galaxy,0.9602436423301697
79,0,galaxy,0,galaxy,True,0,galaxy,True,True,1,quasar,0.6044619679450989,0,galaxy,0.6128137111663818,0,galaxy,0.8162661194801331,0,galaxy,0.6478787660598755,0,galaxy,0.9390859603881836,1,quasar,0.7370026111602783
80,0,galaxy,0,galaxy,True,0,galaxy,True,True,0,galaxy,0.9740291833877563,0,galaxy,0.9766677618026733,0,galaxy,0.9868116974830627,0,galaxy,0.9624937176704407,0,galaxy,0.9867331385612488,0,galaxy,0.9028682112693787
81,0,galaxy,0,galaxy,True,0,galaxy,True,True,0,galaxy,0.6167828440666199,0,galaxy,0.4437740743160248,0,galaxy,0.9472387433052063,0,galaxy,0.9494326710700989,0,galaxy,0.9921532273292542,0,galaxy,0.8816968202590942
82,0,galaxy,0,galaxy,True,0,galaxy,True,True,0,galaxy,0.9495297074317932,0,galaxy,0.9753502607345581,0,galaxy,0.9504320025444031,0,galaxy,0.9722992181777954,0,galaxy,0.9420321583747864,2,star,0.465814471244812
83,0,galaxy,0,galaxy,True,0,galaxy,True,True,0,galaxy,0.9849622249603271,0,galaxy,0.9972304701805115,0,galaxy,0.9899311065673828,0,galaxy,0.9885073900222778,0,galaxy,0.9919772744178772,0,galaxy,0.9592205286026001
84,0,galaxy,0,galaxy,True,0,galaxy,True,True,0,galaxy,0.45308002829551697,0,galaxy,0.49342551827430725,0,galaxy,0.8904149532318115,2,star,0.8094047904014587,2,star,0.5109179615974426,0,galaxy,0.5726887583732605
85,0,galaxy,0,galaxy,True,0,galaxy,True,True,0,galaxy,0.8873273134231567,0,galaxy,0.8973932862281799,0,galaxy,0.984557032585144,0,galaxy,0.923316478729248,0,galaxy,0.9813764691352844,0,galaxy,0.9293367266654968
86,0,galaxy,1,quasar,False,0,galaxy,True,False,0,galaxy,0.4663209319114685,1,quasar,0.3914594352245331,1,quasar,0.4826275408267975,1,quasar,0.5661707520484924,1,quasar,0.5054231286048889,0,galaxy,0.8768161535263062
87,0,galaxy,0,galaxy,True,0,galaxy,True,True,0,galaxy,0.9814687967300415,0,galaxy,0.929773211479187,0,galaxy,0.9882787466049194,0,galaxy,0.9834240078926086,0,galaxy,0.9811567664146423,0,galaxy,0.6767743825912476
88,0,galaxy,0,galaxy,True,0,galaxy,True,True,0,galaxy,0.9466058611869812,0,galaxy,0.9974820017814636,0,galaxy,0.9758664965629578,0,galaxy,0.9155811667442322,0,galaxy,0.9159926176071167,0,galaxy,0.7250100374221802
89,0,galaxy,0,galaxy,True,0,galaxy,True,True,0,galaxy,0.7215338349342346,0,galaxy,0.9438090920448303,0,galaxy,0.9818019270896912,0,galaxy,0.9799237847328186,0,galaxy,0.9900824427604675,0,galaxy,0.6390138864517212
90,0,galaxy,0,galaxy,True,0,galaxy,True,True,0,galaxy,0.967670202255249,0,galaxy,0.9770153760910034,0,galaxy,0.9876047372817993,0,galaxy,0.9757518768310547,0,galaxy,0.9847897887229919,1,quasar,0.487352192401886
91,0,galaxy,0,galaxy,True,0,galaxy,True,True,0,galaxy,0.9741204380989075,0,galaxy,0.9748674035072327,0,galaxy,0.9826923608779907,0,galaxy,0.9908271431922913,0,galaxy,0.9932551383972168,0,galaxy,0.6610265970230103
92,0,galaxy,0,galaxy,True,0,galaxy,True,True,0,galaxy,0.9267691373825073,0,galaxy,0.7667508721351624,0,galaxy,0.95755535364151,0,galaxy,0.9048107266426086,0,galaxy,0.878358006477356,1,quasar,0.4421273469924927
93,0,galaxy,0,galaxy,True,0,galaxy,True,True,0,galaxy,0.9439013600349426,0,galaxy,0.9732933640480042,0,galaxy,0.982174277305603,0,galaxy,0.9465091824531555,0,galaxy,0.9519181251525879,0,galaxy,0.6476803421974182
94,0,galaxy,1,quasar,False,1,quasar,False,True,1,quasar,0.535570502281189,1,quasar,0.5698150992393494,1,quasar,0.4576084017753601,1,quasar,0.5304626226425171,1,quasar,0.6937458515167236,1,quasar,0.43776002526283264
95,0,galaxy,0,galaxy,True,0,galaxy,True,True,1,quasar,0.5401511788368225,0,galaxy,0.8713138699531555,0,galaxy,0.9134661555290222,0,galaxy,0.9069933295249939,0,galaxy,0.7929630875587463,2,star,0.3924349844455719
96,0,galaxy,0,galaxy,True,0,galaxy,True,True,0,galaxy,0.4582636058330536,0,galaxy,0.3552801012992859,0,galaxy,0.6345272064208984,1,quasar,0.5543023943901062,0,galaxy,0.46891242265701294,2,star,0.42088744044303894
97,0,galaxy,0,galaxy,True,0,galaxy,True,True,0,galaxy,0.9694865942001343,0,galaxy,0.9720145463943481,0,galaxy,0.9839335083961487,0,galaxy,0.9790327548980713,0,galaxy,0.9886947274208069,1,quasar,0.6057916879653931
98,0,galaxy,0,galaxy,True,0,galaxy,True,True,0,galaxy,0.7642132639884949,0,galaxy,0.7357470393180847,0,galaxy,0.9871715903282166,0,galaxy,0.8731825351715088,0,galaxy,0.9821305871009827,1,quasar,0.5731391310691833
99,0,galaxy,0,galaxy,True,0,galaxy,True,True,0,galaxy,0.4378434121608734,0,galaxy,0.7334017157554626,0,galaxy,0.863330602645874,0,galaxy,0.8677160739898682,0,galaxy,0.6514607071876526,0,galaxy,0.48728272318840027
100,0,galaxy,0,galaxy,True,0,galaxy,True,True,0,galaxy,0.8772332668304443,0,galaxy,0.8656742572784424,0,galaxy,0.9757788777351379,0,galaxy,0.9565504789352417,0,galaxy,0.881756603717804,0,galaxy,0.6915360689163208
101,0,galaxy,0,galaxy,True,0,galaxy,True,True,0,galaxy,0.9659656286239624,0,galaxy,0.9776276350021362,0,galaxy,0.9855462312698364,0,galaxy,0.9324944019317627,0,galaxy,0.9886406660079956,0,galaxy,0.76749187707901
102,0,galaxy,0,galaxy,True,0,galaxy,True,True,1,quasar,0.6746687889099121,0,galaxy,0.7904835939407349,0,galaxy,0.9285945296287537,0,galaxy,0.7547253966331482,0,galaxy,0.8604512214660645,1,quasar,0.6107691526412964
103,0,galaxy,0,galaxy,True,0,galaxy,True,True,0,galaxy,0.9615901708602905,0,galaxy,0.9900701642036438,0,galaxy,0.9656667709350586,0,galaxy,0.958836019039154,0,galaxy,0.9928683638572693,1,quasar,0.5794444680213928
104,0,galaxy,0,galaxy,True,0,galaxy,True,True,0,galaxy,0.6521950364112854,2,star,0.8358475565910339,0,galaxy,0.9089175462722778,0,galaxy,0.8871323466300964,0,galaxy,0.8963374495506287,0,galaxy,0.9272801876068115
105,0,galaxy,0,galaxy,True,0,galaxy,True,True,0,galaxy,0.9860432147979736,0,galaxy,0.9773793816566467,0,galaxy,0.9832668900489807,0,galaxy,0.9575943350791931,0,galaxy,0.9790301322937012,0,galaxy,0.7774758338928223
106,0,galaxy,0,galaxy,True,0,galaxy,True,True,0,galaxy,0.5795446634292603,0,galaxy,0.7562264204025269,0,galaxy,0.9223719835281372,0,galaxy,0.7825136184692383,0,galaxy,0.7266722321510315,0,galaxy,0.6173924803733826
107,0,galaxy,0,galaxy,True,0,galaxy,True,True,0,galaxy,0.668814480304718,0,galaxy,0.6409415006637573,0,galaxy,0.9657807946205139,0,galaxy,0.6482958793640137,0,galaxy,0.7206684350967407,0,galaxy,0.9423567056655884
108,0,galaxy,2,star,False,2,star,False,True,1,quasar,0.4731908440589905,2,star,0.3876061737537384,2,star,0.5202844738960266,2,star,0.6934910416603088,2,star,0.4531000852584839,1,quasar,0.5485331416130066
109,0,galaxy,0,galaxy,True,0,galaxy,True,True,0,galaxy,0.5610118508338928,1,quasar,0.4267192780971527,0,galaxy,0.47576549649238586,2,star,0.400753915309906,0,galaxy,0.7094685435295105,1,quasar,0.7095198631286621
110,0,galaxy,1,quasar,False,0,galaxy,True,False,1,quasar,0.44539836049079895,1,quasar,0.36699533462524414,1,quasar,0.4494984745979309,1,quasar,0.5036953091621399,0,galaxy,0.47632530331611633,0,galaxy,0.9198928475379944
111,0,galaxy,0,galaxy,True,0,galaxy,True,True,0,galaxy,0.9967197775840759,0,galaxy,0.9929789900779724,0,galaxy,0.9934724569320679,0,galaxy,0.9888147711753845,0,galaxy,0.9950173497200012,0,galaxy,0.8981044292449951
112,0,galaxy,0,galaxy,True,0,galaxy,True,True,2,star,1.0,0,galaxy,0.4421469271183014,0,galaxy,0.9686071872711182,0,galaxy,0.8540562391281128,0,galaxy,0.9233860969543457,0,galaxy,0.5775938034057617
113,0,galaxy,0,galaxy,True,0,galaxy,True,True,2,star,1.0,0,galaxy,0.6999906897544861,0,galaxy,0.979866087436676,0,galaxy,0.9718412160873413,0,galaxy,0.9745517373085022,0,galaxy,0.8127391934394836
114,0,galaxy,0,galaxy,True,0,galaxy,True,True,1,quasar,0.46896323561668396,0,galaxy,0.9935963153839111,0,galaxy,0.7122130990028381,0,galaxy,0.7972789406776428,1,quasar,0.5893639326095581,0,galaxy,0.6922941207885742
115,0,galaxy,0,galaxy,True,0,galaxy,True,True,0,galaxy,0.8021782040596008,0,galaxy,0.9742357134819031,0,galaxy,0.970481276512146,0,galaxy,0.9173605442047119,0,galaxy,0.9779804944992065,0,galaxy,0.8974725008010864
116,0,galaxy,0,galaxy,True,0,galaxy,True,True,0,galaxy,0.8911945819854736,0,galaxy,0.9700766801834106,0,galaxy,0.9777069091796875,0,galaxy,0.899560809135437,0,galaxy,0.9848011136054993,0,galaxy,0.6638795733451843
117,0,galaxy,0,galaxy,True,0,galaxy,True,True,0,galaxy,0.899337649345398,0,galaxy,0.9581012725830078,0,galaxy,0.9801031947135925,0,galaxy,0.9684045910835266,0,galaxy,0.9778537154197693,0,galaxy,0.7064818143844604
118,0,galaxy,0,galaxy,True,0,galaxy,True,True,0,galaxy,0.9752601981163025,0,galaxy,0.9760573506355286,0,galaxy,0.9856826663017273,0,galaxy,0.6907696723937988,0,galaxy,0.9624038338661194,0,galaxy,0.4973423182964325
119,0,galaxy,0,galaxy,True,0,galaxy,True,True,0,galaxy,0.9520060420036316,0,galaxy,0.9980249404907227,0,galaxy,0.9975669384002686,0,galaxy,0.9941881895065308,0,galaxy,0.9950834512710571,0,galaxy,0.7974491715431213
120,0,galaxy,0,galaxy,True,0,galaxy,True,True,0,galaxy,0.6357313990592957,0,galaxy,0.8895659446716309,0,galaxy,0.9754623174667358,2,star,0.7172780632972717,0,galaxy,0.9900375604629517,0,galaxy,0.4139857888221741
121,0,galaxy,0,galaxy,True,0,galaxy,True,True,0,galaxy,0.9597477316856384,0,galaxy,0.9781430959701538,0,galaxy,0.9765415191650391,0,galaxy,0.7745587229728699,0,galaxy,0.9874131679534912,0,galaxy,0.8754428625106812
122,0,galaxy,0,galaxy,True,0,galaxy,True,True,0,galaxy,0.9981364011764526,0,galaxy,0.9939287900924683,0,galaxy,0.9954062700271606,0,galaxy,0.9780964255332947,0,galaxy,0.9947882890701294,0,galaxy,0.9751850366592407
123,0,galaxy,0,galaxy,True,0,galaxy,True,True,0,galaxy,0.9424954056739807,0,galaxy,0.9952349066734314,0,galaxy,0.9835078716278076,0,galaxy,0.9648690223693848,0,galaxy,0.956963062286377,0,galaxy,0.8223838210105896
124,0,galaxy,0,galaxy,True,0,galaxy,True,True,0,galaxy,0.9167585968971252,0,galaxy,0.9728632569313049,0,galaxy,0.9778364896774292,0,galaxy,0.7848110795021057,0,galaxy,0.9649901390075684,0,galaxy,0.5366458892822266
125,0,galaxy,0,galaxy,True,0,galaxy,True,True,0,galaxy,0.9907868504524231,0,galaxy,0.997199535369873,0,galaxy,0.9942693710327148,0,galaxy,0.9882500171661377,0,galaxy,0.9937612414360046,0,galaxy,0.6413583159446716
126,0,galaxy,0,galaxy,True,0,galaxy,True,True,0,galaxy,0.9912723898887634,0,galaxy,0.9896656274795532,0,galaxy,0.9889218807220459,0,galaxy,0.9798192381858826,0,galaxy,0.9938341379165649,0,galaxy,0.5784816145896912
127,0,galaxy,0,galaxy,True,0,galaxy,True,True,0,galaxy,0.9879351854324341,0,galaxy,0.9838468432426453,0,galaxy,0.9840990304946899,0,galaxy,0.9711449146270752,0,galaxy,0.9524489045143127,0,galaxy,0.6507331132888794
128,0,galaxy,0,galaxy,True,0,galaxy,True,True,0,galaxy,0.9708057045936584,0,galaxy,0.9728682637214661,0,galaxy,0.9873308539390564,0,galaxy,0.9760684967041016,0,galaxy,0.9739394783973694,0,galaxy,0.6282480359077454
129,0,galaxy,0,galaxy,True,0,galaxy,True,True,0,galaxy,0.7966207265853882,0,galaxy,0.993087112903595,0,galaxy,0.9842103719711304,0,galaxy,0.9577421545982361,0,galaxy,0.9916109442710876,0,galaxy,0.43626299500465393
130,0,galaxy,0,galaxy,True,0,galaxy,True,True,0,galaxy,0.9289243817329407,0,galaxy,0.9674164056777954,0,galaxy,0.9878437519073486,0,galaxy,0.9674674868583679,0,galaxy,0.9910737872123718,0,galaxy,0.3865519165992737
131,0,galaxy,0,galaxy,True,0,galaxy,True,True,0,galaxy,0.974992036819458,0,galaxy,0.9678037166595459,0,galaxy,0.9863497614860535,0,galaxy,0.9876016974449158,0,galaxy,0.9919106364250183,0,galaxy,0.5926697254180908
132,0,galaxy,0,galaxy,True,0,galaxy,True,True,0,galaxy,0.9354170560836792,0,galaxy,0.93516606092453,0,galaxy,0.9771836996078491,0,galaxy,0.9233827590942383,0,galaxy,0.960099458694458,0,galaxy,0.3854655921459198
133,0,galaxy,0,galaxy,True,0,galaxy,True,True,0,galaxy,0.9126746654510498,0,galaxy,0.9846701622009277,0,galaxy,0.9827441573143005,0,galaxy,0.8237721920013428,0,galaxy,0.9748483300209045,0,galaxy,0.5732625126838684
134,0,galaxy,0,galaxy,True,0,galaxy,True,True,0,galaxy,0.9186360836029053,0,galaxy,0.9951884746551514,0,galaxy,0.9853196144104004,0,galaxy,0.9269240498542786,0,galaxy,0.9923465251922607,0,galaxy,0.7603668570518494
135,0,galaxy,1,quasar,False,1,quasar,False,True,1,quasar,0.4567815065383911,2,star,0.5857484340667725,1,quasar,0.5594813227653503,1,quasar,0.5180569887161255,1,quasar,0.7885706424713135,2,star,0.6181687712669373
136,0,galaxy,0,galaxy,True,0,galaxy,True,True,0,galaxy,0.9318138957023621,0,galaxy,0.97918301820755,0,galaxy,0.9696221947669983,0,galaxy,0.9285931587219238,0,galaxy,0.9708602428436279,0,galaxy,0.8163030743598938
137,0,galaxy,0,galaxy,True,0,galaxy,True,True,0,galaxy,0.9491690397262573,0,galaxy,0.9985675811767578,0,galaxy,0.9911434650421143,0,galaxy,0.9861845374107361,0,galaxy,0.993637204170227,0,galaxy,0.7896309494972229
138,0,galaxy,0,galaxy,True,0,galaxy,True,True,0,galaxy,0.9993354678153992,0,galaxy,0.985325276851654,0,galaxy,0.9933218359947205,0,galaxy,0.9771953225135803,0,galaxy,0.9948006868362427,0,galaxy,0.8996028900146484
139,0,galaxy,0,galaxy,True,0,galaxy,True,True,0,galaxy,0.8260487914085388,0,galaxy,0.957894504070282,0,galaxy,0.9708048105239868,0,galaxy,0.9468478560447693,0,galaxy,0.9200458526611328,0,galaxy,0.436646044254303
140,0,galaxy,0,galaxy,True,0,galaxy,True,True,0,galaxy,0.995873749256134,0,galaxy,0.9945847392082214,0,galaxy,0.9940009713172913,0,galaxy,0.9629691243171692,0,galaxy,0.9880203604698181,0,galaxy,0.45842334628105164
141,0,galaxy,0,galaxy,True,0,galaxy,True,True,0,galaxy,0.9276854991912842,0,galaxy,0.9929128289222717,0,galaxy,0.9945471286773682,0,galaxy,0.9833104014396667,0,galaxy,0.9895888566970825,0,galaxy,0.541413426399231
142,0,galaxy,0,galaxy,True,0,galaxy,True,True,0,galaxy,0.9426940083503723,0,galaxy,0.9859090447425842,0,galaxy,0.964057981967926,0,galaxy,0.9342851042747498,0,galaxy,0.9471964836120605,0,galaxy,0.7379058599472046
143,0,galaxy,0,galaxy,True,0,galaxy,True,True,0,galaxy,0.929477334022522,0,galaxy,0.9709976315498352,0,galaxy,0.9007978439331055,0,galaxy,0.6804899573326111,0,galaxy,0.8346521258354187,0,galaxy,0.41569414734840393
144,0,galaxy,0,galaxy,True,0,galaxy,True,True,0,galaxy,0.9119991064071655,0,galaxy,0.9923638105392456,0,galaxy,0.9825448989868164,0,galaxy,0.8226736783981323,0,galaxy,0.9773586988449097,0,galaxy,0.5802427530288696
145,0,galaxy,0,galaxy,True,0,galaxy,True,True,0,galaxy,0.8270684480667114,0,galaxy,0.9901818633079529,0,galaxy,0.9763715863227844,0,galaxy,0.8919121623039246,0,galaxy,0.980095386505127,0,galaxy,0.7996829152107239
146,0,galaxy,0,galaxy,True,0,galaxy,True,True,0,galaxy,0.9828917980194092,0,galaxy,0.9882333874702454,0,galaxy,0.9812393188476562,0,galaxy,0.9105585217475891,0,galaxy,0.9896648526191711,0,galaxy,0.7042388916015625
147,0,galaxy,0,galaxy,True,0,galaxy,True,True,0,galaxy,0.9940184354782104,0,galaxy,0.997329592704773,0,galaxy,0.9951233267784119,0,galaxy,0.9887608885765076,0,galaxy,0.9952829480171204,0,galaxy,0.40562039613723755
148,0,galaxy,0,galaxy,True,0,galaxy,True,True,0,galaxy,0.9914080500602722,0,galaxy,0.9971517324447632,0,galaxy,0.9946423768997192,0,galaxy,0.9940775632858276,0,galaxy,0.9951350092887878,0,galaxy,0.9212587475776672
149,0,galaxy,0,galaxy,True,0,galaxy,True,True,0,galaxy,0.949041485786438,0,galaxy,0.9866617321968079,0,galaxy,0.9905858635902405,0,galaxy,0.9805201888084412,0,galaxy,0.9922227263450623,0,galaxy,0.6322650909423828
150,0,galaxy,0,galaxy,True,0,galaxy,True,True,0,galaxy,0.7168400883674622,0,galaxy,0.9184061884880066,0,galaxy,0.9064109921455383,0,galaxy,0.9153071641921997,0,galaxy,0.9072377681732178,0,galaxy,0.6198952794075012
151,0,galaxy,0,galaxy,True,0,galaxy,True,True,0,galaxy,0.9933086633682251,0,galaxy,0.9917158484458923,0,galaxy,0.9915162324905396,0,galaxy,0.984880805015564,0,galaxy,0.9945321083068848,0,galaxy,0.7444615960121155
152,0,galaxy,0,galaxy,True,0,galaxy,True,True,0,galaxy,0.9741296172142029,0,galaxy,0.9858266711235046,0,galaxy,0.9909241795539856,0,galaxy,0.8717607259750366,0,galaxy,0.990922749042511,0,galaxy,0.9926964044570923
153,0,galaxy,0,galaxy,True,0,galaxy,True,True,0,galaxy,0.9289876222610474,0,galaxy,0.9962068796157837,0,galaxy,0.9945105314254761,0,galaxy,0.9899752736091614,0,galaxy,0.9894245862960815,0,galaxy,0.931465744972229
154,0,galaxy,0,galaxy,True,0,galaxy,True,True,0,galaxy,0.9956640601158142,0,galaxy,0.8974753618240356,0,galaxy,0.9338601231575012,0,galaxy,0.9694855809211731,0,galaxy,0.7247723937034607,0,galaxy,0.41863107681274414
155,0,galaxy,0,galaxy,True,0,galaxy,True,True,0,galaxy,0.9957256317138672,0,galaxy,0.9739494323730469,0,galaxy,0.9945456981658936,0,galaxy,0.9841153621673584,0,galaxy,0.9900025129318237,0,galaxy,0.9572163820266724
156,0,galaxy,0,galaxy,True,0,galaxy,True,True,0,galaxy,0.9423221349716187,0,galaxy,0.9212541580200195,0,galaxy,0.9732244610786438,0,galaxy,0.9416340589523315,0,galaxy,0.9418061375617981,0,galaxy,0.7016160488128662
157,0,galaxy,0,galaxy,True,0,galaxy,True,True,0,galaxy,0.9882816672325134,0,galaxy,0.9949344992637634,0,galaxy,0.9945631623268127,0,galaxy,0.9768792986869812,0,galaxy,0.9905953407287598,0,galaxy,0.8429563641548157
158,0,galaxy,0,galaxy,True,0,galaxy,True,True,0,galaxy,0.9937301874160767,0,galaxy,0.9899957180023193,0,galaxy,0.9904419183731079,0,galaxy,0.9685524106025696,0,galaxy,0.9698681831359863,0,galaxy,0.47639840841293335
159,0,galaxy,0,galaxy,True,0,galaxy,True,True,0,galaxy,0.7549408674240112,0,galaxy,0.9507380723953247,0,galaxy,0.9742153882980347,0,galaxy,0.5059558153152466,0,galaxy,0.9261312484741211,0,galaxy,0.4569271206855774
160,0,galaxy,0,galaxy,True,0,galaxy,True,True,0,galaxy,0.8978930711746216,0,galaxy,0.9717342853546143,0,galaxy,0.9861682057380676,0,galaxy,0.9353857040405273,0,galaxy,0.9629396200180054,0,galaxy,0.6137778162956238
161,0,galaxy,0,galaxy,True,0,galaxy,True,True,0,galaxy,0.9752758741378784,0,galaxy,0.9960439205169678,0,galaxy,0.9883459210395813,0,galaxy,0.9808430075645447,0,galaxy,0.9838210344314575,0,galaxy,0.7865658402442932
162,0,galaxy,0,galaxy,True,0,galaxy,True,True,0,galaxy,0.9988333582878113,0,galaxy,0.998931348323822,0,galaxy,0.9974043965339661,0,galaxy,0.9913801550865173,0,galaxy,0.9946162104606628,0,galaxy,0.9642693400382996
163,0,galaxy,0,galaxy,True,0,galaxy,True,True,0,galaxy,0.9115247130393982,0,galaxy,0.9089956283569336,0,galaxy,0.9725717306137085,0,galaxy,0.931140661239624,0,galaxy,0.9563136100769043,0,galaxy,0.6648971438407898
164,0,galaxy,0,galaxy,True,0,galaxy,True,True,0,galaxy,0.9808133244514465,0,galaxy,0.9820616841316223,0,galaxy,0.9767480492591858,0,galaxy,0.7487626671791077,0,galaxy,0.9839958548545837,0,galaxy,0.6004751324653625
165,0,galaxy,0,galaxy,True,0,galaxy,True,True,0,galaxy,0.9147738814353943,0,galaxy,0.9814206957817078,0,galaxy,0.9581392407417297,0,galaxy,0.589024543762207,0,galaxy,0.9825639128684998,0,galaxy,0.44845977425575256
166,0,galaxy,0,galaxy,True,0,galaxy,True,True,0,galaxy,0.9821859002113342,0,galaxy,0.9658207297325134,0,galaxy,0.9805058240890503,0,galaxy,0.9643871784210205,0,galaxy,0.9776753783226013,0,galaxy,0.7513459324836731
167,0,galaxy,0,galaxy,True,0,galaxy,True,True,2,star,0.42788758873939514,0,galaxy,0.605797290802002,0,galaxy,0.9689805507659912,0,galaxy,0.8499051332473755,0,galaxy,0.8132880926132202,1,quasar,0.5501346588134766
168,0,galaxy,0,galaxy,True,0,galaxy,True,True,0,galaxy,0.9827644228935242,0,galaxy,0.9869662523269653,0,galaxy,0.9863206744194031,0,galaxy,0.9601029753684998,0,galaxy,0.9919008016586304,0,galaxy,0.9263439774513245
169,0,galaxy,0,galaxy,True,0,galaxy,True,True,0,galaxy,0.9957542419433594,0,galaxy,0.9981710910797119,0,galaxy,0.9966129660606384,0,galaxy,0.9891350269317627,0,galaxy,0.9954480528831482,0,galaxy,0.7506093978881836
170,0,galaxy,0,galaxy,True,0,galaxy,True,True,0,galaxy,0.9786306023597717,0,galaxy,0.993731677532196,0,galaxy,0.9958606362342834,0,galaxy,0.9907598495483398,0,galaxy,0.9952921867370605,0,galaxy,0.9488809108734131
171,0,galaxy,0,galaxy,True,0,galaxy,True,True,0,galaxy,0.9979075193405151,0,galaxy,0.991952121257782,0,galaxy,0.9971092343330383,0,galaxy,0.9822617769241333,0,galaxy,0.9952837824821472,0,galaxy,0.9510005116462708
172,0,galaxy,0,galaxy,True,0,galaxy,True,True,0,galaxy,0.9786494374275208,0,galaxy,0.9177942276000977,0,galaxy,0.9952089190483093,0,galaxy,0.9910892248153687,0,galaxy,0.9532129764556885,0,galaxy,0.4922854006290436
173,0,galaxy,0,galaxy,True,0,galaxy,True,True,0,galaxy,0.7098408341407776,0,galaxy,0.4192984104156494,0,galaxy,0.9731668829917908,0,galaxy,0.713649332523346,0,galaxy,0.603003978729248,0,galaxy,0.629006564617157
174,0,galaxy,0,galaxy,True,0,galaxy,True,True,0,galaxy,0.94564288854599,0,galaxy,0.9779860377311707,0,galaxy,0.9589915871620178,0,galaxy,0.91946941614151,0,galaxy,0.866480827331543,2,star,0.44780388474464417
175,0,galaxy,0,galaxy,True,0,galaxy,True,True,0,galaxy,0.9369050860404968,0,galaxy,0.9970358610153198,0,galaxy,0.9958886504173279,0,galaxy,0.9860745072364807,0,galaxy,0.9952791929244995,0,galaxy,0.6749059557914734
176,0,galaxy,0,galaxy,True,0,galaxy,True,True,0,galaxy,0.7422934174537659,2,star,0.5901078581809998,1,quasar,0.41924014687538147,1,quasar,0.7533156275749207,0,galaxy,0.7173766493797302,0,galaxy,0.5299957990646362
177,0,galaxy,0,galaxy,True,0,galaxy,True,True,0,galaxy,0.9356557726860046,0,galaxy,0.9561774730682373,0,galaxy,0.9843549728393555,0,galaxy,0.9849515557289124,0,galaxy,0.9903842210769653,0,galaxy,0.5273849368095398
178,0,galaxy,0,galaxy,True,0,galaxy,True,True,0,galaxy,0.9851986765861511,0,galaxy,0.9907113909721375,0,galaxy,0.9864310622215271,0,galaxy,0.9659340381622314,0,galaxy,0.989658772945404,0,galaxy,0.5771142244338989
179,0,galaxy,0,galaxy,True,0,galaxy,True,True,0,galaxy,0.9946762323379517,0,galaxy,0.9959213733673096,0,galaxy,0.9957097768783569,0,galaxy,0.9944341778755188,0,galaxy,0.9857967495918274,0,galaxy,0.86753910779953
180,0,galaxy,0,galaxy,True,0,galaxy,True,True,0,galaxy,0.9894874095916748,0,galaxy,0.9878022074699402,0,galaxy,0.9902091026306152,0,galaxy,0.9802948832511902,0,galaxy,0.9777896404266357,0,galaxy,0.5005971789360046
181,0,galaxy,0,galaxy,True,0,galaxy,True,True,0,galaxy,0.9974495768547058,0,galaxy,0.9980286955833435,0,galaxy,0.9967986345291138,0,galaxy,0.9877598881721497,0,galaxy,0.9949552416801453,0,galaxy,0.8701015114784241
182,0,galaxy,0,galaxy,True,0,galaxy,True,True,0,galaxy,0.9251301288604736,0,galaxy,0.9984394907951355,0,galaxy,0.9939143061637878,0,galaxy,0.9866470098495483,0,galaxy,0.9957024455070496,0,galaxy,0.8237602710723877
183,0,galaxy,0,galaxy,True,0,galaxy,True,True,0,galaxy,0.9949498176574707,0,galaxy,0.998802900314331,0,galaxy,0.9951186180114746,0,galaxy,0.9814302325248718,0,galaxy,0.9954195022583008,0,galaxy,0.703339159488678
184,0,galaxy,0,galaxy,True,0,galaxy,True,True,0,galaxy,0.992084264755249,0,galaxy,0.996002733707428,0,galaxy,0.9898115992546082,0,galaxy,0.9716559648513794,0,galaxy,0.9892467856407166,0,galaxy,0.5634720921516418
185,0,galaxy,0,galaxy,True,0,galaxy,True,True,0,galaxy,0.9903792142868042,0,galaxy,0.990958571434021,0,galaxy,0.995048463344574,0,galaxy,0.9871426820755005,0,galaxy,0.9944636225700378,0,galaxy,0.5453494191169739
186,0,galaxy,0,galaxy,True,0,galaxy,True,True,0,galaxy,0.9239416122436523,0,galaxy,0.9983824491500854,0,galaxy,0.992711067199707,0,galaxy,0.9876014590263367,0,galaxy,0.9946448802947998,0,galaxy,0.803312361240387
187,0,galaxy,0,galaxy,True,0,galaxy,True,True,0,galaxy,0.8177940249443054,0,galaxy,0.7209461331367493,0,galaxy,0.995231568813324,0,galaxy,0.9572073221206665,0,galaxy,0.9128363132476807,0,galaxy,0.6605731844902039
188,0,galaxy,0,galaxy,True,0,galaxy,True,True,0,galaxy,0.9172702431678772,0,galaxy,0.9827302694320679,0,galaxy,0.9804497957229614,0,galaxy,0.9644637703895569,0,galaxy,0.9652153849601746,0,galaxy,0.5427269339561462
189,0,galaxy,0,galaxy,True,0,galaxy,True,True,0,galaxy,0.9879662394523621,0,galaxy,0.9987037181854248,0,galaxy,0.9977474808692932,0,galaxy,0.9927217364311218,0,galaxy,0.9952279329299927,0,galaxy,0.8562191128730774
190,0,galaxy,0,galaxy,True,0,galaxy,True,True,0,galaxy,0.908058762550354,0,galaxy,0.8045888543128967,0,galaxy,0.9760518074035645,0,galaxy,0.9450190663337708,0,galaxy,0.8303443789482117,0,galaxy,0.8488993644714355
191,0,galaxy,0,galaxy,True,0,galaxy,True,True,0,galaxy,0.9155622124671936,0,galaxy,0.9875701069831848,0,galaxy,0.9687488079071045,0,galaxy,0.7286561727523804,0,galaxy,0.8640186190605164,0,galaxy,0.4776751399040222
192,0,galaxy,0,galaxy,True,0,galaxy,True,True,0,galaxy,0.995598554611206,0,galaxy,0.9987244009971619,0,galaxy,0.9916377663612366,0,galaxy,0.9815382957458496,0,galaxy,0.9950873255729675,0,galaxy,0.7389501929283142
193,0,galaxy,0,galaxy,True,0,galaxy,True,True,0,galaxy,0.9827919602394104,0,galaxy,0.9776779413223267,0,galaxy,0.9788389801979065,0,galaxy,0.9627283215522766,0,galaxy,0.9511155486106873,0,galaxy,0.9163678288459778
194,0,galaxy,0,galaxy,True,0,galaxy,True,True,0,galaxy,0.9771251678466797,0,galaxy,0.9849931001663208,0,galaxy,0.99505615234375,0,galaxy,0.9689252376556396,0,galaxy,0.9905900955200195,0,galaxy,0.796196460723877
195,0,galaxy,0,galaxy,True,0,galaxy,True,True,0,galaxy,0.9981914162635803,0,galaxy,0.9989703893661499,0,galaxy,0.9971247315406799,0,galaxy,0.9847169518470764,0,galaxy,0.9955812096595764,0,galaxy,0.8469257354736328
196,0,galaxy,0,galaxy,True,0,galaxy,True,True,0,galaxy,0.992750883102417,0,galaxy,0.9861765503883362,0,galaxy,0.9917382597923279,0,galaxy,0.986128568649292,0,galaxy,0.9946534633636475,0,galaxy,0.8445445895195007
197,0,galaxy,0,galaxy,True,0,galaxy,True,True,0,galaxy,0.9358813762664795,0,galaxy,0.9730427265167236,0,galaxy,0.9736669063568115,0,galaxy,0.9599184393882751,0,galaxy,0.983801543712616,2,star,0.7075086832046509
198,0,galaxy,0,galaxy,True,0,galaxy,True,True,0,galaxy,0.9528217911720276,0,galaxy,0.9885885715484619,0,galaxy,0.9840528964996338,0,galaxy,0.9778608679771423,0,galaxy,0.9860002398490906,0,galaxy,0.6323391795158386
199,0,galaxy,0,galaxy,True,0,galaxy,True,True,2,star,0.48784348368644714,2,star,0.41804444789886475,0,galaxy,0.4901430308818817,1,quasar,0.7210181951522827,0,galaxy,0.7125781774520874,0,galaxy,0.5141012072563171
200,0,galaxy,0,galaxy,True,0,galaxy,True,True,0,galaxy,0.9947910308837891,0,galaxy,0.9864476919174194,0,galaxy,0.99498051404953,0,galaxy,0.983993411064148,0,galaxy,0.9949873685836792,0,galaxy,0.6708011031150818
201,0,galaxy,0,galaxy,True,0,galaxy,True,True,0,galaxy,0.9713185429573059,0,galaxy,0.9953871369361877,0,galaxy,0.9809303283691406,0,galaxy,0.7851880788803101,0,galaxy,0.9915857315063477,0,galaxy,0.51823490858078
202,0,galaxy,0,galaxy,True,0,galaxy,True,True,0,galaxy,0.9827898740768433,0,galaxy,0.9745280742645264,0,galaxy,0.9965223073959351,0,galaxy,0.9890206456184387,0,galaxy,0.9930289387702942,0,galaxy,0.7870005369186401
203,0,galaxy,0,galaxy,True,0,galaxy,True,True,0,galaxy,0.988148033618927,0,galaxy,0.9896610975265503,0,galaxy,0.9938585162162781,0,galaxy,0.9865301847457886,0,galaxy,0.9928834438323975,0,galaxy,0.7533316016197205
204,0,galaxy,0,galaxy,True,0,galaxy,True,True,0,galaxy,0.9124369621276855,0,galaxy,0.979891836643219,0,galaxy,0.9779691696166992,0,galaxy,0.9732739329338074,0,galaxy,0.9906225800514221,0,galaxy,0.6175187826156616
205,0,galaxy,0,galaxy,True,0,galaxy,True,True,0,galaxy,0.9686921834945679,0,galaxy,0.982675313949585,0,galaxy,0.9788523316383362,0,galaxy,0.784623384475708,0,galaxy,0.9723733067512512,0,galaxy,0.9099501967430115
206,0,galaxy,0,galaxy,True,0,galaxy,True,True,0,galaxy,0.6813024282455444,0,galaxy,0.8634896874427795,0,galaxy,0.8946695923805237,0,galaxy,0.752188503742218,0,galaxy,0.5390728116035461,0,galaxy,0.4837149977684021
207,0,galaxy,0,galaxy,True,0,galaxy,True,True,0,galaxy,0.857267439365387,0,galaxy,0.9098982810974121,0,galaxy,0.9642946124076843,0,galaxy,0.9447782039642334,0,galaxy,0.9038760662078857,0,galaxy,0.5230530500411987
208,0,galaxy,0,galaxy,True,0,galaxy,True,True,0,galaxy,0.9955407977104187,0,galaxy,0.9951978325843811,0,galaxy,0.9974232912063599,0,galaxy,0.9926375150680542,0,galaxy,0.994263231754303,0,galaxy,0.84923255443573
209,0,galaxy,0,galaxy,True,0,galaxy,True,True,0,galaxy,0.9038929343223572,0,galaxy,0.9940541386604309,0,galaxy,0.9860395193099976,0,galaxy,0.9771685600280762,0,galaxy,0.8379060626029968,2,star,0.48872289061546326
210,0,galaxy,0,galaxy,True,0,galaxy,True,True,0,galaxy,0.978062093257904,0,galaxy,0.9206795692443848,0,galaxy,0.9824061393737793,0,galaxy,0.9595233798027039,0,galaxy,0.9757275581359863,0,galaxy,0.7464379668235779
211,0,galaxy,0,galaxy,True,0,galaxy,True,True,0,galaxy,0.9691999554634094,0,galaxy,0.981634795665741,0,galaxy,0.9886919260025024,0,galaxy,0.9706520438194275,0,galaxy,0.9865054488182068,0,galaxy,0.6965765953063965
212,0,galaxy,0,galaxy,True,2,star,False,False,2,star,0.45132675766944885,0,galaxy,0.6456968188285828,1,quasar,0.4901827871799469,2,star,0.7271487712860107,0,galaxy,0.6312097311019897,0,galaxy,0.36440542340278625
213,0,galaxy,0,galaxy,True,0,galaxy,True,True,0,galaxy,0.9463054537773132,0,galaxy,0.9596256613731384,0,galaxy,0.9864707589149475,0,galaxy,0.9628757238388062,0,galaxy,0.9826683402061462,0,galaxy,0.48188358545303345
214,0,galaxy,0,galaxy,True,0,galaxy,True,True,0,galaxy,0.907084047794342,0,galaxy,0.9794533848762512,0,galaxy,0.9865285158157349,0,galaxy,0.8804834485054016,0,galaxy,0.9856370091438293,0,galaxy,0.565953254699707
215,0,galaxy,0,galaxy,True,0,galaxy,True,True,0,galaxy,0.9793200492858887,0,galaxy,0.9948819875717163,0,galaxy,0.9915968775749207,0,galaxy,0.9770752191543579,0,galaxy,0.9954692125320435,0,galaxy,0.6749037504196167
216,0,galaxy,0,galaxy,True,0,galaxy,True,True,0,galaxy,0.9359831809997559,0,galaxy,0.9729666113853455,0,galaxy,0.97652268409729,0,galaxy,0.9539222121238708,0,galaxy,0.9926987290382385,0,galaxy,0.7356120347976685
217,0,galaxy,0,galaxy,True,0,galaxy,True,True,0,galaxy,0.8692530989646912,0,galaxy,0.9607462286949158,0,galaxy,0.9880644679069519,0,galaxy,0.93410325050354,0,galaxy,0.9862892627716064,0,galaxy,0.6883452534675598
218,0,galaxy,0,galaxy,True,0,galaxy,True,True,0,galaxy,0.9531379342079163,0,galaxy,0.9891814589500427,0,galaxy,0.975719153881073,0,galaxy,0.8792552947998047,0,galaxy,0.9573848247528076,0,galaxy,0.8140667080879211
219,0,galaxy,0,galaxy,True,0,galaxy,True,True,0,galaxy,0.9805655479431152,0,galaxy,0.9869749546051025,0,galaxy,0.9902316927909851,0,galaxy,0.989210844039917,0,galaxy,0.9954504370689392,0,galaxy,0.9262076616287231
220,0,galaxy,0,galaxy,True,0,galaxy,True,True,0,galaxy,0.9910962581634521,0,galaxy,0.9943933486938477,0,galaxy,0.9950886368751526,0,galaxy,0.9915955662727356,0,galaxy,0.9948583841323853,0,galaxy,0.7515769600868225
221,0,galaxy,0,galaxy,True,0,galaxy,True,True,2,star,0.5204322934150696,0,galaxy,0.5541576743125916,0,galaxy,0.9683405160903931,0,galaxy,0.6027738451957703,0,galaxy,0.9725592136383057,2,star,0.42072510719299316
222,0,galaxy,0,galaxy,True,0,galaxy,True,True,0,galaxy,0.892753005027771,0,galaxy,0.8992685079574585,0,galaxy,0.9900368452072144,0,galaxy,0.9644044637680054,0,galaxy,0.9904976487159729,0,galaxy,0.7859240770339966
223,0,galaxy,0,galaxy,True,0,galaxy,True,True,0,galaxy,0.9930433034896851,0,galaxy,0.9955396056175232,0,galaxy,0.9948984980583191,0,galaxy,0.9669417142868042,0,galaxy,0.9941006302833557,0,galaxy,0.5596655607223511
224,0,galaxy,0,galaxy,True,0,galaxy,True,True,0,galaxy,0.9950070381164551,0,galaxy,0.9891892671585083,0,galaxy,0.9937106370925903,0,galaxy,0.9890936613082886,0,galaxy,0.9952915906906128,0,galaxy,0.905439019203186
225,0,galaxy,0,galaxy,True,0,galaxy,True,True,0,galaxy,0.987257182598114,0,galaxy,0.9773035645484924,0,galaxy,0.9946969747543335,0,galaxy,0.9701364636421204,0,galaxy,0.9927722811698914,0,galaxy,0.9055730104446411
226,0,galaxy,0,galaxy,True,0,galaxy,True,True,0,galaxy,0.9346919655799866,0,galaxy,0.935357391834259,0,galaxy,0.978948175907135,0,galaxy,0.9622999429702759,0,galaxy,0.9864718914031982,0,galaxy,0.5537141561508179
227,0,galaxy,0,galaxy,True,0,galaxy,True,True,0,galaxy,0.985991895198822,0,galaxy,0.9953380823135376,0,galaxy,0.9850299954414368,0,galaxy,0.9852026104927063,0,galaxy,0.9932737350463867,0,galaxy,0.5701964497566223
228,0,galaxy,0,galaxy,True,0,galaxy,True,True,0,galaxy,0.9505831003189087,0,galaxy,0.9762036800384521,0,galaxy,0.9836859107017517,0,galaxy,0.9603449106216431,0,galaxy,0.9939509630203247,0,galaxy,0.6381599307060242
229,0,galaxy,0,galaxy,True,0,galaxy,True,True,0,galaxy,0.9803235530853271,0,galaxy,0.976227879524231,0,galaxy,0.9889349341392517,0,galaxy,0.8024410605430603,0,galaxy,0.9889602661132812,0,galaxy,0.39393332600593567
230,0,galaxy,0,galaxy,True,0,galaxy,True,True,0,galaxy,0.9965897798538208,0,galaxy,0.9962540864944458,0,galaxy,0.9970982074737549,0,galaxy,0.9876517057418823,0,galaxy,0.995105504989624,0,galaxy,0.8874704837799072
231,0,galaxy,0,galaxy,True,0,galaxy,True,True,0,galaxy,0.8995465636253357,0,galaxy,0.961675763130188,0,galaxy,0.958747386932373,0,galaxy,0.8417080640792847,1,quasar,0.6707373857498169,1,quasar,0.4159274697303772
232,0,galaxy,0,galaxy,True,0,galaxy,True,True,0,galaxy,0.795248806476593,0,galaxy,0.9522050023078918,0,galaxy,0.9680819511413574,0,galaxy,0.9053151607513428,0,galaxy,0.985469400882721,0,galaxy,0.6690720915794373
233,0,galaxy,0,galaxy,True,0,galaxy,True,True,0,galaxy,0.9886208176612854,0,galaxy,0.9964045286178589,0,galaxy,0.9951878786087036,0,galaxy,0.9851995706558228,0,galaxy,0.9837534427642822,0,galaxy,0.9335366487503052
234,0,galaxy,0,galaxy,True,0,galaxy,True,True,0,galaxy,0.9560216069221497,0,galaxy,0.9643673300743103,0,galaxy,0.9919489622116089,0,galaxy,0.9587576389312744,0,galaxy,0.9926884770393372,0,galaxy,0.9015774130821228
235,0,galaxy,0,galaxy,True,0,galaxy,True,True,0,galaxy,0.9940657615661621,0,galaxy,0.9915458559989929,0,galaxy,0.9955651164054871,0,galaxy,0.9936208128929138,0,galaxy,0.9948506951332092,0,galaxy,0.9299106001853943
236,0,galaxy,0,galaxy,True,0,galaxy,True,True,0,galaxy,0.9032890796661377,0,galaxy,0.9371843934059143,0,galaxy,0.9842700958251953,0,galaxy,0.9085621237754822,0,galaxy,0.9881738424301147,0,galaxy,0.704768717288971
237,0,galaxy,0,galaxy,True,0,galaxy,True,True,0,galaxy,0.9718077778816223,0,galaxy,0.9792162775993347,0,galaxy,0.9882487058639526,0,galaxy,0.9749700427055359,0,galaxy,0.992291271686554,0,galaxy,0.7789025902748108
238,0,galaxy,0,galaxy,True,0,galaxy,True,True,0,galaxy,0.9889242053031921,0,galaxy,0.9854496717453003,0,galaxy,0.9899635910987854,0,galaxy,0.9172602295875549,0,galaxy,0.9918190240859985,0,galaxy,0.8569419384002686
239,0,galaxy,0,galaxy,True,0,galaxy,True,True,0,galaxy,0.9518996477127075,0,galaxy,0.9873221516609192,0,galaxy,0.9878953695297241,0,galaxy,0.9744568467140198,0,galaxy,0.9853000044822693,0,galaxy,0.7025290131568909
240,0,galaxy,0,galaxy,True,0,galaxy,True,True,0,galaxy,0.980331540107727,0,galaxy,0.9977438449859619,0,galaxy,0.9912795424461365,0,galaxy,0.9870022535324097,0,galaxy,0.9944354295730591,0,galaxy,0.6910626292228699
241,0,galaxy,0,galaxy,True,0,galaxy,True,True,0,galaxy,0.9866770505905151,0,galaxy,0.9714516997337341,0,galaxy,0.9934312701225281,0,galaxy,0.9917809367179871,0,galaxy,0.9926803708076477,0,galaxy,0.9704720377922058
242,0,galaxy,0,galaxy,True,0,galaxy,True,True,0,galaxy,0.9402875304222107,0,galaxy,0.9742043614387512,0,galaxy,0.9846295714378357,0,galaxy,0.9686003923416138,0,galaxy,0.9892334938049316,0,galaxy,0.9723733067512512
243,0,galaxy,0,galaxy,True,0,galaxy,True,True,0,galaxy,0.988561749458313,0,galaxy,0.9924235343933105,0,galaxy,0.9942558407783508,0,galaxy,0.9835734963417053,0,galaxy,0.9955848455429077,0,galaxy,0.7178510427474976
244,0,galaxy,0,galaxy,True,0,galaxy,True,True,0,galaxy,0.8868473172187805,0,galaxy,0.9041716456413269,0,galaxy,0.9821261763572693,0,galaxy,0.9508560299873352,0,galaxy,0.9753236770629883,2,star,0.6937540769577026
245,0,galaxy,2,star,False,2,star,False,True,1,quasar,0.6862078309059143,0,galaxy,0.4525395929813385,2,star,0.5120133757591248,2,star,0.9178109169006348,2,star,0.5275261998176575,1,quasar,0.40939992666244507
246,0,galaxy,0,galaxy,True,0,galaxy,True,True,0,galaxy,0.9923251867294312,0,galaxy,0.9926647543907166,0,galaxy,0.9918850660324097,0,galaxy,0.9730814099311829,0,galaxy,0.9200950860977173,0,galaxy,0.6471126675605774
247,0,galaxy,0,galaxy,True,2,star,False,False,0,galaxy,0.45814111828804016,0,galaxy,0.4292069673538208,2,star,0.515476644039154,2,star,0.6158888339996338,2,star,0.5802980065345764,0,galaxy,0.5165703892707825
248,0,galaxy,0,galaxy,True,0,galaxy,True,True,0,galaxy,0.6296718716621399,0,galaxy,0.9408878684043884,0,galaxy,0.9500910043716431,0,galaxy,0.7182331085205078,0,galaxy,0.911259651184082,0,galaxy,0.5626702308654785
249,0,galaxy,0,galaxy,True,0,galaxy,True,True,0,galaxy,0.9817171096801758,0,galaxy,0.9757693409919739,0,galaxy,0.9673993587493896,0,galaxy,0.9410056471824646,0,galaxy,0.9816142320632935,0,galaxy,0.6263086795806885
250,0,galaxy,0,galaxy,True,0,galaxy,True,True,0,galaxy,0.9959393739700317,0,galaxy,0.9976693987846375,0,galaxy,0.9953173398971558,0,galaxy,0.9830939769744873,0,galaxy,0.9958763122558594,0,galaxy,0.8671588897705078
251,0,galaxy,0,galaxy,True,0,galaxy,True,True,0,galaxy,0.9795716404914856,0,galaxy,0.9962375164031982,0,galaxy,0.993712842464447,0,galaxy,0.9678695797920227,0,galaxy,0.9945289492607117,0,galaxy,0.9006803631782532
252,0,galaxy,0,galaxy,True,0,galaxy,True,True,0,galaxy,0.9623197913169861,0,galaxy,0.9805810451507568,0,galaxy,0.9862068295478821,0,galaxy,0.9561618566513062,0,galaxy,0.993583619594574,0,galaxy,0.744426429271698
253,0,galaxy,0,galaxy,True,0,galaxy,True,True,0,galaxy,0.9842283725738525,0,galaxy,0.9852434396743774,0,galaxy,0.9866532683372498,0,galaxy,0.8720856308937073,0,galaxy,0.9927478432655334,0,galaxy,0.9884501695632935
254,0,galaxy,0,galaxy,True,0,galaxy,True,True,0,galaxy,0.9534063935279846,0,galaxy,0.8968319296836853,0,galaxy,0.9675911664962769,0,galaxy,0.9260108470916748,0,galaxy,0.9845437407493591,0,galaxy,0.6345253586769104
255,0,galaxy,0,galaxy,True,0,galaxy,True,True,0,galaxy,0.8985294699668884,0,galaxy,0.9912478923797607,0,galaxy,0.9798833727836609,0,galaxy,0.9261184930801392,0,galaxy,0.9939576387405396,0,galaxy,0.6853275299072266
256,0,galaxy,0,galaxy,True,0,galaxy,True,True,0,galaxy,0.9342713952064514,0,galaxy,0.9756144285202026,0,galaxy,0.9798649549484253,0,galaxy,0.948159396648407,0,galaxy,0.9865087866783142,0,galaxy,0.7102258205413818
257,0,galaxy,0,galaxy,True,0,galaxy,True,True,0,galaxy,0.9425824880599976,0,galaxy,0.989293098449707,0,galaxy,0.9865891933441162,0,galaxy,0.8025248646736145,0,galaxy,0.97889244556427,0,galaxy,0.7222661375999451
258,0,galaxy,0,galaxy,True,0,galaxy,True,True,0,galaxy,0.7884433269500732,0,galaxy,0.8480701446533203,0,galaxy,0.9444103837013245,0,galaxy,0.6825962662696838,0,galaxy,0.891370952129364,0,galaxy,0.7003746032714844
259,0,galaxy,0,galaxy,True,0,galaxy,True,True,0,galaxy,0.8313475847244263,0,galaxy,0.9785398244857788,0,galaxy,0.9563325643539429,0,galaxy,0.7986330389976501,0,galaxy,0.8394163846969604,0,galaxy,0.6194417476654053
260,0,galaxy,0,galaxy,True,0,galaxy,True,True,0,galaxy,0.9424322247505188,0,galaxy,0.9858123064041138,0,galaxy,0.9743931293487549,0,galaxy,0.9082112908363342,0,galaxy,0.9614669680595398,0,galaxy,0.6261191964149475
261,0,galaxy,0,galaxy,True,0,galaxy,True,True,0,galaxy,0.9894473552703857,0,galaxy,0.9963338375091553,0,galaxy,0.9958814382553101,0,galaxy,0.9811174273490906,0,galaxy,0.9949817061424255,0,galaxy,0.7926275730133057
262,0,galaxy,0,galaxy,True,0,galaxy,True,True,0,galaxy,0.8873305916786194,2,star,0.389833927154541,0,galaxy,0.7485085725784302,0,galaxy,0.9060603976249695,0,galaxy,0.8094305396080017,0,galaxy,0.5327707529067993
263,0,galaxy,0,galaxy,True,0,galaxy,True,True,0,galaxy,0.9781100153923035,0,galaxy,0.9900209903717041,0,galaxy,0.9940487146377563,0,galaxy,0.9767119884490967,0,galaxy,0.995582640171051,0,galaxy,0.9489116668701172
264,0,galaxy,0,galaxy,True,0,galaxy,True,True,0,galaxy,0.9281560778617859,0,galaxy,0.9711063504219055,0,galaxy,0.9798847436904907,0,galaxy,0.9415014982223511,0,galaxy,0.9934536218643188,0,galaxy,0.8732101917266846
265,0,galaxy,0,galaxy,True,0,galaxy,True,True,0,galaxy,0.9870549440383911,0,galaxy,0.9824858903884888,0,galaxy,0.9880425930023193,0,galaxy,0.9858239889144897,0,galaxy,0.9929202198982239,0,galaxy,0.7163797616958618
266,0,galaxy,0,galaxy,True,0,galaxy,True,True,0,galaxy,0.8085737228393555,0,galaxy,0.9253457188606262,0,galaxy,0.9832826852798462,0,galaxy,0.9732310175895691,0,galaxy,0.9917883276939392,0,galaxy,0.7394869327545166
267,0,galaxy,0,galaxy,True,0,galaxy,True,True,0,galaxy,0.9239959120750427,0,galaxy,0.9973379969596863,0,galaxy,0.9950002431869507,0,galaxy,0.9803464412689209,0,galaxy,0.994425892829895,0,galaxy,0.9517901539802551
268,0,galaxy,0,galaxy,True,0,galaxy,True,True,0,galaxy,0.9972147345542908,0,galaxy,0.9985339641571045,0,galaxy,0.9970632195472717,0,galaxy,0.9918674826622009,0,galaxy,0.9954568147659302,0,galaxy,0.9383141994476318
269,0,galaxy,0,galaxy,True,0,galaxy,True,True,0,galaxy,0.9916708469390869,0,galaxy,0.9984059929847717,0,galaxy,0.9966251850128174,0,galaxy,0.9874102473258972,0,galaxy,0.9952580332756042,0,galaxy,0.8743904232978821
270,0,galaxy,0,galaxy,True,0,galaxy,True,True,0,galaxy,0.9771164059638977,0,galaxy,0.9947459697723389,0,galaxy,0.9940940737724304,0,galaxy,0.9930214285850525,0,galaxy,0.9957679510116577,0,galaxy,0.8319714665412903
271,0,galaxy,0,galaxy,True,0,galaxy,True,True,0,galaxy,0.6137917637825012,0,galaxy,0.8294349908828735,0,galaxy,0.9530996084213257,0,galaxy,0.4187074899673462,0,galaxy,0.957405149936676,0,galaxy,0.7289526462554932
272,0,galaxy,0,galaxy,True,0,galaxy,True,True,0,galaxy,0.9777699112892151,0,galaxy,0.9967876672744751,0,galaxy,0.9960514903068542,0,galaxy,0.9844623804092407,0,galaxy,0.9907647371292114,0,galaxy,0.7519386410713196
273,0,galaxy,0,galaxy,True,0,galaxy,True,True,0,galaxy,0.9966313242912292,0,galaxy,0.997890055179596,0,galaxy,0.9966877102851868,0,galaxy,0.9913231134414673,0,galaxy,0.9955796599388123,0,galaxy,0.8412694334983826
274,0,galaxy,0,galaxy,True,0,galaxy,True,True,0,galaxy,0.9741447567939758,0,galaxy,0.9884709119796753,0,galaxy,0.9881411790847778,0,galaxy,0.9809703230857849,0,galaxy,0.9946660995483398,0,galaxy,0.8699300289154053
275,0,galaxy,0,galaxy,True,0,galaxy,True,True,0,galaxy,0.9931962490081787,0,galaxy,0.9795836806297302,0,galaxy,0.9936444759368896,0,galaxy,0.9804368615150452,0,galaxy,0.9887918829917908,0,galaxy,0.6748119592666626
276,0,galaxy,0,galaxy,True,0,galaxy,True,True,0,galaxy,0.9906017780303955,0,galaxy,0.9954728484153748,0,galaxy,0.9949200749397278,0,galaxy,0.9646373391151428,0,galaxy,0.9949759244918823,0,galaxy,0.8709941506385803
277,0,galaxy,0,galaxy,True,0,galaxy,True,True,0,galaxy,0.9954755902290344,0,galaxy,0.9959838390350342,0,galaxy,0.9947239756584167,0,galaxy,0.9886228442192078,0,galaxy,0.9946236610412598,0,galaxy,0.8819486498832703
278,0,galaxy,0,galaxy,True,0,galaxy,True,True,0,galaxy,0.9945769309997559,0,galaxy,0.9949054718017578,0,galaxy,0.993593156337738,0,galaxy,0.991023063659668,0,galaxy,0.9939706325531006,0,galaxy,0.5662523508071899
279,0,galaxy,0,galaxy,True,0,galaxy,True,True,0,galaxy,0.9753139615058899,0,galaxy,0.9950786828994751,0,galaxy,0.996630847454071,0,galaxy,0.9857586622238159,0,galaxy,0.9931598901748657,0,galaxy,0.728313148021698
280,0,galaxy,0,galaxy,True,0,galaxy,True,True,0,galaxy,0.987396776676178,0,galaxy,0.9979947805404663,0,galaxy,0.993871808052063,0,galaxy,0.9786575436592102,0,galaxy,0.9940429329872131,0,galaxy,0.8974846601486206
281,0,galaxy,0,galaxy,True,0,galaxy,True,True,0,galaxy,0.9685950875282288,0,galaxy,0.9932899475097656,0,galaxy,0.9670034646987915,0,galaxy,0.965912938117981,0,galaxy,0.984728991985321,0,galaxy,0.5586519837379456
282,0,galaxy,0,galaxy,True,0,galaxy,True,True,0,galaxy,0.8519360423088074,0,galaxy,0.9935135245323181,0,galaxy,0.9847909808158875,0,galaxy,0.8963426947593689,0,galaxy,0.971161425113678,0,galaxy,0.7911337614059448
283,0,galaxy,0,galaxy,True,0,galaxy,True,True,0,galaxy,0.986748993396759,0,galaxy,0.9860664010047913,0,galaxy,0.9849803447723389,0,galaxy,0.9451172947883606,0,galaxy,0.9894796013832092,0,galaxy,0.8605232834815979
284,0,galaxy,0,galaxy,True,0,galaxy,True,True,0,galaxy,0.9951434135437012,0,galaxy,0.9933966398239136,0,galaxy,0.9927250146865845,0,galaxy,0.9847186207771301,0,galaxy,0.9928210377693176,0,galaxy,0.5009593963623047
285,0,galaxy,0,galaxy,True,0,galaxy,True,True,0,galaxy,0.9661371111869812,0,galaxy,0.9203928709030151,0,galaxy,0.9216981530189514,0,galaxy,0.910677969455719,0,galaxy,0.8497301340103149,0,galaxy,0.3935073912143707
286,0,galaxy,0,galaxy,True,0,galaxy,True,True,0,galaxy,0.9814836382865906,0,galaxy,0.9944974780082703,0,galaxy,0.9923427700996399,0,galaxy,0.9740570783615112,0,galaxy,0.9928263425827026,0,galaxy,0.7870002388954163
287,0,galaxy,0,galaxy,True,0,galaxy,True,True,0,galaxy,0.997331976890564,0,galaxy,0.9983585476875305,0,galaxy,0.9970813393592834,0,galaxy,0.9934531450271606,0,galaxy,0.9956493973731995,0,galaxy,0.8947046995162964
288,0,galaxy,0,galaxy,True,0,galaxy,True,True,0,galaxy,0.9827755093574524,0,galaxy,0.8876117467880249,0,galaxy,0.9847801923751831,0,galaxy,0.9102972149848938,0,galaxy,0.9910296201705933,0,galaxy,0.6101366877555847
289,0,galaxy,0,galaxy,True,0,galaxy,True,True,0,galaxy,0.9790330529212952,0,galaxy,0.96811842918396,0,galaxy,0.9857726693153381,0,galaxy,0.9456875324249268,0,galaxy,0.9524773359298706,0,galaxy,0.5884783267974854
290,0,galaxy,0,galaxy,True,0,galaxy,True,True,0,galaxy,0.9675552248954773,0,galaxy,0.9730731844902039,0,galaxy,0.9751731157302856,0,galaxy,0.9695557355880737,0,galaxy,0.9642555713653564,0,galaxy,0.5202517509460449
291,0,galaxy,0,galaxy,True,0,galaxy,True,True,0,galaxy,0.9742506742477417,0,galaxy,0.9502118229866028,0,galaxy,0.9870284795761108,0,galaxy,0.9372494220733643,0,galaxy,0.9854624271392822,0,galaxy,0.6646319627761841
292,0,galaxy,0,galaxy,True,0,galaxy,True,True,0,galaxy,0.98165363073349,0,galaxy,0.9994127750396729,0,galaxy,0.9946152567863464,0,galaxy,0.9805102348327637,0,galaxy,0.9918097853660583,0,galaxy,0.7620391845703125
293,0,galaxy,0,galaxy,True,0,galaxy,True,True,0,galaxy,0.9803378582000732,0,galaxy,0.9854853749275208,0,galaxy,0.9905999302864075,0,galaxy,0.9721388220787048,0,galaxy,0.9784256815910339,0,galaxy,0.4685165584087372
294,0,galaxy,0,galaxy,True,0,galaxy,True,True,0,galaxy,0.9961567521095276,0,galaxy,0.999653697013855,0,galaxy,0.9974750876426697,0,galaxy,0.99159836769104,0,galaxy,0.9951329827308655,0,galaxy,0.8090271353721619
295,0,galaxy,0,galaxy,True,0,galaxy,True,True,0,galaxy,0.995474636554718,0,galaxy,0.9949221014976501,0,galaxy,0.9938099980354309,0,galaxy,0.9915033578872681,0,galaxy,0.9905576705932617,0,galaxy,0.8186239004135132
296,0,galaxy,0,galaxy,True,0,galaxy,True,True,0,galaxy,0.9835897088050842,0,galaxy,0.9807878732681274,0,galaxy,0.9864329695701599,0,galaxy,0.9777130484580994,0,galaxy,0.9944877028465271,1,quasar,0.432578980922699
297,0,galaxy,0,galaxy,True,0,galaxy,True,True,0,galaxy,0.9897831082344055,0,galaxy,0.9959235191345215,0,galaxy,0.9973794221878052,0,galaxy,0.9863471388816833,0,galaxy,0.9940925240516663,0,galaxy,0.8976681232452393
298,0,galaxy,0,galaxy,True,0,galaxy,True,True,0,galaxy,0.9802543520927429,0,galaxy,0.9973893761634827,0,galaxy,0.9926016926765442,0,galaxy,0.9744961261749268,0,galaxy,0.9931787252426147,0,galaxy,0.6194335222244263
299,0,galaxy,0,galaxy,True,0,galaxy,True,True,0,galaxy,0.9681973457336426,0,galaxy,0.9816911816596985,0,galaxy,0.9830099940299988,0,galaxy,0.9251482486724854,0,galaxy,0.9844886064529419,0,galaxy,0.8176843523979187
300,0,galaxy,0,galaxy,True,0,galaxy,True,True,0,galaxy,0.9577295780181885,0,galaxy,0.9737792611122131,0,galaxy,0.974624752998352,0,galaxy,0.955291211605072,0,galaxy,0.8718989491462708,0,galaxy,0.9073068499565125
301,0,galaxy,0,galaxy,True,0,galaxy,True,True,0,galaxy,0.9707065224647522,0,galaxy,0.9380946159362793,0,galaxy,0.9816639423370361,0,galaxy,0.9363393187522888,0,galaxy,0.9926660656929016,0,galaxy,0.6776697635650635
302,0,galaxy,0,galaxy,True,0,galaxy,True,True,0,galaxy,0.9895288348197937,0,galaxy,0.9980691075325012,0,galaxy,0.9964039325714111,0,galaxy,0.9892921447753906,0,galaxy,0.9954343438148499,0,galaxy,0.8621917963027954
303,0,galaxy,0,galaxy,True,0,galaxy,True,True,0,galaxy,0.9687328934669495,0,galaxy,0.9954347014427185,0,galaxy,0.9889145493507385,0,galaxy,0.9553375840187073,0,galaxy,0.989818274974823,0,galaxy,0.5658517479896545
304,0,galaxy,0,galaxy,True,0,galaxy,True,True,0,galaxy,0.6738856434822083,0,galaxy,0.9495529532432556,0,galaxy,0.9863856434822083,0,galaxy,0.9570579528808594,0,galaxy,0.9900150299072266,0,galaxy,0.5375324487686157
305,0,galaxy,0,galaxy,True,0,galaxy,True,True,0,galaxy,0.9656413793563843,0,galaxy,0.9737496972084045,0,galaxy,0.9808447360992432,0,galaxy,0.884358286857605,0,galaxy,0.9668282270431519,0,galaxy,0.5702481269836426
306,0,galaxy,0,galaxy,True,0,galaxy,True,True,0,galaxy,0.9424082040786743,0,galaxy,0.9878844618797302,0,galaxy,0.9825236201286316,0,galaxy,0.9527180194854736,0,galaxy,0.9905942678451538,0,galaxy,0.6495541930198669
307,0,galaxy,0,galaxy,True,0,galaxy,True,True,0,galaxy,0.9570122957229614,0,galaxy,0.981627881526947,0,galaxy,0.9855573773384094,0,galaxy,0.964155375957489,0,galaxy,0.9903776049613953,0,galaxy,0.542515218257904
308,0,galaxy,0,galaxy,True,0,galaxy,True,True,0,galaxy,0.9929922819137573,0,galaxy,0.9782522320747375,0,galaxy,0.9886263012886047,0,galaxy,0.9691512584686279,0,galaxy,0.9931877851486206,0,galaxy,0.96509850025177
309,0,galaxy,0,galaxy,True,0,galaxy,True,True,0,galaxy,0.9789941310882568,0,galaxy,0.9989246726036072,0,galaxy,0.9932014346122742,0,galaxy,0.9724043011665344,0,galaxy,0.9942734837532043,0,galaxy,0.8874786496162415
310,0,galaxy,0,galaxy,True,0,galaxy,True,True,0,galaxy,0.9877415895462036,0,galaxy,0.9671383500099182,0,galaxy,0.9724230170249939,0,galaxy,0.8604814410209656,0,galaxy,0.8303552269935608,0,galaxy,0.6694192886352539
311,0,galaxy,0,galaxy,True,0,galaxy,True,True,0,galaxy,0.9817634224891663,0,galaxy,0.9933210015296936,0,galaxy,0.9837744235992432,0,galaxy,0.9440537691116333,0,galaxy,0.9922544956207275,0,galaxy,0.7307689785957336
312,0,galaxy,0,galaxy,True,0,galaxy,True,True,0,galaxy,0.8727373480796814,0,galaxy,0.9990342855453491,0,galaxy,0.9900729656219482,0,galaxy,0.9898363947868347,0,galaxy,0.9939110279083252,0,galaxy,0.5993925333023071
313,0,galaxy,0,galaxy,True,0,galaxy,True,True,0,galaxy,0.9756996631622314,0,galaxy,0.9910517334938049,0,galaxy,0.9856217503547668,0,galaxy,0.9540892243385315,0,galaxy,0.9876981377601624,0,galaxy,0.6711392402648926
314,0,galaxy,0,galaxy,True,0,galaxy,True,True,0,galaxy,0.8647412061691284,0,galaxy,0.9703779816627502,0,galaxy,0.9692254066467285,0,galaxy,0.9553138613700867,0,galaxy,0.9725083708763123,2,star,0.44532427191734314
315,0,galaxy,0,galaxy,True,0,galaxy,True,True,0,galaxy,0.9807203412055969,0,galaxy,0.989233136177063,0,galaxy,0.9840943217277527,0,galaxy,0.8373504877090454,0,galaxy,0.9914422631263733,2,star,0.39546528458595276
316,0,galaxy,0,galaxy,True,0,galaxy,True,True,0,galaxy,0.6847947835922241,0,galaxy,0.9873894453048706,0,galaxy,0.9866437315940857,0,galaxy,0.9807490110397339,0,galaxy,0.9929613471031189,0,galaxy,0.6636071801185608
317,0,galaxy,0,galaxy,True,0,galaxy,True,True,0,galaxy,0.9889608025550842,0,galaxy,0.9823654294013977,0,galaxy,0.9802114963531494,0,galaxy,0.9691147804260254,0,galaxy,0.9933876991271973,0,galaxy,0.6711486577987671
318,0,galaxy,0,galaxy,True,0,galaxy,True,True,0,galaxy,0.9231789112091064,0,galaxy,0.9775586724281311,0,galaxy,0.9598093628883362,0,galaxy,0.954655647277832,0,galaxy,0.9838489294052124,0,galaxy,0.7513346672058105
319,0,galaxy,0,galaxy,True,0,galaxy,True,True,0,galaxy,0.9668408632278442,0,galaxy,0.9923008680343628,0,galaxy,0.9808449745178223,0,galaxy,0.9607999324798584,0,galaxy,0.9897667765617371,0,galaxy,0.9560652375221252
320,0,galaxy,0,galaxy,True,0,galaxy,True,True,0,galaxy,0.9898629188537598,0,galaxy,0.9825205206871033,0,galaxy,0.9926297664642334,0,galaxy,0.9459031820297241,0,galaxy,0.9936949610710144,0,galaxy,0.9286223649978638
321,0,galaxy,0,galaxy,True,0,galaxy,True,True,0,galaxy,0.9879325032234192,0,galaxy,0.9928842782974243,0,galaxy,0.9934152364730835,0,galaxy,0.9812842011451721,0,galaxy,0.9946058392524719,0,galaxy,0.9396349787712097
322,0,galaxy,0,galaxy,True,0,galaxy,True,True,0,galaxy,0.9142253398895264,0,galaxy,0.9957660436630249,0,galaxy,0.9953534603118896,0,galaxy,0.9637146592140198,0,galaxy,0.9934554696083069,0,galaxy,0.7531118988990784
323,0,galaxy,0,galaxy,True,0,galaxy,True,True,0,galaxy,0.990676760673523,0,galaxy,0.9791066646575928,0,galaxy,0.9943774342536926,0,galaxy,0.9786555767059326,0,galaxy,0.9917181730270386,0,galaxy,0.9538124799728394
324,0,galaxy,0,galaxy,True,0,galaxy,True,True,0,galaxy,0.6486254334449768,0,galaxy,0.5709816813468933,1,quasar,0.4863082468509674,0,galaxy,0.669718325138092,1,quasar,0.6558054089546204,0,galaxy,0.5737521052360535
325,0,galaxy,0,galaxy,True,0,galaxy,True,True,0,galaxy,0.6711983680725098,0,galaxy,0.8300788998603821,0,galaxy,0.9247267842292786,1,quasar,0.5671377182006836,0,galaxy,0.6342595815658569,0,galaxy,0.6889728307723999
326,0,galaxy,0,galaxy,True,0,galaxy,True,True,0,galaxy,0.9802631735801697,0,galaxy,0.9414567947387695,0,galaxy,0.9799420833587646,2,star,0.4417852759361267,0,galaxy,0.920175313949585,0,galaxy,0.4823703169822693
327,0,galaxy,0,galaxy,True,0,galaxy,True,True,0,galaxy,0.9742569923400879,0,galaxy,0.9664099812507629,0,galaxy,0.9827225208282471,0,galaxy,0.9607205986976624,0,galaxy,0.9817643761634827,1,quasar,0.54081130027771
328,0,galaxy,0,galaxy,True,0,galaxy,True,True,0,galaxy,0.8282657861709595,0,galaxy,0.9683087468147278,0,galaxy,0.9813084006309509,0,galaxy,0.8827964067459106,0,galaxy,0.9602708220481873,0,galaxy,0.6966949701309204
329,0,galaxy,0,galaxy,True,0,galaxy,True,True,0,galaxy,0.9769467711448669,0,galaxy,0.9411637187004089,0,galaxy,0.9800399541854858,0,galaxy,0.9545511603355408,0,galaxy,0.9518691897392273,0,galaxy,0.6685464382171631
330,0,galaxy,0,galaxy,True,0,galaxy,True,True,0,galaxy,0.9390935301780701,0,galaxy,0.9887739419937134,0,galaxy,0.9838233590126038,0,galaxy,0.9553409218788147,0,galaxy,0.9779475331306458,0,galaxy,0.5725342631340027
331,0,galaxy,0,galaxy,True,0,galaxy,True,True,0,galaxy,0.9935196042060852,0,galaxy,0.9950403571128845,0,galaxy,0.9941778182983398,0,galaxy,0.9898804426193237,0,galaxy,0.9952658414840698,0,galaxy,0.6117920279502869
332,0,galaxy,0,galaxy,True,0,galaxy,True,True,0,galaxy,0.9951978325843811,0,galaxy,0.9981303811073303,0,galaxy,0.995059609413147,0,galaxy,0.9727281332015991,0,galaxy,0.9903027415275574,0,galaxy,0.9091081023216248
333,0,galaxy,0,galaxy,True,0,galaxy,True,True,0,galaxy,0.9824609160423279,0,galaxy,0.9870947003364563,0,galaxy,0.987069845199585,0,galaxy,0.8166014552116394,0,galaxy,0.9792659878730774,0,galaxy,0.5965160727500916
334,0,galaxy,0,galaxy,True,0,galaxy,True,True,0,galaxy,0.7004171013832092,0,galaxy,0.8558695912361145,2,star,0.5198948383331299,0,galaxy,0.7112547755241394,0,galaxy,0.7110528945922852,0,galaxy,0.9322161674499512
335,0,galaxy,0,galaxy,True,0,galaxy,True,True,0,galaxy,0.9970830082893372,0,galaxy,0.9699360132217407,0,galaxy,0.9878183603286743,0,galaxy,0.957527220249176,0,galaxy,0.993806004524231,0,galaxy,0.57594895362854
336,0,galaxy,0,galaxy,True,0,galaxy,True,True,0,galaxy,0.9656824469566345,0,galaxy,0.992750883102417,0,galaxy,0.9861233234405518,0,galaxy,0.9459152221679688,0,galaxy,0.9723305702209473,0,galaxy,0.6197991371154785
337,0,galaxy,0,galaxy,True,0,galaxy,True,True,0,galaxy,0.947462260723114,0,galaxy,0.9779316782951355,0,galaxy,0.9839185476303101,0,galaxy,0.9671424627304077,0,galaxy,0.981046736240387,0,galaxy,0.8270799517631531
338,0,galaxy,0,galaxy,True,0,galaxy,True,True,0,galaxy,0.9220798015594482,0,galaxy,0.9991028308868408,0,galaxy,0.9966895580291748,0,galaxy,0.9900240898132324,0,galaxy,0.9940584897994995,0,galaxy,0.7209102511405945
339,0,galaxy,0,galaxy,True,0,galaxy,True,True,0,galaxy,0.9789309501647949,0,galaxy,0.9850542545318604,0,galaxy,0.9840961694717407,0,galaxy,0.9452753663063049,0,galaxy,0.9858616590499878,0,galaxy,0.7452763319015503
340,0,galaxy,0,galaxy,True,0,galaxy,True,True,0,galaxy,0.9797547459602356,0,galaxy,0.990645170211792,0,galaxy,0.9812301397323608,0,galaxy,0.9628852605819702,0,galaxy,0.9913412928581238,0,galaxy,0.6286369562149048
341,0,galaxy,0,galaxy,True,0,galaxy,True,True,0,galaxy,0.9474905729293823,0,galaxy,0.9424874782562256,0,galaxy,0.9528765678405762,0,galaxy,0.5368338227272034,0,galaxy,0.8232564926147461,0,galaxy,0.7779600024223328
342,0,galaxy,0,galaxy,True,0,galaxy,True,True,0,galaxy,0.9677942991256714,0,galaxy,0.9761564135551453,0,galaxy,0.9857503175735474,0,galaxy,0.9479506611824036,0,galaxy,0.9241127967834473,0,galaxy,0.48661008477211
343,0,galaxy,0,galaxy,True,0,galaxy,True,True,0,galaxy,0.9934216141700745,0,galaxy,0.9928353428840637,0,galaxy,0.9962573051452637,0,galaxy,0.9720179438591003,0,galaxy,0.9952091574668884,0,galaxy,0.7440407872200012
344,0,galaxy,0,galaxy,True,0,galaxy,True,True,0,galaxy,0.9932123422622681,0,galaxy,0.9957692623138428,0,galaxy,0.9965701103210449,0,galaxy,0.9878143072128296,0,galaxy,0.9917455315589905,0,galaxy,0.6212192177772522
345,0,galaxy,0,galaxy,True,0,galaxy,True,True,0,galaxy,0.9949342608451843,0,galaxy,0.9986276626586914,0,galaxy,0.9950118064880371,0,galaxy,0.9893133044242859,0,galaxy,0.995617151260376,0,galaxy,0.836958646774292
346,0,galaxy,0,galaxy,True,0,galaxy,True,True,0,galaxy,0.9960517287254333,0,galaxy,0.985954225063324,0,galaxy,0.9873047471046448,0,galaxy,0.9825495481491089,0,galaxy,0.9944649338722229,0,galaxy,0.8585129976272583
347,0,galaxy,0,galaxy,True,0,galaxy,True,True,0,galaxy,0.950646162033081,0,galaxy,0.9666725993156433,0,galaxy,0.9858127236366272,0,galaxy,0.9657774567604065,0,galaxy,0.9869486093521118,2,star,0.41008618474006653
348,0,galaxy,0,galaxy,True,0,galaxy,True,True,0,galaxy,0.9932044744491577,0,galaxy,0.955604076385498,0,galaxy,0.9830358624458313,0,galaxy,0.9541431665420532,0,galaxy,0.9815752506256104,0,galaxy,0.548914909362793
349,0,galaxy,0,galaxy,True,0,galaxy,True,True,0,galaxy,0.9844694137573242,0,galaxy,0.9614229798316956,0,galaxy,0.985066294670105,0,galaxy,0.9715998768806458,0,galaxy,0.9528868794441223,0,galaxy,0.7127936482429504
350,0,galaxy,0,galaxy,True,0,galaxy,True,True,0,galaxy,0.9937938451766968,0,galaxy,0.9806468486785889,0,galaxy,0.9921078085899353,0,galaxy,0.9864047765731812,0,galaxy,0.991233766078949,0,galaxy,0.5272218585014343
351,0,galaxy,0,galaxy,True,0,galaxy,True,True,0,galaxy,0.9749003648757935,0,galaxy,0.9988824725151062,0,galaxy,0.9959533214569092,0,galaxy,0.9914252758026123,0,galaxy,0.9588655829429626,2,star,0.5207541584968567
352,0,galaxy,0,galaxy,True,0,galaxy,True,True,0,galaxy,0.8515342473983765,0,galaxy,0.7635209560394287,0,galaxy,0.9960407018661499,0,galaxy,0.9793075919151306,0,galaxy,0.9927646517753601,0,galaxy,0.9872768521308899
353,0,galaxy,0,galaxy,True,0,galaxy,True,True,0,galaxy,0.9962233304977417,0,galaxy,0.997590184211731,0,galaxy,0.9956508278846741,0,galaxy,0.9819930791854858,0,galaxy,0.9948465824127197,0,galaxy,0.7469994425773621
354,0,galaxy,0,galaxy,True,0,galaxy,True,True,0,galaxy,0.9447393417358398,0,galaxy,0.938447117805481,0,galaxy,0.9841809272766113,0,galaxy,0.8764969706535339,0,galaxy,0.9787847399711609,0,galaxy,0.7943792343139648
355,0,galaxy,0,galaxy,True,0,galaxy,True,True,0,galaxy,0.9342992901802063,0,galaxy,0.9831100702285767,0,galaxy,0.983210563659668,0,galaxy,0.9632840752601624,0,galaxy,0.8206124901771545,0,galaxy,0.727978527545929
356,0,galaxy,0,galaxy,True,0,galaxy,True,True,0,galaxy,0.9937007427215576,0,galaxy,0.9910889863967896,0,galaxy,0.9960072636604309,0,galaxy,0.9741994142532349,0,galaxy,0.9947456121444702,0,galaxy,0.9820225238800049
357,0,galaxy,0,galaxy,True,0,galaxy,True,True,0,galaxy,0.9827170372009277,0,galaxy,0.9826846718788147,0,galaxy,0.9957679510116577,0,galaxy,0.9888858795166016,0,galaxy,0.9867647886276245,0,galaxy,0.9941556453704834
358,0,galaxy,0,galaxy,True,0,galaxy,True,True,0,galaxy,0.9508602619171143,0,galaxy,0.8391866683959961,0,galaxy,0.972910463809967,0,galaxy,0.8409661650657654,0,galaxy,0.9190098643302917,0,galaxy,0.4637039303779602
359,0,galaxy,0,galaxy,True,0,galaxy,True,True,0,galaxy,0.9962108135223389,0,galaxy,0.997856080532074,0,galaxy,0.9957320094108582,0,galaxy,0.9905176758766174,0,galaxy,0.9956470131874084,0,galaxy,0.598188579082489
360,0,galaxy,0,galaxy,True,0,galaxy,True,True,0,galaxy,0.9711223244667053,0,galaxy,0.9961494207382202,0,galaxy,0.9942761063575745,0,galaxy,0.9921703934669495,0,galaxy,0.9956977367401123,1,quasar,0.34331342577934265
361,0,galaxy,0,galaxy,True,0,galaxy,True,True,0,galaxy,0.9962570667266846,0,galaxy,0.9938442707061768,0,galaxy,0.9943274855613708,0,galaxy,0.9763755798339844,0,galaxy,0.9956210255622864,0,galaxy,0.7102912068367004
362,0,galaxy,0,galaxy,True,0,galaxy,True,True,0,galaxy,0.9945291876792908,0,galaxy,0.9794304370880127,0,galaxy,0.9962326884269714,0,galaxy,0.9772838950157166,0,galaxy,0.9953849911689758,0,galaxy,0.9116498231887817
363,0,galaxy,0,galaxy,True,0,galaxy,True,True,0,galaxy,0.9402751922607422,0,galaxy,0.9968620538711548,0,galaxy,0.9954336285591125,0,galaxy,0.9729831218719482,0,galaxy,0.9842621088027954,0,galaxy,0.6318178176879883
364,0,galaxy,0,galaxy,True,0,galaxy,True,True,0,galaxy,0.9852912425994873,0,galaxy,0.9783481955528259,0,galaxy,0.9936937689781189,0,galaxy,0.987208902835846,0,galaxy,0.9931768178939819,0,galaxy,0.7883061170578003
365,0,galaxy,0,galaxy,True,0,galaxy,True,True,0,galaxy,0.9930307269096375,0,galaxy,0.9937677383422852,0,galaxy,0.9936596751213074,0,galaxy,0.9888923764228821,0,galaxy,0.9314088225364685,0,galaxy,0.7831217646598816
366,0,galaxy,0,galaxy,True,0,galaxy,True,True,0,galaxy,0.9863518476486206,0,galaxy,0.9854302406311035,0,galaxy,0.9891853332519531,0,galaxy,0.9782611727714539,0,galaxy,0.9908409118652344,0,galaxy,0.6027686595916748
367,0,galaxy,0,galaxy,True,0,galaxy,True,True,0,galaxy,0.9493933320045471,0,galaxy,0.9228793978691101,0,galaxy,0.9579616785049438,0,galaxy,0.9284361600875854,0,galaxy,0.9716224074363708,2,star,0.34119316935539246
368,0,galaxy,0,galaxy,True,0,galaxy,True,True,0,galaxy,0.9879762530326843,0,galaxy,0.976876437664032,0,galaxy,0.9884817600250244,0,galaxy,0.9645960927009583,0,galaxy,0.9851800203323364,0,galaxy,0.7427440285682678
369,0,galaxy,0,galaxy,True,0,galaxy,True,True,0,galaxy,0.9754495024681091,0,galaxy,0.9976475834846497,0,galaxy,0.9890469908714294,0,galaxy,0.9554080963134766,0,galaxy,0.9908406138420105,0,galaxy,0.7321991324424744
370,0,galaxy,0,galaxy,True,0,galaxy,True,True,0,galaxy,0.9573728442192078,0,galaxy,0.9860678315162659,0,galaxy,0.9839795827865601,0,galaxy,0.954016923904419,0,galaxy,0.9834572672843933,0,galaxy,0.5965068936347961
371,0,galaxy,0,galaxy,True,0,galaxy,True,True,0,galaxy,0.8960110545158386,0,galaxy,0.9990670084953308,0,galaxy,0.9969406127929688,0,galaxy,0.988860547542572,0,galaxy,0.9955289959907532,0,galaxy,0.9258049130439758
372,0,galaxy,0,galaxy,True,0,galaxy,True,True,0,galaxy,0.9922820925712585,0,galaxy,0.9896155595779419,0,galaxy,0.9876503348350525,0,galaxy,0.9845199584960938,0,galaxy,0.9911227226257324,0,galaxy,0.7544575333595276
373,0,galaxy,0,galaxy,True,0,galaxy,True,True,0,galaxy,0.985278844833374,0,galaxy,0.9656149744987488,0,galaxy,0.9856162071228027,0,galaxy,0.933764636516571,0,galaxy,0.9667405486106873,0,galaxy,0.7432342171669006
374,0,galaxy,0,galaxy,True,0,galaxy,True,True,0,galaxy,0.6568710207939148,2,star,0.9750491380691528,0,galaxy,0.9392502903938293,1,quasar,0.5876049995422363,0,galaxy,0.9864843487739563,0,galaxy,0.6883264780044556
375,0,galaxy,0,galaxy,True,0,galaxy,True,True,0,galaxy,0.9932234287261963,0,galaxy,0.9985575079917908,0,galaxy,0.9819179177284241,0,galaxy,0.9771933555603027,0,galaxy,0.9838878512382507,2,star,0.8069543838500977
376,0,galaxy,0,galaxy,True,0,galaxy,True,True,0,galaxy,0.9788658022880554,0,galaxy,0.9790979623794556,0,galaxy,0.9831143617630005,0,galaxy,0.9283434748649597,0,galaxy,0.9798407554626465,0,galaxy,0.4794616997241974
377,0,galaxy,0,galaxy,True,0,galaxy,True,True,0,galaxy,0.9315763115882874,0,galaxy,0.9433118104934692,0,galaxy,0.9790922403335571,0,galaxy,0.9555243849754333,0,galaxy,0.9661896228790283,2,star,0.6762309074401855
378,0,galaxy,0,galaxy,True,0,galaxy,True,True,0,galaxy,0.9633886218070984,0,galaxy,0.997114896774292,0,galaxy,0.9938334226608276,0,galaxy,0.988075852394104,0,galaxy,0.9941352605819702,0,galaxy,0.6179548501968384
379,0,galaxy,0,galaxy,True,0,galaxy,True,True,0,galaxy,0.9824206233024597,0,galaxy,0.9450641870498657,0,galaxy,0.9827850461006165,0,galaxy,0.9437062740325928,0,galaxy,0.9817847013473511,0,galaxy,0.7059066891670227
380,0,galaxy,0,galaxy,True,0,galaxy,True,True,0,galaxy,0.9899742007255554,0,galaxy,0.9978530406951904,0,galaxy,0.9970237612724304,0,galaxy,0.9487899541854858,0,galaxy,0.9940908551216125,0,galaxy,0.9836015105247498
381,0,galaxy,0,galaxy,True,0,galaxy,True,True,0,galaxy,0.9916666150093079,0,galaxy,0.9972435235977173,0,galaxy,0.9950845837593079,0,galaxy,0.9819112420082092,0,galaxy,0.9914222359657288,0,galaxy,0.8875904083251953
382,0,galaxy,0,galaxy,True,0,galaxy,True,True,0,galaxy,0.9153399467468262,0,galaxy,0.9883992671966553,0,galaxy,0.9604507088661194,0,galaxy,0.8662058115005493,0,galaxy,0.9239445328712463,0,galaxy,0.4450908601284027
383,0,galaxy,0,galaxy,True,0,galaxy,True,True,0,galaxy,0.9960435628890991,0,galaxy,0.9940044283866882,0,galaxy,0.9944944977760315,0,galaxy,0.9870262742042542,0,galaxy,0.9947184324264526,0,galaxy,0.7692930698394775
384,0,galaxy,0,galaxy,True,0,galaxy,True,True,2,star,1.0,0,galaxy,0.9658241868019104,0,galaxy,0.9933776259422302,0,galaxy,0.9723649621009827,0,galaxy,0.9906046986579895,0,galaxy,0.8318660259246826
385,0,galaxy,0,galaxy,True,0,galaxy,True,True,0,galaxy,0.9439060091972351,0,galaxy,0.9554166793823242,0,galaxy,0.9714592695236206,0,galaxy,0.9728541374206543,0,galaxy,0.9691979885101318,2,star,0.47415435314178467
386,0,galaxy,0,galaxy,True,0,galaxy,True,True,0,galaxy,0.973290205001831,0,galaxy,0.9708220362663269,0,galaxy,0.9889013767242432,0,galaxy,0.959798276424408,0,galaxy,0.9924803972244263,0,galaxy,0.6462520360946655
387,0,galaxy,0,galaxy,True,0,galaxy,True,True,0,galaxy,0.9908398985862732,0,galaxy,0.990581214427948,0,galaxy,0.9938110709190369,0,galaxy,0.9861670136451721,0,galaxy,0.9930776357650757,0,galaxy,0.8094318509101868
388,0,galaxy,0,galaxy,True,0,galaxy,True,True,0,galaxy,0.9277417063713074,0,galaxy,0.9963318705558777,0,galaxy,0.9746374487876892,0,galaxy,0.9138333201408386,0,galaxy,0.8695284724235535,0,galaxy,0.7439147233963013
389,0,galaxy,0,galaxy,True,0,galaxy,True,True,0,galaxy,0.9857599139213562,0,galaxy,0.9718851447105408,0,galaxy,0.9893940091133118,0,galaxy,0.9619295001029968,0,galaxy,0.9746261239051819,2,star,0.8838266134262085
390,0,galaxy,0,galaxy,True,0,galaxy,True,True,2,star,1.0,0,galaxy,0.9673759341239929,0,galaxy,0.985456645488739,0,galaxy,0.9668892025947571,0,galaxy,0.9943503737449646,0,galaxy,0.9561532735824585
391,0,galaxy,0,galaxy,True,0,galaxy,True,True,0,galaxy,0.9835053086280823,0,galaxy,0.9849163293838501,0,galaxy,0.9831515550613403,0,galaxy,0.9465149641036987,0,galaxy,0.9839465618133545,0,galaxy,0.7163546085357666
392,0,galaxy,0,galaxy,True,0,galaxy,True,True,0,galaxy,0.9766299724578857,0,galaxy,0.982484757900238,0,galaxy,0.996780276298523,0,galaxy,0.9894634485244751,0,galaxy,0.9886117577552795,0,galaxy,0.7281584739685059
393,0,galaxy,0,galaxy,True,0,galaxy,True,True,0,galaxy,0.9809480905532837,0,galaxy,0.995864987373352,0,galaxy,0.9919363260269165,0,galaxy,0.974797248840332,0,galaxy,0.9786460995674133,0,galaxy,0.6470158100128174
394,0,galaxy,0,galaxy,True,0,galaxy,True,True,0,galaxy,0.944891095161438,0,galaxy,0.9050329327583313,0,galaxy,0.9784628748893738,0,galaxy,0.9252172708511353,0,galaxy,0.9773858785629272,0,galaxy,0.49220821261405945
395,0,galaxy,0,galaxy,True,0,galaxy,True,True,0,galaxy,0.994312047958374,0,galaxy,0.9986165761947632,0,galaxy,0.9961387515068054,0,galaxy,0.990304708480835,0,galaxy,0.99470454454422,2,star,0.6346425414085388
396,0,galaxy,0,galaxy,True,0,galaxy,True,True,0,galaxy,0.9968565702438354,0,galaxy,0.9975094795227051,0,galaxy,0.9929845333099365,0,galaxy,0.9763335585594177,0,galaxy,0.9953908920288086,0,galaxy,0.8941510915756226
397,0,galaxy,0,galaxy,True,0,galaxy,True,True,0,galaxy,0.9890769720077515,0,galaxy,0.9970169067382812,0,galaxy,0.9909177422523499,0,galaxy,0.9688068628311157,0,galaxy,0.9878178834915161,0,galaxy,0.8509724140167236
398,0,galaxy,0,galaxy,True,0,galaxy,True,True,0,galaxy,0.9958985447883606,0,galaxy,0.9977079629898071,0,galaxy,0.9942597150802612,0,galaxy,0.989339292049408,0,galaxy,0.9913396239280701,0,galaxy,0.7026557326316833
399,0,galaxy,0,galaxy,True,0,galaxy,True,True,0,galaxy,0.9700138568878174,0,galaxy,0.9968319535255432,0,galaxy,0.9832073450088501,0,galaxy,0.9262902736663818,0,galaxy,0.9841514825820923,0,galaxy,0.6493009328842163
400,0,galaxy,0,galaxy,True,0,galaxy,True,True,0,galaxy,0.9983299374580383,0,galaxy,0.9996397495269775,0,galaxy,0.9958490133285522,0,galaxy,0.9932055473327637,0,galaxy,0.9955264925956726,0,galaxy,0.8489168882369995
401,0,galaxy,0,galaxy,True,0,galaxy,True,True,0,galaxy,0.9941721558570862,0,galaxy,0.9836621880531311,0,galaxy,0.9866080284118652,0,galaxy,0.9459084272384644,0,galaxy,0.9903715252876282,0,galaxy,0.7596188187599182
402,0,galaxy,0,galaxy,True,0,galaxy,True,True,0,galaxy,0.8967710733413696,0,galaxy,0.8262770175933838,0,galaxy,0.9818360805511475,0,galaxy,0.913729727268219,0,galaxy,0.988654613494873,0,galaxy,0.579036295413971
403,0,galaxy,0,galaxy,True,0,galaxy,True,True,0,galaxy,0.9448047876358032,0,galaxy,0.9129098653793335,0,galaxy,0.9765229821205139,0,galaxy,0.9103013277053833,0,galaxy,0.9921093583106995,1,quasar,0.35368603467941284
404,0,galaxy,0,galaxy,True,0,galaxy,True,True,2,star,0.6138017177581787,0,galaxy,0.9952431321144104,0,galaxy,0.9970224499702454,0,galaxy,0.9897103905677795,0,galaxy,0.9960873126983643,0,galaxy,0.9425556659698486
405,0,galaxy,0,galaxy,True,0,galaxy,True,True,0,galaxy,0.969566822052002,0,galaxy,0.8989723920822144,0,galaxy,0.9811051487922668,0,galaxy,0.9623703360557556,0,galaxy,0.9845936298370361,0,galaxy,0.7478346824645996
406,0,galaxy,0,galaxy,True,0,galaxy,True,True,0,galaxy,0.9274473190307617,0,galaxy,0.9982252717018127,0,galaxy,0.982941210269928,0,galaxy,0.9446095824241638,0,galaxy,0.9888734817504883,0,galaxy,0.7860183119773865
407,0,galaxy,0,galaxy,True,0,galaxy,True,True,0,galaxy,0.9702031016349792,0,galaxy,0.6121402382850647,0,galaxy,0.9596849679946899,0,galaxy,0.9655722975730896,0,galaxy,0.9490455389022827,0,galaxy,0.45977431535720825
408,0,galaxy,0,galaxy,True,0,galaxy,True,True,0,galaxy,0.9917284846305847,0,galaxy,0.9965910911560059,0,galaxy,0.9953680038452148,0,galaxy,0.9831728935241699,0,galaxy,0.9946753978729248,0,galaxy,0.69729083776474
409,0,galaxy,0,galaxy,True,0,galaxy,True,True,0,galaxy,0.9962756633758545,0,galaxy,0.9724570512771606,0,galaxy,0.9878085851669312,0,galaxy,0.9643434882164001,0,galaxy,0.9895108342170715,0,galaxy,0.8878149390220642
410,0,galaxy,0,galaxy,True,0,galaxy,True,True,0,galaxy,0.9126368165016174,0,galaxy,0.9857439398765564,0,galaxy,0.9781430959701538,0,galaxy,0.9264707565307617,0,galaxy,0.9913564920425415,0,galaxy,0.7234743237495422
411,0,galaxy,0,galaxy,True,0,galaxy,True,True,0,galaxy,0.975606381893158,0,galaxy,0.9942483901977539,0,galaxy,0.987739622592926,0,galaxy,0.9242947697639465,0,galaxy,0.9930498600006104,0,galaxy,0.6651893258094788
412,0,galaxy,0,galaxy,True,0,galaxy,True,True,0,galaxy,0.9975523352622986,0,galaxy,0.9933304190635681,0,galaxy,0.9925509691238403,0,galaxy,0.9866543412208557,0,galaxy,0.995418906211853,0,galaxy,0.8999242782592773
413,0,galaxy,0,galaxy,True,0,galaxy,True,True,0,galaxy,0.9978809952735901,0,galaxy,0.9983541965484619,0,galaxy,0.9964885711669922,0,galaxy,0.978665292263031,0,galaxy,0.9953085780143738,0,galaxy,0.8496981263160706
414,0,galaxy,0,galaxy,True,0,galaxy,True,True,0,galaxy,0.9505560994148254,0,galaxy,0.8939549922943115,0,galaxy,0.9819689393043518,0,galaxy,0.9506904482841492,0,galaxy,0.9911365509033203,0,galaxy,0.42706114053726196
415,0,galaxy,0,galaxy,True,0,galaxy,True,True,0,galaxy,0.9807074666023254,0,galaxy,0.9968320727348328,0,galaxy,0.9833741188049316,0,galaxy,0.9682369232177734,0,galaxy,0.9811026453971863,0,galaxy,0.44137483835220337
416,0,galaxy,0,galaxy,True,0,galaxy,True,True,0,galaxy,0.9443389177322388,0,galaxy,0.9957249164581299,0,galaxy,0.9819637537002563,0,galaxy,0.9802833199501038,0,galaxy,0.9909590482711792,0,galaxy,0.6729159355163574
417,0,galaxy,0,galaxy,True,0,galaxy,True,True,0,galaxy,0.987942636013031,0,galaxy,0.9920743703842163,0,galaxy,0.9798107743263245,0,galaxy,0.9047715067863464,0,galaxy,0.98259037733078,0,galaxy,0.7101050019264221
418,0,galaxy,0,galaxy,True,0,galaxy,True,True,0,galaxy,0.9771115183830261,0,galaxy,0.8525996804237366,0,galaxy,0.9825387001037598,0,galaxy,0.9129278063774109,0,galaxy,0.9833731055259705,0,galaxy,0.6422491073608398
419,0,galaxy,0,galaxy,True,0,galaxy,True,True,0,galaxy,0.852048397064209,0,galaxy,0.9985471367835999,0,galaxy,0.9861206412315369,0,galaxy,0.9474985003471375,0,galaxy,0.9898259043693542,0,galaxy,0.6203778386116028
420,0,galaxy,0,galaxy,True,0,galaxy,True,True,0,galaxy,0.974663257598877,0,galaxy,0.9855067729949951,0,galaxy,0.9925392270088196,0,galaxy,0.9810457229614258,0,galaxy,0.9916084408760071,0,galaxy,0.624569296836853
421,0,galaxy,0,galaxy,True,0,galaxy,True,True,0,galaxy,0.9567607045173645,0,galaxy,0.9497458338737488,0,galaxy,0.9935467839241028,0,galaxy,0.9470075368881226,0,galaxy,0.9780812859535217,0,galaxy,0.5654687285423279
422,0,galaxy,0,galaxy,True,0,galaxy,True,True,0,galaxy,0.9967907071113586,0,galaxy,0.9812039732933044,0,galaxy,0.995079755783081,0,galaxy,0.9480929374694824,0,galaxy,0.9889858961105347,0,galaxy,0.8014328479766846
423,0,galaxy,0,galaxy,True,0,galaxy,True,True,0,galaxy,0.9936304688453674,0,galaxy,0.9946371912956238,0,galaxy,0.9846418499946594,0,galaxy,0.960773766040802,0,galaxy,0.9084005951881409,0,galaxy,0.8619124889373779
424,0,galaxy,0,galaxy,True,0,galaxy,True,True,0,galaxy,0.9655928015708923,0,galaxy,0.9633797407150269,0,galaxy,0.9756569862365723,0,galaxy,0.9541351199150085,0,galaxy,0.9870069026947021,0,galaxy,0.5788503885269165
425,0,galaxy,0,galaxy,True,0,galaxy,True,True,0,galaxy,0.9918327331542969,0,galaxy,0.9987659454345703,0,galaxy,0.9833015203475952,0,galaxy,0.9646490216255188,0,galaxy,0.9898058772087097,2,star,0.5144706964492798
426,0,galaxy,0,galaxy,True,0,galaxy,True,True,0,galaxy,0.9850452542304993,0,galaxy,0.9891834259033203,0,galaxy,0.9950878024101257,0,galaxy,0.9879201650619507,0,galaxy,0.9940568208694458,0,galaxy,0.9665685892105103
427,0,galaxy,0,galaxy,True,0,galaxy,True,True,0,galaxy,0.9892037510871887,0,galaxy,0.9861655235290527,0,galaxy,0.9906134605407715,0,galaxy,0.9599248766899109,0,galaxy,0.9939898252487183,0,galaxy,0.6649526953697205
428,0,galaxy,0,galaxy,True,0,galaxy,True,True,0,galaxy,0.3605685830116272,0,galaxy,0.9792921543121338,0,galaxy,0.9817721843719482,0,galaxy,0.7571475505828857,0,galaxy,0.9495913982391357,0,galaxy,0.5230692625045776
429,0,galaxy,0,galaxy,True,0,galaxy,True,True,0,galaxy,0.9025900959968567,0,galaxy,0.9221426248550415,0,galaxy,0.9724058508872986,0,galaxy,0.9455517530441284,0,galaxy,0.9855620265007019,0,galaxy,0.6012349724769592
430,0,galaxy,0,galaxy,True,0,galaxy,True,True,0,galaxy,0.9849978089332581,0,galaxy,0.9935840964317322,0,galaxy,0.9904762506484985,0,galaxy,0.9815422892570496,0,galaxy,0.9924063086509705,0,galaxy,0.6801770925521851
431,0,galaxy,0,galaxy,True,0,galaxy,True,True,0,galaxy,0.9821621775627136,0,galaxy,0.9981698989868164,0,galaxy,0.9839733242988586,0,galaxy,0.9444628953933716,0,galaxy,0.9890025854110718,2,star,0.5282720923423767
432,0,galaxy,0,galaxy,True,0,galaxy,True,True,0,galaxy,0.8969370126724243,0,galaxy,0.822002649307251,0,galaxy,0.9924281239509583,0,galaxy,0.9795743823051453,0,galaxy,0.992224931716919,0,galaxy,0.8712210655212402
433,0,galaxy,0,galaxy,True,0,galaxy,True,True,0,galaxy,0.9172366261482239,0,galaxy,0.8771440982818604,0,galaxy,0.9585756659507751,0,galaxy,0.9376663565635681,0,galaxy,0.7325391173362732,0,galaxy,0.6229207515716553
434,0,galaxy,0,galaxy,True,0,galaxy,True,True,0,galaxy,0.967424213886261,0,galaxy,0.959666907787323,0,galaxy,0.9125206470489502,2,star,0.6536872982978821,0,galaxy,0.9656850695610046,0,galaxy,0.4973408281803131
435,0,galaxy,0,galaxy,True,0,galaxy,True,True,0,galaxy,0.8625527024269104,0,galaxy,0.9157363176345825,0,galaxy,0.9631381630897522,0,galaxy,0.939072847366333,0,galaxy,0.9795142412185669,0,galaxy,0.774648129940033
436,0,galaxy,0,galaxy,True,0,galaxy,True,True,2,star,0.5873828530311584,0,galaxy,0.7441070079803467,0,galaxy,0.4465171992778778,1,quasar,0.6871365308761597,1,quasar,0.6112367510795593,0,galaxy,0.7577182650566101
437,0,galaxy,0,galaxy,True,0,galaxy,True,True,0,galaxy,0.9542768597602844,0,galaxy,0.9985018968582153,0,galaxy,0.8968352675437927,0,galaxy,0.9406429529190063,0,galaxy,0.9286307096481323,2,star,0.7407539486885071
438,0,galaxy,0,galaxy,True,0,galaxy,True,True,0,galaxy,0.9691070318222046,0,galaxy,0.7660418152809143,0,galaxy,0.9829477667808533,0,galaxy,0.9088408350944519,0,galaxy,0.989598274230957,0,galaxy,0.6411394476890564
439,0,galaxy,0,galaxy,True,0,galaxy,True,True,0,galaxy,0.9609772562980652,0,galaxy,0.9834361672401428,0,galaxy,0.9841858744621277,0,galaxy,0.9520304799079895,0,galaxy,0.9495111107826233,0,galaxy,0.5933672785758972
440,0,galaxy,0,galaxy,True,0,galaxy,True,True,0,galaxy,0.7570544481277466,0,galaxy,0.8615707755088806,0,galaxy,0.9823967218399048,0,galaxy,0.9851843118667603,0,galaxy,0.9925375580787659,0,galaxy,0.7771267890930176
441,0,galaxy,0,galaxy,True,0,galaxy,True,True,0,galaxy,0.976280152797699,0,galaxy,0.8611429333686829,0,galaxy,0.9816348552703857,0,galaxy,0.878924548625946,0,galaxy,0.9743390679359436,0,galaxy,0.5942797660827637
442,0,galaxy,0,galaxy,True,0,galaxy,True,True,0,galaxy,0.9365752935409546,0,galaxy,0.9518147706985474,0,galaxy,0.9797673225402832,0,galaxy,0.9284527897834778,0,galaxy,0.9619694948196411,0,galaxy,0.45798423886299133
443,0,galaxy,0,galaxy,True,0,galaxy,True,True,0,galaxy,0.7125194668769836,0,galaxy,0.9447961449623108,0,galaxy,0.9821027517318726,0,galaxy,0.9438011050224304,0,galaxy,0.9782264828681946,1,quasar,0.368464857339859
444,0,galaxy,0,galaxy,True,0,galaxy,True,True,0,galaxy,0.9927892088890076,0,galaxy,0.9534380435943604,0,galaxy,0.9890017509460449,0,galaxy,0.9110146164894104,0,galaxy,0.9912853837013245,0,galaxy,0.7156168222427368
445,0,galaxy,0,galaxy,True,0,galaxy,True,True,0,galaxy,0.9651833176612854,0,galaxy,0.9748514294624329,0,galaxy,0.9848402142524719,0,galaxy,0.9535170197486877,0,galaxy,0.9878130555152893,0,galaxy,0.6721495389938354
446,0,galaxy,0,galaxy,True,0,galaxy,True,True,0,galaxy,0.8978068232536316,0,galaxy,0.9457391500473022,0,galaxy,0.9778016209602356,0,galaxy,0.8881054520606995,0,galaxy,0.7968904972076416,2,star,0.34051230549812317
447,0,galaxy,0,galaxy,True,0,galaxy,True,True,0,galaxy,0.8970090746879578,0,galaxy,0.9807624220848083,0,galaxy,0.969086766242981,0,galaxy,0.9513275027275085,0,galaxy,0.9837238788604736,0,galaxy,0.6649295091629028
448,0,galaxy,0,galaxy,True,0,galaxy,True,True,0,galaxy,0.987352728843689,0,galaxy,0.9967331886291504,0,galaxy,0.9924464821815491,0,galaxy,0.9818617105484009,0,galaxy,0.9919997453689575,0,galaxy,0.8751393556594849
449,0,galaxy,0,galaxy,True,0,galaxy,True,True,0,galaxy,0.9457768201828003,0,galaxy,0.9914050102233887,0,galaxy,0.9900946021080017,0,galaxy,0.9423986673355103,0,galaxy,0.9913404583930969,0,galaxy,0.8738383650779724
450,0,galaxy,0,galaxy,True,0,galaxy,True,True,0,galaxy,0.9083388447761536,0,galaxy,0.7220643758773804,0,galaxy,0.9856345057487488,0,galaxy,0.9209744930267334,0,galaxy,0.9132702350616455,0,galaxy,0.7217183709144592
451,0,galaxy,0,galaxy,True,0,galaxy,True,True,0,galaxy,0.5406527519226074,0,galaxy,0.991442859172821,0,galaxy,0.9802674055099487,0,galaxy,0.9556171298027039,0,galaxy,0.9726913571357727,0,galaxy,0.5945994853973389
452,0,galaxy,0,galaxy,True,0,galaxy,True,True,0,galaxy,0.9952913522720337,0,galaxy,0.9978524446487427,0,galaxy,0.9877262711524963,0,galaxy,0.971538245677948,0,galaxy,0.9924463629722595,2,star,0.3876842260360718
453,0,galaxy,0,galaxy,True,0,galaxy,True,True,0,galaxy,0.9725598692893982,0,galaxy,0.9259294867515564,0,galaxy,0.978477954864502,0,galaxy,0.970643162727356,0,galaxy,0.967727780342102,0,galaxy,0.6425976157188416
454,0,galaxy,0,galaxy,True,0,galaxy,True,True,0,galaxy,0.9012227058410645,0,galaxy,0.8603799343109131,0,galaxy,0.9698047041893005,0,galaxy,0.9189597368240356,0,galaxy,0.9890563488006592,0,galaxy,0.7604371905326843
455,0,galaxy,0,galaxy,True,0,galaxy,True,True,0,galaxy,0.992885410785675,0,galaxy,0.972075343132019,0,galaxy,0.9942370653152466,0,galaxy,0.9852170348167419,0,galaxy,0.9929789900779724,0,galaxy,0.9534203410148621
456,0,galaxy,0,galaxy,True,0,galaxy,True,True,0,galaxy,0.9824991226196289,0,galaxy,0.9896462559700012,0,galaxy,0.9938271641731262,0,galaxy,0.9740220308303833,0,galaxy,0.9907083511352539,0,galaxy,0.9203023314476013
457,0,galaxy,0,galaxy,True,0,galaxy,True,True,0,galaxy,0.9959432482719421,0,galaxy,0.9678919315338135,0,galaxy,0.9806526899337769,0,galaxy,0.978209912776947,0,galaxy,0.9944769740104675,0,galaxy,0.9096469879150391
458,0,galaxy,0,galaxy,True,0,galaxy,True,True,0,galaxy,0.9645776748657227,0,galaxy,0.9790319204330444,0,galaxy,0.9895341992378235,0,galaxy,0.963306725025177,0,galaxy,0.9815708994865417,0,galaxy,0.8380427956581116
459,0,galaxy,0,galaxy,True,0,galaxy,True,True,0,galaxy,0.9697396755218506,0,galaxy,0.9868969321250916,0,galaxy,0.9840019941329956,0,galaxy,0.9710118174552917,0,galaxy,0.9884681105613708,0,galaxy,0.7117437720298767
460,0,galaxy,0,galaxy,True,0,galaxy,True,True,0,galaxy,0.43341609835624695,0,galaxy,0.5308325290679932,0,galaxy,0.9261683821678162,0,galaxy,0.5825866460800171,0,galaxy,0.8953691720962524,0,galaxy,0.927762508392334
461,0,galaxy,0,galaxy,True,0,galaxy,True,True,0,galaxy,0.918651282787323,0,galaxy,0.40291622281074524,0,galaxy,0.9883782267570496,0,galaxy,0.9906711578369141,0,galaxy,0.9921234250068665,0,galaxy,0.9167691469192505
462,0,galaxy,0,galaxy,True,0,galaxy,True,True,0,galaxy,0.7480950355529785,0,galaxy,0.9709818959236145,0,galaxy,0.9518617391586304,0,galaxy,0.9121423959732056,0,galaxy,0.9572881460189819,0,galaxy,0.7693367004394531
463,0,galaxy,0,galaxy,True,0,galaxy,True,True,0,galaxy,0.9318808913230896,0,galaxy,0.9755261540412903,0,galaxy,0.9719215035438538,0,galaxy,0.972053050994873,0,galaxy,0.9692361354827881,0,galaxy,0.9344697594642639
464,0,galaxy,0,galaxy,True,0,galaxy,True,True,0,galaxy,0.9841138124465942,0,galaxy,0.9688151478767395,0,galaxy,0.9858545660972595,0,galaxy,0.9122110605239868,0,galaxy,0.9810498356819153,0,galaxy,0.6595706343650818
465,0,galaxy,0,galaxy,True,0,galaxy,True,True,2,star,0.8501380681991577,0,galaxy,0.8888409733772278,0,galaxy,0.9809439778327942,0,galaxy,0.9862382411956787,0,galaxy,0.9928015470504761,0,galaxy,0.9341583847999573
466,0,galaxy,0,galaxy,True,0,galaxy,True,True,0,galaxy,0.9975246787071228,0,galaxy,0.9982689619064331,0,galaxy,0.9962388277053833,0,galaxy,0.9827709794044495,0,galaxy,0.9956514239311218,0,galaxy,0.8391042351722717
467,0,galaxy,0,galaxy,True,0,galaxy,True,True,0,galaxy,0.9823132157325745,0,galaxy,0.9955040812492371,0,galaxy,0.9923686385154724,0,galaxy,0.9722771644592285,0,galaxy,0.9852863550186157,0,galaxy,0.7287412881851196
468,0,galaxy,0,galaxy,True,0,galaxy,True,True,0,galaxy,0.9575501084327698,0,galaxy,0.9640805125236511,0,galaxy,0.9893465638160706,0,galaxy,0.979150652885437,0,galaxy,0.9933439493179321,0,galaxy,0.8799494504928589
469,0,galaxy,0,galaxy,True,0,galaxy,True,True,0,galaxy,0.9947945475578308,0,galaxy,0.985271692276001,0,galaxy,0.9956772923469543,0,galaxy,0.9856841564178467,0,galaxy,0.9921875,0,galaxy,0.797500729560852
470,0,galaxy,0,galaxy,True,0,galaxy,True,True,0,galaxy,0.985587477684021,0,galaxy,0.9373682737350464,0,galaxy,0.989798903465271,0,galaxy,0.9729062914848328,0,galaxy,0.956287682056427,0,galaxy,0.7712295055389404
471,0,galaxy,0,galaxy,True,0,galaxy,True,True,0,galaxy,0.9873193502426147,0,galaxy,0.9920986890792847,0,galaxy,0.990838348865509,0,galaxy,0.9810028076171875,0,galaxy,0.993630588054657,0,galaxy,0.8536128401756287
472,0,galaxy,0,galaxy,True,0,galaxy,True,True,0,galaxy,0.9536711573600769,0,galaxy,0.9535928964614868,0,galaxy,0.9785565137863159,0,galaxy,0.8327428102493286,0,galaxy,0.9675159454345703,0,galaxy,0.8183169364929199
473,0,galaxy,0,galaxy,True,0,galaxy,True,True,0,galaxy,0.5282087326049805,0,galaxy,0.8693792223930359,0,galaxy,0.9202609062194824,0,galaxy,0.7642400860786438,0,galaxy,0.6053868532180786,0,galaxy,0.6118903756141663
474,0,galaxy,0,galaxy,True,0,galaxy,True,True,0,galaxy,0.7381601929664612,0,galaxy,0.9551071524620056,0,galaxy,0.982052743434906,0,galaxy,0.9148827195167542,0,galaxy,0.9691810607910156,0,galaxy,0.9468826055526733
475,0,galaxy,0,galaxy,True,0,galaxy,True,True,0,galaxy,0.9914018511772156,0,galaxy,0.982674777507782,0,galaxy,0.9915428161621094,0,galaxy,0.9771775603294373,0,galaxy,0.9942171573638916,0,galaxy,0.7953039407730103
476,0,galaxy,0,galaxy,True,0,galaxy,True,True,0,galaxy,0.9816491007804871,0,galaxy,0.9797535538673401,0,galaxy,0.9893524050712585,0,galaxy,0.9871070981025696,0,galaxy,0.9927847385406494,0,galaxy,0.8186700940132141
477,0,galaxy,0,galaxy,True,0,galaxy,True,True,0,galaxy,0.9716835021972656,0,galaxy,0.9859447479248047,0,galaxy,0.9904639720916748,0,galaxy,0.95806485414505,0,galaxy,0.9932623505592346,0,galaxy,0.940326988697052
478,0,galaxy,0,galaxy,True,0,galaxy,True,True,0,galaxy,0.9881643056869507,0,galaxy,0.9445878863334656,0,galaxy,0.9826199412345886,0,galaxy,0.9535772800445557,0,galaxy,0.9513576030731201,0,galaxy,0.635995626449585
479,0,galaxy,0,galaxy,True,0,galaxy,True,True,0,galaxy,0.9851727485656738,0,galaxy,0.9849306344985962,0,galaxy,0.9933450222015381,0,galaxy,0.9710810780525208,0,galaxy,0.994297206401825,0,galaxy,0.7955085039138794
480,0,galaxy,0,galaxy,True,0,galaxy,True,True,0,galaxy,0.9602524638175964,0,galaxy,0.925489604473114,0,galaxy,0.9850178360939026,0,galaxy,0.9724035859107971,0,galaxy,0.971587061882019,0,galaxy,0.6146388649940491
481,0,galaxy,0,galaxy,True,0,galaxy,True,True,0,galaxy,0.8400166630744934,0,galaxy,0.970125675201416,0,galaxy,0.9788730144500732,0,galaxy,0.9117166996002197,0,galaxy,0.9859769344329834,0,galaxy,0.6769248247146606
482,0,galaxy,0,galaxy,True,0,galaxy,True,True,0,galaxy,0.9960565567016602,0,galaxy,0.9903754591941833,0,galaxy,0.9933329224586487,0,galaxy,0.9742858409881592,0,galaxy,0.993691086769104,0,galaxy,0.9442266821861267
483,0,galaxy,0,galaxy,True,0,galaxy,True,True,0,galaxy,0.9938362240791321,0,galaxy,0.997495174407959,0,galaxy,0.9959996938705444,0,galaxy,0.9910961389541626,0,galaxy,0.995075523853302,0,galaxy,0.8778868913650513
484,0,galaxy,0,galaxy,True,0,galaxy,True,True,0,galaxy,0.9925382733345032,0,galaxy,0.994839608669281,0,galaxy,0.9935100674629211,0,galaxy,0.972582221031189,0,galaxy,0.980666995048523,0,galaxy,0.680912435054779
485,0,galaxy,0,galaxy,True,0,galaxy,True,True,0,galaxy,0.9214252829551697,0,galaxy,0.9753140807151794,0,galaxy,0.9780076146125793,0,galaxy,0.9732828140258789,0,galaxy,0.9890300631523132,0,galaxy,0.5526720881462097
486,0,galaxy,0,galaxy,True,0,galaxy,True,True,1,quasar,0.7303968667984009,0,galaxy,0.6527441740036011,0,galaxy,0.9500914216041565,0,galaxy,0.7867918610572815,0,galaxy,0.9459419846534729,1,quasar,0.4723196029663086
487,0,galaxy,0,galaxy,True,0,galaxy,True,True,0,galaxy,0.9967318773269653,0,galaxy,0.9907951951026917,0,galaxy,0.9920200705528259,0,galaxy,0.9675078988075256,0,galaxy,0.9944882988929749,0,galaxy,0.5363777279853821
488,0,galaxy,0,galaxy,True,0,galaxy,True,True,0,galaxy,0.976360023021698,0,galaxy,0.8924553990364075,0,galaxy,0.975001871585846,0,galaxy,0.8630316257476807,0,galaxy,0.9800910353660583,0,galaxy,0.5279122591018677
489,0,galaxy,0,galaxy,True,0,galaxy,True,True,0,galaxy,0.9651734232902527,0,galaxy,0.985105037689209,0,galaxy,0.9761754870414734,0,galaxy,0.9660597443580627,0,galaxy,0.9344536066055298,0,galaxy,0.6816359162330627
490,0,galaxy,0,galaxy,True,0,galaxy,True,True,1,quasar,0.4892374277114868,0,galaxy,0.9237351417541504,0,galaxy,0.9725480079650879,0,galaxy,0.9373620748519897,0,galaxy,0.874972939491272,0,galaxy,0.39905545115470886
491,0,galaxy,0,galaxy,True,2,star,False,False,0,galaxy,0.7713438272476196,2,star,0.8958686590194702,2,star,0.9355942010879517,0,galaxy,0.9873974919319153,2,star,0.7886494398117065,0,galaxy,0.5729243159294128
492,0,galaxy,0,galaxy,True,0,galaxy,True,True,0,galaxy,0.9986873269081116,0,galaxy,0.9979244470596313,0,galaxy,0.9949337840080261,0,galaxy,0.9849239587783813,0,galaxy,0.9952436089515686,0,galaxy,0.8696829676628113
493,0,galaxy,0,galaxy,True,0,galaxy,True,True,0,galaxy,0.9760763645172119,0,galaxy,0.9858732223510742,0,galaxy,0.9914684295654297,0,galaxy,0.9820070862770081,0,galaxy,0.9883137941360474,0,galaxy,0.8771427273750305
494,0,galaxy,0,galaxy,True,0,galaxy,True,True,0,galaxy,0.9923492670059204,0,galaxy,0.9931254386901855,0,galaxy,0.9936965107917786,0,galaxy,0.983281672000885,0,galaxy,0.9888601899147034,0,galaxy,0.9637472033500671
495,0,galaxy,0,galaxy,True,0,galaxy,True,True,0,galaxy,0.9718733429908752,0,galaxy,0.9880380630493164,0,galaxy,0.9935771822929382,0,galaxy,0.9832028150558472,0,galaxy,0.993961751461029,0,galaxy,0.6808494329452515
496,0,galaxy,0,galaxy,True,0,galaxy,True,True,0,galaxy,0.9969561100006104,0,galaxy,0.9922267198562622,0,galaxy,0.9915521144866943,0,galaxy,0.9234849810600281,0,galaxy,0.9937648773193359,0,galaxy,0.7848214507102966
497,0,galaxy,0,galaxy,True,0,galaxy,True,True,0,galaxy,0.9724671840667725,0,galaxy,0.9988860487937927,0,galaxy,0.9976871013641357,0,galaxy,0.9934967756271362,0,galaxy,0.9942440390586853,0,galaxy,0.9379661083221436
498,0,galaxy,0,galaxy,True,0,galaxy,True,True,0,galaxy,0.9908574223518372,0,galaxy,0.9793170094490051,0,galaxy,0.9837287068367004,0,galaxy,0.9139353632926941,0,galaxy,0.9865346550941467,0,galaxy,0.4726964235305786
499,0,galaxy,0,galaxy,True,0,galaxy,True,True,0,galaxy,0.9705018997192383,0,galaxy,0.9990054965019226,0,galaxy,0.9933504462242126,0,galaxy,0.9904488921165466,0,galaxy,0.9924831986427307,2,star,0.4717949628829956
500,0,galaxy,0,galaxy,True,0,galaxy,True,True,0,galaxy,0.991349458694458,0,galaxy,0.9893502593040466,0,galaxy,0.9907729625701904,0,galaxy,0.9749026298522949,0,galaxy,0.9933876991271973,0,galaxy,0.9255825877189636
501,0,galaxy,0,galaxy,True,0,galaxy,True,True,0,galaxy,0.9844500422477722,0,galaxy,0.9898732900619507,0,galaxy,0.9906704425811768,0,galaxy,0.9893516898155212,0,galaxy,0.994135856628418,0,galaxy,0.7879912257194519
502,0,galaxy,0,galaxy,True,0,galaxy,True,True,0,galaxy,0.9811112284660339,0,galaxy,0.9856327772140503,0,galaxy,0.9853840470314026,0,galaxy,0.9195890426635742,0,galaxy,0.9878618717193604,0,galaxy,0.6600214838981628
503,0,galaxy,0,galaxy,True,0,galaxy,True,True,0,galaxy,0.9587056040763855,0,galaxy,0.9925606846809387,0,galaxy,0.989753007888794,0,galaxy,0.9695676565170288,0,galaxy,0.9906271696090698,0,galaxy,0.8782814741134644
504,0,galaxy,0,galaxy,True,0,galaxy,True,True,0,galaxy,0.8486284017562866,0,galaxy,0.9241687059402466,0,galaxy,0.9614469408988953,0,galaxy,0.8937232494354248,0,galaxy,0.9656040668487549,1,quasar,0.5309345722198486
505,0,galaxy,0,galaxy,True,0,galaxy,True,True,0,galaxy,0.9690113067626953,0,galaxy,0.9893763065338135,0,galaxy,0.984001874923706,0,galaxy,0.9748380184173584,0,galaxy,0.9860253930091858,0,galaxy,0.6537032723426819
506,0,galaxy,0,galaxy,True,0,galaxy,True,True,0,galaxy,0.9338655471801758,0,galaxy,0.9522121548652649,0,galaxy,0.9872512817382812,0,galaxy,0.9665008783340454,0,galaxy,0.9357224106788635,0,galaxy,0.764292299747467
507,0,galaxy,0,galaxy,True,0,galaxy,True,True,0,galaxy,0.9315068125724792,0,galaxy,0.9953076243400574,0,galaxy,0.9933468103408813,0,galaxy,0.9893959164619446,0,galaxy,0.9913329482078552,0,galaxy,0.8178070783615112
508,0,galaxy,0,galaxy,True,0,galaxy,True,True,0,galaxy,0.9129334092140198,0,galaxy,0.9806926846504211,0,galaxy,0.9867728352546692,0,galaxy,0.963306725025177,0,galaxy,0.9881646633148193,0,galaxy,0.7741745114326477
509,0,galaxy,0,galaxy,True,0,galaxy,True,True,0,galaxy,0.6784937977790833,0,galaxy,0.6812939643859863,0,galaxy,0.8903459310531616,0,galaxy,0.9120609760284424,0,galaxy,0.5987070798873901,0,galaxy,0.7116332054138184
510,0,galaxy,0,galaxy,True,0,galaxy,True,True,0,galaxy,0.9578940868377686,0,galaxy,0.9522390365600586,0,galaxy,0.9615384936332703,0,galaxy,0.9714376330375671,0,galaxy,0.9816609621047974,0,galaxy,0.5961710214614868
511,0,galaxy,0,galaxy,True,0,galaxy,True,True,0,galaxy,0.9331071376800537,0,galaxy,0.9605375528335571,0,galaxy,0.9916748404502869,0,galaxy,0.9882434010505676,0,galaxy,0.985356867313385,0,galaxy,0.7867945432662964
512,0,galaxy,0,galaxy,True,0,galaxy,True,True,0,galaxy,0.7217995524406433,0,galaxy,0.5526320338249207,2,star,0.8238097429275513,0,galaxy,0.5809414982795715,2,star,0.8531322479248047,0,galaxy,0.5992470383644104
513,0,galaxy,0,galaxy,True,0,galaxy,True,True,0,galaxy,0.8747504353523254,0,galaxy,0.9741957783699036,0,galaxy,0.9821657538414001,0,galaxy,0.969021201133728,0,galaxy,0.9895289540290833,1,quasar,0.5445130467414856
514,0,galaxy,0,galaxy,True,0,galaxy,True,True,0,galaxy,0.9865430593490601,0,galaxy,0.986631453037262,0,galaxy,0.9946845173835754,0,galaxy,0.9664544463157654,0,galaxy,0.9935013651847839,0,galaxy,0.8947935104370117
515,0,galaxy,0,galaxy,True,0,galaxy,True,True,0,galaxy,0.9701007604598999,0,galaxy,0.994208812713623,0,galaxy,0.9802535772323608,0,galaxy,0.9725965261459351,0,galaxy,0.9888498187065125,0,galaxy,0.8722138404846191
516,0,galaxy,0,galaxy,True,0,galaxy,True,True,0,galaxy,0.682793378829956,1,quasar,0.4210813343524933,0,galaxy,0.93635493516922,0,galaxy,0.5209280848503113,0,galaxy,0.7235320806503296,0,galaxy,0.6483113169670105
517,0,galaxy,0,galaxy,True,0,galaxy,True,True,0,galaxy,0.9716339111328125,0,galaxy,0.9913296699523926,0,galaxy,0.9947562217712402,0,galaxy,0.9874409437179565,0,galaxy,0.9948260188102722,2,star,0.48286229372024536
518,0,galaxy,0,galaxy,True,0,galaxy,True,True,0,galaxy,0.9543429613113403,0,galaxy,0.9715223908424377,0,galaxy,0.9915562868118286,0,galaxy,0.9827678799629211,0,galaxy,0.9879343509674072,0,galaxy,0.8727744817733765
519,0,galaxy,0,galaxy,True,0,galaxy,True,True,0,galaxy,0.927919328212738,0,galaxy,0.9664681553840637,0,galaxy,0.978321373462677,0,galaxy,0.9633737802505493,0,galaxy,0.9610796570777893,0,galaxy,0.8601624369621277
520,0,galaxy,0,galaxy,True,0,galaxy,True,True,0,galaxy,0.8184534907341003,0,galaxy,0.9463142156600952,0,galaxy,0.9748215079307556,0,galaxy,0.8587382435798645,0,galaxy,0.9844411611557007,0,galaxy,0.7757291197776794
521,0,galaxy,0,galaxy,True,0,galaxy,True,True,2,star,0.4463309049606323,0,galaxy,0.9858075380325317,0,galaxy,0.9850446581840515,0,galaxy,0.9890891909599304,0,galaxy,0.9514157772064209,0,galaxy,0.7873429656028748
522,0,galaxy,0,galaxy,True,0,galaxy,True,True,0,galaxy,0.8505240082740784,0,galaxy,0.9426121115684509,0,galaxy,0.9857339859008789,0,galaxy,0.8519027233123779,0,galaxy,0.9717159271240234,1,quasar,0.4044572412967682
523,0,galaxy,1,quasar,False,1,quasar,False,True,1,quasar,0.6618133783340454,2,star,0.5045058727264404,1,quasar,0.7294540405273438,1,quasar,0.7581055760383606,1,quasar,0.5680243372917175,1,quasar,0.4230494499206543
524,0,galaxy,0,galaxy,True,0,galaxy,True,True,0,galaxy,0.9686523675918579,0,galaxy,0.9975862503051758,0,galaxy,0.9893397688865662,0,galaxy,0.9841467142105103,0,galaxy,0.99411940574646,1,quasar,0.3970669209957123
525,0,galaxy,0,galaxy,True,0,galaxy,True,True,0,galaxy,0.9763860702514648,0,galaxy,0.8780491948127747,0,galaxy,0.9806045293807983,0,galaxy,0.9593754410743713,0,galaxy,0.8481502532958984,0,galaxy,0.8614253401756287
526,0,galaxy,0,galaxy,True,0,galaxy,True,True,0,galaxy,0.922105610370636,0,galaxy,0.991885781288147,0,galaxy,0.981930673122406,0,galaxy,0.9642106890678406,0,galaxy,0.9903436899185181,0,galaxy,0.8325818181037903
527,0,galaxy,0,galaxy,True,0,galaxy,True,True,0,galaxy,0.5915968418121338,0,galaxy,0.985619068145752,0,galaxy,0.9771932363510132,0,galaxy,0.9125552773475647,0,galaxy,0.9772130846977234,1,quasar,0.4124166667461395
528,0,galaxy,0,galaxy,True,0,galaxy,True,True,0,galaxy,0.9855791330337524,0,galaxy,0.9082833528518677,0,galaxy,0.9832461476325989,0,galaxy,0.9760047793388367,0,galaxy,0.9923338890075684,0,galaxy,0.7101765871047974
529,0,galaxy,0,galaxy,True,0,galaxy,True,True,0,galaxy,0.9985461235046387,0,galaxy,0.9936822652816772,0,galaxy,0.9949653744697571,0,galaxy,0.9861866235733032,0,galaxy,0.9958297610282898,0,galaxy,0.9057336449623108
530,0,galaxy,0,galaxy,True,0,galaxy,True,True,0,galaxy,0.9710103869438171,0,galaxy,0.9916654229164124,0,galaxy,0.979769229888916,0,galaxy,0.8388295769691467,0,galaxy,0.9402271509170532,0,galaxy,0.4872244596481323
531,0,galaxy,0,galaxy,True,0,galaxy,True,True,0,galaxy,0.925822377204895,0,galaxy,0.9924282431602478,0,galaxy,0.977848470211029,0,galaxy,0.9373305439949036,0,galaxy,0.9822678565979004,0,galaxy,0.8262611627578735
532,0,galaxy,0,galaxy,True,0,galaxy,True,True,0,galaxy,0.826962411403656,0,galaxy,0.9764406085014343,0,galaxy,0.9819266200065613,0,galaxy,0.8211835622787476,0,galaxy,0.9666662812232971,0,galaxy,0.9236605763435364
533,0,galaxy,0,galaxy,True,0,galaxy,True,True,0,galaxy,0.9944595098495483,0,galaxy,0.9974114298820496,0,galaxy,0.9968773126602173,0,galaxy,0.9821622967720032,0,galaxy,0.9907432198524475,0,galaxy,0.8581746816635132
534,0,galaxy,0,galaxy,True,0,galaxy,True,True,0,galaxy,0.9451307058334351,0,galaxy,0.9855681657791138,0,galaxy,0.9900520443916321,0,galaxy,0.9703046679496765,0,galaxy,0.9821540117263794,0,galaxy,0.4822682738304138
535,0,galaxy,0,galaxy,True,0,galaxy,True,True,0,galaxy,0.9881976246833801,0,galaxy,0.9978792667388916,0,galaxy,0.996055006980896,0,galaxy,0.9892198443412781,0,galaxy,0.9951686859130859,0,galaxy,0.6920580863952637
536,0,galaxy,0,galaxy,True,0,galaxy,True,True,0,galaxy,0.9876490235328674,0,galaxy,0.982977032661438,0,galaxy,0.9650495052337646,0,galaxy,0.9810267686843872,0,galaxy,0.9905495047569275,0,galaxy,0.6442943811416626
537,0,galaxy,0,galaxy,True,0,galaxy,True,True,0,galaxy,0.7442634105682373,0,galaxy,0.981116533279419,0,galaxy,0.981914222240448,0,galaxy,0.8343451023101807,0,galaxy,0.9709563851356506,0,galaxy,0.9821375608444214
538,0,galaxy,0,galaxy,True,0,galaxy,True,True,0,galaxy,0.9898232817649841,0,galaxy,0.9959216117858887,0,galaxy,0.9925200939178467,0,galaxy,0.9848366379737854,0,galaxy,0.9956226944923401,0,galaxy,0.9011446833610535
539,0,galaxy,0,galaxy,True,0,galaxy,True,True,0,galaxy,0.8931012749671936,0,galaxy,0.9949212670326233,0,galaxy,0.9715421795845032,0,galaxy,0.9479613900184631,0,galaxy,0.9806774258613586,1,quasar,0.43821775913238525
540,0,galaxy,0,galaxy,True,0,galaxy,True,True,0,galaxy,0.9938925504684448,0,galaxy,0.9984129667282104,0,galaxy,0.9967537522315979,0,galaxy,0.9869328141212463,0,galaxy,0.9947138428688049,2,star,0.4903992712497711
541,0,galaxy,1,quasar,False,1,quasar,False,True,1,quasar,0.6913966536521912,1,quasar,0.3566097617149353,0,galaxy,0.47381144762039185,1,quasar,0.610125720500946,1,quasar,0.4571725130081177,1,quasar,0.43663689494132996
542,0,galaxy,0,galaxy,True,0,galaxy,True,True,0,galaxy,0.9708130359649658,0,galaxy,0.9794826507568359,0,galaxy,0.9900215268135071,0,galaxy,0.967850387096405,0,galaxy,0.9918327331542969,0,galaxy,0.7029426097869873
543,0,galaxy,0,galaxy,True,0,galaxy,True,True,0,galaxy,0.7499727010726929,0,galaxy,0.7912367582321167,0,galaxy,0.9696076512336731,0,galaxy,0.9382084608078003,0,galaxy,0.9354142546653748,1,quasar,0.4428592920303345
544,0,galaxy,0,galaxy,True,0,galaxy,True,True,0,galaxy,0.9905596375465393,0,galaxy,0.9869679808616638,0,galaxy,0.9867825508117676,0,galaxy,0.974373459815979,0,galaxy,0.9932490587234497,0,galaxy,0.6383500695228577
545,0,galaxy,0,galaxy,True,0,galaxy,True,True,0,galaxy,0.9497902393341064,0,galaxy,0.9609181880950928,0,galaxy,0.9881502389907837,0,galaxy,0.9787431359291077,0,galaxy,0.8990439772605896,0,galaxy,0.45948705077171326
546,0,galaxy,0,galaxy,True,0,galaxy,True,True,0,galaxy,0.7345850467681885,0,galaxy,0.7082821726799011,0,galaxy,0.9533032178878784,0,galaxy,0.9384546875953674,0,galaxy,0.9313150644302368,0,galaxy,0.6239866614341736
547,0,galaxy,0,galaxy,True,0,galaxy,True,True,0,galaxy,0.9092732667922974,0,galaxy,0.9758362174034119,0,galaxy,0.9586738348007202,0,galaxy,0.85377436876297,0,galaxy,0.9849404692649841,0,galaxy,0.7206663489341736
548,0,galaxy,0,galaxy,True,0,galaxy,True,True,0,galaxy,0.8456593751907349,0,galaxy,0.9844760298728943,0,galaxy,0.9711096286773682,0,galaxy,0.9338542222976685,0,galaxy,0.9935890436172485,0,galaxy,0.6863781809806824
549,0,galaxy,0,galaxy,True,0,galaxy,True,True,0,galaxy,0.9965223073959351,0,galaxy,0.9972556233406067,0,galaxy,0.995886504650116,0,galaxy,0.9871740341186523,0,galaxy,0.9953433871269226,0,galaxy,0.871418833732605
550,0,galaxy,0,galaxy,True,0,galaxy,True,True,0,galaxy,0.8515895009040833,0,galaxy,0.8254183530807495,0,galaxy,0.9784144163131714,0,galaxy,0.9421528577804565,0,galaxy,0.9496994614601135,0,galaxy,0.7995440363883972
551,0,galaxy,0,galaxy,True,0,galaxy,True,True,0,galaxy,0.9793014526367188,0,galaxy,0.9871160387992859,0,galaxy,0.9954979419708252,0,galaxy,0.988902747631073,0,galaxy,0.9942846894264221,0,galaxy,0.9633787274360657
552,0,galaxy,0,galaxy,True,0,galaxy,True,True,0,galaxy,0.7696806788444519,0,galaxy,0.9940610527992249,0,galaxy,0.9964346885681152,0,galaxy,0.9875849485397339,0,galaxy,0.8076874613761902,0,galaxy,0.6536945700645447
553,0,galaxy,0,galaxy,True,0,galaxy,True,True,0,galaxy,0.9964450001716614,0,galaxy,0.997283935546875,0,galaxy,0.9939867258071899,0,galaxy,0.9831311702728271,0,galaxy,0.9953505992889404,0,galaxy,0.9689807891845703
554,0,galaxy,0,galaxy,True,0,galaxy,True,True,0,galaxy,0.828090250492096,0,galaxy,0.9044373035430908,0,galaxy,0.9743853211402893,0,galaxy,0.9815834164619446,0,galaxy,0.9437539577484131,0,galaxy,0.7023675441741943
555,0,galaxy,0,galaxy,True,0,galaxy,True,True,0,galaxy,0.6447668671607971,0,galaxy,0.9740660190582275,0,galaxy,0.9815450310707092,0,galaxy,0.882572591304779,0,galaxy,0.9256085753440857,0,galaxy,0.5056194067001343
556,0,galaxy,0,galaxy,True,0,galaxy,True,True,0,galaxy,0.8041730523109436,0,galaxy,0.9440622925758362,0,galaxy,0.9744960069656372,0,galaxy,0.9063656330108643,0,galaxy,0.8387182354927063,1,quasar,0.3808935284614563
557,0,galaxy,0,galaxy,True,0,galaxy,True,True,0,galaxy,0.9975530505180359,0,galaxy,0.9953790903091431,0,galaxy,0.9953128099441528,0,galaxy,0.9841539263725281,0,galaxy,0.9960287809371948,0,galaxy,0.9006418585777283
558,0,galaxy,0,galaxy,True,0,galaxy,True,True,0,galaxy,0.8255013823509216,0,galaxy,0.9837766289710999,0,galaxy,0.9864413142204285,0,galaxy,0.9817336797714233,0,galaxy,0.9930962920188904,2,star,0.4092777669429779
559,0,galaxy,0,galaxy,True,0,galaxy,True,True,0,galaxy,0.9363152980804443,0,galaxy,0.9271953701972961,0,galaxy,0.9840944409370422,0,galaxy,0.6243094801902771,0,galaxy,0.6303339600563049,0,galaxy,0.6736660003662109
560,0,galaxy,0,galaxy,True,0,galaxy,True,True,0,galaxy,0.9931858777999878,0,galaxy,0.9913213849067688,0,galaxy,0.9922701120376587,0,galaxy,0.9833822846412659,0,galaxy,0.994416356086731,0,galaxy,0.713322639465332
561,0,galaxy,0,galaxy,True,0,galaxy,True,True,0,galaxy,0.9910517334938049,0,galaxy,0.9699355363845825,0,galaxy,0.9872996211051941,0,galaxy,0.954544723033905,0,galaxy,0.9773592352867126,0,galaxy,0.6772981882095337
562,0,galaxy,0,galaxy,True,0,galaxy,True,True,0,galaxy,0.9969252943992615,0,galaxy,0.9858677983283997,0,galaxy,0.9966723918914795,0,galaxy,0.9794959425926208,0,galaxy,0.9955781102180481,0,galaxy,0.9448508620262146
563,0,galaxy,0,galaxy,True,0,galaxy,True,True,0,galaxy,0.9689992666244507,0,galaxy,0.9785491824150085,0,galaxy,0.9877395033836365,0,galaxy,0.9753752946853638,0,galaxy,0.9950464963912964,0,galaxy,0.9036235809326172
564,0,galaxy,0,galaxy,True,0,galaxy,True,True,0,galaxy,0.9941121935844421,0,galaxy,0.9937210083007812,0,galaxy,0.9778924584388733,0,galaxy,0.9379650354385376,0,galaxy,0.9920198321342468,0,galaxy,0.822725772857666
565,0,galaxy,0,galaxy,True,0,galaxy,True,True,0,galaxy,0.8101409673690796,0,galaxy,0.9868948459625244,0,galaxy,0.9665175676345825,0,galaxy,0.8604374527931213,0,galaxy,0.912868320941925,0,galaxy,0.5941047072410583
566,0,galaxy,0,galaxy,True,0,galaxy,True,True,0,galaxy,0.8078157305717468,0,galaxy,0.9267196655273438,0,galaxy,0.9816966652870178,0,galaxy,0.9365949630737305,0,galaxy,0.9811796545982361,0,galaxy,0.6070790886878967
567,0,galaxy,0,galaxy,True,0,galaxy,True,True,1,quasar,0.718995213508606,1,quasar,0.39632248878479004,0,galaxy,0.6655142307281494,0,galaxy,0.6843657493591309,0,galaxy,0.683119535446167,0,galaxy,0.781691312789917
568,0,galaxy,0,galaxy,True,0,galaxy,True,True,0,galaxy,0.9639601707458496,0,galaxy,0.9685964584350586,0,galaxy,0.9639214277267456,0,galaxy,0.8912873268127441,0,galaxy,0.9894570708274841,1,quasar,0.6973974108695984
569,0,galaxy,0,galaxy,True,0,galaxy,True,True,0,galaxy,0.9967705011367798,0,galaxy,0.9938063621520996,0,galaxy,0.9952888488769531,0,galaxy,0.9932478666305542,0,galaxy,0.9932958483695984,0,galaxy,0.8696856498718262
570,0,galaxy,0,galaxy,True,0,galaxy,True,True,0,galaxy,0.9870403409004211,0,galaxy,0.9681872725486755,0,galaxy,0.9883692264556885,0,galaxy,0.8605220913887024,0,galaxy,0.9927136301994324,0,galaxy,0.9182475209236145
571,0,galaxy,0,galaxy,True,0,galaxy,True,True,0,galaxy,0.9917530417442322,0,galaxy,0.9942232966423035,0,galaxy,0.9957451224327087,0,galaxy,0.9921370148658752,0,galaxy,0.9924688935279846,0,galaxy,0.865275502204895
572,0,galaxy,0,galaxy,True,0,galaxy,True,True,0,galaxy,0.9875213503837585,0,galaxy,0.9672250151634216,0,galaxy,0.9958755373954773,0,galaxy,0.9931435585021973,0,galaxy,0.9949182868003845,0,galaxy,0.47863030433654785
573,0,galaxy,0,galaxy,True,0,galaxy,True,True,0,galaxy,0.8706910014152527,0,galaxy,0.9829326868057251,0,galaxy,0.9686288833618164,0,galaxy,0.7608988285064697,0,galaxy,0.9769768118858337,0,galaxy,0.6857286691665649
574,0,galaxy,0,galaxy,True,0,galaxy,True,True,0,galaxy,0.9699418544769287,0,galaxy,0.9725834131240845,0,galaxy,0.9753888249397278,0,galaxy,0.9494176506996155,0,galaxy,0.9918220639228821,0,galaxy,0.5008968114852905
575,0,galaxy,0,galaxy,True,0,galaxy,True,True,0,galaxy,0.9586769342422485,0,galaxy,0.9626609086990356,0,galaxy,0.9779604077339172,0,galaxy,0.9387432932853699,0,galaxy,0.9920787215232849,0,galaxy,0.6477062702178955
576,0,galaxy,0,galaxy,True,0,galaxy,True,True,0,galaxy,0.8074720501899719,0,galaxy,0.969727098941803,0,galaxy,0.982689380645752,0,galaxy,0.9089640378952026,0,galaxy,0.9798734188079834,0,galaxy,0.8658829927444458
577,0,galaxy,2,star,False,2,star,False,True,2,star,0.9838634729385376,2,star,0.9120213985443115,2,star,0.8761269450187683,2,star,0.6290766596794128,2,star,0.9383183121681213,2,star,0.7276310920715332
578,0,galaxy,0,galaxy,True,0,galaxy,True,True,0,galaxy,0.9724865555763245,0,galaxy,0.9956283569335938,0,galaxy,0.9849029183387756,0,galaxy,0.8925040364265442,0,galaxy,0.9894803762435913,0,galaxy,0.8854449391365051
579,0,galaxy,0,galaxy,True,0,galaxy,True,True,0,galaxy,0.9333211183547974,0,galaxy,0.9611199498176575,0,galaxy,0.9877866506576538,0,galaxy,0.9593562483787537,0,galaxy,0.9895452857017517,0,galaxy,0.8874804377555847
580,0,galaxy,0,galaxy,True,0,galaxy,True,True,0,galaxy,0.9789533019065857,0,galaxy,0.9567301273345947,0,galaxy,0.981577455997467,0,galaxy,0.961249589920044,0,galaxy,0.9747843146324158,0,galaxy,0.7145037055015564
581,0,galaxy,0,galaxy,True,0,galaxy,True,True,0,galaxy,0.9596551060676575,0,galaxy,0.9844234585762024,0,galaxy,0.9712404012680054,0,galaxy,0.7007226943969727,0,galaxy,0.8511075377464294,0,galaxy,0.45219704508781433
582,0,galaxy,0,galaxy,True,0,galaxy,True,True,0,galaxy,0.9938240051269531,0,galaxy,0.9911093711853027,0,galaxy,0.9789044260978699,0,galaxy,0.9847401976585388,0,galaxy,0.9794873595237732,0,galaxy,0.780040442943573
583,0,galaxy,0,galaxy,True,0,galaxy,True,True,0,galaxy,0.9859155416488647,0,galaxy,0.9761764407157898,0,galaxy,0.9691274166107178,0,galaxy,0.9711700081825256,0,galaxy,0.9942216277122498,0,galaxy,0.839741587638855
584,0,galaxy,0,galaxy,True,0,galaxy,True,True,0,galaxy,0.905659556388855,0,galaxy,0.9876053333282471,0,galaxy,0.9788443446159363,2,star,0.8230310082435608,0,galaxy,0.8435254096984863,0,galaxy,0.7403606176376343
585,0,galaxy,0,galaxy,True,0,galaxy,True,True,0,galaxy,0.9962713718414307,0,galaxy,0.9898269176483154,0,galaxy,0.9906046986579895,0,galaxy,0.9453678131103516,0,galaxy,0.9823994636535645,0,galaxy,0.4892518222332001
586,0,galaxy,0,galaxy,True,0,galaxy,True,True,0,galaxy,0.7007405161857605,0,galaxy,0.9987128973007202,0,galaxy,0.9891626834869385,0,galaxy,0.9909392595291138,0,galaxy,0.9948128461837769,0,galaxy,0.708073079586029
587,0,galaxy,0,galaxy,True,0,galaxy,True,True,0,galaxy,0.651512086391449,0,galaxy,0.8363312482833862,0,galaxy,0.9744130373001099,0,galaxy,0.9638076424598694,0,galaxy,0.9912599921226501,0,galaxy,0.9035317301750183
588,0,galaxy,0,galaxy,True,0,galaxy,True,True,0,galaxy,0.9865402579307556,0,galaxy,0.980599582195282,0,galaxy,0.9915512800216675,0,galaxy,0.9870141744613647,0,galaxy,0.9897105097770691,0,galaxy,0.6647768616676331
589,0,galaxy,0,galaxy,True,0,galaxy,True,True,0,galaxy,0.9190946221351624,0,galaxy,0.9653640389442444,0,galaxy,0.9762002825737,0,galaxy,0.96868896484375,0,galaxy,0.9812251925468445,0,galaxy,0.5647401213645935
590,0,galaxy,0,galaxy,True,0,galaxy,True,True,0,galaxy,0.9290496706962585,0,galaxy,0.9470756649971008,0,galaxy,0.9941489696502686,0,galaxy,0.9837696552276611,0,galaxy,0.987716019153595,0,galaxy,0.9688840508460999
591,0,galaxy,0,galaxy,True,0,galaxy,True,True,0,galaxy,0.980463445186615,0,galaxy,0.9869292974472046,0,galaxy,0.9794747829437256,0,galaxy,0.9561573266983032,0,galaxy,0.9933531284332275,0,galaxy,0.7243818044662476
592,0,galaxy,0,galaxy,True,0,galaxy,True,True,0,galaxy,0.9966906309127808,0,galaxy,0.9993211030960083,0,galaxy,0.9976171851158142,0,galaxy,0.992757260799408,0,galaxy,0.9948641657829285,0,galaxy,0.6724772453308105
593,0,galaxy,0,galaxy,True,0,galaxy,True,True,0,galaxy,0.8518863320350647,0,galaxy,0.9967845678329468,0,galaxy,0.9772018790245056,0,galaxy,0.9671546220779419,0,galaxy,0.9896098375320435,0,galaxy,0.9143447279930115
594,0,galaxy,0,galaxy,True,0,galaxy,True,True,0,galaxy,0.993110179901123,0,galaxy,0.997312605381012,0,galaxy,0.994892954826355,0,galaxy,0.9875786900520325,0,galaxy,0.9956963062286377,0,galaxy,0.5578305721282959
595,0,galaxy,0,galaxy,True,0,galaxy,True,True,0,galaxy,0.9896987080574036,0,galaxy,0.9987720847129822,0,galaxy,0.9960952401161194,0,galaxy,0.9910439252853394,0,galaxy,0.9919300079345703,0,galaxy,0.6651225686073303
596,0,galaxy,0,galaxy,True,0,galaxy,True,True,0,galaxy,0.982937753200531,0,galaxy,0.8736526370048523,0,galaxy,0.9841852784156799,0,galaxy,0.9097234606742859,0,galaxy,0.9942337870597839,0,galaxy,0.8853687644004822
597,0,galaxy,0,galaxy,True,0,galaxy,True,True,0,galaxy,0.956081211566925,0,galaxy,0.9782332181930542,0,galaxy,0.9803998470306396,0,galaxy,0.9467259049415588,0,galaxy,0.9781123995780945,0,galaxy,0.6711632013320923
598,0,galaxy,0,galaxy,True,0,galaxy,True,True,0,galaxy,0.9908607006072998,0,galaxy,0.9638522863388062,0,galaxy,0.9907408952713013,0,galaxy,0.9698612093925476,0,galaxy,0.9927384257316589,0,galaxy,0.7989130020141602
599,0,galaxy,0,galaxy,True,0,galaxy,True,True,0,galaxy,0.8822410106658936,0,galaxy,0.9535816311836243,0,galaxy,0.9760227203369141,0,galaxy,0.8943907618522644,0,galaxy,0.9897611737251282,0,galaxy,0.514950692653656
600,0,galaxy,0,galaxy,True,0,galaxy,True,True,0,galaxy,0.9286822080612183,0,galaxy,0.9948723912239075,0,galaxy,0.9839667677879333,0,galaxy,0.9522328972816467,0,galaxy,0.9904583692550659,0,galaxy,0.5519649982452393
601,0,galaxy,0,galaxy,True,0,galaxy,True,True,0,galaxy,0.9919977784156799,0,galaxy,0.9895880222320557,0,galaxy,0.9927323460578918,0,galaxy,0.9503465294837952,0,galaxy,0.9937830567359924,0,galaxy,0.7049261331558228
602,0,galaxy,0,galaxy,True,0,galaxy,True,True,0,galaxy,0.9858047366142273,0,galaxy,0.9524264335632324,0,galaxy,0.9888091683387756,0,galaxy,0.9689333438873291,0,galaxy,0.9929311275482178,0,galaxy,0.6882128119468689
603,0,galaxy,0,galaxy,True,0,galaxy,True,True,0,galaxy,0.5839490294456482,0,galaxy,0.9587712287902832,0,galaxy,0.9842202067375183,0,galaxy,0.9711250066757202,0,galaxy,0.9818280339241028,0,galaxy,0.9988467693328857
604,0,galaxy,0,galaxy,True,0,galaxy,True,True,0,galaxy,0.7379395961761475,0,galaxy,0.9801340699195862,0,galaxy,0.9944252967834473,0,galaxy,0.9515983462333679,0,galaxy,0.9928659200668335,0,galaxy,0.9993147850036621
605,0,galaxy,0,galaxy,True,0,galaxy,True,True,0,galaxy,0.9721625447273254,0,galaxy,0.9914701581001282,0,galaxy,0.9877836108207703,0,galaxy,0.979712963104248,0,galaxy,0.963982343673706,0,galaxy,0.5299623608589172
606,0,galaxy,0,galaxy,True,0,galaxy,True,True,0,galaxy,0.9520699977874756,0,galaxy,0.9862942099571228,0,galaxy,0.9797943234443665,0,galaxy,0.9126867651939392,0,galaxy,0.9158596992492676,0,galaxy,0.5411200523376465
607,0,galaxy,0,galaxy,True,0,galaxy,True,True,0,galaxy,0.9904984831809998,0,galaxy,0.9923779964447021,0,galaxy,0.9893923997879028,0,galaxy,0.9755493998527527,0,galaxy,0.9916682243347168,0,galaxy,0.8326062560081482
608,0,galaxy,0,galaxy,True,0,galaxy,True,True,0,galaxy,0.9772530198097229,0,galaxy,0.996817946434021,0,galaxy,0.9947945475578308,0,galaxy,0.9871325492858887,0,galaxy,0.992920458316803,0,galaxy,0.7595575451850891
609,0,galaxy,0,galaxy,True,0,galaxy,True,True,0,galaxy,0.9854275584220886,0,galaxy,0.9236870408058167,0,galaxy,0.9888573884963989,0,galaxy,0.9620940685272217,0,galaxy,0.9888752698898315,0,galaxy,0.73133385181427
610,0,galaxy,0,galaxy,True,0,galaxy,True,True,0,galaxy,0.9730140566825867,0,galaxy,0.9869908690452576,0,galaxy,0.9911311268806458,0,galaxy,0.9757435917854309,0,galaxy,0.9948754906654358,0,galaxy,0.6254115104675293
611,0,galaxy,0,galaxy,True,0,galaxy,True,True,0,galaxy,0.9952164888381958,0,galaxy,0.9941638112068176,0,galaxy,0.9948323965072632,0,galaxy,0.9932377338409424,0,galaxy,0.9933438301086426,0,galaxy,0.8658292293548584
612,0,galaxy,0,galaxy,True,0,galaxy,True,True,0,galaxy,0.980465292930603,0,galaxy,0.9981141090393066,0,galaxy,0.994726836681366,0,galaxy,0.9796802401542664,0,galaxy,0.9953153133392334,0,galaxy,0.800110399723053
613,0,galaxy,0,galaxy,True,0,galaxy,True,True,0,galaxy,0.9326246380805969,0,galaxy,0.9779873490333557,0,galaxy,0.9737591743469238,0,galaxy,0.9728747010231018,0,galaxy,0.9847995042800903,0,galaxy,0.5467174649238586
614,0,galaxy,0,galaxy,True,0,galaxy,True,True,0,galaxy,0.9923180341720581,0,galaxy,0.9919019341468811,0,galaxy,0.9964334964752197,0,galaxy,0.9915714263916016,0,galaxy,0.9405611157417297,0,galaxy,0.6527832746505737
615,0,galaxy,0,galaxy,True,0,galaxy,True,True,0,galaxy,0.7293636202812195,0,galaxy,0.9727199077606201,0,galaxy,0.9828760027885437,0,galaxy,0.8000264167785645,0,galaxy,0.980521559715271,0,galaxy,0.5656313896179199
616,0,galaxy,0,galaxy,True,0,galaxy,True,True,0,galaxy,0.9981123208999634,0,galaxy,0.9843154549598694,0,galaxy,0.9948921203613281,0,galaxy,0.9758425354957581,0,galaxy,0.9945785999298096,0,galaxy,0.9545469284057617
617,0,galaxy,0,galaxy,True,0,galaxy,True,True,0,galaxy,0.9675334692001343,0,galaxy,0.9576776623725891,0,galaxy,0.9868413209915161,0,galaxy,0.9552338719367981,0,galaxy,0.9782928824424744,0,galaxy,0.6009150147438049
618,0,galaxy,0,galaxy,True,0,galaxy,True,True,0,galaxy,0.7844575047492981,0,galaxy,0.957542896270752,0,galaxy,0.969798743724823,0,galaxy,0.9306128025054932,0,galaxy,0.9636670351028442,0,galaxy,0.8365121483802795
619,0,galaxy,0,galaxy,True,0,galaxy,True,True,0,galaxy,0.9971469044685364,0,galaxy,0.9982964396476746,0,galaxy,0.995876133441925,0,galaxy,0.9915187954902649,0,galaxy,0.9955660700798035,0,galaxy,0.922970175743103
620,0,galaxy,0,galaxy,True,0,galaxy,True,True,0,galaxy,0.9879729747772217,0,galaxy,0.9980717301368713,0,galaxy,0.987736165523529,0,galaxy,0.9874704480171204,0,galaxy,0.9910973310470581,0,galaxy,0.6166948080062866
621,0,galaxy,0,galaxy,True,0,galaxy,True,True,0,galaxy,0.9897701740264893,0,galaxy,0.9982458353042603,0,galaxy,0.9932671785354614,0,galaxy,0.9694087505340576,0,galaxy,0.9941927790641785,0,galaxy,0.6662624478340149
622,0,galaxy,0,galaxy,True,0,galaxy,True,True,0,galaxy,0.9885680675506592,0,galaxy,0.9852802157402039,0,galaxy,0.9891329407691956,0,galaxy,0.9873100519180298,0,galaxy,0.991253674030304,2,star,0.4944833219051361
623,0,galaxy,0,galaxy,True,0,galaxy,True,True,0,galaxy,0.9714459776878357,0,galaxy,0.9771664142608643,0,galaxy,0.974819004535675,0,galaxy,0.9492049217224121,0,galaxy,0.9407689571380615,0,galaxy,0.5855805277824402
624,0,galaxy,0,galaxy,True,0,galaxy,True,True,0,galaxy,0.9865072965621948,0,galaxy,0.9983294606208801,0,galaxy,0.9966533780097961,0,galaxy,0.9915183186531067,0,galaxy,0.9922142624855042,0,galaxy,0.7976766228675842
625,0,galaxy,0,galaxy,True,0,galaxy,True,True,0,galaxy,0.9856444597244263,0,galaxy,0.9967970252037048,0,galaxy,0.9954835176467896,0,galaxy,0.988077700138092,0,galaxy,0.9937432408332825,0,galaxy,0.9136000275611877
626,0,galaxy,0,galaxy,True,0,galaxy,True,True,0,galaxy,0.9551824331283569,0,galaxy,0.9875307679176331,0,galaxy,0.9694507718086243,0,galaxy,0.8773353099822998,0,galaxy,0.9381850361824036,0,galaxy,0.586028516292572
627,0,galaxy,0,galaxy,True,0,galaxy,True,True,0,galaxy,0.9585425853729248,0,galaxy,0.9982991814613342,0,galaxy,0.9711829423904419,0,galaxy,0.8119601011276245,0,galaxy,0.8044083118438721,2,star,0.8827733993530273
628,0,galaxy,0,galaxy,True,0,galaxy,True,True,0,galaxy,0.9547536969184875,0,galaxy,0.9148698449134827,0,galaxy,0.9856760501861572,0,galaxy,0.9444701075553894,0,galaxy,0.9872149229049683,0,galaxy,0.4965972304344177
629,0,galaxy,0,galaxy,True,0,galaxy,True,True,0,galaxy,0.9235883951187134,0,galaxy,0.9815225601196289,0,galaxy,0.9522001147270203,0,galaxy,0.9389311671257019,0,galaxy,0.9407670497894287,0,galaxy,0.6972463726997375
630,0,galaxy,0,galaxy,True,0,galaxy,True,True,0,galaxy,0.9698773622512817,0,galaxy,0.9974023103713989,0,galaxy,0.9778247475624084,0,galaxy,0.9530487060546875,0,galaxy,0.9794241189956665,2,star,0.5773303508758545
631,0,galaxy,0,galaxy,True,0,galaxy,True,True,0,galaxy,0.9962855577468872,0,galaxy,0.9734109044075012,0,galaxy,0.9896770119667053,0,galaxy,0.9720981121063232,0,galaxy,0.9898782968521118,0,galaxy,0.6246644854545593
632,0,galaxy,0,galaxy,True,0,galaxy,True,True,0,galaxy,0.9747203588485718,0,galaxy,0.9558665156364441,0,galaxy,0.987064003944397,0,galaxy,0.9119119644165039,0,galaxy,0.9583240151405334,0,galaxy,0.7387955188751221
633,0,galaxy,0,galaxy,True,0,galaxy,True,True,0,galaxy,0.9955291152000427,0,galaxy,0.9963183403015137,0,galaxy,0.9966868758201599,0,galaxy,0.9856816530227661,0,galaxy,0.9952095150947571,0,galaxy,0.803134560585022
634,0,galaxy,0,galaxy,True,0,galaxy,True,True,0,galaxy,0.9980117082595825,0,galaxy,0.998908519744873,0,galaxy,0.9956358075141907,0,galaxy,0.9754377007484436,0,galaxy,0.9950847029685974,0,galaxy,0.9466390609741211
635,0,galaxy,0,galaxy,True,0,galaxy,True,True,0,galaxy,0.9954930543899536,0,galaxy,0.9923399686813354,0,galaxy,0.792454719543457,0,galaxy,0.8550024032592773,0,galaxy,0.7746030688285828,2,star,0.4625649154186249
636,0,galaxy,0,galaxy,True,0,galaxy,True,True,0,galaxy,0.9981415271759033,0,galaxy,0.9978225231170654,0,galaxy,0.996009349822998,0,galaxy,0.9884759187698364,0,galaxy,0.9957762360572815,0,galaxy,0.8125448226928711
637,0,galaxy,0,galaxy,True,0,galaxy,True,True,0,galaxy,0.9698483347892761,0,galaxy,0.9802477359771729,0,galaxy,0.9864059090614319,0,galaxy,0.9540555477142334,0,galaxy,0.980823278427124,2,star,0.5929064154624939
638,0,galaxy,0,galaxy,True,0,galaxy,True,True,0,galaxy,0.9772169589996338,0,galaxy,0.9702858328819275,0,galaxy,0.9794344305992126,0,galaxy,0.962605357170105,0,galaxy,0.9614852666854858,0,galaxy,0.6910603046417236
639,0,galaxy,0,galaxy,True,0,galaxy,True,True,0,galaxy,0.9965912103652954,0,galaxy,0.9610921144485474,0,galaxy,0.9909891486167908,0,galaxy,0.9503926038742065,0,galaxy,0.9886115193367004,0,galaxy,0.5663222670555115
640,0,galaxy,0,galaxy,True,0,galaxy,True,True,0,galaxy,0.9716864228248596,0,galaxy,0.9975882768630981,0,galaxy,0.9923892617225647,0,galaxy,0.9854074120521545,0,galaxy,0.9832091927528381,0,galaxy,0.8401025533676147
641,0,galaxy,0,galaxy,True,0,galaxy,True,True,0,galaxy,0.9863651990890503,0,galaxy,0.9967845678329468,0,galaxy,0.9966068267822266,0,galaxy,0.9908954501152039,0,galaxy,0.9952108263969421,0,galaxy,0.8385303616523743
642,0,galaxy,0,galaxy,True,0,galaxy,True,True,0,galaxy,0.9966662526130676,0,galaxy,0.9985520243644714,0,galaxy,0.9970652461051941,0,galaxy,0.9916530251502991,0,galaxy,0.9937186241149902,0,galaxy,0.8890471458435059
643,0,galaxy,0,galaxy,True,0,galaxy,True,True,0,galaxy,0.9886095523834229,0,galaxy,0.9856475591659546,0,galaxy,0.9952501058578491,0,galaxy,0.982664167881012,0,galaxy,0.9938803911209106,0,galaxy,0.6559464335441589
644,0,galaxy,0,galaxy,True,0,galaxy,True,True,0,galaxy,0.9407795071601868,0,galaxy,0.9526708722114563,0,galaxy,0.984231173992157,0,galaxy,0.9733095169067383,0,galaxy,0.9858274459838867,0,galaxy,0.7430412769317627
645,0,galaxy,0,galaxy,True,0,galaxy,True,True,0,galaxy,0.9973944425582886,0,galaxy,0.9974628686904907,0,galaxy,0.9969911575317383,0,galaxy,0.9822281002998352,0,galaxy,0.995779275894165,0,galaxy,0.8796365261077881
646,0,galaxy,0,galaxy,True,0,galaxy,True,True,0,galaxy,0.9930041432380676,0,galaxy,0.969910204410553,0,galaxy,0.9758129119873047,0,galaxy,0.9744452238082886,0,galaxy,0.9917832612991333,0,galaxy,0.5573480129241943
647,0,galaxy,0,galaxy,True,0,galaxy,True,True,0,galaxy,0.9883072972297668,0,galaxy,0.9792755842208862,0,galaxy,0.9885767102241516,0,galaxy,0.9516034722328186,0,galaxy,0.9908280372619629,0,galaxy,0.6868066191673279
648,0,galaxy,0,galaxy,True,0,galaxy,True,True,0,galaxy,0.9970358610153198,0,galaxy,0.998700737953186,0,galaxy,0.9952013492584229,0,galaxy,0.9871561527252197,0,galaxy,0.9952419996261597,0,galaxy,0.7426963448524475
649,0,galaxy,0,galaxy,True,0,galaxy,True,True,0,galaxy,0.9935033917427063,0,galaxy,0.9985681772232056,0,galaxy,0.9916627407073975,0,galaxy,0.9828779697418213,0,galaxy,0.987619161605835,0,galaxy,0.7527223825454712
650,0,galaxy,0,galaxy,True,0,galaxy,True,True,0,galaxy,0.98868328332901,0,galaxy,0.9924710988998413,0,galaxy,0.9966201782226562,0,galaxy,0.988610565662384,0,galaxy,0.9943103790283203,0,galaxy,0.8798399567604065
651,0,galaxy,0,galaxy,True,0,galaxy,True,True,0,galaxy,0.9822903275489807,0,galaxy,0.9893513321876526,0,galaxy,0.9933891296386719,0,galaxy,0.9898415207862854,0,galaxy,0.9953681230545044,0,galaxy,0.8228864073753357
652,0,galaxy,0,galaxy,True,0,galaxy,True,True,0,galaxy,0.9857075810432434,0,galaxy,0.9880222082138062,0,galaxy,0.9877701997756958,0,galaxy,0.9769346714019775,0,galaxy,0.9901718497276306,0,galaxy,0.8401174545288086
653,0,galaxy,0,galaxy,True,0,galaxy,True,True,0,galaxy,0.9764316082000732,0,galaxy,0.9787757396697998,0,galaxy,0.9929381012916565,0,galaxy,0.9706814885139465,0,galaxy,0.9912090301513672,0,galaxy,0.8406338691711426
654,0,galaxy,0,galaxy,True,0,galaxy,True,True,0,galaxy,0.9954258799552917,0,galaxy,0.9996960163116455,0,galaxy,0.9967644214630127,0,galaxy,0.9868854284286499,0,galaxy,0.9948083758354187,0,galaxy,0.9499485492706299
655,0,galaxy,0,galaxy,True,0,galaxy,True,True,0,galaxy,0.9982622265815735,0,galaxy,0.9878925085067749,0,galaxy,0.9964932799339294,0,galaxy,0.9866822957992554,0,galaxy,0.9929425716400146,0,galaxy,0.957030177116394
656,0,galaxy,0,galaxy,True,0,galaxy,True,True,0,galaxy,0.9954065084457397,0,galaxy,0.9954727292060852,0,galaxy,0.9958654642105103,0,galaxy,0.9838252663612366,0,galaxy,0.9941064119338989,0,galaxy,0.8882420659065247
657,0,galaxy,0,galaxy,True,0,galaxy,True,True,0,galaxy,0.8795843124389648,0,galaxy,0.9522217512130737,0,galaxy,0.9942995309829712,0,galaxy,0.9661652445793152,0,galaxy,0.9867903590202332,0,galaxy,0.9696968793869019
658,0,galaxy,0,galaxy,True,0,galaxy,True,True,2,star,0.6303858160972595,2,star,0.5557979941368103,2,star,0.5005462765693665,0,galaxy,0.8950294256210327,0,galaxy,0.5997043251991272,0,galaxy,0.5662339925765991
659,0,galaxy,0,galaxy,True,0,galaxy,True,True,0,galaxy,0.984120786190033,0,galaxy,0.983137845993042,0,galaxy,0.9906348586082458,0,galaxy,0.938776969909668,0,galaxy,0.989753246307373,0,galaxy,0.7660598158836365
660,0,galaxy,0,galaxy,True,0,galaxy,True,True,0,galaxy,0.9973891377449036,0,galaxy,0.999273955821991,0,galaxy,0.9980465173721313,0,galaxy,0.992980420589447,0,galaxy,0.9953429698944092,0,galaxy,0.9652675986289978
661,0,galaxy,0,galaxy,True,0,galaxy,True,True,0,galaxy,0.968713104724884,0,galaxy,0.9448667168617249,0,galaxy,0.9834628701210022,0,galaxy,0.9422240853309631,0,galaxy,0.9860196113586426,0,galaxy,0.45946723222732544
662,0,galaxy,0,galaxy,True,0,galaxy,True,True,0,galaxy,0.9894754886627197,0,galaxy,0.9935134053230286,0,galaxy,0.996380627155304,0,galaxy,0.9913056492805481,0,galaxy,0.9940851926803589,0,galaxy,0.5570943355560303
663,0,galaxy,0,galaxy,True,0,galaxy,True,True,0,galaxy,0.9984449744224548,0,galaxy,0.9977516531944275,0,galaxy,0.9952781200408936,0,galaxy,0.9875546097755432,0,galaxy,0.9954453706741333,0,galaxy,0.9693903923034668
664,0,galaxy,0,galaxy,True,0,galaxy,True,True,0,galaxy,0.9080982804298401,0,galaxy,0.9962692260742188,0,galaxy,0.9827067852020264,0,galaxy,0.9534607529640198,0,galaxy,0.9915614724159241,0,galaxy,0.8032060265541077
665,0,galaxy,0,galaxy,True,0,galaxy,True,True,0,galaxy,0.9966429471969604,0,galaxy,0.9818168878555298,0,galaxy,0.995718777179718,0,galaxy,0.9795297980308533,0,galaxy,0.992621660232544,0,galaxy,0.7403692603111267
666,0,galaxy,0,galaxy,True,0,galaxy,True,True,0,galaxy,0.9889966249465942,0,galaxy,0.9841312766075134,0,galaxy,0.8980138897895813,0,galaxy,0.9754290580749512,0,galaxy,0.9877375364303589,0,galaxy,0.7223252654075623
667,0,galaxy,0,galaxy,True,0,galaxy,True,True,0,galaxy,0.9862933158874512,0,galaxy,0.9905173182487488,0,galaxy,0.9831839203834534,0,galaxy,0.9391164779663086,0,galaxy,0.9840376377105713,0,galaxy,0.4675258696079254
668,0,galaxy,0,galaxy,True,0,galaxy,True,True,0,galaxy,0.9561077356338501,0,galaxy,0.9452966451644897,0,galaxy,0.9883508682250977,0,galaxy,0.9680297374725342,0,galaxy,0.9904120564460754,0,galaxy,0.5251099467277527
669,0,galaxy,0,galaxy,True,0,galaxy,True,True,0,galaxy,0.9854377508163452,0,galaxy,0.9502555727958679,0,galaxy,0.9925137162208557,0,galaxy,0.9586424827575684,0,galaxy,0.9920316934585571,0,galaxy,0.702930748462677
670,0,galaxy,0,galaxy,True,0,galaxy,True,True,0,galaxy,0.9446074366569519,0,galaxy,0.9634925127029419,0,galaxy,0.9839881062507629,0,galaxy,0.9502779245376587,0,galaxy,0.9772909283638,0,galaxy,0.6189540028572083
671,0,galaxy,0,galaxy,True,0,galaxy,True,True,0,galaxy,0.8601965308189392,0,galaxy,0.9620940685272217,0,galaxy,0.9652827382087708,0,galaxy,0.8711289763450623,0,galaxy,0.9839351773262024,2,star,0.654586136341095
672,0,galaxy,0,galaxy,True,0,galaxy,True,True,0,galaxy,0.9832153916358948,0,galaxy,0.9927533268928528,0,galaxy,0.9914052486419678,0,galaxy,0.9757170081138611,0,galaxy,0.9932778477668762,0,galaxy,0.5788272023200989
673,0,galaxy,0,galaxy,True,0,galaxy,True,True,0,galaxy,0.5097860097885132,0,galaxy,0.8627156019210815,0,galaxy,0.9647488594055176,0,galaxy,0.920977771282196,0,galaxy,0.9291870594024658,2,star,0.5947415828704834
674,0,galaxy,0,galaxy,True,0,galaxy,True,True,0,galaxy,0.9577046632766724,0,galaxy,0.9700742959976196,0,galaxy,0.9789839386940002,0,galaxy,0.921074628829956,0,galaxy,0.9829941987991333,2,star,0.760578989982605
675,0,galaxy,0,galaxy,True,0,galaxy,True,True,0,galaxy,0.7401782274246216,0,galaxy,0.9337519407272339,0,galaxy,0.9513891935348511,0,galaxy,0.6341330409049988,0,galaxy,0.8488394021987915,2,star,0.6156967878341675
676,0,galaxy,0,galaxy,True,0,galaxy,True,True,0,galaxy,0.9805880188941956,0,galaxy,0.9724760055541992,0,galaxy,0.9870413541793823,0,galaxy,0.986179769039154,0,galaxy,0.936362624168396,2,star,0.963085412979126
677,0,galaxy,0,galaxy,True,0,galaxy,True,True,0,galaxy,0.6161710023880005,0,galaxy,0.8816640973091125,0,galaxy,0.9736371040344238,0,galaxy,0.9098744988441467,0,galaxy,0.7476897835731506,0,galaxy,0.6301850080490112
678,0,galaxy,0,galaxy,True,0,galaxy,True,True,0,galaxy,0.6872819066047668,0,galaxy,0.8864354491233826,0,galaxy,0.9600985646247864,0,galaxy,0.8419281840324402,0,galaxy,0.9668605923652649,0,galaxy,0.7277319431304932
679,0,galaxy,0,galaxy,True,0,galaxy,True,True,0,galaxy,0.9752613306045532,0,galaxy,0.8683992028236389,0,galaxy,0.9731384515762329,0,galaxy,0.6224398016929626,0,galaxy,0.8490711450576782,2,star,0.6089054346084595
680,0,galaxy,0,galaxy,True,0,galaxy,True,True,0,galaxy,0.45446786284446716,2,star,0.4594065845012665,1,quasar,0.5062748193740845,0,galaxy,0.4572497010231018,2,star,0.6376548409461975,0,galaxy,0.5317417979240417
681,0,galaxy,0,galaxy,True,0,galaxy,True,True,0,galaxy,0.5567377805709839,0,galaxy,0.988961398601532,0,galaxy,0.9726603627204895,0,galaxy,0.933756411075592,0,galaxy,0.9643562436103821,0,galaxy,0.5144367218017578
682,0,galaxy,0,galaxy,True,0,galaxy,True,True,0,galaxy,0.9874179363250732,0,galaxy,0.9932776093482971,0,galaxy,0.9943932294845581,0,galaxy,0.9795133471488953,0,galaxy,0.9956235289573669,0,galaxy,0.7499663829803467
683,0,galaxy,0,galaxy,True,0,galaxy,True,True,0,galaxy,0.9554417133331299,0,galaxy,0.8572315573692322,0,galaxy,0.9867460131645203,0,galaxy,0.9372929930686951,0,galaxy,0.8839834928512573,2,star,0.6318241357803345
684,0,galaxy,0,galaxy,True,0,galaxy,True,True,0,galaxy,0.9199576377868652,0,galaxy,0.9942046999931335,0,galaxy,0.9847384691238403,0,galaxy,0.9724892973899841,0,galaxy,0.994013249874115,0,galaxy,0.9331467747688293
685,0,galaxy,0,galaxy,True,0,galaxy,True,True,0,galaxy,0.7711046934127808,0,galaxy,0.8379842042922974,0,galaxy,0.955345630645752,0,galaxy,0.5678842067718506,0,galaxy,0.8788518905639648,2,star,0.4915653467178345
686,0,galaxy,0,galaxy,True,0,galaxy,True,True,0,galaxy,0.9457107782363892,0,galaxy,0.9753501415252686,0,galaxy,0.9889838099479675,0,galaxy,0.9749847650527954,0,galaxy,0.9847574234008789,0,galaxy,0.6468445658683777
687,0,galaxy,0,galaxy,True,0,galaxy,True,True,0,galaxy,0.9820430874824524,0,galaxy,0.9868549108505249,0,galaxy,0.9927543997764587,0,galaxy,0.98325115442276,0,galaxy,0.9951013922691345,0,galaxy,0.9716083407402039
688,0,galaxy,0,galaxy,True,0,galaxy,True,True,0,galaxy,0.9757718443870544,0,galaxy,0.9201490879058838,0,galaxy,0.9840563535690308,0,galaxy,0.9679402709007263,0,galaxy,0.9845236539840698,0,galaxy,0.8937882781028748
689,0,galaxy,0,galaxy,True,0,galaxy,True,True,0,galaxy,0.9913491606712341,0,galaxy,0.9825527667999268,0,galaxy,0.9843628406524658,0,galaxy,0.9684188961982727,0,galaxy,0.9882043600082397,0,galaxy,0.770582914352417
690,0,galaxy,0,galaxy,True,0,galaxy,True,True,0,galaxy,0.9929782748222351,0,galaxy,0.9994376301765442,0,galaxy,0.9946280121803284,0,galaxy,0.9885836839675903,0,galaxy,0.9915555119514465,0,galaxy,0.5800296664237976
691,0,galaxy,0,galaxy,True,0,galaxy,True,True,0,galaxy,0.9490020871162415,0,galaxy,0.9982343912124634,0,galaxy,0.9955660700798035,0,galaxy,0.9918443560600281,0,galaxy,0.9937697052955627,0,galaxy,0.8627027869224548
692,0,galaxy,0,galaxy,True,0,galaxy,True,True,0,galaxy,0.9967727065086365,0,galaxy,0.9968510270118713,0,galaxy,0.9972943663597107,0,galaxy,0.9880691170692444,0,galaxy,0.9958332180976868,0,galaxy,0.8643326163291931
693,0,galaxy,0,galaxy,True,0,galaxy,True,True,0,galaxy,0.911850094795227,0,galaxy,0.5120059847831726,0,galaxy,0.9685229659080505,0,galaxy,0.9909618496894836,0,galaxy,0.9902010560035706,0,galaxy,0.5791157484054565
694,0,galaxy,0,galaxy,True,0,galaxy,True,True,0,galaxy,0.995590090751648,0,galaxy,0.9982424974441528,0,galaxy,0.9894285798072815,0,galaxy,0.9868104457855225,0,galaxy,0.9893971681594849,0,galaxy,0.9949038028717041
695,0,galaxy,0,galaxy,True,0,galaxy,True,True,0,galaxy,0.8592981696128845,0,galaxy,0.9526484608650208,0,galaxy,0.9848259687423706,0,galaxy,0.9743868112564087,0,galaxy,0.9149502515792847,0,galaxy,0.5408820509910583
696,0,galaxy,0,galaxy,True,0,galaxy,True,True,0,galaxy,0.9468235969543457,0,galaxy,0.9922927618026733,0,galaxy,0.9796293377876282,0,galaxy,0.9124259352684021,0,galaxy,0.960608184337616,0,galaxy,0.4499172568321228
697,0,galaxy,0,galaxy,True,0,galaxy,True,True,0,galaxy,0.9839571714401245,0,galaxy,0.9987140893936157,0,galaxy,0.9943410158157349,0,galaxy,0.9855456948280334,0,galaxy,0.9713314771652222,0,galaxy,0.6347893476486206
698,0,galaxy,0,galaxy,True,0,galaxy,True,True,0,galaxy,0.9034358859062195,0,galaxy,0.977301299571991,0,galaxy,0.9790062308311462,0,galaxy,0.907704770565033,0,galaxy,0.9645566344261169,0,galaxy,0.8500862121582031
699,0,galaxy,0,galaxy,True,0,galaxy,True,True,0,galaxy,0.6042012572288513,0,galaxy,0.748025119304657,0,galaxy,0.9759454131126404,0,galaxy,0.9608898758888245,0,galaxy,0.9868457317352295,0,galaxy,0.9133485555648804
700,0,galaxy,0,galaxy,True,0,galaxy,True,True,0,galaxy,0.717999279499054,2,star,0.45202404260635376,1,quasar,0.4933154284954071,0,galaxy,0.5241060256958008,1,quasar,0.5497946739196777,0,galaxy,0.5237061381340027
701,0,galaxy,0,galaxy,True,0,galaxy,True,True,0,galaxy,0.9578574299812317,0,galaxy,0.9945888519287109,0,galaxy,0.9846754670143127,0,galaxy,0.9629523158073425,0,galaxy,0.9874011874198914,2,star,0.5199552774429321
702,0,galaxy,0,galaxy,True,0,galaxy,True,True,0,galaxy,0.6836309432983398,0,galaxy,0.8539964556694031,0,galaxy,0.9815230965614319,0,galaxy,0.8957889676094055,0,galaxy,0.972582221031189,0,galaxy,0.524699330329895
703,0,galaxy,0,galaxy,True,0,galaxy,True,True,0,galaxy,0.9084882736206055,0,galaxy,0.9109991788864136,0,galaxy,0.978280782699585,0,galaxy,0.9037907719612122,0,galaxy,0.987043559551239,0,galaxy,0.6635547280311584
704,0,galaxy,0,galaxy,True,0,galaxy,True,True,0,galaxy,0.8351967930793762,0,galaxy,0.8067110180854797,0,galaxy,0.9620068073272705,0,galaxy,0.912057101726532,0,galaxy,0.9834169745445251,0,galaxy,0.9968493580818176
705,0,galaxy,0,galaxy,True,0,galaxy,True,True,0,galaxy,0.7868913412094116,0,galaxy,0.9624744653701782,0,galaxy,0.9811091423034668,0,galaxy,0.967427134513855,0,galaxy,0.9857844710350037,1,quasar,0.4905887842178345
706,0,galaxy,0,galaxy,True,0,galaxy,True,True,0,galaxy,0.9309589862823486,0,galaxy,0.8476641178131104,0,galaxy,0.9748181104660034,0,galaxy,0.7321338057518005,0,galaxy,0.9687467813491821,0,galaxy,0.716322660446167
707,0,galaxy,0,galaxy,True,0,galaxy,True,True,0,galaxy,0.9385193586349487,0,galaxy,0.9787219166755676,0,galaxy,0.9645240902900696,0,galaxy,0.8971878886222839,0,galaxy,0.9904028177261353,1,quasar,0.5705363750457764
708,0,galaxy,0,galaxy,True,0,galaxy,True,True,0,galaxy,0.9957212209701538,0,galaxy,0.976147472858429,0,galaxy,0.9964182376861572,0,galaxy,0.9931908249855042,0,galaxy,0.9924161434173584,0,galaxy,0.9048658013343811
709,0,galaxy,0,galaxy,True,0,galaxy,True,True,0,galaxy,0.9896109104156494,0,galaxy,0.9866140484809875,0,galaxy,0.9893431663513184,0,galaxy,0.9863816499710083,0,galaxy,0.9929549098014832,0,galaxy,0.946940004825592
710,0,galaxy,0,galaxy,True,0,galaxy,True,True,0,galaxy,0.5889776349067688,0,galaxy,0.9735766649246216,0,galaxy,0.9760704636573792,0,galaxy,0.8560134172439575,0,galaxy,0.9587922692298889,0,galaxy,0.6711970567703247
711,0,galaxy,0,galaxy,True,0,galaxy,True,True,0,galaxy,0.7175570726394653,0,galaxy,0.9909762740135193,0,galaxy,0.89607173204422,0,galaxy,0.8807548880577087,0,galaxy,0.5602563619613647,2,star,0.5936930775642395
712,0,galaxy,0,galaxy,True,0,galaxy,True,True,0,galaxy,0.9712029099464417,0,galaxy,0.9836003184318542,0,galaxy,0.9866162538528442,0,galaxy,0.9465427994728088,0,galaxy,0.9784958958625793,0,galaxy,0.7112621665000916
713,0,galaxy,0,galaxy,True,0,galaxy,True,True,0,galaxy,0.9946116209030151,0,galaxy,0.9968720078468323,0,galaxy,0.9937748908996582,0,galaxy,0.9782854318618774,0,galaxy,0.9931024312973022,0,galaxy,0.6504416465759277
714,0,galaxy,0,galaxy,True,0,galaxy,True,True,0,galaxy,0.9858365058898926,0,galaxy,0.9806416630744934,0,galaxy,0.918472409248352,0,galaxy,0.7179976105690002,0,galaxy,0.7574810981750488,0,galaxy,0.7124267816543579
715,0,galaxy,0,galaxy,True,0,galaxy,True,True,0,galaxy,0.9840874075889587,0,galaxy,0.9610600471496582,0,galaxy,0.9816935658454895,0,galaxy,0.9427202939987183,0,galaxy,0.9141243100166321,0,galaxy,0.8246045708656311
716,0,galaxy,0,galaxy,True,0,galaxy,True,True,0,galaxy,0.9607645273208618,0,galaxy,0.9410651922225952,0,galaxy,0.9733749032020569,0,galaxy,0.8871771097183228,0,galaxy,0.990960419178009,0,galaxy,0.43453338742256165
717,0,galaxy,0,galaxy,True,0,galaxy,True,True,0,galaxy,0.8104139566421509,0,galaxy,0.9182661175727844,0,galaxy,0.9913693070411682,0,galaxy,0.9776451587677002,0,galaxy,0.9926955699920654,2,star,0.4268106520175934
718,0,galaxy,0,galaxy,True,0,galaxy,True,True,0,galaxy,0.9349589943885803,0,galaxy,0.9808847904205322,0,galaxy,0.9829566478729248,0,galaxy,0.9434860348701477,0,galaxy,0.9871240854263306,2,star,0.4337579309940338
719,0,galaxy,0,galaxy,True,0,galaxy,True,True,0,galaxy,0.9231938123703003,0,galaxy,0.9837402701377869,0,galaxy,0.9886091947555542,0,galaxy,0.9087091088294983,0,galaxy,0.9430432319641113,0,galaxy,0.44698143005371094
720,0,galaxy,0,galaxy,True,0,galaxy,True,True,0,galaxy,0.9812829494476318,0,galaxy,0.9559022188186646,0,galaxy,0.9810169339179993,0,galaxy,0.9421800971031189,0,galaxy,0.9869339466094971,0,galaxy,0.706356942653656
721,0,galaxy,0,galaxy,True,0,galaxy,True,True,0,galaxy,0.9454076886177063,0,galaxy,0.9961470365524292,0,galaxy,0.9797159433364868,0,galaxy,0.9787467122077942,0,galaxy,0.9948223829269409,0,galaxy,0.5423898696899414
722,0,galaxy,0,galaxy,True,0,galaxy,True,True,0,galaxy,0.9758519530296326,0,galaxy,0.980485200881958,0,galaxy,0.9901291728019714,0,galaxy,0.9630988240242004,0,galaxy,0.9889408946037292,0,galaxy,0.7949666380882263
723,0,galaxy,0,galaxy,True,0,galaxy,True,True,0,galaxy,0.9888350367546082,0,galaxy,0.9892838001251221,0,galaxy,0.9952149391174316,0,galaxy,0.981984555721283,0,galaxy,0.9941767454147339,0,galaxy,0.8510366082191467
724,0,galaxy,0,galaxy,True,0,galaxy,True,True,0,galaxy,0.9197205305099487,0,galaxy,0.963502824306488,0,galaxy,0.9770013689994812,0,galaxy,0.9700974225997925,0,galaxy,0.9899966716766357,0,galaxy,0.6314002275466919
725,0,galaxy,0,galaxy,True,0,galaxy,True,True,0,galaxy,0.988783061504364,0,galaxy,0.9666597843170166,0,galaxy,0.9783777594566345,0,galaxy,0.9680498838424683,0,galaxy,0.9807943105697632,0,galaxy,0.784993588924408
726,0,galaxy,0,galaxy,True,0,galaxy,True,True,0,galaxy,0.7959812879562378,0,galaxy,0.9557827711105347,0,galaxy,0.9953135251998901,0,galaxy,0.9841762781143188,0,galaxy,0.990595817565918,0,galaxy,0.7009433507919312
727,0,galaxy,0,galaxy,True,0,galaxy,True,True,0,galaxy,0.9989985823631287,0,galaxy,0.9962498545646667,0,galaxy,0.9971777200698853,0,galaxy,0.9893146753311157,0,galaxy,0.9947070479393005,0,galaxy,0.6719807982444763
728,0,galaxy,0,galaxy,True,0,galaxy,True,True,0,galaxy,0.9483366012573242,0,galaxy,0.9944319128990173,0,galaxy,0.9898097515106201,0,galaxy,0.9852709770202637,0,galaxy,0.9643471240997314,2,star,0.37774190306663513
729,0,galaxy,0,galaxy,True,0,galaxy,True,True,0,galaxy,0.9872881174087524,0,galaxy,0.9951401948928833,0,galaxy,0.9942943453788757,0,galaxy,0.9799041748046875,0,galaxy,0.9939001798629761,0,galaxy,0.7274075150489807
730,0,galaxy,0,galaxy,True,0,galaxy,True,True,0,galaxy,0.9161286354064941,0,galaxy,0.979927659034729,0,galaxy,0.9830549955368042,0,galaxy,0.9519723653793335,0,galaxy,0.9625312685966492,0,galaxy,0.88620924949646
731,0,galaxy,0,galaxy,True,0,galaxy,True,True,0,galaxy,0.9582644701004028,0,galaxy,0.9832056164741516,0,galaxy,0.9912912845611572,0,galaxy,0.9555533528327942,0,galaxy,0.9908291101455688,0,galaxy,0.9308813214302063
732,0,galaxy,0,galaxy,True,0,galaxy,True,True,0,galaxy,0.9941362142562866,0,galaxy,0.9973887801170349,0,galaxy,0.9967544674873352,0,galaxy,0.9917568564414978,0,galaxy,0.9950592517852783,0,galaxy,0.8802511096000671
733,0,galaxy,0,galaxy,True,0,galaxy,True,True,0,galaxy,0.972577691078186,0,galaxy,0.9577134251594543,0,galaxy,0.983363151550293,0,galaxy,0.9672238826751709,0,galaxy,0.988599419593811,0,galaxy,0.8580074310302734
734,0,galaxy,0,galaxy,True,0,galaxy,True,True,0,galaxy,0.9961672425270081,0,galaxy,0.9966474175453186,0,galaxy,0.9934505224227905,0,galaxy,0.9836974740028381,0,galaxy,0.9934436082839966,0,galaxy,0.9136939644813538
735,0,galaxy,0,galaxy,True,0,galaxy,True,True,0,galaxy,0.9200226068496704,0,galaxy,0.9401604533195496,0,galaxy,0.9757402539253235,0,galaxy,0.8952571749687195,0,galaxy,0.9859693050384521,0,galaxy,0.45784127712249756
736,0,galaxy,0,galaxy,True,0,galaxy,True,True,0,galaxy,0.9955410361289978,0,galaxy,0.9985041618347168,0,galaxy,0.9956920742988586,0,galaxy,0.9759197235107422,0,galaxy,0.9934013485908508,0,galaxy,0.6020951271057129
737,0,galaxy,0,galaxy,True,0,galaxy,True,True,0,galaxy,0.977644145488739,0,galaxy,0.972512423992157,0,galaxy,0.9759948253631592,0,galaxy,0.9565551280975342,0,galaxy,0.9876406788825989,0,galaxy,0.8513065576553345
738,0,galaxy,0,galaxy,True,0,galaxy,True,True,0,galaxy,0.9708163738250732,0,galaxy,0.9938803911209106,0,galaxy,0.9855967164039612,0,galaxy,0.9735450148582458,0,galaxy,0.9818050265312195,0,galaxy,0.46251893043518066
739,0,galaxy,0,galaxy,True,0,galaxy,True,True,0,galaxy,0.9966592788696289,0,galaxy,0.9869885444641113,0,galaxy,0.991262674331665,0,galaxy,0.9638732075691223,0,galaxy,0.9950195550918579,0,galaxy,0.774207592010498
740,0,galaxy,0,galaxy,True,0,galaxy,True,True,0,galaxy,0.9773542284965515,0,galaxy,0.9913327097892761,0,galaxy,0.9789437055587769,0,galaxy,0.9409931898117065,0,galaxy,0.9789791703224182,0,galaxy,0.7063127756118774
741,0,galaxy,0,galaxy,True,0,galaxy,True,True,0,galaxy,0.9572433829307556,0,galaxy,0.9529237747192383,0,galaxy,0.9804660677909851,0,galaxy,0.9541370868682861,0,galaxy,0.9828633666038513,0,galaxy,0.5728497505187988
742,0,galaxy,0,galaxy,True,0,galaxy,True,True,0,galaxy,0.9452970027923584,0,galaxy,0.9553775787353516,0,galaxy,0.9734475016593933,0,galaxy,0.9209280014038086,0,galaxy,0.9406250715255737,0,galaxy,0.4827066957950592
743,0,galaxy,0,galaxy,True,0,galaxy,True,True,0,galaxy,0.9958038926124573,0,galaxy,0.9914703965187073,0,galaxy,0.991205632686615,0,galaxy,0.9803992509841919,0,galaxy,0.9934258460998535,0,galaxy,0.6495516896247864
744,0,galaxy,0,galaxy,True,0,galaxy,True,True,0,galaxy,0.9726294279098511,0,galaxy,0.9383444786071777,0,galaxy,0.9935310482978821,0,galaxy,0.9618608951568604,0,galaxy,0.9883728623390198,0,galaxy,0.7132203578948975
745,0,galaxy,0,galaxy,True,0,galaxy,True,True,0,galaxy,0.9847394227981567,0,galaxy,0.9972134232521057,0,galaxy,0.9912843704223633,0,galaxy,0.9910196661949158,0,galaxy,0.9945911765098572,0,galaxy,0.7664943337440491
746,0,galaxy,0,galaxy,True,0,galaxy,True,True,0,galaxy,0.9945328235626221,0,galaxy,0.9613590836524963,0,galaxy,0.9879085421562195,0,galaxy,0.9679692983627319,0,galaxy,0.991575300693512,0,galaxy,0.7126497626304626
747,0,galaxy,0,galaxy,True,0,galaxy,True,True,0,galaxy,0.9334940314292908,0,galaxy,0.995332658290863,0,galaxy,0.9871624112129211,0,galaxy,0.9313540458679199,0,galaxy,0.9906626343727112,0,galaxy,0.7721282243728638
748,0,galaxy,0,galaxy,True,0,galaxy,True,True,0,galaxy,0.9963032007217407,0,galaxy,0.997782289981842,0,galaxy,0.9951685667037964,0,galaxy,0.9898309111595154,0,galaxy,0.994234025478363,0,galaxy,0.6504260897636414
749,0,galaxy,0,galaxy,True,0,galaxy,True,True,0,galaxy,0.9922508597373962,0,galaxy,0.996478259563446,0,galaxy,0.9939498901367188,0,galaxy,0.9745465517044067,0,galaxy,0.994269609451294,0,galaxy,0.6994809508323669
750,0,galaxy,0,galaxy,True,0,galaxy,True,True,0,galaxy,0.8980407118797302,0,galaxy,0.9458016753196716,0,galaxy,0.9631932377815247,0,galaxy,0.5896696448326111,0,galaxy,0.9788115620613098,0,galaxy,0.578801691532135
751,0,galaxy,0,galaxy,True,0,galaxy,True,True,0,galaxy,0.981682300567627,0,galaxy,0.9884666204452515,0,galaxy,0.9938477873802185,0,galaxy,0.9846630096435547,0,galaxy,0.9905936121940613,0,galaxy,0.6673214435577393
752,0,galaxy,0,galaxy,True,0,galaxy,True,True,0,galaxy,0.9887977242469788,0,galaxy,0.9979725480079651,0,galaxy,0.9932897686958313,0,galaxy,0.9854933619499207,0,galaxy,0.9929131865501404,0,galaxy,0.7712880969047546
753,0,galaxy,0,galaxy,True,0,galaxy,True,True,0,galaxy,0.9915282726287842,0,galaxy,0.9524054527282715,0,galaxy,0.9906442165374756,0,galaxy,0.8221765160560608,0,galaxy,0.9944730401039124,0,galaxy,0.9220548868179321
754,0,galaxy,0,galaxy,True,0,galaxy,True,True,0,galaxy,0.991411566734314,0,galaxy,0.9993276596069336,0,galaxy,0.9964807629585266,0,galaxy,0.9931381344795227,0,galaxy,0.9936862587928772,0,galaxy,0.7932494282722473
755,0,galaxy,0,galaxy,True,0,galaxy,True,True,0,galaxy,0.9624098539352417,0,galaxy,0.9920147657394409,0,galaxy,0.9935426712036133,0,galaxy,0.9847447276115417,0,galaxy,0.9917294383049011,0,galaxy,0.758428692817688
756,0,galaxy,0,galaxy,True,0,galaxy,True,True,0,galaxy,0.9813227653503418,0,galaxy,0.9958136677742004,0,galaxy,0.9829154014587402,0,galaxy,0.967417299747467,0,galaxy,0.9823447465896606,0,galaxy,0.6908769607543945
757,0,galaxy,0,galaxy,True,0,galaxy,True,True,0,galaxy,0.9711967706680298,0,galaxy,0.9972990155220032,0,galaxy,0.9831055998802185,0,galaxy,0.7769012451171875,0,galaxy,0.9684961438179016,0,galaxy,0.4464483857154846
758,0,galaxy,0,galaxy,True,0,galaxy,True,True,0,galaxy,0.9611167907714844,0,galaxy,0.9819933176040649,0,galaxy,0.9857969880104065,0,galaxy,0.9712216258049011,0,galaxy,0.9916515946388245,0,galaxy,0.79576176404953
759,0,galaxy,0,galaxy,True,0,galaxy,True,True,0,galaxy,0.723922073841095,0,galaxy,0.7672615051269531,0,galaxy,0.9849356412887573,0,galaxy,0.9027552008628845,0,galaxy,0.9855722784996033,0,galaxy,0.44200751185417175
760,0,galaxy,0,galaxy,True,0,galaxy,True,True,0,galaxy,0.9611830711364746,0,galaxy,0.9781169891357422,0,galaxy,0.9812875390052795,0,galaxy,0.9673265218734741,0,galaxy,0.9823770523071289,0,galaxy,0.7196943163871765
761,0,galaxy,0,galaxy,True,0,galaxy,True,True,0,galaxy,0.9899084568023682,0,galaxy,0.984235405921936,0,galaxy,0.9891262054443359,0,galaxy,0.9330628514289856,0,galaxy,0.9683836698532104,0,galaxy,0.5208680033683777
762,0,galaxy,0,galaxy,True,0,galaxy,True,True,0,galaxy,0.9972645044326782,0,galaxy,0.9953498840332031,0,galaxy,0.9921995997428894,0,galaxy,0.9796866178512573,0,galaxy,0.9955676198005676,0,galaxy,0.8491250872612
763,0,galaxy,0,galaxy,True,0,galaxy,True,True,0,galaxy,0.9758104085922241,0,galaxy,0.9913514852523804,0,galaxy,0.9449382424354553,0,galaxy,0.938137412071228,0,galaxy,0.9590571522712708,0,galaxy,0.6908495426177979
764,0,galaxy,0,galaxy,True,0,galaxy,True,True,0,galaxy,0.9765601754188538,0,galaxy,0.9788590669631958,0,galaxy,0.9818487167358398,0,galaxy,0.8545694351196289,0,galaxy,0.9794219732284546,0,galaxy,0.5463021397590637
765,0,galaxy,0,galaxy,True,0,galaxy,True,True,0,galaxy,0.8821309208869934,0,galaxy,0.839945912361145,0,galaxy,0.9727171659469604,0,galaxy,0.9384680986404419,0,galaxy,0.9564539194107056,0,galaxy,0.8791382312774658
766,0,galaxy,0,galaxy,True,0,galaxy,True,True,0,galaxy,0.9912689924240112,0,galaxy,0.9963317513465881,0,galaxy,0.9967724680900574,0,galaxy,0.9901633858680725,0,galaxy,0.9950478672981262,0,galaxy,0.89218670129776
767,0,galaxy,0,galaxy,True,0,galaxy,True,True,0,galaxy,0.9803401827812195,0,galaxy,0.9880308508872986,0,galaxy,0.9829193353652954,0,galaxy,0.8680764436721802,0,galaxy,0.9614267349243164,0,galaxy,0.7264186143875122
768,0,galaxy,0,galaxy,True,0,galaxy,True,True,0,galaxy,0.9969673752784729,0,galaxy,0.9951321482658386,0,galaxy,0.9906085729598999,0,galaxy,0.9847667813301086,0,galaxy,0.9933829307556152,0,galaxy,0.7519466280937195
769,0,galaxy,0,galaxy,True,0,galaxy,True,True,0,galaxy,0.9941285848617554,0,galaxy,0.9895561337471008,0,galaxy,0.9902275800704956,0,galaxy,0.9877170920372009,0,galaxy,0.9950226545333862,0,galaxy,0.9570317268371582
770,0,galaxy,0,galaxy,True,0,galaxy,True,True,0,galaxy,0.9894838929176331,0,galaxy,0.9752623438835144,0,galaxy,0.98270183801651,0,galaxy,0.9688067436218262,0,galaxy,0.995048463344574,0,galaxy,0.9835665822029114
771,0,galaxy,0,galaxy,True,0,galaxy,True,True,0,galaxy,0.9876403212547302,0,galaxy,0.9978203773498535,0,galaxy,0.9963129162788391,0,galaxy,0.991055965423584,0,galaxy,0.9954054355621338,0,galaxy,0.7222055196762085
772,0,galaxy,0,galaxy,True,0,galaxy,True,True,0,galaxy,0.9747499227523804,0,galaxy,0.9678373336791992,0,galaxy,0.9814721345901489,0,galaxy,0.9549683332443237,0,galaxy,0.9904642105102539,0,galaxy,0.8023831844329834
773,0,galaxy,0,galaxy,True,0,galaxy,True,True,0,galaxy,0.9832927584648132,0,galaxy,0.9877126812934875,0,galaxy,0.9866460561752319,0,galaxy,0.9586646556854248,0,galaxy,0.9820709228515625,0,galaxy,0.8861708045005798
774,0,galaxy,0,galaxy,True,0,galaxy,True,True,0,galaxy,0.9078260064125061,0,galaxy,0.9795504808425903,0,galaxy,0.9616830348968506,0,galaxy,0.908480167388916,0,galaxy,0.9439646601676941,0,galaxy,0.6015826463699341
775,0,galaxy,0,galaxy,True,0,galaxy,True,True,0,galaxy,0.5004013776779175,0,galaxy,0.9843652248382568,0,galaxy,0.9804336428642273,0,galaxy,0.9253358244895935,0,galaxy,0.9932892918586731,0,galaxy,0.8042892813682556
776,0,galaxy,0,galaxy,True,0,galaxy,True,True,0,galaxy,0.9963060617446899,0,galaxy,0.9884214401245117,0,galaxy,0.9899942278862,0,galaxy,0.9796834588050842,0,galaxy,0.9949610233306885,0,galaxy,0.811067521572113
777,0,galaxy,0,galaxy,True,0,galaxy,True,True,0,galaxy,0.970678985118866,0,galaxy,0.9870972633361816,0,galaxy,0.9887802600860596,0,galaxy,0.9588400721549988,0,galaxy,0.995162308216095,0,galaxy,0.9234949350357056
778,0,galaxy,0,galaxy,True,0,galaxy,True,True,0,galaxy,0.9681868553161621,0,galaxy,0.969553530216217,0,galaxy,0.992984414100647,0,galaxy,0.9694644212722778,0,galaxy,0.9925321936607361,0,galaxy,0.6690264940261841
779,0,galaxy,0,galaxy,True,0,galaxy,True,True,0,galaxy,0.9901628494262695,0,galaxy,0.9950330257415771,0,galaxy,0.9954468607902527,0,galaxy,0.9851314425468445,0,galaxy,0.9946427345275879,0,galaxy,0.9145888686180115
780,0,galaxy,0,galaxy,True,0,galaxy,True,True,0,galaxy,0.8433183431625366,0,galaxy,0.9927142262458801,0,galaxy,0.9824939370155334,0,galaxy,0.8330555558204651,0,galaxy,0.9823452830314636,0,galaxy,0.5675433874130249
781,0,galaxy,0,galaxy,True,0,galaxy,True,True,0,galaxy,0.9882566332817078,0,galaxy,0.9701952338218689,0,galaxy,0.9914568066596985,0,galaxy,0.9800199270248413,0,galaxy,0.9932668209075928,0,galaxy,0.5327324271202087
782,0,galaxy,0,galaxy,True,0,galaxy,True,True,0,galaxy,0.9930276274681091,0,galaxy,0.9931275844573975,0,galaxy,0.9956509470939636,0,galaxy,0.9921926856040955,0,galaxy,0.9941330552101135,0,galaxy,0.8899683952331543
783,0,galaxy,0,galaxy,True,0,galaxy,True,True,0,galaxy,0.9739659428596497,0,galaxy,0.9384297132492065,0,galaxy,0.96347975730896,0,galaxy,0.9568177461624146,0,galaxy,0.9739505648612976,0,galaxy,0.5775694847106934
784,0,galaxy,0,galaxy,True,0,galaxy,True,True,1,quasar,0.47190022468566895,0,galaxy,0.47169262170791626,0,galaxy,0.5573043823242188,0,galaxy,0.9234375953674316,0,galaxy,0.7738058567047119,0,galaxy,0.46608415246009827
785,0,galaxy,0,galaxy,True,0,galaxy,True,True,0,galaxy,0.9891139268875122,0,galaxy,0.9940508008003235,0,galaxy,0.9861599802970886,0,galaxy,0.950896143913269,0,galaxy,0.9819011092185974,0,galaxy,0.7838872075080872
786,0,galaxy,0,galaxy,True,0,galaxy,True,True,0,galaxy,0.7030237913131714,0,galaxy,0.9486574530601501,0,galaxy,0.9489603042602539,0,galaxy,0.9390194416046143,0,galaxy,0.7891649603843689,1,quasar,0.5488331317901611
787,0,galaxy,0,galaxy,True,0,galaxy,True,True,0,galaxy,0.9907673001289368,0,galaxy,0.9994615912437439,0,galaxy,0.9976654052734375,0,galaxy,0.9793145656585693,0,galaxy,0.9934443235397339,0,galaxy,0.9030017256736755
788,0,galaxy,0,galaxy,True,0,galaxy,True,True,0,galaxy,0.9939159750938416,0,galaxy,0.9867955446243286,0,galaxy,0.9848107099533081,0,galaxy,0.9778081178665161,0,galaxy,0.9904012084007263,0,galaxy,0.8809083104133606
789,0,galaxy,2,star,False,2,star,False,True,2,star,0.6742866039276123,2,star,0.6605454087257385,2,star,0.4111729860305786,1,quasar,0.6461172103881836,1,quasar,0.6051560044288635,2,star,0.557489275932312
790,0,galaxy,0,galaxy,True,0,galaxy,True,True,0,galaxy,0.9755963683128357,0,galaxy,0.997968852519989,0,galaxy,0.9965973496437073,0,galaxy,0.9845407605171204,0,galaxy,0.9947512745857239,0,galaxy,0.8152592182159424
791,0,galaxy,0,galaxy,True,0,galaxy,True,True,0,galaxy,0.9935076236724854,0,galaxy,0.9782489538192749,0,galaxy,0.9914997220039368,0,galaxy,0.9714268445968628,0,galaxy,0.9915791749954224,0,galaxy,0.9485074877738953
792,0,galaxy,0,galaxy,True,0,galaxy,True,True,0,galaxy,0.9968202114105225,0,galaxy,0.9972557425498962,0,galaxy,0.9785933494567871,0,galaxy,0.9833832383155823,0,galaxy,0.9909107089042664,0,galaxy,0.8947761654853821
793,0,galaxy,0,galaxy,True,0,galaxy,True,True,0,galaxy,0.995169460773468,0,galaxy,0.9972278475761414,0,galaxy,0.9969657063484192,0,galaxy,0.9939481019973755,0,galaxy,0.9898262023925781,0,galaxy,0.7753700017929077
794,0,galaxy,0,galaxy,True,0,galaxy,True,True,0,galaxy,0.9932524561882019,0,galaxy,0.9882485866546631,0,galaxy,0.9925304055213928,0,galaxy,0.9815805554389954,0,galaxy,0.9945420622825623,0,galaxy,0.9576007127761841
795,0,galaxy,0,galaxy,True,0,galaxy,True,True,0,galaxy,0.9397986531257629,0,galaxy,0.9979897737503052,0,galaxy,0.9843144416809082,0,galaxy,0.9735119938850403,0,galaxy,0.990506112575531,0,galaxy,0.6139154434204102
796,0,galaxy,0,galaxy,True,0,galaxy,True,True,0,galaxy,0.9923785924911499,0,galaxy,0.984801709651947,0,galaxy,0.9915635585784912,0,galaxy,0.9697682857513428,0,galaxy,0.9926872253417969,0,galaxy,0.7620710730552673
797,0,galaxy,0,galaxy,True,0,galaxy,True,True,0,galaxy,0.9655612707138062,0,galaxy,0.9841067790985107,0,galaxy,0.985619306564331,0,galaxy,0.9711135625839233,0,galaxy,0.9920886754989624,0,galaxy,0.7351771593093872
798,0,galaxy,0,galaxy,True,0,galaxy,True,True,0,galaxy,0.9950492978096008,0,galaxy,0.9878746867179871,0,galaxy,0.9949995279312134,0,galaxy,0.9861103296279907,0,galaxy,0.9958771467208862,0,galaxy,0.8628900647163391
799,0,galaxy,0,galaxy,True,0,galaxy,True,True,0,galaxy,0.9810819625854492,0,galaxy,0.9935728311538696,0,galaxy,0.9880672693252563,0,galaxy,0.975627601146698,0,galaxy,0.9913111925125122,0,galaxy,0.7395973801612854
800,0,galaxy,0,galaxy,True,0,galaxy,True,True,0,galaxy,0.9547122716903687,0,galaxy,0.9863683581352234,0,galaxy,0.9919466376304626,0,galaxy,0.8968661427497864,0,galaxy,0.9874725341796875,0,galaxy,0.6836612820625305
801,0,galaxy,0,galaxy,True,0,galaxy,True,True,0,galaxy,0.9964370727539062,0,galaxy,0.9957407712936401,0,galaxy,0.9958395957946777,0,galaxy,0.9838339686393738,0,galaxy,0.9955546259880066,0,galaxy,0.9758093953132629
802,0,galaxy,0,galaxy,True,0,galaxy,True,True,0,galaxy,0.9781408309936523,0,galaxy,0.9710578918457031,0,galaxy,0.9853675365447998,0,galaxy,0.9652432799339294,0,galaxy,0.9917293190956116,0,galaxy,0.7719082832336426
803,0,galaxy,0,galaxy,True,0,galaxy,True,True,0,galaxy,0.833412766456604,0,galaxy,0.97881680727005,0,galaxy,0.993411123752594,0,galaxy,0.9603120684623718,0,galaxy,0.9763620495796204,0,galaxy,0.8892516493797302
804,0,galaxy,0,galaxy,True,0,galaxy,True,True,0,galaxy,0.9932312965393066,0,galaxy,0.9965621829032898,0,galaxy,0.994978129863739,0,galaxy,0.9888294339179993,0,galaxy,0.9949718713760376,0,galaxy,0.8990988731384277
805,0,galaxy,0,galaxy,True,0,galaxy,True,True,0,galaxy,0.9988203644752502,0,galaxy,0.9911109209060669,0,galaxy,0.9959076642990112,0,galaxy,0.973210334777832,0,galaxy,0.9954261183738708,0,galaxy,0.8678639531135559
806,0,galaxy,0,galaxy,True,0,galaxy,True,True,0,galaxy,0.9145816564559937,0,galaxy,0.9898715615272522,0,galaxy,0.9915259480476379,0,galaxy,0.9813016653060913,0,galaxy,0.9902200102806091,0,galaxy,0.7177677154541016
807,0,galaxy,0,galaxy,True,0,galaxy,True,True,0,galaxy,0.9796376824378967,0,galaxy,0.9839673638343811,0,galaxy,0.985909640789032,0,galaxy,0.9565381407737732,0,galaxy,0.9863418936729431,2,star,0.8776708841323853
808,0,galaxy,0,galaxy,True,0,galaxy,True,True,0,galaxy,0.8763506412506104,0,galaxy,0.9713647365570068,0,galaxy,0.9821072220802307,0,galaxy,0.8400563597679138,0,galaxy,0.9713103175163269,0,galaxy,0.6626776456832886
809,0,galaxy,0,galaxy,True,0,galaxy,True,True,0,galaxy,0.4135611057281494,0,galaxy,0.630363941192627,0,galaxy,0.983991265296936,0,galaxy,0.9332149028778076,0,galaxy,0.9460305571556091,0,galaxy,0.5029522776603699
810,0,galaxy,0,galaxy,True,0,galaxy,True,True,0,galaxy,0.9980397820472717,0,galaxy,0.9977624416351318,0,galaxy,0.9952050447463989,0,galaxy,0.9849908947944641,0,galaxy,0.9918230175971985,0,galaxy,0.7729016542434692
811,0,galaxy,0,galaxy,True,0,galaxy,True,True,0,galaxy,0.9775099158287048,0,galaxy,0.9385798573493958,0,galaxy,0.984809935092926,0,galaxy,0.9794926047325134,0,galaxy,0.9913356304168701,0,galaxy,0.8558375239372253
812,1,quasar,1,quasar,True,1,quasar,True,True,1,quasar,0.8744195699691772,1,quasar,0.9513975381851196,1,quasar,0.6244824528694153,1,quasar,0.7020372748374939,1,quasar,0.6150156259536743,2,star,0.8144899606704712
813,1,quasar,1,quasar,True,1,quasar,True,True,1,quasar,0.9571877717971802,1,quasar,0.8029983043670654,1,quasar,0.8050097227096558,1,quasar,0.6929091215133667,1,quasar,0.9254814386367798,2,star,0.4069528579711914
814,1,quasar,2,star,False,2,star,False,True,1,quasar,0.6204039454460144,2,star,0.45343518257141113,2,star,0.674605667591095,2,star,0.6567544341087341,1,quasar,0.6616832613945007,0,galaxy,0.7472781538963318
815,1,quasar,1,quasar,True,1,quasar,True,True,1,quasar,0.9612480401992798,1,quasar,0.9074996113777161,1,quasar,0.767861545085907,1,quasar,0.5855831503868103,1,quasar,0.9360220432281494,1,quasar,0.4900767207145691
816,1,quasar,1,quasar,True,1,quasar,True,True,1,quasar,0.7742101550102234,1,quasar,0.5347886681556702,1,quasar,0.7195469737052917,1,quasar,0.6320880055427551,1,quasar,0.49505120515823364,2,star,0.4930456578731537
817,1,quasar,1,quasar,True,1,quasar,True,True,1,quasar,0.908606231212616,1,quasar,0.9575236439704895,1,quasar,0.6482864022254944,1,quasar,0.7452178597450256,1,quasar,0.6577710509300232,1,quasar,0.6780000329017639
818,1,quasar,1,quasar,True,1,quasar,True,True,1,quasar,0.7403938174247742,2,star,0.6193102598190308,1,quasar,0.5406367778778076,1,quasar,0.652683675289154,1,quasar,0.6367757320404053,1,quasar,0.3827509880065918
819,1,quasar,1,quasar,True,1,quasar,True,True,1,quasar,0.8181421756744385,1,quasar,0.7973551154136658,1,quasar,0.8193646669387817,1,quasar,0.8047701120376587,1,quasar,0.9706916809082031,2,star,0.49773654341697693
820,1,quasar,2,star,False,2,star,False,True,2,star,0.7128788232803345,2,star,0.9597133994102478,2,star,0.5217285752296448,2,star,0.9415405988693237,1,quasar,0.8391130566596985,2,star,0.4490601122379303
821,1,quasar,1,quasar,True,1,quasar,True,True,1,quasar,0.9326431751251221,1,quasar,0.6395272612571716,1,quasar,0.7905031442642212,1,quasar,0.8077028393745422,1,quasar,0.9490113258361816,2,star,0.4200974702835083
822,1,quasar,1,quasar,True,1,quasar,True,True,1,quasar,0.8766933679580688,1,quasar,0.6791360378265381,1,quasar,0.7599620819091797,1,quasar,0.8808431029319763,1,quasar,0.8681908845901489,1,quasar,0.5290328860282898
823,1,quasar,1,quasar,True,1,quasar,True,True,1,quasar,0.7743594646453857,1,quasar,0.9609469175338745,1,quasar,0.7920414805412292,1,quasar,0.8254281282424927,1,quasar,0.917432963848114,1,quasar,0.5097744464874268
824,1,quasar,1,quasar,True,1,quasar,True,True,1,quasar,0.6325089335441589,1,quasar,0.8075950145721436,1,quasar,0.8009278774261475,1,quasar,0.8267198204994202,1,quasar,0.9593774080276489,1,quasar,0.546473503112793
825,1,quasar,1,quasar,True,1,quasar,True,True,1,quasar,0.8452526926994324,1,quasar,0.6335384845733643,1,quasar,0.6496351957321167,1,quasar,0.546995222568512,2,star,0.6473454833030701,2,star,0.4432438910007477
826,1,quasar,1,quasar,True,1,quasar,True,True,1,quasar,0.9245875477790833,1,quasar,0.7750059366226196,1,quasar,0.5424261689186096,1,quasar,0.6890462040901184,1,quasar,0.5502235889434814,1,quasar,0.5258654356002808
827,1,quasar,1,quasar,True,1,quasar,True,True,1,quasar,0.9410876631736755,1,quasar,0.739180862903595,1,quasar,0.7871358394622803,1,quasar,0.7939916849136353,1,quasar,0.9179898500442505,1,quasar,0.7424454689025879
828,1,quasar,1,quasar,True,0,galaxy,False,False,1,quasar,0.40324410796165466,0,galaxy,0.44067275524139404,1,quasar,0.40060147643089294,1,quasar,0.46676841378211975,0,galaxy,0.7962720394134521,1,quasar,0.45547792315483093
829,1,quasar,1,quasar,True,1,quasar,True,True,1,quasar,0.9718610644340515,1,quasar,0.9753334522247314,1,quasar,0.6432866454124451,1,quasar,0.8129925727844238,1,quasar,0.7917695045471191,2,star,0.43673598766326904
830,1,quasar,1,quasar,True,1,quasar,True,True,1,quasar,0.9644805192947388,1,quasar,0.7913138270378113,1,quasar,0.7198100090026855,1,quasar,0.5159673690795898,1,quasar,0.555409848690033,1,quasar,0.5679773092269897
831,1,quasar,1,quasar,True,1,quasar,True,True,1,quasar,0.966339111328125,1,quasar,0.9363368153572083,1,quasar,0.7962347865104675,2,star,0.574021577835083,1,quasar,0.9397621154785156,2,star,0.5082932114601135
832,1,quasar,0,galaxy,False,0,galaxy,False,True,0,galaxy,0.8568317294120789,0,galaxy,0.8683122992515564,0,galaxy,0.9781877994537354,0,galaxy,0.8636423945426941,1,quasar,0.7092970609664917,0,galaxy,0.9394922852516174
833,1,quasar,1,quasar,True,1,quasar,True,True,1,quasar,0.7035806179046631,2,star,0.5163246393203735,1,quasar,0.5319907665252686,1,quasar,0.5307102203369141,1,quasar,0.6381574869155884,1,quasar,0.4223567545413971
834,1,quasar,1,quasar,True,1,quasar,True,True,1,quasar,0.8628720045089722,1,quasar,0.8696245551109314,1,quasar,0.810759961605072,1,quasar,0.7697827816009521,1,quasar,0.8476505875587463,2,star,0.5538308024406433
835,1,quasar,1,quasar,True,1,quasar,True,True,1,quasar,0.7938465476036072,1,quasar,0.7793968915939331,1,quasar,0.7119849324226379,1,quasar,0.6029216051101685,1,quasar,0.7424553632736206,2,star,0.374545693397522
836,1,quasar,1,quasar,True,1,quasar,True,True,1,quasar,0.7311486005783081,1,quasar,0.4946233332157135,1,quasar,0.7258840203285217,1,quasar,0.759553074836731,1,quasar,0.7319644093513489,0,galaxy,0.4659337103366852
837,1,quasar,1,quasar,True,1,quasar,True,True,1,quasar,0.8917195200920105,1,quasar,0.9396270513534546,1,quasar,0.7140343189239502,1,quasar,0.7553904056549072,1,quasar,0.8490630388259888,2,star,0.447744756937027
838,1,quasar,1,quasar,True,1,quasar,True,True,1,quasar,0.7612805962562561,1,quasar,0.8453126549720764,1,quasar,0.7013325691223145,1,quasar,0.7133786678314209,1,quasar,0.6216671466827393,2,star,0.48310187458992004
839,1,quasar,1,quasar,True,1,quasar,True,True,1,quasar,0.8385220170021057,2,star,0.6303030848503113,1,quasar,0.8348401188850403,1,quasar,0.752826988697052,1,quasar,0.967536449432373,2,star,0.5685450434684753
840,1,quasar,1,quasar,True,1,quasar,True,True,1,quasar,0.9925442934036255,1,quasar,0.753713846206665,1,quasar,0.6715667843818665,1,quasar,0.729245662689209,1,quasar,0.583846390247345,1,quasar,0.5653917789459229
841,1,quasar,1,quasar,True,1,quasar,True,True,1,quasar,0.9168915748596191,1,quasar,0.6193913817405701,1,quasar,0.773897111415863,1,quasar,0.5104370713233948,1,quasar,0.7669696807861328,2,star,0.4129401445388794
842,1,quasar,1,quasar,True,1,quasar,True,True,1,quasar,0.6194471716880798,2,star,0.7932860255241394,1,quasar,0.4984324276447296,1,quasar,0.5070734620094299,1,quasar,0.7709067463874817,2,star,0.5034186244010925
843,1,quasar,1,quasar,True,1,quasar,True,True,1,quasar,0.81125408411026,2,star,0.5472919940948486,1,quasar,0.7055143117904663,2,star,0.7074761390686035,1,quasar,0.6945556998252869,2,star,0.4667171537876129
844,1,quasar,1,quasar,True,1,quasar,True,True,2,star,0.6306906342506409,1,quasar,0.6000614166259766,1,quasar,0.6084418892860413,1,quasar,0.6375327110290527,1,quasar,0.6598215103149414,2,star,0.47711825370788574
845,1,quasar,1,quasar,True,1,quasar,True,True,1,quasar,0.8873574733734131,1,quasar,0.9010312557220459,1,quasar,0.8421630859375,1,quasar,0.8572002649307251,1,quasar,0.9639334678649902,1,quasar,0.7869560122489929
846,1,quasar,1,quasar,True,1,quasar,True,True,1,quasar,0.8182092905044556,1,quasar,0.6372830867767334,1,quasar,0.8105126619338989,1,quasar,0.7238505482673645,1,quasar,0.9078011512756348,2,star,0.5114355087280273
847,1,quasar,1,quasar,True,1,quasar,True,True,1,quasar,0.5119954943656921,2,star,0.998155415058136,1,quasar,0.6920660138130188,1,quasar,0.8277587890625,1,quasar,0.8338914513587952,0,galaxy,0.886475145816803
848,1,quasar,1,quasar,True,1,quasar,True,True,1,quasar,0.944236695766449,1,quasar,0.5527110695838928,2,star,0.6287127137184143,2,star,0.6369532942771912,1,quasar,0.6132984161376953,2,star,0.47993552684783936
849,1,quasar,1,quasar,True,1,quasar,True,True,1,quasar,0.8814108967781067,1,quasar,0.9576234221458435,1,quasar,0.6716445684432983,1,quasar,0.8447181582450867,1,quasar,0.6618133783340454,1,quasar,0.8136220574378967
850,1,quasar,1,quasar,True,1,quasar,True,True,1,quasar,0.9628823399543762,1,quasar,0.6887256503105164,1,quasar,0.7015402317047119,1,quasar,0.8585761785507202,1,quasar,0.6110020875930786,1,quasar,0.6214208602905273
851,1,quasar,1,quasar,True,1,quasar,True,True,1,quasar,0.9214662909507751,1,quasar,0.644395112991333,1,quasar,0.6706177592277527,1,quasar,0.6356807947158813,1,quasar,0.611413836479187,1,quasar,0.3958691358566284
852,1,quasar,1,quasar,True,1,quasar,True,True,1,quasar,0.6091969609260559,2,star,0.6734321713447571,1,quasar,0.6832195520401001,1,quasar,0.7143837213516235,1,quasar,0.6792891621589661,1,quasar,0.5421851277351379
853,1,quasar,1,quasar,True,1,quasar,True,True,1,quasar,0.8245043754577637,1,quasar,0.7353463768959045,1,quasar,0.733186662197113,1,quasar,0.7389435768127441,1,quasar,0.7240748405456543,0,galaxy,0.40981364250183105
854,1,quasar,0,galaxy,False,0,galaxy,False,True,0,galaxy,0.8715815544128418,0,galaxy,0.9256946444511414,0,galaxy,0.9784399271011353,0,galaxy,0.9809882640838623,0,galaxy,0.7912819385528564,0,galaxy,0.5211398005485535
855,1,quasar,1,quasar,True,1,quasar,True,True,1,quasar,0.9711874127388,1,quasar,0.5543997287750244,1,quasar,0.7495366930961609,1,quasar,0.7902183532714844,1,quasar,0.8809061050415039,1,quasar,0.6254739761352539
856,1,quasar,1,quasar,True,1,quasar,True,True,1,quasar,0.9815899729728699,1,quasar,0.7390929460525513,1,quasar,0.5434504747390747,1,quasar,0.5340613722801208,1,quasar,0.7146087884902954,1,quasar,0.8229935765266418
857,1,quasar,1,quasar,True,1,quasar,True,True,1,quasar,0.9011211395263672,1,quasar,0.7482079267501831,1,quasar,0.5013659596443176,2,star,0.6708192825317383,1,quasar,0.8192526698112488,1,quasar,0.501433789730072
858,1,quasar,1,quasar,True,1,quasar,True,True,1,quasar,0.8922221064567566,1,quasar,0.717304527759552,1,quasar,0.7330250144004822,1,quasar,0.7206090092658997,1,quasar,0.7224118113517761,1,quasar,0.44205620884895325
859,1,quasar,1,quasar,True,1,quasar,True,True,1,quasar,0.9570671916007996,1,quasar,0.9780179858207703,1,quasar,0.8685021996498108,1,quasar,0.7881373167037964,1,quasar,0.946287214756012,1,quasar,0.6609174609184265
860,1,quasar,1,quasar,True,1,quasar,True,True,1,quasar,0.7806908488273621,1,quasar,0.8377315998077393,1,quasar,0.7222228050231934,1,quasar,0.782631516456604,1,quasar,0.786369264125824,1,quasar,0.40966272354125977
861,1,quasar,1,quasar,True,1,quasar,True,True,1,quasar,0.7419252991676331,1,quasar,0.8288266062736511,1,quasar,0.7381398677825928,1,quasar,0.8611590266227722,1,quasar,0.729730486869812,1,quasar,0.6002731919288635
862,1,quasar,1,quasar,True,1,quasar,True,True,1,quasar,0.9454951882362366,1,quasar,0.6469228863716125,1,quasar,0.7550134658813477,2,star,0.5755194425582886,1,quasar,0.6565085053443909,1,quasar,0.4192110598087311
863,1,quasar,1,quasar,True,1,quasar,True,True,1,quasar,0.9179373383522034,1,quasar,0.8742938041687012,1,quasar,0.7270737886428833,1,quasar,0.781467616558075,1,quasar,0.6718191504478455,1,quasar,0.7451187372207642
864,1,quasar,1,quasar,True,1,quasar,True,True,1,quasar,0.8223909139633179,1,quasar,0.9499123692512512,1,quasar,0.7157256007194519,1,quasar,0.852502703666687,1,quasar,0.6809514164924622,1,quasar,0.4419308602809906
865,1,quasar,1,quasar,True,1,quasar,True,True,1,quasar,0.9891887903213501,1,quasar,0.9730367064476013,1,quasar,0.7460247278213501,1,quasar,0.8076037168502808,1,quasar,0.6552257537841797,1,quasar,0.8259890675544739
866,1,quasar,1,quasar,True,1,quasar,True,True,1,quasar,0.5675297975540161,2,star,0.6315462589263916,1,quasar,0.6255179047584534,2,star,0.5284346342086792,1,quasar,0.664868950843811,1,quasar,0.4170432388782501
867,1,quasar,1,quasar,True,2,star,False,False,2,star,0.6719303131103516,2,star,0.641845166683197,1,quasar,0.6743040084838867,1,quasar,0.6180043816566467,1,quasar,0.5790303349494934,2,star,0.6977746486663818
868,1,quasar,1,quasar,True,1,quasar,True,True,1,quasar,0.8908230662345886,2,star,0.6737343072891235,1,quasar,0.7090954184532166,1,quasar,0.6145245432853699,1,quasar,0.7269178628921509,1,quasar,0.4315643608570099
869,1,quasar,1,quasar,True,1,quasar,True,True,1,quasar,0.8644767999649048,1,quasar,0.7923523783683777,1,quasar,0.7618424892425537,1,quasar,0.8642075061798096,1,quasar,0.6734614372253418,1,quasar,0.5220815539360046
870,1,quasar,1,quasar,True,1,quasar,True,True,1,quasar,0.6502057313919067,1,quasar,0.5217539668083191,1,quasar,0.649204432964325,1,quasar,0.775323212146759,1,quasar,0.6171820163726807,1,quasar,0.5184602737426758
871,1,quasar,1,quasar,True,1,quasar,True,True,1,quasar,0.9503607153892517,1,quasar,0.6012163162231445,1,quasar,0.726634681224823,2,star,0.5869721174240112,1,quasar,0.907548725605011,1,quasar,0.6139903664588928
872,1,quasar,1,quasar,True,1,quasar,True,True,1,quasar,0.9723772406578064,2,star,0.546004593372345,1,quasar,0.6936151385307312,1,quasar,0.7259297966957092,1,quasar,0.6565106511116028,1,quasar,0.4718746840953827
873,1,quasar,1,quasar,True,1,quasar,True,True,1,quasar,0.8780970573425293,1,quasar,0.6838412284851074,1,quasar,0.8233838081359863,1,quasar,0.7220723628997803,1,quasar,0.8459410667419434,1,quasar,0.3730693757534027
874,1,quasar,1,quasar,True,1,quasar,True,True,1,quasar,0.9369825720787048,1,quasar,0.9538984894752502,1,quasar,0.783331036567688,1,quasar,0.5465349555015564,1,quasar,0.7505515217781067,0,galaxy,0.42813026905059814
875,1,quasar,0,galaxy,False,0,galaxy,False,True,0,galaxy,0.7103484869003296,2,star,0.36712464690208435,0,galaxy,0.8399896025657654,0,galaxy,0.7213591933250427,0,galaxy,0.6699445843696594,0,galaxy,0.4351353049278259
876,1,quasar,1,quasar,True,1,quasar,True,True,1,quasar,0.90848708152771,2,star,0.7258711457252502,1,quasar,0.7733721137046814,1,quasar,0.8431089520454407,1,quasar,0.7414034605026245,1,quasar,0.5507078170776367
877,1,quasar,1,quasar,True,1,quasar,True,True,1,quasar,0.4045308828353882,2,star,0.4912394881248474,1,quasar,0.4883928894996643,1,quasar,0.4780194163322449,1,quasar,0.7533199787139893,1,quasar,0.3864166736602783
878,1,quasar,1,quasar,True,1,quasar,True,True,1,quasar,0.6252111196517944,1,quasar,0.7926015853881836,1,quasar,0.7689448595046997,1,quasar,0.7123661637306213,1,quasar,0.9606437087059021,1,quasar,0.4824802279472351
879,1,quasar,1,quasar,True,1,quasar,True,True,1,quasar,0.6442497372627258,1,quasar,0.6173889636993408,1,quasar,0.6890945434570312,1,quasar,0.8018360733985901,1,quasar,0.574029266834259,2,star,0.5023515224456787
880,1,quasar,1,quasar,True,1,quasar,True,True,1,quasar,0.914664626121521,1,quasar,0.7036367058753967,2,star,0.5512423515319824,1,quasar,0.6001921892166138,1,quasar,0.6849333047866821,1,quasar,0.5658785700798035
881,1,quasar,1,quasar,True,1,quasar,True,True,1,quasar,0.9592931270599365,1,quasar,0.9435193538665771,1,quasar,0.7580850124359131,1,quasar,0.6836089491844177,1,quasar,0.8807084560394287,1,quasar,0.6752280592918396
882,1,quasar,1,quasar,True,1,quasar,True,True,2,star,0.5430836081504822,1,quasar,0.644269585609436,1,quasar,0.7419514060020447,1,quasar,0.7380024790763855,1,quasar,0.9118525981903076,1,quasar,0.6350690722465515
883,1,quasar,1,quasar,True,1,quasar,True,True,1,quasar,0.9527108669281006,1,quasar,0.7961103320121765,1,quasar,0.8793410062789917,1,quasar,0.8064077496528625,1,quasar,0.9648571610450745,1,quasar,0.7632935047149658
884,1,quasar,1,quasar,True,1,quasar,True,True,1,quasar,0.905756950378418,1,quasar,0.6476417183876038,1,quasar,0.775312602519989,1,quasar,0.684550940990448,1,quasar,0.8321528434753418,1,quasar,0.5411229729652405
885,1,quasar,1,quasar,True,1,quasar,True,True,1,quasar,0.7649336457252502,1,quasar,0.6180546283721924,1,quasar,0.8391899466514587,1,quasar,0.8666948676109314,1,quasar,0.969521701335907,1,quasar,0.5820976495742798
886,1,quasar,1,quasar,True,1,quasar,True,True,1,quasar,0.9123335480690002,1,quasar,0.7639448642730713,1,quasar,0.8444342613220215,1,quasar,0.8677953481674194,1,quasar,0.9283285737037659,1,quasar,0.7183024287223816
887,1,quasar,1,quasar,True,1,quasar,True,True,2,star,0.5470830202102661,2,star,0.5143001675605774,1,quasar,0.6556708216667175,1,quasar,0.5313687324523926,1,quasar,0.6864304542541504,2,star,0.5247107148170471
888,1,quasar,1,quasar,True,1,quasar,True,True,1,quasar,0.7744244337081909,1,quasar,0.6142433881759644,1,quasar,0.7310472130775452,1,quasar,0.6025521755218506,1,quasar,0.6294566988945007,2,star,0.6012110114097595
889,1,quasar,1,quasar,True,1,quasar,True,True,1,quasar,0.74562668800354,2,star,0.5210796594619751,1,quasar,0.6832547783851624,1,quasar,0.7460671067237854,1,quasar,0.6026540398597717,2,star,0.6413771510124207
890,1,quasar,1,quasar,True,1,quasar,True,True,1,quasar,0.8535389304161072,1,quasar,0.6674230694770813,1,quasar,0.8512590527534485,1,quasar,0.8447614312171936,1,quasar,0.9510768055915833,1,quasar,0.6303491592407227
891,1,quasar,2,star,False,1,quasar,True,False,2,star,0.4915998578071594,2,star,0.5118894577026367,1,quasar,0.5912959575653076,2,star,0.509699285030365,1,quasar,0.8057758808135986,2,star,0.6851153373718262
892,1,quasar,0,galaxy,False,1,quasar,True,False,1,quasar,0.6341639757156372,2,star,0.6541635394096375,0,galaxy,0.5269656181335449,1,quasar,0.765845537185669,0,galaxy,0.6585160493850708,2,star,0.44606897234916687
893,1,quasar,1,quasar,True,1,quasar,True,True,1,quasar,0.9804750084877014,1,quasar,0.7868169546127319,1,quasar,0.7996718287467957,1,quasar,0.8201122283935547,1,quasar,0.7379014492034912,2,star,0.4911913573741913
894,1,quasar,0,galaxy,False,0,galaxy,False,True,0,galaxy,0.8576391339302063,0,galaxy,0.9073730707168579,0,galaxy,0.8522709608078003,0,galaxy,0.955413281917572,0,galaxy,0.8353808522224426,2,star,0.5693957209587097
895,1,quasar,2,star,False,2,star,False,True,2,star,0.5282554030418396,2,star,0.9352793097496033,2,star,0.5828878879547119,2,star,0.6354774832725525,2,star,0.5001025795936584,2,star,0.6686720848083496
896,1,quasar,1,quasar,True,1,quasar,True,True,1,quasar,0.5585092306137085,1,quasar,0.6981092095375061,1,quasar,0.8003673553466797,1,quasar,0.5988994836807251,1,quasar,0.9419492483139038,2,star,0.4880455434322357
897,1,quasar,1,quasar,True,1,quasar,True,True,1,quasar,0.7365583777427673,1,quasar,0.7494624853134155,1,quasar,0.7442308068275452,1,quasar,0.8400217294692993,1,quasar,0.7193377614021301,1,quasar,0.45650017261505127
898,1,quasar,1,quasar,True,1,quasar,True,True,1,quasar,0.713038444519043,1,quasar,0.65440434217453,1,quasar,0.7576230764389038,1,quasar,0.8416033387184143,1,quasar,0.7735445499420166,2,star,0.5776839852333069
899,1,quasar,1,quasar,True,1,quasar,True,True,1,quasar,0.5955114960670471,2,star,0.5192438960075378,1,quasar,0.6184571385383606,1,quasar,0.6716393828392029,1,quasar,0.6215656399726868,2,star,0.5358421802520752
900,1,quasar,1,quasar,True,1,quasar,True,True,1,quasar,0.9380261301994324,1,quasar,0.9909747242927551,1,quasar,0.8139227032661438,1,quasar,0.8689689040184021,1,quasar,0.9570579528808594,1,quasar,0.4876773953437805
901,1,quasar,1,quasar,True,1,quasar,True,True,1,quasar,0.7786534428596497,1,quasar,0.6942627429962158,1,quasar,0.7546031475067139,1,quasar,0.7014749050140381,1,quasar,0.8773534297943115,0,galaxy,0.42505085468292236
902,1,quasar,1,quasar,True,1,quasar,True,True,2,star,0.5313451886177063,2,star,0.7066793441772461,1,quasar,0.6385124325752258,2,star,0.539362370967865,1,quasar,0.8023249506950378,1,quasar,0.5046833157539368
903,1,quasar,1,quasar,True,1,quasar,True,True,1,quasar,0.930779755115509,1,quasar,0.7750481367111206,1,quasar,0.7505786418914795,1,quasar,0.9032140970230103,1,quasar,0.8277730941772461,2,star,0.6647214889526367
904,1,quasar,1,quasar,True,1,quasar,True,True,1,quasar,0.654043436050415,1,quasar,0.5463446378707886,1,quasar,0.6708562970161438,1,quasar,0.8594791889190674,1,quasar,0.648898720741272,2,star,0.45841917395591736
905,1,quasar,0,galaxy,False,0,galaxy,False,True,0,galaxy,0.9930611252784729,0,galaxy,0.9933974742889404,0,galaxy,0.9930627942085266,0,galaxy,0.9766892194747925,0,galaxy,0.9796685576438904,0,galaxy,0.7813517451286316
906,1,quasar,0,galaxy,False,0,galaxy,False,True,0,galaxy,0.9802419543266296,1,quasar,0.5670610070228577,0,galaxy,0.9683945178985596,0,galaxy,0.8666871786117554,1,quasar,0.7513940334320068,0,galaxy,0.35114148259162903
907,1,quasar,1,quasar,True,1,quasar,True,True,1,quasar,0.8840219378471375,1,quasar,0.9615634083747864,1,quasar,0.6934382319450378,1,quasar,0.7867361307144165,1,quasar,0.8450158834457397,1,quasar,0.5426154136657715
908,1,quasar,1,quasar,True,1,quasar,True,True,1,quasar,0.7920648455619812,2,star,0.5057317018508911,1,quasar,0.7262255549430847,1,quasar,0.7540830969810486,1,quasar,0.7506805062294006,2,star,0.4523594081401825
909,1,quasar,2,star,False,2,star,False,True,2,star,0.6349617838859558,2,star,0.5712929964065552,1,quasar,0.7580410242080688,2,star,0.6293928027153015,2,star,0.7091709971427917,2,star,0.8187936544418335
910,1,quasar,1,quasar,True,1,quasar,True,True,1,quasar,0.7444328665733337,1,quasar,0.6025189757347107,1,quasar,0.7145066261291504,1,quasar,0.60810387134552,1,quasar,0.6754580736160278,2,star,0.7173078060150146
911,1,quasar,2,star,False,2,star,False,True,2,star,0.745457649230957,1,quasar,0.655600905418396,1,quasar,0.6309741139411926,2,star,0.7414658069610596,2,star,0.5052650570869446,2,star,0.6939653754234314
912,1,quasar,1,quasar,True,1,quasar,True,True,1,quasar,0.9855400919914246,2,star,0.5215200781822205,1,quasar,0.7385208010673523,1,quasar,0.7929967045783997,1,quasar,0.6935322284698486,1,quasar,0.4590269923210144
913,1,quasar,1,quasar,True,1,quasar,True,True,1,quasar,0.8418236970901489,1,quasar,0.4990156590938568,1,quasar,0.7464736104011536,1,quasar,0.6727327704429626,1,quasar,0.8591105341911316,1,quasar,0.4824899137020111
914,1,quasar,1,quasar,True,2,star,False,False,2,star,0.6139271855354309,2,star,0.5891743302345276,1,quasar,0.56200110912323,1,quasar,0.6424852013587952,1,quasar,0.6269744038581848,2,star,0.694725751876831
915,1,quasar,1,quasar,True,1,quasar,True,True,1,quasar,0.788669228553772,1,quasar,0.7570576667785645,1,quasar,0.758354902267456,1,quasar,0.8879536390304565,1,quasar,0.9158142805099487,1,quasar,0.5055338740348816
916,1,quasar,1,quasar,True,1,quasar,True,True,1,quasar,0.6859461665153503,2,star,0.6238224506378174,1,quasar,0.8340671062469482,1,quasar,0.74037104845047,1,quasar,0.9294189214706421,2,star,0.542689323425293
917,1,quasar,1,quasar,True,1,quasar,True,True,1,quasar,0.7747077345848083,2,star,0.7013822793960571,1,quasar,0.7220322489738464,1,quasar,0.8347539901733398,2,star,0.5665186643600464,1,quasar,0.3829289376735687
918,1,quasar,1,quasar,True,1,quasar,True,True,1,quasar,0.6831122040748596,2,star,0.6441019773483276,1,quasar,0.7083524465560913,1,quasar,0.781693160533905,1,quasar,0.6632395386695862,2,star,0.5806025862693787
919,1,quasar,1,quasar,True,1,quasar,True,True,1,quasar,0.9365320205688477,2,star,0.6578042507171631,1,quasar,0.6318476796150208,1,quasar,0.6676881909370422,1,quasar,0.5206342339515686,2,star,0.4137241840362549
920,1,quasar,1,quasar,True,2,star,False,False,1,quasar,0.5745140910148621,2,star,0.7055607438087463,1,quasar,0.647212028503418,2,star,0.6326609253883362,1,quasar,0.5889721512794495,1,quasar,0.4306056797504425
921,1,quasar,1,quasar,True,1,quasar,True,True,1,quasar,0.8592427372932434,2,star,0.747044563293457,1,quasar,0.8531010150909424,1,quasar,0.7646010518074036,1,quasar,0.9465233683586121,2,star,0.5858012437820435
922,1,quasar,2,star,False,2,star,False,True,1,quasar,0.7258506417274475,2,star,0.5920995473861694,2,star,0.5552642941474915,2,star,0.7330146431922913,2,star,0.5939356684684753,1,quasar,0.501514196395874
923,1,quasar,1,quasar,True,1,quasar,True,True,1,quasar,0.8922873139381409,2,star,0.584816575050354,1,quasar,0.6334202289581299,1,quasar,0.7821583151817322,2,star,0.6228272318840027,2,star,0.7635717391967773
924,1,quasar,1,quasar,True,1,quasar,True,True,1,quasar,0.8096216320991516,1,quasar,0.9549223780632019,1,quasar,0.7716596722602844,1,quasar,0.878063440322876,1,quasar,0.8557991981506348,2,star,0.4905359447002411
925,1,quasar,1,quasar,True,1,quasar,True,True,2,star,0.6869933009147644,1,quasar,0.5208997130393982,1,quasar,0.696047306060791,1,quasar,0.7456148266792297,1,quasar,0.8150136470794678,2,star,0.41007423400878906
926,1,quasar,1,quasar,True,1,quasar,True,True,2,star,0.7364625930786133,1,quasar,0.9114459156990051,1,quasar,0.8237012624740601,1,quasar,0.7364696264266968,1,quasar,0.9492931365966797,1,quasar,0.49537694454193115
927,1,quasar,1,quasar,True,1,quasar,True,True,1,quasar,0.8232842087745667,1,quasar,0.8851863145828247,1,quasar,0.7842114567756653,1,quasar,0.8294128179550171,1,quasar,0.9749152064323425,2,star,0.5337802171707153
928,1,quasar,1,quasar,True,1,quasar,True,True,1,quasar,0.881639838218689,1,quasar,0.8354795575141907,1,quasar,0.7947131395339966,1,quasar,0.8689253330230713,1,quasar,0.8597514629364014,2,star,0.5384808778762817
929,1,quasar,1,quasar,True,1,quasar,True,True,1,quasar,0.9395811557769775,1,quasar,0.9599743485450745,1,quasar,0.7979553937911987,1,quasar,0.8728504776954651,1,quasar,0.8092944622039795,1,quasar,0.5669986605644226
930,1,quasar,1,quasar,True,1,quasar,True,True,1,quasar,0.9861136078834534,1,quasar,0.8304309248924255,1,quasar,0.7997826337814331,1,quasar,0.8608068823814392,1,quasar,0.940213680267334,2,star,0.5134519338607788
931,1,quasar,1,quasar,True,1,quasar,True,True,1,quasar,0.8829783797264099,1,quasar,0.8482939004898071,1,quasar,0.8302515149116516,1,quasar,0.8261136412620544,1,quasar,0.9240248203277588,2,star,0.504581093788147
932,1,quasar,1,quasar,True,1,quasar,True,True,1,quasar,0.9179285764694214,1,quasar,0.9418826103210449,1,quasar,0.8713830709457397,1,quasar,0.725803017616272,1,quasar,0.9333712458610535,1,quasar,0.658372163772583
933,1,quasar,1,quasar,True,1,quasar,True,True,1,quasar,0.7454357147216797,1,quasar,0.9434099793434143,1,quasar,0.759986937046051,1,quasar,0.8388383388519287,1,quasar,0.6888127326965332,1,quasar,0.6775709986686707
934,1,quasar,2,star,False,2,star,False,True,1,quasar,0.5199322700500488,2,star,0.7316428422927856,1,quasar,0.632084310054779,2,star,0.5201162099838257,2,star,0.8474499583244324,2,star,0.5965061783790588
935,1,quasar,2,star,False,2,star,False,True,1,quasar,0.7620872259140015,2,star,0.7863459587097168,1,quasar,0.5190808773040771,2,star,0.8928558230400085,2,star,0.5715696215629578,2,star,0.5192534327507019
936,1,quasar,1,quasar,True,2,star,False,False,2,star,0.8221607208251953,2,star,0.5050811767578125,1,quasar,0.6254246830940247,1,quasar,0.7580602765083313,1,quasar,0.6517651677131653,2,star,0.7747957110404968
937,1,quasar,1,quasar,True,1,quasar,True,True,1,quasar,0.905896008014679,1,quasar,0.996112048625946,1,quasar,0.793427050113678,1,quasar,0.8420230746269226,1,quasar,0.9212431311607361,0,galaxy,0.39246299862861633
938,1,quasar,2,star,False,2,star,False,True,1,quasar,0.6976220607757568,2,star,0.7245886325836182,2,star,0.5606955885887146,2,star,0.9635240435600281,1,quasar,0.5418937802314758,2,star,0.6279143691062927
939,1,quasar,1,quasar,True,1,quasar,True,True,1,quasar,0.891106367111206,1,quasar,0.6306076049804688,1,quasar,0.7612696886062622,1,quasar,0.7784485220909119,1,quasar,0.6981683969497681,0,galaxy,0.4808636009693146
940,1,quasar,1,quasar,True,1,quasar,True,True,1,quasar,0.94466233253479,1,quasar,0.9112349152565002,1,quasar,0.6730674505233765,1,quasar,0.8656045198440552,1,quasar,0.5301096439361572,1,quasar,0.6062809824943542
941,1,quasar,1,quasar,True,1,quasar,True,True,1,quasar,0.8249871730804443,1,quasar,0.973954975605011,1,quasar,0.7244797348976135,1,quasar,0.8302350640296936,1,quasar,0.9259876012802124,1,quasar,0.7528759837150574
942,1,quasar,1,quasar,True,1,quasar,True,True,1,quasar,0.6407746076583862,1,quasar,0.7497075200080872,1,quasar,0.7050101161003113,1,quasar,0.7280227541923523,1,quasar,0.7518689632415771,2,star,0.5298856496810913
943,1,quasar,0,galaxy,False,0,galaxy,False,True,0,galaxy,0.9595861434936523,0,galaxy,0.9439370632171631,0,galaxy,0.9738143086433411,0,galaxy,0.9165608882904053,0,galaxy,0.8300378322601318,2,star,0.6064022779464722
944,1,quasar,0,galaxy,False,0,galaxy,False,True,0,galaxy,0.8309498429298401,0,galaxy,0.6936826109886169,0,galaxy,0.971244752407074,0,galaxy,0.9566203951835632,0,galaxy,0.9104278087615967,1,quasar,0.38522982597351074
945,1,quasar,0,galaxy,False,0,galaxy,False,True,0,galaxy,0.9927260875701904,0,galaxy,0.9842787384986877,0,galaxy,0.9761568903923035,0,galaxy,0.9891918301582336,0,galaxy,0.990024209022522,0,galaxy,0.9309037327766418
946,1,quasar,0,galaxy,False,0,galaxy,False,True,0,galaxy,0.9033877849578857,0,galaxy,0.4638344347476959,0,galaxy,0.9336258769035339,0,galaxy,0.6282219290733337,0,galaxy,0.5188412666320801,2,star,0.921838104724884
947,1,quasar,0,galaxy,False,0,galaxy,False,True,2,star,0.6204402446746826,0,galaxy,0.4724409580230713,0,galaxy,0.9093039631843567,0,galaxy,0.9205833673477173,0,galaxy,0.7813430428504944,0,galaxy,0.5092055797576904
948,1,quasar,1,quasar,True,1,quasar,True,True,1,quasar,0.6246740818023682,1,quasar,0.6927539706230164,2,star,0.5654327869415283,2,star,0.6568841338157654,1,quasar,0.7122719883918762,2,star,0.7394377589225769
949,1,quasar,1,quasar,True,1,quasar,True,True,1,quasar,0.9450699090957642,2,star,0.634231686592102,1,quasar,0.8222194314002991,1,quasar,0.7969684600830078,1,quasar,0.9119745492935181,1,quasar,0.5213871002197266
950,1,quasar,1,quasar,True,1,quasar,True,True,1,quasar,0.846268355846405,1,quasar,0.6846612691879272,1,quasar,0.7705622315406799,1,quasar,0.7683121562004089,1,quasar,0.9590575695037842,0,galaxy,0.4767938554286957
951,1,quasar,1,quasar,True,2,star,False,False,1,quasar,0.7539343237876892,2,star,0.8163028955459595,2,star,0.6148257851600647,1,quasar,0.49285250902175903,1,quasar,0.8274417519569397,2,star,0.5840559601783752
952,1,quasar,1,quasar,True,1,quasar,True,True,1,quasar,0.8497554063796997,1,quasar,0.8756035566329956,1,quasar,0.6793966293334961,1,quasar,0.7620171904563904,1,quasar,0.6316365003585815,0,galaxy,0.36312323808670044
953,1,quasar,1,quasar,True,1,quasar,True,True,1,quasar,0.9110715985298157,1,quasar,0.9669378995895386,1,quasar,0.8029966354370117,1,quasar,0.5817666053771973,1,quasar,0.7748186588287354,1,quasar,0.42545709013938904
954,1,quasar,1,quasar,True,1,quasar,True,True,2,star,0.7337539196014404,1,quasar,0.5281882882118225,1,quasar,0.5235666036605835,1,quasar,0.6621634364128113,1,quasar,0.6954975724220276,2,star,0.5465381145477295
955,1,quasar,2,star,False,1,quasar,True,False,2,star,0.5650282502174377,1,quasar,0.7980256080627441,2,star,0.4960559606552124,2,star,0.49651700258255005,1,quasar,0.49837711453437805,0,galaxy,0.386881947517395
956,1,quasar,1,quasar,True,1,quasar,True,True,1,quasar,0.8163468241691589,1,quasar,0.5912609100341797,2,star,0.4991919994354248,1,quasar,0.5304617881774902,2,star,0.5157559514045715,2,star,0.405710369348526
957,1,quasar,1,quasar,True,1,quasar,True,True,1,quasar,0.668495774269104,1,quasar,0.7305694818496704,2,star,0.48102524876594543,1,quasar,0.7191686034202576,1,quasar,0.5093661546707153,0,galaxy,0.5465927124023438
958,1,quasar,1,quasar,True,1,quasar,True,True,1,quasar,0.6901959776878357,2,star,0.6106622815132141,1,quasar,0.7137843370437622,1,quasar,0.708888828754425,1,quasar,0.9248113036155701,1,quasar,0.4873405694961548
959,1,quasar,1,quasar,True,1,quasar,True,True,1,quasar,0.8944159150123596,2,star,0.6435515284538269,1,quasar,0.6077994704246521,1,quasar,0.6904718279838562,1,quasar,0.6567992568016052,0,galaxy,0.445099800825119
960,1,quasar,1,quasar,True,1,quasar,True,True,1,quasar,0.6344366669654846,2,star,0.7207252383232117,1,quasar,0.7202432155609131,1,quasar,0.5978502631187439,1,quasar,0.660824716091156,1,quasar,0.5589976906776428
961,1,quasar,1,quasar,True,1,quasar,True,True,1,quasar,0.8535603284835815,1,quasar,0.8727497458457947,1,quasar,0.8585262298583984,1,quasar,0.8229124546051025,1,quasar,0.7532790303230286,2,star,0.6097919940948486
962,1,quasar,1,quasar,True,1,quasar,True,True,1,quasar,0.9028543829917908,1,quasar,0.8261929750442505,1,quasar,0.7663379311561584,1,quasar,0.6568091511726379,1,quasar,0.6131389737129211,2,star,0.6965300440788269
963,1,quasar,1,quasar,True,1,quasar,True,True,1,quasar,0.8744604587554932,1,quasar,0.8872913718223572,1,quasar,0.698919951915741,1,quasar,0.6207500100135803,1,quasar,0.8777469992637634,1,quasar,0.3358633816242218
964,1,quasar,1,quasar,True,1,quasar,True,True,1,quasar,0.7137998342514038,1,quasar,0.8588865399360657,1,quasar,0.774584949016571,1,quasar,0.8485216498374939,1,quasar,0.7864770293235779,1,quasar,0.5037798285484314
965,1,quasar,2,star,False,2,star,False,True,1,quasar,0.8941420316696167,2,star,0.745231032371521,1,quasar,0.5456377267837524,2,star,0.6755490303039551,2,star,0.4969712793827057,2,star,0.5208789110183716
966,1,quasar,1,quasar,True,2,star,False,False,1,quasar,0.529339075088501,2,star,0.8283916711807251,1,quasar,0.563465416431427,1,quasar,0.577779233455658,2,star,0.7076341509819031,0,galaxy,0.749152660369873
967,1,quasar,1,quasar,True,1,quasar,True,True,1,quasar,0.9613741040229797,1,quasar,0.7750698328018188,1,quasar,0.8074632287025452,1,quasar,0.74130779504776,1,quasar,0.9154332280158997,1,quasar,0.5490079522132874
968,1,quasar,1,quasar,True,1,quasar,True,True,1,quasar,0.7468076348304749,1,quasar,0.6943681836128235,1,quasar,0.6901642680168152,1,quasar,0.6604254841804504,1,quasar,0.6648367643356323,2,star,0.5531253218650818
969,1,quasar,1,quasar,True,1,quasar,True,True,1,quasar,0.8029721975326538,1,quasar,0.8491783738136292,1,quasar,0.7940988540649414,1,quasar,0.8632853627204895,1,quasar,0.8265166282653809,2,star,0.5866796374320984
970,1,quasar,1,quasar,True,2,star,False,False,2,star,0.7027910351753235,2,star,0.7974324226379395,1,quasar,0.6697536706924438,1,quasar,0.5766475200653076,1,quasar,0.5956674218177795,2,star,0.5866847038269043
971,1,quasar,1,quasar,True,1,quasar,True,True,1,quasar,0.9132224917411804,1,quasar,0.943204402923584,1,quasar,0.778495192527771,1,quasar,0.8273868560791016,1,quasar,0.9533135294914246,1,quasar,0.6565629243850708
972,1,quasar,1,quasar,True,1,quasar,True,True,2,star,0.5541877746582031,2,star,0.730511486530304,1,quasar,0.6124716997146606,1,quasar,0.667057991027832,1,quasar,0.6962597370147705,2,star,0.4498187005519867
973,1,quasar,2,star,False,2,star,False,True,2,star,0.8930441737174988,2,star,0.718134880065918,1,quasar,0.6878370642662048,2,star,0.6652482151985168,1,quasar,0.5568727254867554,2,star,0.6651414036750793
974,1,quasar,1,quasar,True,1,quasar,True,True,1,quasar,0.8697604537010193,1,quasar,0.8515979051589966,1,quasar,0.8208791017532349,1,quasar,0.854931116104126,1,quasar,0.915637731552124,2,star,0.4093784689903259
975,1,quasar,1,quasar,True,1,quasar,True,True,1,quasar,0.3727142810821533,1,quasar,0.5950764417648315,1,quasar,0.576665997505188,1,quasar,0.7731665372848511,1,quasar,0.5865203142166138,0,galaxy,0.4560396075248718
976,1,quasar,1,quasar,True,1,quasar,True,True,1,quasar,0.7792790532112122,2,star,0.5161404609680176,1,quasar,0.7106473445892334,1,quasar,0.8239293098449707,1,quasar,0.5040245652198792,2,star,0.5886217951774597
977,1,quasar,1,quasar,True,1,quasar,True,True,1,quasar,0.8348797559738159,1,quasar,0.5246092677116394,1,quasar,0.7578673362731934,1,quasar,0.7045890688896179,1,quasar,0.8729351162910461,2,star,0.6320064663887024
978,1,quasar,1,quasar,True,1,quasar,True,True,1,quasar,0.811676561832428,1,quasar,0.5467482805252075,1,quasar,0.7520033121109009,1,quasar,0.6473367214202881,1,quasar,0.9054767489433289,2,star,0.68423992395401
979,1,quasar,1,quasar,True,1,quasar,True,True,1,quasar,0.9461731314659119,1,quasar,0.9435327649116516,1,quasar,0.8376031517982483,1,quasar,0.9140735864639282,1,quasar,0.8865103125572205,1,quasar,0.5526689291000366
980,1,quasar,1,quasar,True,1,quasar,True,True,1,quasar,0.7004073262214661,1,quasar,0.6800835728645325,1,quasar,0.8216524124145508,2,star,0.5035287737846375,1,quasar,0.9511615037918091,1,quasar,0.8197769522666931
981,1,quasar,1,quasar,True,1,quasar,True,True,1,quasar,0.9276778697967529,1,quasar,0.8151078224182129,1,quasar,0.7619392275810242,1,quasar,0.7972444891929626,1,quasar,0.7880933880805969,1,quasar,0.6052415370941162
982,1,quasar,1,quasar,True,1,quasar,True,True,1,quasar,0.835128128528595,1,quasar,0.4808463454246521,1,quasar,0.7979423403739929,1,quasar,0.7381933927536011,1,quasar,0.8074628710746765,1,quasar,0.7290469408035278
983,1,quasar,1,quasar,True,1,quasar,True,True,1,quasar,0.9324378371238708,1,quasar,0.9233346581459045,1,quasar,0.8241680264472961,1,quasar,0.721642255783081,1,quasar,0.902085542678833,2,star,0.49276721477508545
984,1,quasar,2,star,False,2,star,False,True,1,quasar,0.5943774580955505,2,star,0.8153253793716431,2,star,0.5585736632347107,2,star,0.898479700088501,1,quasar,0.6704661846160889,2,star,0.6364976763725281
985,1,quasar,1,quasar,True,1,quasar,True,True,1,quasar,0.9086669683456421,1,quasar,0.5686022043228149,1,quasar,0.7833662033081055,1,quasar,0.8020596504211426,1,quasar,0.9270526170730591,1,quasar,0.8320915699005127
986,1,quasar,1,quasar,True,1,quasar,True,True,1,quasar,0.8846141695976257,1,quasar,0.9037471413612366,1,quasar,0.7435087561607361,1,quasar,0.7646862268447876,1,quasar,0.6293529272079468,1,quasar,0.5946360230445862
987,1,quasar,1,quasar,True,1,quasar,True,True,1,quasar,0.8241190314292908,1,quasar,0.7897553443908691,1,quasar,0.7379278540611267,1,quasar,0.7212039232254028,1,quasar,0.7927058339118958,2,star,0.626707911491394
988,1,quasar,1,quasar,True,1,quasar,True,True,1,quasar,0.8060756325721741,1,quasar,0.6052570343017578,1,quasar,0.7705390453338623,1,quasar,0.8469025492668152,1,quasar,0.9359960556030273,2,star,0.49044960737228394
989,1,quasar,0,galaxy,False,0,galaxy,False,True,0,galaxy,0.9692639112472534,0,galaxy,0.9064088463783264,0,galaxy,0.9924977421760559,0,galaxy,0.9303542375564575,0,galaxy,0.976691484451294,0,galaxy,0.6864005327224731
990,1,quasar,1,quasar,True,1,quasar,True,True,1,quasar,0.9251940846443176,1,quasar,0.9668940305709839,1,quasar,0.718246340751648,1,quasar,0.7023376822471619,1,quasar,0.6758353114128113,1,quasar,0.7904441952705383
991,1,quasar,1,quasar,True,1,quasar,True,True,1,quasar,0.9736534953117371,1,quasar,0.690864086151123,1,quasar,0.7145487666130066,1,quasar,0.8737161159515381,1,quasar,0.7380796670913696,1,quasar,0.6895523071289062
992,1,quasar,1,quasar,True,1,quasar,True,True,1,quasar,0.914000928401947,1,quasar,0.8714247941970825,1,quasar,0.7634518146514893,1,quasar,0.8347072005271912,1,quasar,0.8014739751815796,1,quasar,0.8729409575462341
993,1,quasar,1,quasar,True,1,quasar,True,True,1,quasar,0.711087703704834,2,star,0.504352867603302,1,quasar,0.7465962767601013,1,quasar,0.8460867404937744,2,star,0.5820950865745544,1,quasar,0.5630369186401367
994,1,quasar,1,quasar,True,1,quasar,True,True,1,quasar,0.6986116766929626,1,quasar,0.5513153672218323,0,galaxy,0.7616150379180908,1,quasar,0.5136653184890747,1,quasar,0.6092813611030579,0,galaxy,0.5111914277076721
995,1,quasar,1,quasar,True,1,quasar,True,True,1,quasar,0.9557533264160156,1,quasar,0.9140701293945312,1,quasar,0.7024936079978943,1,quasar,0.833563506603241,1,quasar,0.7329928874969482,1,quasar,0.5727900862693787
996,1,quasar,1,quasar,True,1,quasar,True,True,1,quasar,0.7580564022064209,1,quasar,0.5650352835655212,1,quasar,0.701296329498291,1,quasar,0.7322018146514893,1,quasar,0.6769827604293823,2,star,0.5950270295143127
997,1,quasar,1,quasar,True,1,quasar,True,True,1,quasar,0.7428871989250183,1,quasar,0.7044645547866821,1,quasar,0.7070480585098267,1,quasar,0.7949888706207275,1,quasar,0.8047689199447632,1,quasar,0.49029380083084106
998,1,quasar,1,quasar,True,1,quasar,True,True,1,quasar,0.7214897274971008,1,quasar,0.7143566012382507,1,quasar,0.7014514207839966,1,quasar,0.8650050759315491,2,star,0.496036559343338,1,quasar,0.6678690910339355
999,1,quasar,1,quasar,True,1,quasar,True,True,1,quasar,0.6873781681060791,1,quasar,0.6487295031547546,2,star,0.6076182126998901,1,quasar,0.5756262540817261,2,star,0.6445503830909729,1,quasar,0.5166260004043579
1000,1,quasar,1,quasar,True,1,quasar,True,True,1,quasar,0.7605475187301636,1,quasar,0.8166212439537048,1,quasar,0.6533768773078918,1,quasar,0.8337367177009583,1,quasar,0.7467473745346069,1,quasar,0.6533840894699097
1001,1,quasar,1,quasar,True,1,quasar,True,True,1,quasar,0.960871160030365,1,quasar,0.8623045086860657,1,quasar,0.704725980758667,1,quasar,0.7155892252922058,1,quasar,0.6869205832481384,1,quasar,0.596415638923645
1002,1,quasar,1,quasar,True,1,quasar,True,True,1,quasar,0.744818389415741,1,quasar,0.8496337532997131,1,quasar,0.7184193134307861,1,quasar,0.7721202969551086,1,quasar,0.5215323567390442,2,star,0.527942955493927
1003,1,quasar,1,quasar,True,1,quasar,True,True,1,quasar,0.9273950457572937,1,quasar,0.650018572807312,1,quasar,0.8420500755310059,1,quasar,0.7269471287727356,1,quasar,0.9649465084075928,1,quasar,0.5479433536529541
1004,1,quasar,1,quasar,True,1,quasar,True,True,1,quasar,0.539902925491333,2,star,0.6182402968406677,1,quasar,0.7360201478004456,1,quasar,0.7595641016960144,1,quasar,0.8034942746162415,2,star,0.8637576699256897
1005,1,quasar,1,quasar,True,1,quasar,True,True,1,quasar,0.8805829882621765,1,quasar,0.8849610090255737,1,quasar,0.7812369465827942,2,star,0.8890263438224792,1,quasar,0.9031804203987122,1,quasar,0.7258679866790771
1006,1,quasar,1,quasar,True,1,quasar,True,True,1,quasar,0.9510230422019958,1,quasar,0.523872435092926,1,quasar,0.7316578030586243,1,quasar,0.8112310171127319,1,quasar,0.7119452953338623,1,quasar,0.7407022714614868
1007,1,quasar,1,quasar,True,1,quasar,True,True,1,quasar,0.9488862752914429,2,star,0.5532807111740112,1,quasar,0.7818127274513245,1,quasar,0.750660240650177,1,quasar,0.9215376377105713,1,quasar,0.5945417284965515
1008,1,quasar,1,quasar,True,1,quasar,True,True,1,quasar,0.9451876282691956,2,star,0.6291620135307312,1,quasar,0.711211621761322,2,star,0.7033932209014893,1,quasar,0.8954247832298279,2,star,0.6081046462059021
1009,1,quasar,1,quasar,True,1,quasar,True,True,1,quasar,0.9177225232124329,2,star,0.5048402547836304,1,quasar,0.7893435955047607,2,star,0.9575081467628479,1,quasar,0.908473014831543,1,quasar,0.7506489157676697
1010,1,quasar,1,quasar,True,2,star,False,False,1,quasar,0.4865495264530182,1,quasar,0.5069516897201538,2,star,0.6072611212730408,2,star,0.757490873336792,1,quasar,0.5339584946632385,2,star,0.8778373003005981
1011,1,quasar,1,quasar,True,1,quasar,True,True,1,quasar,0.9134966731071472,1,quasar,0.8617100119590759,1,quasar,0.7597013711929321,1,quasar,0.8393903970718384,1,quasar,0.8473235368728638,1,quasar,0.5382528305053711
1012,1,quasar,1,quasar,True,1,quasar,True,True,1,quasar,0.5537105202674866,1,quasar,0.7206713557243347,2,star,0.4994918406009674,2,star,0.465696781873703,1,quasar,0.759091317653656,2,star,0.6057911515235901
1013,1,quasar,1,quasar,True,1,quasar,True,True,1,quasar,0.7889270782470703,2,star,0.714749276638031,1,quasar,0.7004462480545044,2,star,0.5329551100730896,1,quasar,0.950693666934967,1,quasar,0.41922497749328613
1014,1,quasar,1,quasar,True,1,quasar,True,True,1,quasar,0.9361371397972107,1,quasar,0.9101992845535278,1,quasar,0.7831892967224121,1,quasar,0.8258573412895203,1,quasar,0.6633901000022888,2,star,0.4258117973804474
1015,1,quasar,1,quasar,True,1,quasar,True,True,1,quasar,0.9876354336738586,1,quasar,0.9814388155937195,1,quasar,0.6878384947776794,1,quasar,0.7751963138580322,1,quasar,0.8872327208518982,1,quasar,0.6627815961837769
1016,1,quasar,1,quasar,True,1,quasar,True,True,1,quasar,0.9498293399810791,1,quasar,0.945919394493103,1,quasar,0.85704106092453,1,quasar,0.9292479157447815,1,quasar,0.960915744304657,1,quasar,0.5611919164657593
1017,1,quasar,1,quasar,True,1,quasar,True,True,1,quasar,0.9911098480224609,1,quasar,0.9544396996498108,1,quasar,0.7940986752510071,1,quasar,0.8875382542610168,1,quasar,0.9172314405441284,1,quasar,0.8092865347862244
1018,1,quasar,1,quasar,True,1,quasar,True,True,1,quasar,0.9862798452377319,1,quasar,0.9727144837379456,1,quasar,0.8317281603813171,1,quasar,0.7747010588645935,1,quasar,0.9746181964874268,1,quasar,0.7353947162628174
1019,1,quasar,1,quasar,True,1,quasar,True,True,1,quasar,0.918865978717804,1,quasar,0.830918550491333,1,quasar,0.5851596593856812,2,star,0.5359899997711182,1,quasar,0.8250007629394531,1,quasar,0.7569004893302917
1020,1,quasar,1,quasar,True,1,quasar,True,True,1,quasar,0.8231781125068665,1,quasar,0.974900484085083,1,quasar,0.5799315571784973,1,quasar,0.5796602368354797,1,quasar,0.4834729731082916,1,quasar,0.8121712803840637
1021,1,quasar,0,galaxy,False,0,galaxy,False,True,1,quasar,0.7717434763908386,0,galaxy,0.4651579260826111,0,galaxy,0.9415618181228638,0,galaxy,0.4553110599517822,0,galaxy,0.749137818813324,0,galaxy,0.4859023094177246
1022,1,quasar,1,quasar,True,1,quasar,True,True,1,quasar,0.9901599287986755,1,quasar,0.9749920964241028,1,quasar,0.7692829370498657,1,quasar,0.8823326230049133,1,quasar,0.9594387412071228,1,quasar,0.7595226764678955
1023,1,quasar,1,quasar,True,1,quasar,True,True,1,quasar,0.8589537143707275,1,quasar,0.717180609703064,1,quasar,0.7604814171791077,1,quasar,0.5931305885314941,1,quasar,0.9245038032531738,1,quasar,0.5927459597587585
1024,1,quasar,1,quasar,True,1,quasar,True,True,1,quasar,0.7340381145477295,1,quasar,0.7655905485153198,1,quasar,0.7038155198097229,1,quasar,0.7538521885871887,1,quasar,0.9273657202720642,1,quasar,0.5906487703323364
1025,1,quasar,1,quasar,True,1,quasar,True,True,1,quasar,0.9294578433036804,1,quasar,0.8634927868843079,1,quasar,0.6850053071975708,1,quasar,0.7645338773727417,1,quasar,0.5937818884849548,1,quasar,0.47731614112854004
1026,1,quasar,1,quasar,True,1,quasar,True,True,1,quasar,0.8695369958877563,1,quasar,0.862673282623291,1,quasar,0.8583583235740662,1,quasar,0.8121964931488037,1,quasar,0.9726662039756775,1,quasar,0.43240654468536377
1027,1,quasar,1,quasar,True,1,quasar,True,True,1,quasar,0.8955278396606445,1,quasar,0.9513145685195923,1,quasar,0.713672935962677,1,quasar,0.7118605375289917,1,quasar,0.723862886428833,0,galaxy,0.7891106009483337
1028,1,quasar,1,quasar,True,1,quasar,True,True,1,quasar,0.9914871454238892,1,quasar,0.9702153205871582,1,quasar,0.6656579375267029,1,quasar,0.7349523901939392,1,quasar,0.7710351943969727,1,quasar,0.5427340865135193
1029,1,quasar,1,quasar,True,1,quasar,True,True,1,quasar,0.9799675941467285,1,quasar,0.8552706837654114,1,quasar,0.6898550391197205,1,quasar,0.7754114866256714,1,quasar,0.6778677701950073,1,quasar,0.45316386222839355
1030,1,quasar,1,quasar,True,1,quasar,True,True,1,quasar,0.6559599041938782,1,quasar,0.8008091449737549,1,quasar,0.6279920339584351,2,star,0.5135205388069153,1,quasar,0.8624828457832336,1,quasar,0.6038944125175476
1031,1,quasar,1,quasar,True,1,quasar,True,True,1,quasar,0.9718515872955322,1,quasar,0.777382493019104,1,quasar,0.6030582189559937,2,star,0.6296572089195251,1,quasar,0.7018186450004578,1,quasar,0.5144720673561096
1032,1,quasar,1,quasar,True,1,quasar,True,True,1,quasar,0.9797573685646057,2,star,0.5245348811149597,1,quasar,0.7918353080749512,2,star,0.5624284744262695,1,quasar,0.9439126253128052,2,star,0.5694987177848816
1033,1,quasar,1,quasar,True,1,quasar,True,True,1,quasar,0.9302360415458679,1,quasar,0.9290065765380859,1,quasar,0.8527013659477234,1,quasar,0.7224761843681335,1,quasar,0.9655187129974365,1,quasar,0.6026179194450378
1034,1,quasar,1,quasar,True,1,quasar,True,True,1,quasar,0.9486096501350403,1,quasar,0.9742108583450317,1,quasar,0.8254355192184448,1,quasar,0.7811571955680847,1,quasar,0.9371867775917053,1,quasar,0.6783647537231445
1035,1,quasar,1,quasar,True,1,quasar,True,True,1,quasar,0.9527981281280518,1,quasar,0.7597441673278809,1,quasar,0.6696155667304993,1,quasar,0.7907231450080872,1,quasar,0.615395188331604,1,quasar,0.7735674381256104
1036,1,quasar,1,quasar,True,1,quasar,True,True,1,quasar,0.9660832285881042,1,quasar,0.9823819994926453,1,quasar,0.6510034203529358,1,quasar,0.8377684354782104,1,quasar,0.7766342163085938,1,quasar,0.8314200639724731
1037,1,quasar,1,quasar,True,1,quasar,True,True,1,quasar,0.6223443746566772,2,star,0.4720197319984436,1,quasar,0.7066128849983215,1,quasar,0.8451804518699646,1,quasar,0.7963370680809021,1,quasar,0.6674835085868835
1038,1,quasar,0,galaxy,False,0,galaxy,False,True,0,galaxy,0.5086783766746521,1,quasar,0.39359116554260254,0,galaxy,0.9312204718589783,1,quasar,0.44552260637283325,0,galaxy,0.8803170323371887,1,quasar,0.6031721234321594
1039,1,quasar,1,quasar,True,1,quasar,True,True,1,quasar,0.9510237574577332,1,quasar,0.9527214169502258,1,quasar,0.7038859128952026,2,star,0.6508959531784058,1,quasar,0.5766112208366394,1,quasar,0.6242421269416809
1040,1,quasar,1,quasar,True,1,quasar,True,True,1,quasar,0.867334246635437,1,quasar,0.8340232372283936,1,quasar,0.6932362914085388,1,quasar,0.8348622918128967,1,quasar,0.7004722952842712,1,quasar,0.7434894442558289
1041,1,quasar,1,quasar,True,1,quasar,True,True,1,quasar,0.9848495721817017,1,quasar,0.8242682814598083,1,quasar,0.7434530258178711,1,quasar,0.641276478767395,1,quasar,0.8652991652488708,1,quasar,0.8043345808982849
1042,1,quasar,1,quasar,True,1,quasar,True,True,1,quasar,0.8538258671760559,1,quasar,0.6670223474502563,1,quasar,0.7254406213760376,1,quasar,0.8225712776184082,1,quasar,0.8063788414001465,1,quasar,0.7143669128417969
1043,1,quasar,1,quasar,True,1,quasar,True,True,1,quasar,0.9719839096069336,1,quasar,0.9844940304756165,1,quasar,0.7556229829788208,1,quasar,0.807355523109436,1,quasar,0.795691967010498,1,quasar,0.6240560412406921
1044,1,quasar,1,quasar,True,1,quasar,True,True,1,quasar,0.9763181805610657,1,quasar,0.8924140334129333,1,quasar,0.6549917459487915,1,quasar,0.5335538983345032,1,quasar,0.6388521790504456,1,quasar,0.7451358437538147
1045,1,quasar,1,quasar,True,1,quasar,True,True,1,quasar,0.8478303551673889,1,quasar,0.5137370824813843,1,quasar,0.7177861332893372,2,star,0.5511494874954224,1,quasar,0.8625972270965576,2,star,0.5122820734977722
1046,1,quasar,1,quasar,True,1,quasar,True,True,1,quasar,0.8449281454086304,1,quasar,0.6399644613265991,0,galaxy,0.646445631980896,1,quasar,0.7195021510124207,1,quasar,0.6460481882095337,1,quasar,0.4961085319519043
1047,1,quasar,1,quasar,True,1,quasar,True,True,1,quasar,0.8352635502815247,1,quasar,0.8290516138076782,1,quasar,0.6591882109642029,1,quasar,0.8776698708534241,1,quasar,0.7307258248329163,0,galaxy,0.49433571100234985
1048,1,quasar,1,quasar,True,1,quasar,True,True,1,quasar,0.9800891876220703,1,quasar,0.8042196035385132,1,quasar,0.7013831734657288,1,quasar,0.8253504633903503,1,quasar,0.7142088413238525,1,quasar,0.6725021004676819
1049,1,quasar,1,quasar,True,1,quasar,True,True,1,quasar,0.991441011428833,1,quasar,0.7721818089485168,1,quasar,0.6191420555114746,1,quasar,0.7061905264854431,1,quasar,0.6123329401016235,1,quasar,0.6726019978523254
1050,1,quasar,1,quasar,True,1,quasar,True,True,1,quasar,0.9732715487480164,1,quasar,0.9925098419189453,1,quasar,0.7633374333381653,1,quasar,0.6241762638092041,1,quasar,0.8520746827125549,1,quasar,0.5180405974388123
1051,1,quasar,1,quasar,True,1,quasar,True,True,1,quasar,0.8630452156066895,2,star,0.6210470795631409,1,quasar,0.7478735446929932,1,quasar,0.5429649353027344,1,quasar,0.7539045214653015,1,quasar,0.6361533403396606
1052,1,quasar,1,quasar,True,1,quasar,True,True,1,quasar,0.9853423833847046,1,quasar,0.8964645862579346,1,quasar,0.7005131244659424,1,quasar,0.6386474967002869,1,quasar,0.6944859027862549,1,quasar,0.6616877913475037
1053,1,quasar,1,quasar,True,1,quasar,True,True,1,quasar,0.8812971711158752,1,quasar,0.9675334692001343,1,quasar,0.7384920716285706,1,quasar,0.8319015502929688,1,quasar,0.8810153603553772,1,quasar,0.7277833819389343
1054,1,quasar,1,quasar,True,1,quasar,True,True,1,quasar,0.9301588535308838,2,star,0.6147951483726501,1,quasar,0.6466138362884521,1,quasar,0.7873148322105408,2,star,0.6164599657058716,1,quasar,0.7599307894706726
1055,1,quasar,1,quasar,True,1,quasar,True,True,1,quasar,0.4265606999397278,1,quasar,0.4866718053817749,1,quasar,0.6642318367958069,1,quasar,0.7331833243370056,1,quasar,0.9284261465072632,1,quasar,0.6981091499328613
1056,1,quasar,1,quasar,True,1,quasar,True,True,1,quasar,0.8092653155326843,1,quasar,0.6806290149688721,1,quasar,0.7197870016098022,1,quasar,0.59406578540802,1,quasar,0.6274192333221436,1,quasar,0.693045437335968
1057,1,quasar,1,quasar,True,1,quasar,True,True,1,quasar,0.7424554824829102,2,star,0.5103000998497009,1,quasar,0.6657683253288269,1,quasar,0.71300208568573,1,quasar,0.7264022827148438,1,quasar,0.6217588782310486
1058,1,quasar,1,quasar,True,1,quasar,True,True,1,quasar,0.9251807332038879,1,quasar,0.933440625667572,1,quasar,0.7624229192733765,1,quasar,0.8278325796127319,1,quasar,0.7957701086997986,1,quasar,0.772759735584259
1059,1,quasar,1,quasar,True,1,quasar,True,True,1,quasar,0.9852020144462585,1,quasar,0.7058209180831909,1,quasar,0.7605435252189636,1,quasar,0.8684518933296204,1,quasar,0.8614968061447144,1,quasar,0.7203077077865601
1060,1,quasar,1,quasar,True,1,quasar,True,True,1,quasar,0.9825873970985413,1,quasar,0.9262675642967224,1,quasar,0.806087851524353,1,quasar,0.8597381711006165,1,quasar,0.9457300901412964,1,quasar,0.7608881592750549
1061,1,quasar,1,quasar,True,1,quasar,True,True,1,quasar,0.9433820843696594,1,quasar,0.7537726759910583,1,quasar,0.7167404890060425,1,quasar,0.8536360263824463,1,quasar,0.7327988743782043,1,quasar,0.7261041402816772
1062,1,quasar,1,quasar,True,1,quasar,True,True,1,quasar,0.911965012550354,1,quasar,0.799425482749939,1,quasar,0.6834215521812439,1,quasar,0.769458532333374,1,quasar,0.7050027847290039,1,quasar,0.6156045794487
1063,1,quasar,1,quasar,True,1,quasar,True,True,1,quasar,0.8491594791412354,2,star,0.5334513783454895,1,quasar,0.6931917071342468,1,quasar,0.5779828429222107,1,quasar,0.6274185180664062,1,quasar,0.633612334728241
1064,1,quasar,1,quasar,True,1,quasar,True,True,1,quasar,0.856300413608551,1,quasar,0.9849081039428711,1,quasar,0.7877644300460815,1,quasar,0.7535873651504517,1,quasar,0.9308809041976929,1,quasar,0.7179058194160461
1065,1,quasar,1,quasar,True,1,quasar,True,True,1,quasar,0.7697415351867676,1,quasar,0.8394994735717773,1,quasar,0.6407206058502197,1,quasar,0.7837138175964355,1,quasar,0.8856197595596313,1,quasar,0.6390202641487122
1066,1,quasar,1,quasar,True,1,quasar,True,True,1,quasar,0.7304558753967285,1,quasar,0.8421165347099304,1,quasar,0.7490834593772888,1,quasar,0.7518308758735657,1,quasar,0.6947684288024902,1,quasar,0.5746862888336182
1067,1,quasar,1,quasar,True,1,quasar,True,True,1,quasar,0.857704758644104,1,quasar,0.9868927597999573,1,quasar,0.7293771505355835,1,quasar,0.6973721385002136,1,quasar,0.73627108335495,1,quasar,0.748382031917572
1068,1,quasar,1,quasar,True,1,quasar,True,True,1,quasar,0.9594454169273376,1,quasar,0.9779728651046753,1,quasar,0.6455156803131104,1,quasar,0.5903976559638977,1,quasar,0.861563503742218,1,quasar,0.8055805563926697
1069,1,quasar,1,quasar,True,1,quasar,True,True,1,quasar,0.9764577746391296,1,quasar,0.9703814387321472,1,quasar,0.7971367239952087,1,quasar,0.8326049447059631,1,quasar,0.7078962922096252,1,quasar,0.5685285329818726
1070,1,quasar,1,quasar,True,1,quasar,True,True,1,quasar,0.8647910356521606,1,quasar,0.8413240313529968,2,star,0.6483193635940552,2,star,0.5751346349716187,1,quasar,0.8140228986740112,1,quasar,0.39389175176620483
1071,1,quasar,1,quasar,True,1,quasar,True,True,1,quasar,0.8375529050827026,1,quasar,0.8960506916046143,1,quasar,0.7841214537620544,1,quasar,0.7829516530036926,1,quasar,0.8871521949768066,1,quasar,0.5701704025268555
1072,1,quasar,1,quasar,True,1,quasar,True,True,1,quasar,0.9387688040733337,1,quasar,0.9611361622810364,1,quasar,0.7572080492973328,1,quasar,0.8055340051651001,1,quasar,0.9067333340644836,1,quasar,0.8690847158432007
1073,1,quasar,1,quasar,True,1,quasar,True,True,1,quasar,0.9793580174446106,1,quasar,0.9284496903419495,1,quasar,0.8310183882713318,1,quasar,0.5945931673049927,1,quasar,0.9355437159538269,1,quasar,0.6884625554084778
1074,1,quasar,1,quasar,True,1,quasar,True,True,1,quasar,0.9810200333595276,1,quasar,0.9758742451667786,1,quasar,0.714044451713562,1,quasar,0.8521093130111694,1,quasar,0.9103522300720215,1,quasar,0.7655704617500305
1075,1,quasar,1,quasar,True,1,quasar,True,True,1,quasar,0.8150061964988708,1,quasar,0.9516271948814392,1,quasar,0.7644113898277283,2,star,0.6652854681015015,1,quasar,0.9527351260185242,1,quasar,0.5839189291000366
1076,1,quasar,1,quasar,True,1,quasar,True,True,1,quasar,0.9961493015289307,1,quasar,0.984184741973877,1,quasar,0.8343629240989685,1,quasar,0.9028899669647217,1,quasar,0.9593947529792786,1,quasar,0.6338136196136475
1077,1,quasar,1,quasar,True,1,quasar,True,True,1,quasar,0.9889828562736511,1,quasar,0.939631462097168,1,quasar,0.7383742928504944,1,quasar,0.7575780749320984,1,quasar,0.892082154750824,1,quasar,0.8150930404663086
1078,1,quasar,1,quasar,True,1,quasar,True,True,1,quasar,0.9746344089508057,1,quasar,0.9901434183120728,1,quasar,0.6644590497016907,1,quasar,0.8010693788528442,1,quasar,0.8209741711616516,1,quasar,0.631571352481842
1079,1,quasar,1,quasar,True,1,quasar,True,True,1,quasar,0.9962888956069946,1,quasar,0.9806768894195557,1,quasar,0.7402045130729675,1,quasar,0.8913621306419373,1,quasar,0.6618934273719788,1,quasar,0.8926230669021606
1080,1,quasar,1,quasar,True,1,quasar,True,True,1,quasar,0.9950729012489319,1,quasar,0.9835183620452881,1,quasar,0.8350709676742554,1,quasar,0.8769834637641907,1,quasar,0.9369273781776428,1,quasar,0.9151603579521179
1081,1,quasar,0,galaxy,False,0,galaxy,False,True,1,quasar,0.6406128406524658,0,galaxy,0.43041908740997314,0,galaxy,0.8874443769454956,0,galaxy,0.6734564900398254,0,galaxy,0.7615756392478943,1,quasar,0.6173565983772278
1082,1,quasar,1,quasar,True,1,quasar,True,True,1,quasar,0.9959867596626282,1,quasar,0.9868517518043518,1,quasar,0.798825204372406,1,quasar,0.7702977061271667,1,quasar,0.8125350475311279,1,quasar,0.7707973718643188
1083,1,quasar,1,quasar,True,1,quasar,True,True,1,quasar,0.9923728108406067,1,quasar,0.9881306886672974,1,quasar,0.8146041035652161,1,quasar,0.8086588382720947,1,quasar,0.9676939845085144,1,quasar,0.7638026475906372
1084,1,quasar,1,quasar,True,1,quasar,True,True,1,quasar,0.9846307635307312,1,quasar,0.9000258445739746,1,quasar,0.7194724082946777,1,quasar,0.780185341835022,1,quasar,0.8017948865890503,1,quasar,0.6961829662322998
1085,1,quasar,1,quasar,True,1,quasar,True,True,1,quasar,0.9710057377815247,1,quasar,0.9828650951385498,1,quasar,0.7444747686386108,1,quasar,0.6176902651786804,1,quasar,0.7865650653839111,1,quasar,0.6526650786399841
1086,1,quasar,1,quasar,True,1,quasar,True,True,1,quasar,0.9897587299346924,1,quasar,0.9887999296188354,1,quasar,0.8144468069076538,1,quasar,0.6878169178962708,1,quasar,0.8921223878860474,1,quasar,0.8227619528770447
1087,1,quasar,1,quasar,True,1,quasar,True,True,1,quasar,0.9619013667106628,1,quasar,0.974032461643219,1,quasar,0.850848913192749,1,quasar,0.8929346799850464,1,quasar,0.9778213500976562,1,quasar,0.8165523409843445
1088,1,quasar,1,quasar,True,1,quasar,True,True,1,quasar,0.9574159979820251,1,quasar,0.7614331245422363,1,quasar,0.6891355514526367,1,quasar,0.7356356382369995,1,quasar,0.6718050241470337,1,quasar,0.5252777338027954
1089,1,quasar,1,quasar,True,2,star,False,False,2,star,0.7612972259521484,2,star,0.7216587662696838,1,quasar,0.5975174307823181,2,star,0.7498106360435486,1,quasar,0.7249482274055481,1,quasar,0.6251093745231628
1090,1,quasar,1,quasar,True,1,quasar,True,True,1,quasar,0.9938349723815918,1,quasar,0.9787898659706116,1,quasar,0.7756065130233765,1,quasar,0.840803325176239,1,quasar,0.8789623975753784,1,quasar,0.9272106289863586
1091,1,quasar,1,quasar,True,1,quasar,True,True,1,quasar,0.9532538056373596,1,quasar,0.8316718935966492,1,quasar,0.6804401874542236,1,quasar,0.8703686594963074,1,quasar,0.614595890045166,1,quasar,0.6506833434104919
1092,1,quasar,1,quasar,True,1,quasar,True,True,1,quasar,0.9344387650489807,1,quasar,0.9547858238220215,1,quasar,0.7580248713493347,1,quasar,0.8791245222091675,1,quasar,0.8822916746139526,1,quasar,0.836402952671051
1093,1,quasar,1,quasar,True,1,quasar,True,True,1,quasar,0.9567118287086487,1,quasar,0.9310160279273987,1,quasar,0.6921774744987488,2,star,0.5149213671684265,1,quasar,0.8551264405250549,1,quasar,0.6568712592124939
1094,1,quasar,1,quasar,True,1,quasar,True,True,1,quasar,0.9900736808776855,1,quasar,0.8883233666419983,1,quasar,0.7020386457443237,1,quasar,0.7780004739761353,1,quasar,0.6749014854431152,1,quasar,0.5360459685325623
1095,1,quasar,1,quasar,True,1,quasar,True,True,1,quasar,0.9561654925346375,1,quasar,0.8502979278564453,1,quasar,0.7293770909309387,1,quasar,0.8488559126853943,1,quasar,0.7013859152793884,1,quasar,0.7226086854934692
1096,1,quasar,1,quasar,True,1,quasar,True,True,1,quasar,0.94279944896698,1,quasar,0.9124191999435425,1,quasar,0.6692079305648804,1,quasar,0.733097493648529,1,quasar,0.6235141158103943,1,quasar,0.7387195229530334
1097,1,quasar,1,quasar,True,1,quasar,True,True,1,quasar,0.9850400686264038,1,quasar,0.9843817353248596,1,quasar,0.8617367148399353,1,quasar,0.5421350002288818,1,quasar,0.9744171500205994,1,quasar,0.8812294006347656
1098,1,quasar,1,quasar,True,1,quasar,True,True,1,quasar,0.9669181704521179,1,quasar,0.9740129709243774,1,quasar,0.7474585175514221,1,quasar,0.8508371114730835,1,quasar,0.7974075675010681,1,quasar,0.8569453358650208
1099,1,quasar,1,quasar,True,1,quasar,True,True,1,quasar,0.9440193772315979,1,quasar,0.9186443090438843,1,quasar,0.7873119711875916,1,quasar,0.844128429889679,1,quasar,0.9429125189781189,1,quasar,0.8338338732719421
1100,1,quasar,1,quasar,True,1,quasar,True,True,1,quasar,0.8594260811805725,1,quasar,0.9422010183334351,1,quasar,0.7760009765625,2,star,0.5308346748352051,1,quasar,0.8154039978981018,1,quasar,0.7536853551864624
1101,1,quasar,1,quasar,True,1,quasar,True,True,1,quasar,0.9894468784332275,1,quasar,0.9978654980659485,1,quasar,0.70453941822052,1,quasar,0.742613673210144,1,quasar,0.7135390043258667,1,quasar,0.8162261247634888
1102,1,quasar,1,quasar,True,1,quasar,True,True,1,quasar,0.9830191731452942,1,quasar,0.9852020144462585,1,quasar,0.738575279712677,1,quasar,0.845060408115387,1,quasar,0.7528274655342102,1,quasar,0.8323160409927368
1103,1,quasar,1,quasar,True,1,quasar,True,True,1,quasar,0.9499080777168274,1,quasar,0.8849879503250122,1,quasar,0.6596852540969849,1,quasar,0.6861568093299866,1,quasar,0.7535161375999451,1,quasar,0.7311739325523376
1104,1,quasar,1,quasar,True,1,quasar,True,True,1,quasar,0.5041477084159851,1,quasar,0.7396894693374634,1,quasar,0.5870245099067688,1,quasar,0.4934902489185333,1,quasar,0.8734144568443298,1,quasar,0.6378125548362732
1105,1,quasar,1,quasar,True,1,quasar,True,True,1,quasar,0.9806148409843445,1,quasar,0.9561030268669128,1,quasar,0.7830308675765991,1,quasar,0.8660076260566711,1,quasar,0.9329002499580383,1,quasar,0.908900797367096
1106,1,quasar,1,quasar,True,1,quasar,True,True,1,quasar,0.9851229786872864,1,quasar,0.8855895400047302,1,quasar,0.8334522843360901,1,quasar,0.9144138693809509,1,quasar,0.965061604976654,1,quasar,0.9055665731430054
1107,1,quasar,1,quasar,True,1,quasar,True,True,1,quasar,0.9906300902366638,1,quasar,0.97687828540802,1,quasar,0.729762852191925,1,quasar,0.7974380254745483,1,quasar,0.8000041842460632,1,quasar,0.7834083437919617
1108,1,quasar,1,quasar,True,1,quasar,True,True,1,quasar,0.9610657095909119,1,quasar,0.9832628965377808,1,quasar,0.8809148073196411,1,quasar,0.8475111126899719,1,quasar,0.9717382192611694,1,quasar,0.9493665099143982
1109,1,quasar,1,quasar,True,1,quasar,True,True,2,star,0.5200124979019165,1,quasar,0.6652782559394836,1,quasar,0.6109609007835388,1,quasar,0.7603297829627991,1,quasar,0.5567586421966553,2,star,0.6085585951805115
1110,1,quasar,1,quasar,True,1,quasar,True,True,1,quasar,0.9681084156036377,1,quasar,0.5782655477523804,1,quasar,0.8106027841567993,1,quasar,0.7317658066749573,1,quasar,0.8782002925872803,2,star,0.5469250082969666
1111,1,quasar,1,quasar,True,1,quasar,True,True,1,quasar,0.988914430141449,1,quasar,0.9771883487701416,1,quasar,0.7595800161361694,1,quasar,0.7074704170227051,1,quasar,0.8935327529907227,1,quasar,0.47720515727996826
1112,1,quasar,1,quasar,True,1,quasar,True,True,1,quasar,0.7762145400047302,2,star,0.5597968101501465,1,quasar,0.7493119239807129,1,quasar,0.7955226302146912,1,quasar,0.804445743560791,1,quasar,0.38710111379623413
1113,1,quasar,1,quasar,True,1,quasar,True,True,1,quasar,0.9107080101966858,1,quasar,0.9809151887893677,1,quasar,0.7542011141777039,1,quasar,0.781219482421875,1,quasar,0.9264549612998962,1,quasar,0.6413221955299377
1114,1,quasar,1,quasar,True,1,quasar,True,True,1,quasar,0.816993772983551,1,quasar,0.8945382237434387,1,quasar,0.7379745244979858,1,quasar,0.8744305372238159,1,quasar,0.9692707657814026,1,quasar,0.42438897490501404
1115,1,quasar,1,quasar,True,1,quasar,True,True,1,quasar,0.8456636667251587,2,star,0.5639457106590271,1,quasar,0.5996621251106262,2,star,0.7129900455474854,1,quasar,0.6544890999794006,2,star,0.455091267824173
1116,1,quasar,1,quasar,True,1,quasar,True,True,1,quasar,0.9067894816398621,1,quasar,0.6493823528289795,1,quasar,0.7361329793930054,1,quasar,0.8174691796302795,1,quasar,0.6923002600669861,1,quasar,0.7199408411979675
1117,1,quasar,1,quasar,True,1,quasar,True,True,1,quasar,0.8226558566093445,1,quasar,0.8955302238464355,1,quasar,0.643508791923523,1,quasar,0.7506658434867859,1,quasar,0.9400830268859863,2,star,0.508569598197937
1118,1,quasar,1,quasar,True,1,quasar,True,True,1,quasar,0.8366722464561462,1,quasar,0.9349147081375122,1,quasar,0.8411749601364136,1,quasar,0.7201618552207947,1,quasar,0.9696774482727051,1,quasar,0.5551941990852356
1119,1,quasar,1,quasar,True,1,quasar,True,True,1,quasar,0.9208114743232727,1,quasar,0.8658692240715027,1,quasar,0.8333728909492493,1,quasar,0.8799517154693604,1,quasar,0.9515193700790405,1,quasar,0.5829901099205017
1120,1,quasar,1,quasar,True,1,quasar,True,True,1,quasar,0.8095225691795349,1,quasar,0.7885584831237793,1,quasar,0.8123862743377686,1,quasar,0.8013451099395752,1,quasar,0.8767299056053162,2,star,0.4992997348308563
1121,1,quasar,1,quasar,True,1,quasar,True,True,1,quasar,0.6459898948669434,2,star,0.532340407371521,1,quasar,0.7080109119415283,1,quasar,0.507000744342804,1,quasar,0.8340800404548645,1,quasar,0.5545093417167664
1122,1,quasar,1,quasar,True,1,quasar,True,True,1,quasar,0.9648248553276062,1,quasar,0.7730688452720642,1,quasar,0.7691743969917297,1,quasar,0.8391832113265991,1,quasar,0.9164054989814758,1,quasar,0.483614057302475
1123,1,quasar,1,quasar,True,1,quasar,True,True,1,quasar,0.6891026496887207,1,quasar,0.8397876620292664,1,quasar,0.6696714162826538,1,quasar,0.7335548400878906,1,quasar,0.6030253171920776,1,quasar,0.5675306916236877
1124,1,quasar,1,quasar,True,1,quasar,True,True,1,quasar,0.9351202249526978,1,quasar,0.838367223739624,1,quasar,0.7567592859268188,1,quasar,0.7965294718742371,1,quasar,0.9103674292564392,2,star,0.5664277672767639
1125,1,quasar,1,quasar,True,1,quasar,True,True,1,quasar,0.8640493154525757,2,star,0.630046010017395,1,quasar,0.7178084254264832,1,quasar,0.7626214027404785,1,quasar,0.724769651889801,2,star,0.5115146636962891
1126,1,quasar,1,quasar,True,1,quasar,True,True,1,quasar,0.9267922639846802,2,star,0.6852162480354309,1,quasar,0.5583654046058655,2,star,0.7612555623054504,1,quasar,0.5039798021316528,1,quasar,0.3933621048927307
1127,1,quasar,1,quasar,True,1,quasar,True,True,1,quasar,0.7547538876533508,2,star,0.5478289127349854,1,quasar,0.8318837881088257,1,quasar,0.7437542676925659,1,quasar,0.9244794249534607,0,galaxy,0.4160887598991394
1128,1,quasar,1,quasar,True,2,star,False,False,2,star,0.5343776941299438,2,star,0.8263578414916992,1,quasar,0.5479753613471985,1,quasar,0.5498084425926208,1,quasar,0.6775063276290894,2,star,0.5457195043563843
1129,1,quasar,1,quasar,True,1,quasar,True,True,2,star,0.4973996877670288,2,star,0.5027285218238831,1,quasar,0.7452210187911987,1,quasar,0.7182708382606506,1,quasar,0.7893147468566895,2,star,0.8680941462516785
1130,1,quasar,1,quasar,True,1,quasar,True,True,1,quasar,0.876038134098053,2,star,0.7683320045471191,1,quasar,0.6259416937828064,1,quasar,0.7595574855804443,1,quasar,0.7003602385520935,1,quasar,0.47327733039855957
1131,1,quasar,2,star,False,2,star,False,True,2,star,0.49657171964645386,1,quasar,0.5002264976501465,2,star,0.6154444217681885,2,star,0.47546854615211487,2,star,0.9407736659049988,2,star,0.6587468385696411
1132,1,quasar,1,quasar,True,1,quasar,True,True,1,quasar,0.8152157664299011,1,quasar,0.6565195322036743,1,quasar,0.8407807350158691,1,quasar,0.8903903365135193,1,quasar,0.9679490923881531,1,quasar,0.6568654775619507
1133,1,quasar,1,quasar,True,1,quasar,True,True,1,quasar,0.9210147857666016,1,quasar,0.7848163843154907,1,quasar,0.6998008489608765,1,quasar,0.81891930103302,1,quasar,0.8696205019950867,2,star,0.6154102683067322
1134,1,quasar,1,quasar,True,1,quasar,True,True,1,quasar,0.9745686054229736,1,quasar,0.975051760673523,1,quasar,0.7686665058135986,1,quasar,0.8370484113693237,1,quasar,0.7712581753730774,1,quasar,0.6908472180366516
1135,1,quasar,1,quasar,True,1,quasar,True,True,1,quasar,0.914040744304657,1,quasar,0.9570195078849792,1,quasar,0.8090177774429321,1,quasar,0.8891064524650574,1,quasar,0.9598504304885864,1,quasar,0.5191463232040405
1136,1,quasar,1,quasar,True,1,quasar,True,True,1,quasar,0.7101764678955078,2,star,0.4984135925769806,1,quasar,0.7006813883781433,1,quasar,0.774721086025238,1,quasar,0.8721013069152832,1,quasar,0.5698250532150269
1137,1,quasar,1,quasar,True,2,star,False,False,2,star,0.6457425951957703,2,star,0.5666210651397705,1,quasar,0.6665443181991577,1,quasar,0.6886292695999146,1,quasar,0.6257365345954895,2,star,0.8215952515602112
1138,1,quasar,1,quasar,True,1,quasar,True,True,1,quasar,0.9032828211784363,1,quasar,0.8417181968688965,1,quasar,0.7395843267440796,1,quasar,0.6464545726776123,1,quasar,0.9605794548988342,1,quasar,0.5125564336776733
1139,1,quasar,1,quasar,True,1,quasar,True,True,1,quasar,0.8763294219970703,1,quasar,0.613919198513031,1,quasar,0.6311546564102173,1,quasar,0.7849787473678589,1,quasar,0.6687185764312744,0,galaxy,0.42298775911331177
1140,1,quasar,1,quasar,True,1,quasar,True,True,1,quasar,0.5544630289077759,1,quasar,0.41439372301101685,1,quasar,0.48401325941085815,1,quasar,0.52199786901474,1,quasar,0.9087908267974854,2,star,0.5360071063041687
1141,1,quasar,1,quasar,True,1,quasar,True,True,1,quasar,0.7867047190666199,1,quasar,0.8387108445167542,1,quasar,0.7929133772850037,1,quasar,0.6484221816062927,1,quasar,0.8134604692459106,1,quasar,0.534672737121582
1142,1,quasar,1,quasar,True,1,quasar,True,True,1,quasar,0.8002456426620483,1,quasar,0.9608503580093384,2,star,0.7096065878868103,2,star,0.5257582068443298,1,quasar,0.7951349020004272,1,quasar,0.4571668207645416
1143,1,quasar,1,quasar,True,1,quasar,True,True,2,star,0.5547391176223755,2,star,0.44883522391319275,1,quasar,0.5015336871147156,1,quasar,0.8270183205604553,1,quasar,0.8901841044425964,2,star,0.42567941546440125
1144,1,quasar,1,quasar,True,1,quasar,True,True,1,quasar,0.8580603003501892,1,quasar,0.971470296382904,1,quasar,0.7308470606803894,1,quasar,0.592864453792572,1,quasar,0.7768234014511108,2,star,0.5165945291519165
1145,1,quasar,1,quasar,True,1,quasar,True,True,1,quasar,0.9560713171958923,1,quasar,0.7222718000411987,1,quasar,0.6550097465515137,1,quasar,0.5801892876625061,1,quasar,0.723971962928772,2,star,0.5912060141563416
1146,1,quasar,1,quasar,True,1,quasar,True,True,1,quasar,0.712785005569458,1,quasar,0.5928550958633423,1,quasar,0.5647111535072327,1,quasar,0.8119837045669556,1,quasar,0.76999831199646,1,quasar,0.6691932678222656
1147,1,quasar,1,quasar,True,1,quasar,True,True,1,quasar,0.588936984539032,1,quasar,0.5904542803764343,1,quasar,0.6278140544891357,1,quasar,0.7475825548171997,1,quasar,0.5968644022941589,0,galaxy,0.48710235953330994
1148,1,quasar,1,quasar,True,1,quasar,True,True,1,quasar,0.7439724802970886,1,quasar,0.7938765287399292,1,quasar,0.6574337482452393,1,quasar,0.6557826399803162,1,quasar,0.5663623809814453,1,quasar,0.5151119232177734
1149,1,quasar,1,quasar,True,1,quasar,True,True,1,quasar,0.8337198495864868,2,star,0.6428566575050354,1,quasar,0.6496176719665527,1,quasar,0.8737605214118958,1,quasar,0.9234189391136169,2,star,0.44589388370513916
1150,1,quasar,0,galaxy,False,0,galaxy,False,True,1,quasar,0.6592174768447876,0,galaxy,0.5231692790985107,0,galaxy,0.9483002424240112,0,galaxy,0.6471454501152039,0,galaxy,0.7767610549926758,0,galaxy,0.41932016611099243
1151,1,quasar,1,quasar,True,1,quasar,True,True,1,quasar,0.7773870825767517,1,quasar,0.8137539029121399,1,quasar,0.7392790913581848,1,quasar,0.5552407503128052,1,quasar,0.8030378222465515,2,star,0.6486034989356995
1152,1,quasar,0,galaxy,False,0,galaxy,False,True,0,galaxy,0.8986909985542297,0,galaxy,0.9325647354125977,0,galaxy,0.9861882328987122,0,galaxy,0.9063962697982788,0,galaxy,0.9820338487625122,0,galaxy,0.6837955713272095
1153,1,quasar,1,quasar,True,1,quasar,True,True,1,quasar,0.8348219394683838,2,star,0.6905882954597473,1,quasar,0.6549782752990723,2,star,0.5088831782341003,1,quasar,0.949683666229248,2,star,0.8438864946365356
1154,1,quasar,1,quasar,True,2,star,False,False,1,quasar,0.7426422834396362,2,star,0.7061118483543396,2,star,0.7722023129463196,1,quasar,0.5693248510360718,0,galaxy,0.8400716781616211,1,quasar,0.3756093978881836
1155,1,quasar,1,quasar,True,1,quasar,True,True,2,star,0.40660998225212097,1,quasar,0.6161550879478455,1,quasar,0.4700509309768677,1,quasar,0.5742126703262329,1,quasar,0.7017243504524231,1,quasar,0.3666950762271881
1156,1,quasar,1,quasar,True,1,quasar,True,True,1,quasar,0.9176626801490784,1,quasar,0.977323055267334,1,quasar,0.63348788022995,1,quasar,0.7682448029518127,1,quasar,0.7901061773300171,1,quasar,0.4564068913459778
1157,1,quasar,1,quasar,True,1,quasar,True,True,1,quasar,0.8052526712417603,1,quasar,0.8287345170974731,1,quasar,0.6982220411300659,1,quasar,0.8028750419616699,1,quasar,0.871567964553833,1,quasar,0.6171170473098755
1158,1,quasar,1,quasar,True,1,quasar,True,True,1,quasar,0.9248525500297546,2,star,0.6413230299949646,1,quasar,0.762444794178009,2,star,0.8324423432350159,1,quasar,0.7437628507614136,1,quasar,0.6162927150726318
1159,1,quasar,1,quasar,True,1,quasar,True,True,1,quasar,0.8707650303840637,1,quasar,0.8262175917625427,1,quasar,0.7367837429046631,1,quasar,0.8655966520309448,1,quasar,0.8988629579544067,1,quasar,0.9935780763626099
1160,1,quasar,1,quasar,True,1,quasar,True,True,1,quasar,0.9854114055633545,1,quasar,0.9344373941421509,1,quasar,0.8604752421379089,1,quasar,0.8618810176849365,1,quasar,0.9529697895050049,1,quasar,0.8851495981216431
1161,1,quasar,1,quasar,True,1,quasar,True,True,1,quasar,0.5813249349594116,2,star,0.9146172404289246,1,quasar,0.8118829131126404,1,quasar,0.7373132109642029,1,quasar,0.94016033411026,1,quasar,0.8758544325828552
1162,1,quasar,1,quasar,True,1,quasar,True,True,1,quasar,0.5222819447517395,2,star,0.9775616526603699,1,quasar,0.7067016363143921,1,quasar,0.5918870568275452,1,quasar,0.8184911012649536,1,quasar,0.5277246832847595
1163,1,quasar,1,quasar,True,1,quasar,True,True,1,quasar,0.9894752502441406,1,quasar,0.9844925403594971,1,quasar,0.714514970779419,1,quasar,0.5981420874595642,1,quasar,0.7057166695594788,1,quasar,0.7812612056732178
1164,1,quasar,1,quasar,True,1,quasar,True,True,1,quasar,0.6148903965950012,1,quasar,0.6251035928726196,1,quasar,0.6505382657051086,1,quasar,0.8188820481300354,1,quasar,0.8897369503974915,1,quasar,0.6714991927146912
1165,1,quasar,1,quasar,True,1,quasar,True,True,1,quasar,0.9849573373794556,1,quasar,0.9455751180648804,1,quasar,0.7346168756484985,1,quasar,0.8945446610450745,1,quasar,0.7362596392631531,1,quasar,0.8897885680198669
1166,1,quasar,1,quasar,True,1,quasar,True,True,1,quasar,0.9612919092178345,1,quasar,0.9125917553901672,1,quasar,0.7566553354263306,1,quasar,0.8263126611709595,1,quasar,0.8119894862174988,1,quasar,0.8450724482536316
1167,1,quasar,1,quasar,True,1,quasar,True,True,1,quasar,0.9455098509788513,1,quasar,0.9732246994972229,1,quasar,0.7794983386993408,1,quasar,0.8356622457504272,1,quasar,0.7973169088363647,1,quasar,0.8322039246559143
1168,1,quasar,1,quasar,True,1,quasar,True,True,1,quasar,0.9161939024925232,1,quasar,0.9199220538139343,1,quasar,0.7239347100257874,1,quasar,0.6009845733642578,1,quasar,0.6999287009239197,1,quasar,0.8145334720611572
1169,1,quasar,1,quasar,True,1,quasar,True,True,1,quasar,0.9873793125152588,1,quasar,0.7932865023612976,1,quasar,0.6656458973884583,1,quasar,0.49580711126327515,1,quasar,0.7782255411148071,1,quasar,0.8061253428459167
1170,1,quasar,1,quasar,True,1,quasar,True,True,1,quasar,0.9843155741691589,1,quasar,0.940481960773468,1,quasar,0.7048592567443848,1,quasar,0.89063560962677,1,quasar,0.6815813779830933,1,quasar,0.7641562223434448
1171,1,quasar,1,quasar,True,1,quasar,True,True,1,quasar,0.9805229306221008,1,quasar,0.9798020720481873,1,quasar,0.6755850315093994,1,quasar,0.8019914627075195,1,quasar,0.7213795185089111,1,quasar,0.7844886779785156
1172,1,quasar,1,quasar,True,1,quasar,True,True,0,galaxy,0.6478586196899414,1,quasar,0.8338858485221863,1,quasar,0.40119364857673645,1,quasar,0.5970453023910522,1,quasar,0.710098147392273,1,quasar,0.6910091638565063
1173,1,quasar,1,quasar,True,2,star,False,False,2,star,0.8034878373146057,2,star,0.7713356614112854,1,quasar,0.7652592658996582,2,star,0.5446852445602417,1,quasar,0.6175116300582886,1,quasar,0.7016912698745728
1174,1,quasar,1,quasar,True,1,quasar,True,True,1,quasar,0.9824696779251099,1,quasar,0.7667530179023743,1,quasar,0.7198603749275208,2,star,0.919192910194397,1,quasar,0.9124439358711243,1,quasar,0.9357081055641174
1175,1,quasar,1,quasar,True,1,quasar,True,True,1,quasar,0.8171724081039429,2,star,0.9816269278526306,1,quasar,0.7020538449287415,1,quasar,0.6214686632156372,1,quasar,0.7697023749351501,1,quasar,0.7581826448440552
1176,1,quasar,1,quasar,True,1,quasar,True,True,1,quasar,0.9824768900871277,1,quasar,0.9636964797973633,1,quasar,0.8017809987068176,1,quasar,0.9100606441497803,1,quasar,0.9343686103820801,1,quasar,0.8227728605270386
1177,1,quasar,1,quasar,True,1,quasar,True,True,1,quasar,0.9544035792350769,1,quasar,0.5005151033401489,1,quasar,0.8646507263183594,1,quasar,0.5595746636390686,1,quasar,0.9180419445037842,1,quasar,0.6331537365913391
1178,1,quasar,1,quasar,True,1,quasar,True,True,1,quasar,0.9913851022720337,1,quasar,0.9669860601425171,1,quasar,0.7343118190765381,1,quasar,0.8422073721885681,1,quasar,0.8970882892608643,1,quasar,0.7564412355422974
1179,1,quasar,1,quasar,True,1,quasar,True,True,1,quasar,0.9937841892242432,1,quasar,0.9546309113502502,1,quasar,0.7823163270950317,1,quasar,0.7734291553497314,1,quasar,0.8739057183265686,1,quasar,0.7675500512123108
1180,1,quasar,1,quasar,True,1,quasar,True,True,1,quasar,0.9355208873748779,1,quasar,0.9680942296981812,1,quasar,0.7612702250480652,1,quasar,0.9020297527313232,1,quasar,0.927208662033081,1,quasar,0.7832099795341492
1181,1,quasar,1,quasar,True,1,quasar,True,True,1,quasar,0.9960256814956665,1,quasar,0.9868564009666443,1,quasar,0.7697705030441284,1,quasar,0.8998622894287109,1,quasar,0.9612087607383728,1,quasar,0.8167937994003296
1182,1,quasar,1,quasar,True,1,quasar,True,True,1,quasar,0.9432858228683472,2,star,0.5359363555908203,2,star,0.48215892910957336,1,quasar,0.561348557472229,1,quasar,0.9027515053749084,1,quasar,0.49543142318725586
1183,1,quasar,1,quasar,True,1,quasar,True,True,1,quasar,0.8504380583763123,1,quasar,0.7793837785720825,1,quasar,0.5628159642219543,2,star,0.5393430590629578,1,quasar,0.7936380505561829,1,quasar,0.4887648820877075
1184,1,quasar,1,quasar,True,1,quasar,True,True,1,quasar,0.9270473718643188,2,star,0.6289702653884888,1,quasar,0.6905819177627563,1,quasar,0.8006523251533508,1,quasar,0.6865124106407166,1,quasar,0.6363612413406372
1185,1,quasar,1,quasar,True,1,quasar,True,True,1,quasar,0.8728569149971008,2,star,0.4898501932621002,1,quasar,0.8138049840927124,1,quasar,0.5030272006988525,1,quasar,0.9410828351974487,1,quasar,0.6070565581321716
1186,1,quasar,1,quasar,True,1,quasar,True,True,1,quasar,0.9055538177490234,2,star,0.7165707349777222,1,quasar,0.5502379536628723,2,star,0.6035231351852417,1,quasar,0.8325450420379639,1,quasar,0.7372173070907593
1187,1,quasar,1,quasar,True,1,quasar,True,True,1,quasar,0.968703031539917,1,quasar,0.9125780463218689,1,quasar,0.7035995721817017,1,quasar,0.8820073008537292,1,quasar,0.7853260636329651,1,quasar,0.7106991410255432
1188,1,quasar,1,quasar,True,1,quasar,True,True,1,quasar,0.8770089149475098,2,star,0.5299116373062134,1,quasar,0.6444380283355713,1,quasar,0.8151592016220093,1,quasar,0.7902287244796753,1,quasar,0.6114768981933594
1189,1,quasar,1,quasar,True,1,quasar,True,True,1,quasar,0.9917821884155273,1,quasar,0.8964834213256836,1,quasar,0.7465291619300842,1,quasar,0.8536625504493713,1,quasar,0.8561522364616394,1,quasar,0.7295659780502319
1190,1,quasar,1,quasar,True,1,quasar,True,True,1,quasar,0.9728654026985168,1,quasar,0.8832274079322815,1,quasar,0.7924734354019165,1,quasar,0.8848100304603577,1,quasar,0.9409307837486267,1,quasar,0.7206709384918213
1191,1,quasar,1,quasar,True,1,quasar,True,True,1,quasar,0.9807857871055603,1,quasar,0.8943586349487305,1,quasar,0.7700924873352051,1,quasar,0.8515535593032837,1,quasar,0.8563985824584961,1,quasar,0.7468040585517883
1192,1,quasar,0,galaxy,False,0,galaxy,False,True,0,galaxy,0.5023128986358643,0,galaxy,0.5533102750778198,0,galaxy,0.913844883441925,0,galaxy,0.5728078484535217,0,galaxy,0.8031042814254761,0,galaxy,0.4885714054107666
1193,1,quasar,1,quasar,True,1,quasar,True,True,1,quasar,0.9710330367088318,1,quasar,0.7178061008453369,1,quasar,0.5870232582092285,1,quasar,0.5439005494117737,1,quasar,0.8737679123878479,1,quasar,0.5913122296333313
1194,1,quasar,1,quasar,True,1,quasar,True,True,1,quasar,0.9830368161201477,1,quasar,0.9688847661018372,1,quasar,0.7905149459838867,1,quasar,0.7802788615226746,1,quasar,0.8903239369392395,1,quasar,0.7157293558120728
1195,1,quasar,1,quasar,True,1,quasar,True,True,1,quasar,0.5862284302711487,1,quasar,0.9255861043930054,0,galaxy,0.4345244765281677,1,quasar,0.6362919211387634,1,quasar,0.853804349899292,0,galaxy,0.45230111479759216
1196,1,quasar,1,quasar,True,1,quasar,True,True,1,quasar,0.8095449805259705,1,quasar,0.8573563694953918,1,quasar,0.583762526512146,1,quasar,0.7639995217323303,1,quasar,0.6376348733901978,0,galaxy,0.652768611907959
1197,1,quasar,1,quasar,True,1,quasar,True,True,1,quasar,0.9452232718467712,1,quasar,0.7719092965126038,1,quasar,0.8158553838729858,1,quasar,0.6940590143203735,1,quasar,0.848524808883667,1,quasar,0.4627119302749634
1198,1,quasar,1,quasar,True,1,quasar,True,True,1,quasar,0.909105658531189,1,quasar,0.941908597946167,1,quasar,0.657926619052887,1,quasar,0.8319104909896851,1,quasar,0.6132668852806091,1,quasar,0.6863158345222473
1199,1,quasar,1,quasar,True,1,quasar,True,True,1,quasar,0.9876921772956848,1,quasar,0.9942756295204163,1,quasar,0.7391919493675232,1,quasar,0.7775359153747559,1,quasar,0.8966299295425415,1,quasar,0.9260625839233398
1200,1,quasar,1,quasar,True,1,quasar,True,True,1,quasar,0.9601161479949951,1,quasar,0.9351426362991333,1,quasar,0.7405946254730225,1,quasar,0.7684974670410156,1,quasar,0.8728371262550354,1,quasar,0.9021158814430237
1201,1,quasar,1,quasar,True,1,quasar,True,True,1,quasar,0.9909532070159912,1,quasar,0.9796808958053589,1,quasar,0.8594369292259216,1,quasar,0.8300295472145081,1,quasar,0.9493922591209412,1,quasar,0.9789547920227051
1202,1,quasar,1,quasar,True,1,quasar,True,True,1,quasar,0.9813940525054932,1,quasar,0.9415333271026611,1,quasar,0.7632997632026672,1,quasar,0.6702986359596252,1,quasar,0.8862622976303101,1,quasar,0.9835510849952698
1203,1,quasar,1,quasar,True,1,quasar,True,True,1,quasar,0.9905163645744324,2,star,0.5434131622314453,1,quasar,0.8283389210700989,1,quasar,0.605563759803772,1,quasar,0.9659121632575989,1,quasar,0.8877089619636536
1204,1,quasar,1,quasar,True,1,quasar,True,True,1,quasar,0.9657562375068665,1,quasar,0.9868341088294983,1,quasar,0.7759226560592651,1,quasar,0.6432377099990845,1,quasar,0.7992899417877197,1,quasar,0.9434046745300293
1205,1,quasar,1,quasar,True,1,quasar,True,True,1,quasar,0.9742766618728638,1,quasar,0.9890194535255432,1,quasar,0.8427891135215759,1,quasar,0.8403017520904541,1,quasar,0.9658612012863159,1,quasar,0.953772246837616
1206,1,quasar,1,quasar,True,1,quasar,True,True,1,quasar,0.9101434946060181,1,quasar,0.8200317025184631,1,quasar,0.8278403282165527,1,quasar,0.8436188101768494,1,quasar,0.9680662751197815,1,quasar,0.538408100605011
1207,1,quasar,1,quasar,True,1,quasar,True,True,1,quasar,0.9110264182090759,1,quasar,0.9103584289550781,1,quasar,0.737576961517334,1,quasar,0.8379408121109009,1,quasar,0.806124746799469,1,quasar,0.6758995056152344
1208,1,quasar,2,star,False,2,star,False,True,2,star,0.6800084114074707,2,star,0.6324384808540344,2,star,0.5390663146972656,2,star,0.7059181332588196,1,quasar,0.7517196536064148,2,star,0.5262839198112488
1209,1,quasar,1,quasar,True,1,quasar,True,True,1,quasar,0.9955570101737976,1,quasar,0.9967014193534851,1,quasar,0.7437260150909424,1,quasar,0.6380599737167358,1,quasar,0.7618482708930969,1,quasar,0.7566205263137817
1210,1,quasar,1,quasar,True,1,quasar,True,True,1,quasar,0.7132893204689026,2,star,0.5653961896896362,1,quasar,0.7205173969268799,1,quasar,0.8620951175689697,1,quasar,0.6263506412506104,1,quasar,0.5011337995529175
1211,1,quasar,1,quasar,True,1,quasar,True,True,1,quasar,0.809413731098175,1,quasar,0.6356551647186279,1,quasar,0.6968839168548584,1,quasar,0.8435847759246826,1,quasar,0.6277532577514648,1,quasar,0.6002341508865356
1212,1,quasar,1,quasar,True,1,quasar,True,True,1,quasar,0.821251392364502,1,quasar,0.5450491309165955,1,quasar,0.7119706869125366,1,quasar,0.8131793141365051,1,quasar,0.7854241728782654,2,star,0.5636174082756042
1213,1,quasar,1,quasar,True,1,quasar,True,True,1,quasar,0.9947974681854248,1,quasar,0.9791935086250305,1,quasar,0.7411221265792847,1,quasar,0.8621068000793457,1,quasar,0.6803568601608276,1,quasar,0.6545706391334534
1214,1,quasar,1,quasar,True,1,quasar,True,True,1,quasar,0.6727074384689331,2,star,0.5354536771774292,1,quasar,0.6785895228385925,1,quasar,0.788899302482605,2,star,0.6781467795372009,1,quasar,0.6475024223327637
1215,1,quasar,1,quasar,True,1,quasar,True,True,1,quasar,0.9635303616523743,1,quasar,0.9437997341156006,1,quasar,0.733474612236023,1,quasar,0.8370285630226135,1,quasar,0.966775119304657,1,quasar,0.611299455165863
1216,1,quasar,1,quasar,True,1,quasar,True,True,1,quasar,0.9125516414642334,1,quasar,0.5704506039619446,1,quasar,0.8082304000854492,1,quasar,0.8162824511528015,1,quasar,0.9528094530105591,1,quasar,0.7645097970962524
1217,1,quasar,1,quasar,True,1,quasar,True,True,1,quasar,0.920610785484314,1,quasar,0.9647918939590454,1,quasar,0.753202497959137,1,quasar,0.8336068987846375,1,quasar,0.9280860424041748,1,quasar,0.5234583020210266
1218,1,quasar,1,quasar,True,1,quasar,True,True,1,quasar,0.9719617366790771,2,star,0.5660552382469177,1,quasar,0.8420304656028748,1,quasar,0.6575120091438293,1,quasar,0.9625508785247803,1,quasar,0.5544266700744629
1219,1,quasar,1,quasar,True,1,quasar,True,True,1,quasar,0.975486695766449,1,quasar,0.5357792377471924,1,quasar,0.7236142754554749,1,quasar,0.8756355047225952,1,quasar,0.7283483743667603,1,quasar,0.5788173675537109
1220,1,quasar,2,star,False,2,star,False,True,2,star,0.7833992838859558,2,star,0.6338938474655151,2,star,0.706840991973877,2,star,0.9308933615684509,1,quasar,0.53364098072052,1,quasar,0.4161509573459625
1221,1,quasar,1,quasar,True,1,quasar,True,True,1,quasar,0.8673690557479858,1,quasar,0.7365067005157471,1,quasar,0.8344132304191589,1,quasar,0.7966905832290649,1,quasar,0.9523506164550781,2,star,0.5052818059921265
1222,1,quasar,1,quasar,True,1,quasar,True,True,1,quasar,0.6381896734237671,2,star,0.6058474779129028,1,quasar,0.7403509020805359,1,quasar,0.6703554391860962,1,quasar,0.7976449728012085,2,star,0.45250117778778076
1223,1,quasar,1,quasar,True,1,quasar,True,True,1,quasar,0.8629562854766846,1,quasar,0.5921051502227783,1,quasar,0.7054044604301453,1,quasar,0.7677695155143738,1,quasar,0.6019251346588135,1,quasar,0.38293230533599854
1224,1,quasar,2,star,False,2,star,False,True,2,star,0.8665435910224915,2,star,0.5899087190628052,2,star,0.7966768145561218,2,star,0.4903821647167206,2,star,0.7426648736000061,2,star,0.5335029363632202
1225,1,quasar,1,quasar,True,1,quasar,True,True,1,quasar,0.9720802307128906,1,quasar,0.8843694925308228,1,quasar,0.7420173287391663,1,quasar,0.7840390801429749,1,quasar,0.6000696420669556,1,quasar,0.5446527600288391
1226,1,quasar,1,quasar,True,1,quasar,True,True,1,quasar,0.8000425696372986,1,quasar,0.8308879137039185,1,quasar,0.6244850158691406,1,quasar,0.6837881803512573,1,quasar,0.6652282476425171,1,quasar,0.46802595257759094
1227,1,quasar,1,quasar,True,1,quasar,True,True,1,quasar,0.8396687507629395,1,quasar,0.5942440032958984,1,quasar,0.6987473368644714,1,quasar,0.7165250778198242,1,quasar,0.7620874047279358,1,quasar,0.5895909667015076
1228,1,quasar,1,quasar,True,1,quasar,True,True,1,quasar,0.9069519639015198,1,quasar,0.9508612155914307,1,quasar,0.7995995879173279,1,quasar,0.6613781452178955,1,quasar,0.940136194229126,1,quasar,0.526984453201294
1229,1,quasar,1,quasar,True,1,quasar,True,True,1,quasar,0.9221810698509216,1,quasar,0.8384552597999573,1,quasar,0.7582489252090454,1,quasar,0.6076984405517578,1,quasar,0.7672180533409119,1,quasar,0.4383472800254822
1230,1,quasar,0,galaxy,False,0,galaxy,False,True,1,quasar,0.42386487126350403,0,galaxy,0.514647901058197,0,galaxy,0.9114293456077576,1,quasar,0.5949340462684631,1,quasar,0.7190446853637695,0,galaxy,0.7616109848022461
1231,1,quasar,1,quasar,True,1,quasar,True,True,1,quasar,0.9137043356895447,1,quasar,0.7734992504119873,1,quasar,0.8562933802604675,1,quasar,0.8272653818130493,1,quasar,0.9668188691139221,1,quasar,0.5114204287528992
1232,1,quasar,1,quasar,True,1,quasar,True,True,1,quasar,0.768449604511261,1,quasar,0.7807767987251282,1,quasar,0.8137431740760803,1,quasar,0.6306514143943787,1,quasar,0.8804572820663452,1,quasar,0.5592948794364929
1233,1,quasar,1,quasar,True,1,quasar,True,True,1,quasar,0.9083691835403442,1,quasar,0.7042343020439148,1,quasar,0.6811267137527466,1,quasar,0.7801075577735901,1,quasar,0.6534936428070068,1,quasar,0.4357217848300934
1234,1,quasar,1,quasar,True,1,quasar,True,True,1,quasar,0.6372178792953491,1,quasar,0.4635617136955261,1,quasar,0.5527500510215759,1,quasar,0.7958047986030579,1,quasar,0.7026790380477905,2,star,0.5000066757202148
1235,1,quasar,1,quasar,True,1,quasar,True,True,1,quasar,0.8942441940307617,2,star,0.793595552444458,1,quasar,0.7263331413269043,1,quasar,0.6363271474838257,1,quasar,0.5832813382148743,2,star,0.5009755492210388
1236,1,quasar,1,quasar,True,1,quasar,True,True,1,quasar,0.8997859358787537,1,quasar,0.7011945843696594,1,quasar,0.665439248085022,1,quasar,0.669018030166626,1,quasar,0.7899004220962524,2,star,0.6762322187423706
1237,1,quasar,1,quasar,True,1,quasar,True,True,1,quasar,0.8314359188079834,2,star,0.5293434262275696,1,quasar,0.7012989521026611,1,quasar,0.5137189626693726,1,quasar,0.5502921938896179,2,star,0.6261124014854431
1238,1,quasar,1,quasar,True,1,quasar,True,True,1,quasar,0.6092062592506409,1,quasar,0.6994504332542419,1,quasar,0.7192573547363281,1,quasar,0.780910313129425,1,quasar,0.6634463667869568,2,star,0.5077081322669983
1239,1,quasar,1,quasar,True,1,quasar,True,True,1,quasar,0.6552199721336365,2,star,0.4976169168949127,1,quasar,0.6483978033065796,1,quasar,0.5515628457069397,2,star,0.5408862233161926,2,star,0.48123490810394287
1240,1,quasar,1,quasar,True,1,quasar,True,True,1,quasar,0.6713414788246155,2,star,0.6611136794090271,1,quasar,0.6380141377449036,1,quasar,0.7450491189956665,2,star,0.5165789723396301,2,star,0.6094094514846802
1241,1,quasar,1,quasar,True,1,quasar,True,True,1,quasar,0.8605100512504578,1,quasar,0.7338281869888306,1,quasar,0.7240726947784424,1,quasar,0.83538818359375,1,quasar,0.9579167366027832,2,star,0.4631136953830719
1242,1,quasar,1,quasar,True,1,quasar,True,True,1,quasar,0.9561426043510437,1,quasar,0.8631876707077026,1,quasar,0.5329599380493164,1,quasar,0.706955075263977,1,quasar,0.7271530628204346,1,quasar,0.6094402074813843
1243,1,quasar,1,quasar,True,1,quasar,True,True,1,quasar,0.885039210319519,1,quasar,0.5860214829444885,1,quasar,0.745384931564331,1,quasar,0.5124273300170898,1,quasar,0.7561845779418945,1,quasar,0.7187551259994507
1244,1,quasar,1,quasar,True,1,quasar,True,True,1,quasar,0.857354998588562,1,quasar,0.5588897466659546,1,quasar,0.7563145160675049,1,quasar,0.8143306970596313,1,quasar,0.6837706565856934,0,galaxy,0.4092514216899872
1245,1,quasar,1,quasar,True,1,quasar,True,True,1,quasar,0.6154921054840088,2,star,0.5815029740333557,1,quasar,0.6746950745582581,1,quasar,0.750656008720398,1,quasar,0.6007761359214783,2,star,0.40675660967826843
1246,1,quasar,2,star,False,2,star,False,True,0,galaxy,0.36960121989250183,2,star,0.5594422221183777,2,star,0.6994043588638306,1,quasar,0.6557357907295227,2,star,0.673221230506897,2,star,0.8889143466949463
1247,1,quasar,1,quasar,True,1,quasar,True,True,1,quasar,0.8697853088378906,1,quasar,0.8286659121513367,1,quasar,0.8164963722229004,1,quasar,0.6743676066398621,1,quasar,0.9606581330299377,2,star,0.5933464169502258
1248,1,quasar,1,quasar,True,1,quasar,True,True,1,quasar,0.876068115234375,1,quasar,0.5334298014640808,1,quasar,0.8592081665992737,1,quasar,0.5217741131782532,1,quasar,0.9648447036743164,2,star,0.5802625417709351
1249,1,quasar,1,quasar,True,1,quasar,True,True,1,quasar,0.8515226244926453,2,star,0.5465710163116455,1,quasar,0.6166645884513855,1,quasar,0.6820900440216064,1,quasar,0.6901020407676697,0,galaxy,0.41760122776031494
1250,1,quasar,1,quasar,True,1,quasar,True,True,1,quasar,0.6624420285224915,1,quasar,0.6739211678504944,1,quasar,0.7835045456886292,1,quasar,0.676807165145874,1,quasar,0.9258697628974915,2,star,0.5499860048294067
1251,1,quasar,1,quasar,True,1,quasar,True,True,1,quasar,0.9053959846496582,2,star,0.5078218579292297,1,quasar,0.6241028904914856,1,quasar,0.5896126627922058,1,quasar,0.6703194975852966,1,quasar,0.3944057822227478
1252,1,quasar,1,quasar,True,1,quasar,True,True,1,quasar,0.7700122594833374,1,quasar,0.6318985223770142,1,quasar,0.7219186425209045,1,quasar,0.8194997310638428,1,quasar,0.8349921107292175,2,star,0.49592599272727966
1253,1,quasar,1,quasar,True,1,quasar,True,True,1,quasar,0.8370628952980042,1,quasar,0.8876148462295532,1,quasar,0.8400617241859436,1,quasar,0.837945282459259,1,quasar,0.9545572400093079,1,quasar,0.7223666906356812
1254,1,quasar,1,quasar,True,1,quasar,True,True,1,quasar,0.55855792760849,1,quasar,0.6307823657989502,1,quasar,0.6166635751724243,1,quasar,0.792120635509491,1,quasar,0.5528490543365479,2,star,0.4147188067436218
1255,1,quasar,1,quasar,True,1,quasar,True,True,1,quasar,0.914246678352356,1,quasar,0.88957679271698,1,quasar,0.7022560238838196,1,quasar,0.8084266781806946,1,quasar,0.6700180172920227,1,quasar,0.4438183903694153
1256,1,quasar,1,quasar,True,1,quasar,True,True,1,quasar,0.7219350337982178,2,star,0.7657133340835571,1,quasar,0.8306494355201721,1,quasar,0.8591803908348083,1,quasar,0.9260752201080322,1,quasar,0.8336364030838013
1257,1,quasar,1,quasar,True,1,quasar,True,True,1,quasar,0.6478899121284485,2,star,0.5778200030326843,2,star,0.5452415943145752,1,quasar,0.5689623355865479,1,quasar,0.7620365023612976,2,star,0.5947393178939819
1258,1,quasar,1,quasar,True,1,quasar,True,True,1,quasar,0.8745197057723999,1,quasar,0.9878768920898438,1,quasar,0.7024774551391602,2,star,0.8568435311317444,1,quasar,0.754631519317627,1,quasar,0.8380875587463379
1259,1,quasar,1,quasar,True,1,quasar,True,True,1,quasar,0.7745321393013,1,quasar,0.5371733903884888,1,quasar,0.7765523195266724,1,quasar,0.6369129419326782,1,quasar,0.9149821996688843,1,quasar,0.5886743068695068
1260,1,quasar,0,galaxy,False,0,galaxy,False,True,0,galaxy,0.7446818947792053,0,galaxy,0.9300307035446167,0,galaxy,0.9725170135498047,2,star,0.4379282593727112,0,galaxy,0.9466126561164856,0,galaxy,0.6908587217330933
1261,1,quasar,0,galaxy,False,0,galaxy,False,True,0,galaxy,0.8577929139137268,0,galaxy,0.9452128410339355,0,galaxy,0.9872742891311646,0,galaxy,0.9786762595176697,0,galaxy,0.9719621539115906,0,galaxy,0.6317923665046692
1262,1,quasar,1,quasar,True,1,quasar,True,True,1,quasar,0.9544966220855713,1,quasar,0.9059698581695557,1,quasar,0.7132685780525208,1,quasar,0.853461503982544,1,quasar,0.6063469052314758,2,star,0.5070860981941223
1263,1,quasar,1,quasar,True,1,quasar,True,True,1,quasar,0.72706139087677,1,quasar,0.6948097348213196,1,quasar,0.7745348811149597,1,quasar,0.8816680908203125,1,quasar,0.9413726925849915,2,star,0.5117893218994141
1264,1,quasar,1,quasar,True,1,quasar,True,True,1,quasar,0.9859083294868469,1,quasar,0.8101227283477783,1,quasar,0.734779417514801,1,quasar,0.7091773152351379,1,quasar,0.84236741065979,1,quasar,0.6662486791610718
1265,1,quasar,1,quasar,True,1,quasar,True,True,1,quasar,0.856477677822113,1,quasar,0.8780266642570496,1,quasar,0.7319358587265015,1,quasar,0.8842414617538452,1,quasar,0.7814025282859802,1,quasar,0.5737730264663696
1266,1,quasar,1,quasar,True,1,quasar,True,True,1,quasar,0.8795875310897827,1,quasar,0.8477995991706848,1,quasar,0.7728240489959717,1,quasar,0.7728397846221924,1,quasar,0.7631796598434448,1,quasar,0.5775091648101807
1267,1,quasar,1,quasar,True,1,quasar,True,True,1,quasar,0.9782510995864868,1,quasar,0.8997514843940735,1,quasar,0.7583669424057007,1,quasar,0.8369889855384827,1,quasar,0.8858255743980408,1,quasar,0.658031702041626
1268,1,quasar,1,quasar,True,1,quasar,True,True,1,quasar,0.8449094295501709,1,quasar,0.8587085604667664,1,quasar,0.7440442442893982,1,quasar,0.8408854603767395,1,quasar,0.7261562943458557,1,quasar,0.48752859234809875
1269,1,quasar,1,quasar,True,1,quasar,True,True,1,quasar,0.9824023842811584,1,quasar,0.9490112066268921,1,quasar,0.8514197468757629,1,quasar,0.873284637928009,1,quasar,0.9678217768669128,1,quasar,0.5929083228111267
1270,1,quasar,1,quasar,True,1,quasar,True,True,1,quasar,0.898699164390564,1,quasar,0.746372640132904,1,quasar,0.7838832139968872,1,quasar,0.8403340578079224,1,quasar,0.8430159687995911,1,quasar,0.506554901599884
1271,1,quasar,1,quasar,True,1,quasar,True,True,1,quasar,0.9703015089035034,1,quasar,0.5190571546554565,1,quasar,0.7407006621360779,1,quasar,0.8992360234260559,1,quasar,0.7782332301139832,1,quasar,0.6358489990234375
1272,1,quasar,1,quasar,True,1,quasar,True,True,1,quasar,0.7322052717208862,2,star,0.853603184223175,1,quasar,0.7220628261566162,1,quasar,0.7315899133682251,1,quasar,0.9334059357643127,2,star,0.5789788365364075
1273,1,quasar,1,quasar,True,1,quasar,True,True,1,quasar,0.980985164642334,1,quasar,0.7085082530975342,1,quasar,0.7327606081962585,1,quasar,0.7048409581184387,1,quasar,0.7306061387062073,1,quasar,0.5377609729766846
1274,1,quasar,1,quasar,True,1,quasar,True,True,1,quasar,0.9145489931106567,1,quasar,0.6196596026420593,1,quasar,0.8597142100334167,1,quasar,0.7616226077079773,1,quasar,0.96248859167099,1,quasar,0.5363293886184692
1275,1,quasar,1,quasar,True,1,quasar,True,True,1,quasar,0.9251192808151245,1,quasar,0.9570178389549255,1,quasar,0.8125545978546143,1,quasar,0.7044860124588013,1,quasar,0.8792522549629211,1,quasar,0.6509544253349304
1276,1,quasar,1,quasar,True,1,quasar,True,True,1,quasar,0.8318153023719788,1,quasar,0.7366186380386353,1,quasar,0.6516878008842468,1,quasar,0.5705416798591614,1,quasar,0.7677186131477356,1,quasar,0.46653100848197937
1277,1,quasar,1,quasar,True,1,quasar,True,True,1,quasar,0.8916316628456116,1,quasar,0.6740905046463013,1,quasar,0.7590717077255249,1,quasar,0.830561637878418,1,quasar,0.7183253169059753,1,quasar,0.35710659623146057
1278,1,quasar,1,quasar,True,1,quasar,True,True,1,quasar,0.5284489393234253,1,quasar,0.5321052074432373,1,quasar,0.5760218501091003,1,quasar,0.7497456669807434,2,star,0.5366722941398621,2,star,0.4310380816459656
1279,1,quasar,1,quasar,True,1,quasar,True,True,1,quasar,0.9442809820175171,1,quasar,0.9712732434272766,1,quasar,0.7974691987037659,1,quasar,0.8097867965698242,1,quasar,0.9657658934593201,2,star,0.4321642816066742
1280,1,quasar,1,quasar,True,2,star,False,False,1,quasar,0.6319839358329773,2,star,0.6777759790420532,2,star,0.574528694152832,2,star,0.566214382648468,1,quasar,0.5036227703094482,1,quasar,0.5012708306312561
1281,1,quasar,1,quasar,True,1,quasar,True,True,1,quasar,0.8395549654960632,1,quasar,0.7237507104873657,1,quasar,0.6780238747596741,2,star,0.5291187167167664,1,quasar,0.7265611886978149,1,quasar,0.5084473490715027
1282,1,quasar,1,quasar,True,1,quasar,True,True,1,quasar,0.8597882986068726,2,star,0.5258052349090576,1,quasar,0.8099268078804016,1,quasar,0.7797852158546448,1,quasar,0.8841284513473511,2,star,0.7784972190856934
1283,1,quasar,1,quasar,True,1,quasar,True,True,1,quasar,0.8764522075653076,1,quasar,0.6371040940284729,1,quasar,0.8358961343765259,1,quasar,0.8554875254631042,1,quasar,0.9652767181396484,2,star,0.7938832640647888
1284,1,quasar,1,quasar,True,1,quasar,True,True,1,quasar,0.5261476635932922,2,star,0.459990531206131,1,quasar,0.6804949641227722,1,quasar,0.7606097459793091,1,quasar,0.5593492388725281,0,galaxy,0.7712356448173523
1285,1,quasar,1,quasar,True,1,quasar,True,True,2,star,0.7824366092681885,2,star,0.6921209096908569,1,quasar,0.7944312691688538,1,quasar,0.8025836944580078,1,quasar,0.9443687200546265,2,star,0.6542550325393677
1286,1,quasar,2,star,False,2,star,False,True,1,quasar,0.5077787637710571,2,star,0.6174319386482239,2,star,0.7014233469963074,2,star,0.7056360840797424,1,quasar,0.6163057088851929,2,star,0.6929330825805664
1287,1,quasar,1,quasar,True,1,quasar,True,True,1,quasar,0.7894386053085327,1,quasar,0.5957034230232239,1,quasar,0.720723032951355,1,quasar,0.6975888013839722,1,quasar,0.8577499985694885,2,star,0.8478768467903137
1288,1,quasar,1,quasar,True,1,quasar,True,True,1,quasar,0.8813670873641968,1,quasar,0.8815590143203735,1,quasar,0.8659712672233582,1,quasar,0.8850889801979065,1,quasar,0.9680820107460022,1,quasar,0.4177091419696808
1289,1,quasar,1,quasar,True,1,quasar,True,True,1,quasar,0.910823404788971,2,star,0.5883544087409973,1,quasar,0.7700134515762329,1,quasar,0.7742999196052551,1,quasar,0.8871340155601501,2,star,0.5787782073020935
1290,1,quasar,1,quasar,True,1,quasar,True,True,1,quasar,0.8441286087036133,1,quasar,0.8193384408950806,1,quasar,0.7990136742591858,1,quasar,0.7680255174636841,1,quasar,0.9609590172767639,1,quasar,0.5090981125831604
1291,1,quasar,1,quasar,True,1,quasar,True,True,1,quasar,0.9892621636390686,1,quasar,0.8951954245567322,1,quasar,0.7758577466011047,1,quasar,0.75071781873703,1,quasar,0.9280340075492859,1,quasar,0.6823605895042419
1292,1,quasar,1,quasar,True,1,quasar,True,True,1,quasar,0.9924581050872803,1,quasar,0.9724564552307129,1,quasar,0.8491339683532715,1,quasar,0.8007739782333374,1,quasar,0.9374974370002747,1,quasar,0.8085303902626038
1293,1,quasar,1,quasar,True,1,quasar,True,True,1,quasar,0.7924283146858215,1,quasar,0.5501587390899658,1,quasar,0.7310806512832642,1,quasar,0.8458995223045349,1,quasar,0.862346887588501,1,quasar,0.5343208909034729
1294,1,quasar,1,quasar,True,1,quasar,True,True,1,quasar,0.9523077011108398,1,quasar,0.8581551909446716,1,quasar,0.7561284303665161,1,quasar,0.8643345832824707,1,quasar,0.9443402290344238,1,quasar,0.64280766248703
1295,1,quasar,1,quasar,True,1,quasar,True,True,1,quasar,0.8572245240211487,2,star,0.5490251779556274,1,quasar,0.7785872220993042,1,quasar,0.7358232140541077,1,quasar,0.9243897795677185,2,star,0.7662877440452576
1296,1,quasar,1,quasar,True,1,quasar,True,True,1,quasar,0.9201425313949585,1,quasar,0.7643271088600159,1,quasar,0.6827400326728821,1,quasar,0.7315285801887512,1,quasar,0.7123957276344299,1,quasar,0.5604653358459473
1297,1,quasar,1,quasar,True,1,quasar,True,True,1,quasar,0.9494467377662659,1,quasar,0.8476046323776245,1,quasar,0.7368817329406738,1,quasar,0.7338722944259644,1,quasar,0.950690746307373,2,star,0.4943804442882538
1298,1,quasar,1,quasar,True,1,quasar,True,True,1,quasar,0.9028143882751465,2,star,0.5222287774085999,1,quasar,0.657723605632782,1,quasar,0.8028274178504944,1,quasar,0.6736209392547607,1,quasar,0.666846513748169
1299,1,quasar,1,quasar,True,1,quasar,True,True,0,galaxy,0.6983979940414429,1,quasar,0.3775959610939026,1,quasar,0.8368499279022217,1,quasar,0.6223103404045105,1,quasar,0.6822646260261536,1,quasar,0.6964347958564758
1300,1,quasar,1,quasar,True,1,quasar,True,True,1,quasar,0.9392833113670349,1,quasar,0.876875638961792,1,quasar,0.6129664778709412,1,quasar,0.6700994372367859,1,quasar,0.690555214881897,1,quasar,0.4398142993450165
1301,1,quasar,1,quasar,True,1,quasar,True,True,1,quasar,0.9786253571510315,1,quasar,0.6386523246765137,1,quasar,0.6973590850830078,1,quasar,0.8543216586112976,1,quasar,0.8512970805168152,1,quasar,0.5541097521781921
1302,1,quasar,1,quasar,True,1,quasar,True,True,1,quasar,0.9511352777481079,1,quasar,0.6955753564834595,1,quasar,0.8527315258979797,1,quasar,0.7518793940544128,1,quasar,0.9641156196594238,1,quasar,0.5979623198509216
1303,1,quasar,1,quasar,True,1,quasar,True,True,1,quasar,0.9361576437950134,1,quasar,0.8541605472564697,1,quasar,0.7484299540519714,1,quasar,0.840825617313385,1,quasar,0.8654914498329163,1,quasar,0.6654542684555054
1304,1,quasar,1,quasar,True,1,quasar,True,True,1,quasar,0.9786804914474487,1,quasar,0.9460312128067017,1,quasar,0.7232669591903687,1,quasar,0.8062414526939392,1,quasar,0.6468100547790527,1,quasar,0.5919844508171082
1305,1,quasar,1,quasar,True,1,quasar,True,True,1,quasar,0.7941166162490845,1,quasar,0.8176878094673157,1,quasar,0.49802443385124207,1,quasar,0.8823362588882446,2,star,0.6097714304924011,2,star,0.3522241413593292
1306,1,quasar,1,quasar,True,1,quasar,True,True,1,quasar,0.9696686267852783,1,quasar,0.95308518409729,1,quasar,0.7823168635368347,1,quasar,0.9345613718032837,1,quasar,0.9392172694206238,1,quasar,0.6940171122550964
1307,1,quasar,1,quasar,True,1,quasar,True,True,1,quasar,0.88800448179245,1,quasar,0.6424886584281921,1,quasar,0.7129673361778259,1,quasar,0.8314217925071716,1,quasar,0.6912480592727661,1,quasar,0.47845277190208435
1308,1,quasar,1,quasar,True,1,quasar,True,True,1,quasar,0.756607711315155,1,quasar,0.6143199801445007,1,quasar,0.7239817976951599,2,star,0.669658362865448,1,quasar,0.6748191714286804,1,quasar,0.3629347085952759
1309,1,quasar,1,quasar,True,1,quasar,True,True,1,quasar,0.9831609129905701,1,quasar,0.8725194334983826,1,quasar,0.6921620965003967,1,quasar,0.738496720790863,1,quasar,0.7649016976356506,0,galaxy,0.4874194264411926
1310,1,quasar,1,quasar,True,1,quasar,True,True,1,quasar,0.9526842832565308,1,quasar,0.9327967166900635,1,quasar,0.8677516579627991,1,quasar,0.7865258455276489,1,quasar,0.9716668725013733,1,quasar,0.7452296018600464
1311,1,quasar,1,quasar,True,1,quasar,True,True,1,quasar,0.6423750519752502,1,quasar,0.8517084121704102,1,quasar,0.712928056716919,1,quasar,0.7585586905479431,1,quasar,0.5494474768638611,1,quasar,0.5872530937194824
1312,1,quasar,1,quasar,True,1,quasar,True,True,1,quasar,0.8842594623565674,1,quasar,0.7029528617858887,1,quasar,0.7340569496154785,1,quasar,0.7109642028808594,1,quasar,0.6548750400543213,1,quasar,0.42815473675727844
1313,1,quasar,1,quasar,True,1,quasar,True,True,1,quasar,0.9481195211410522,1,quasar,0.7704389095306396,1,quasar,0.805030882358551,1,quasar,0.5299723148345947,1,quasar,0.9651858806610107,0,galaxy,0.49570339918136597
1314,1,quasar,1,quasar,True,1,quasar,True,True,1,quasar,0.9415627121925354,1,quasar,0.9653932452201843,1,quasar,0.7618643641471863,1,quasar,0.8098675608634949,1,quasar,0.865435004234314,1,quasar,0.677203893661499
1315,1,quasar,2,star,False,1,quasar,True,False,2,star,0.5257505774497986,2,star,0.7952904105186462,1,quasar,0.8740971684455872,2,star,0.8875952959060669,1,quasar,0.9572694897651672,2,star,0.5644930601119995
1316,1,quasar,1,quasar,True,1,quasar,True,True,1,quasar,0.8998001217842102,2,star,0.5069065690040588,1,quasar,0.8720534443855286,1,quasar,0.7985785603523254,1,quasar,0.9577262997627258,2,star,0.45331594347953796
1317,1,quasar,1,quasar,True,1,quasar,True,True,1,quasar,0.8142862915992737,2,star,0.49417153000831604,1,quasar,0.7093467116355896,1,quasar,0.7854208946228027,1,quasar,0.78652423620224,1,quasar,0.5022956728935242
1318,1,quasar,1,quasar,True,1,quasar,True,True,1,quasar,0.9035587906837463,1,quasar,0.5904367566108704,1,quasar,0.7384297251701355,1,quasar,0.7272644639015198,1,quasar,0.7980093955993652,0,galaxy,0.4420720338821411
1319,1,quasar,1,quasar,True,1,quasar,True,True,1,quasar,0.9765350818634033,1,quasar,0.7121785879135132,1,quasar,0.7565150856971741,1,quasar,0.7543938159942627,1,quasar,0.9308210611343384,1,quasar,0.5403693318367004
1320,1,quasar,1,quasar,True,1,quasar,True,True,1,quasar,0.5068654417991638,1,quasar,0.8104621767997742,1,quasar,0.8632863759994507,1,quasar,0.8131425380706787,1,quasar,0.9731811285018921,1,quasar,0.6909903883934021
1321,1,quasar,1,quasar,True,1,quasar,True,True,1,quasar,0.8969699144363403,1,quasar,0.947328507900238,1,quasar,0.7629522681236267,1,quasar,0.8122862577438354,1,quasar,0.8964574933052063,1,quasar,0.5197683572769165
1322,1,quasar,1,quasar,True,1,quasar,True,True,1,quasar,0.5117956399917603,1,quasar,0.9049609303474426,1,quasar,0.7544687986373901,1,quasar,0.8125014901161194,1,quasar,0.9200229048728943,1,quasar,0.5845367312431335
1323,1,quasar,1,quasar,True,1,quasar,True,True,1,quasar,0.8526921272277832,1,quasar,0.9809067845344543,1,quasar,0.665623128414154,1,quasar,0.6471149325370789,1,quasar,0.6426547169685364,1,quasar,0.68922358751297
1324,1,quasar,1,quasar,True,1,quasar,True,True,1,quasar,0.949413537979126,1,quasar,0.7568623423576355,1,quasar,0.6574650406837463,1,quasar,0.6545578837394714,1,quasar,0.9266274571418762,1,quasar,0.6347231864929199
1325,1,quasar,1,quasar,True,1,quasar,True,True,1,quasar,0.9528337121009827,2,star,0.7571597695350647,2,star,0.5412570834159851,1,quasar,0.6480368375778198,1,quasar,0.9248011112213135,1,quasar,0.5392047166824341
1326,1,quasar,1,quasar,True,1,quasar,True,True,1,quasar,0.9328997135162354,1,quasar,0.6438997983932495,1,quasar,0.6548446416854858,1,quasar,0.685282289981842,1,quasar,0.6459968090057373,1,quasar,0.6291004419326782
1327,1,quasar,1,quasar,True,1,quasar,True,True,1,quasar,0.8948479294776917,1,quasar,0.899341881275177,1,quasar,0.5992777347564697,1,quasar,0.7355195879936218,1,quasar,0.5663040280342102,1,quasar,0.755575954914093
1328,1,quasar,1,quasar,True,1,quasar,True,True,1,quasar,0.7915303707122803,1,quasar,0.8912553787231445,1,quasar,0.6741971969604492,1,quasar,0.7594435214996338,1,quasar,0.6277833580970764,1,quasar,0.5472958087921143
1329,1,quasar,1,quasar,True,1,quasar,True,True,1,quasar,0.9723127484321594,1,quasar,0.8706071376800537,1,quasar,0.8621575832366943,1,quasar,0.7213164567947388,1,quasar,0.9716286063194275,0,galaxy,0.4427417814731598
1330,1,quasar,1,quasar,True,1,quasar,True,True,1,quasar,0.9152725338935852,1,quasar,0.7007395029067993,1,quasar,0.7896981239318848,1,quasar,0.7776835560798645,1,quasar,0.9563000798225403,1,quasar,0.4717406928539276
1331,1,quasar,1,quasar,True,1,quasar,True,True,1,quasar,0.8451367616653442,1,quasar,0.9617697596549988,1,quasar,0.6717333793640137,1,quasar,0.5930650234222412,1,quasar,0.6459414958953857,1,quasar,0.5003674626350403
1332,1,quasar,1,quasar,True,1,quasar,True,True,1,quasar,0.7521882653236389,2,star,0.9911977648735046,1,quasar,0.8740633726119995,1,quasar,0.7710364460945129,1,quasar,0.8855059146881104,2,star,0.39224129915237427
1333,1,quasar,1,quasar,True,1,quasar,True,True,1,quasar,0.939174473285675,1,quasar,0.7260733842849731,1,quasar,0.8441131114959717,1,quasar,0.8694193363189697,1,quasar,0.9388542175292969,1,quasar,0.45281803607940674
1334,1,quasar,1,quasar,True,1,quasar,True,True,1,quasar,0.9003559350967407,1,quasar,0.8491212129592896,1,quasar,0.6357982754707336,1,quasar,0.7872335314750671,1,quasar,0.6276271343231201,2,star,0.4973369240760803
1335,1,quasar,1,quasar,True,1,quasar,True,True,1,quasar,0.8557901978492737,1,quasar,0.8224402070045471,1,quasar,0.665946900844574,1,quasar,0.7569069862365723,1,quasar,0.6478761434555054,2,star,0.5165175199508667
1336,1,quasar,1,quasar,True,1,quasar,True,True,1,quasar,0.993375837802887,1,quasar,0.9876431226730347,1,quasar,0.822407603263855,1,quasar,0.7706561088562012,1,quasar,0.9246289134025574,1,quasar,0.7909657955169678
1337,1,quasar,1,quasar,True,1,quasar,True,True,1,quasar,0.6878819465637207,2,star,0.6832765340805054,1,quasar,0.6542100310325623,1,quasar,0.631047785282135,1,quasar,0.5664467215538025,2,star,0.41880321502685547
1338,1,quasar,1,quasar,True,1,quasar,True,True,1,quasar,0.9532646536827087,1,quasar,0.803941547870636,1,quasar,0.823577344417572,1,quasar,0.833818793296814,1,quasar,0.8326664566993713,1,quasar,0.5638837814331055
1339,1,quasar,1,quasar,True,1,quasar,True,True,1,quasar,0.528856635093689,1,quasar,0.7525248527526855,0,galaxy,0.7535724639892578,1,quasar,0.6159526705741882,1,quasar,0.8251603245735168,0,galaxy,0.7222712635993958
1340,1,quasar,1,quasar,True,1,quasar,True,True,1,quasar,0.8534132838249207,1,quasar,0.97358638048172,1,quasar,0.7886186242103577,1,quasar,0.8395369052886963,1,quasar,0.8876526951789856,1,quasar,0.6084716320037842
1341,1,quasar,1,quasar,True,1,quasar,True,True,1,quasar,0.9350900650024414,2,star,0.7405290007591248,1,quasar,0.7223565578460693,1,quasar,0.5092981457710266,1,quasar,0.875992476940155,1,quasar,0.4507034420967102
1342,1,quasar,1,quasar,True,1,quasar,True,True,1,quasar,0.9353740215301514,1,quasar,0.59786456823349,1,quasar,0.7089862823486328,1,quasar,0.5161888003349304,1,quasar,0.6436840891838074,1,quasar,0.5603820085525513
1343,1,quasar,0,galaxy,False,0,galaxy,False,True,0,galaxy,0.7192690372467041,1,quasar,0.449909508228302,0,galaxy,0.9776486754417419,0,galaxy,0.9260106086730957,0,galaxy,0.6207277774810791,1,quasar,0.38520848751068115
1344,1,quasar,1,quasar,True,1,quasar,True,True,1,quasar,0.9328138828277588,2,star,0.5865337252616882,1,quasar,0.8245783448219299,1,quasar,0.5802665948867798,1,quasar,0.9177918434143066,1,quasar,0.6847080588340759
1345,1,quasar,1,quasar,True,1,quasar,True,True,2,star,0.5170712471008301,2,star,0.514286994934082,1,quasar,0.66468745470047,1,quasar,0.6516119837760925,2,star,0.5760378837585449,1,quasar,0.45663580298423767
1346,1,quasar,1,quasar,True,1,quasar,True,True,1,quasar,0.4875691533088684,2,star,0.6193100214004517,2,star,0.5920448303222656,1,quasar,0.6516821980476379,1,quasar,0.7066177129745483,2,star,0.4998750388622284
1347,1,quasar,1,quasar,True,1,quasar,True,True,1,quasar,0.8371813893318176,1,quasar,0.8963948488235474,1,quasar,0.7307910919189453,1,quasar,0.6804230213165283,1,quasar,0.8340582847595215,1,quasar,0.44972214102745056
1348,1,quasar,2,star,False,2,star,False,True,1,quasar,0.5629035234451294,2,star,0.7872532606124878,2,star,0.6998071074485779,2,star,0.9529492259025574,1,quasar,0.8714202046394348,2,star,0.815395176410675
1349,1,quasar,1,quasar,True,1,quasar,True,True,1,quasar,0.6344524025917053,1,quasar,0.6785009503364563,1,quasar,0.8391026854515076,1,quasar,0.7425944209098816,1,quasar,0.9480996131896973,2,star,0.567609965801239
1350,1,quasar,0,galaxy,False,0,galaxy,False,True,0,galaxy,0.6431698799133301,0,galaxy,0.4869421124458313,2,star,0.6883953213691711,0,galaxy,0.8255033493041992,0,galaxy,0.5503901839256287,0,galaxy,0.4555007815361023
1351,1,quasar,1,quasar,True,1,quasar,True,True,1,quasar,0.887129545211792,1,quasar,0.7786001563072205,1,quasar,0.6817842721939087,1,quasar,0.6611764430999756,1,quasar,0.7915651202201843,1,quasar,0.4296119511127472
1352,1,quasar,1,quasar,True,2,star,False,False,2,star,0.6350036263465881,2,star,0.5440025329589844,1,quasar,0.5190368294715881,1,quasar,0.5084551572799683,1,quasar,0.5558111667633057,2,star,0.6562768220901489
1353,1,quasar,2,star,False,2,star,False,True,1,quasar,0.6922681927680969,2,star,0.6599513292312622,1,quasar,0.6513250470161438,2,star,0.6029363870620728,2,star,0.7760890126228333,2,star,0.5434566736221313
1354,1,quasar,1,quasar,True,1,quasar,True,True,1,quasar,0.5983217358589172,2,star,0.6233960390090942,1,quasar,0.56180340051651,2,star,0.7603619694709778,1,quasar,0.6008902788162231,1,quasar,0.6984588503837585
1355,1,quasar,1,quasar,True,1,quasar,True,True,1,quasar,0.934177577495575,1,quasar,0.940489649772644,1,quasar,0.8198983669281006,1,quasar,0.6572116017341614,1,quasar,0.9521479606628418,1,quasar,0.889579176902771
1356,1,quasar,1,quasar,True,1,quasar,True,True,1,quasar,0.9324900507926941,1,quasar,0.7327907681465149,1,quasar,0.7420819997787476,1,quasar,0.862472653388977,1,quasar,0.694419264793396,1,quasar,0.6835908889770508
1357,1,quasar,2,star,False,2,star,False,True,2,star,0.490533709526062,2,star,0.4967663288116455,2,star,0.7456682920455933,2,star,0.7982520461082458,1,quasar,0.8150135278701782,2,star,0.7976563572883606
1358,1,quasar,1,quasar,True,1,quasar,True,True,1,quasar,0.9028509259223938,1,quasar,0.6255660653114319,1,quasar,0.8148803114891052,1,quasar,0.7846097350120544,1,quasar,0.9157568216323853,1,quasar,0.5023084878921509
1359,1,quasar,1,quasar,True,1,quasar,True,True,1,quasar,0.5336902141571045,2,star,0.5205827951431274,1,quasar,0.7411388158798218,1,quasar,0.8827995657920837,1,quasar,0.7115232944488525,2,star,0.5560427904129028
1360,1,quasar,1,quasar,True,1,quasar,True,True,1,quasar,0.7099925875663757,2,star,0.5469725131988525,1,quasar,0.6072637438774109,2,star,0.769748330116272,1,quasar,0.7253410220146179,1,quasar,0.52811598777771
1361,1,quasar,1,quasar,True,1,quasar,True,True,1,quasar,0.7367028594017029,2,star,0.5765931606292725,1,quasar,0.7814837098121643,1,quasar,0.7012503147125244,1,quasar,0.886433482170105,2,star,0.5896691679954529
1362,1,quasar,2,star,False,2,star,False,True,2,star,0.8743151426315308,2,star,0.981289803981781,2,star,0.788403332233429,2,star,0.951093852519989,2,star,0.7352832555770874,2,star,0.7678570747375488
1363,1,quasar,1,quasar,True,1,quasar,True,True,1,quasar,0.6302477717399597,1,quasar,0.6484768390655518,1,quasar,0.6824070811271667,1,quasar,0.7563326954841614,1,quasar,0.5202381014823914,2,star,0.5328787565231323
1364,1,quasar,1,quasar,True,1,quasar,True,True,1,quasar,0.8055993914604187,1,quasar,0.8581907153129578,1,quasar,0.7982180714607239,1,quasar,0.8476747274398804,1,quasar,0.7647017240524292,2,star,0.4669245779514313
1365,1,quasar,1,quasar,True,1,quasar,True,True,1,quasar,0.7339175343513489,1,quasar,0.7130489945411682,2,star,0.7652236819267273,2,star,0.8187448382377625,1,quasar,0.7704566717147827,2,star,0.4620410203933716
1366,1,quasar,1,quasar,True,1,quasar,True,True,1,quasar,0.6381458044052124,1,quasar,0.9036968946456909,1,quasar,0.42875587940216064,1,quasar,0.7774897813796997,1,quasar,0.8275988101959229,1,quasar,0.4351043403148651
1367,1,quasar,1,quasar,True,1,quasar,True,True,1,quasar,0.7595366835594177,1,quasar,0.5082249045372009,1,quasar,0.6588574051856995,2,star,0.5320842266082764,1,quasar,0.742033839225769,2,star,0.6793727874755859
1368,1,quasar,1,quasar,True,1,quasar,True,True,1,quasar,0.9103893637657166,1,quasar,0.7102763652801514,1,quasar,0.8331502079963684,2,star,0.5570282936096191,1,quasar,0.9542182683944702,1,quasar,0.5130776166915894
1369,1,quasar,2,star,False,2,star,False,True,1,quasar,0.5237337946891785,2,star,0.6612570881843567,1,quasar,0.6382306814193726,2,star,0.6751068830490112,2,star,0.530406653881073,2,star,0.6611853241920471
1370,1,quasar,1,quasar,True,2,star,False,False,1,quasar,0.8060012459754944,2,star,0.6829637289047241,1,quasar,0.651943027973175,1,quasar,0.5142590403556824,2,star,0.8671571612358093,2,star,0.5938763618469238
1371,1,quasar,1,quasar,True,2,star,False,False,1,quasar,0.6897861361503601,2,star,0.6655319333076477,1,quasar,0.512803316116333,1,quasar,0.8234567046165466,2,star,0.6208139061927795,2,star,0.7066094875335693
1372,1,quasar,2,star,False,2,star,False,True,2,star,0.7377904653549194,2,star,0.7506065368652344,2,star,0.6762726902961731,2,star,0.6732790470123291,1,quasar,0.7243822813034058,2,star,0.6232494711875916
1373,1,quasar,1,quasar,True,1,quasar,True,True,1,quasar,0.6800562143325806,1,quasar,0.8814638257026672,1,quasar,0.6308674812316895,1,quasar,0.8270928263664246,1,quasar,0.6760536432266235,2,star,0.46469828486442566
1374,1,quasar,1,quasar,True,1,quasar,True,True,1,quasar,0.695980429649353,1,quasar,0.8074424862861633,1,quasar,0.6385888457298279,1,quasar,0.744004487991333,1,quasar,0.7097781300544739,2,star,0.374482661485672
1375,1,quasar,0,galaxy,False,0,galaxy,False,True,0,galaxy,0.9252928495407104,0,galaxy,0.757809042930603,0,galaxy,0.400031715631485,0,galaxy,0.4424939751625061,1,quasar,0.8057665824890137,0,galaxy,0.8120938539505005
1376,1,quasar,1,quasar,True,1,quasar,True,True,1,quasar,0.785271167755127,1,quasar,0.9557470083236694,1,quasar,0.7647859454154968,1,quasar,0.889809787273407,1,quasar,0.7006574273109436,0,galaxy,0.5808252692222595
1377,1,quasar,1,quasar,True,1,quasar,True,True,1,quasar,0.9297505021095276,1,quasar,0.9652953743934631,1,quasar,0.7723761200904846,1,quasar,0.8575754761695862,1,quasar,0.7302660346031189,1,quasar,0.5364588499069214
1378,1,quasar,1,quasar,True,1,quasar,True,True,1,quasar,0.5121150612831116,2,star,0.641461968421936,1,quasar,0.6606746912002563,1,quasar,0.8019868731498718,1,quasar,0.5600129961967468,2,star,0.6635846495628357
1379,1,quasar,1,quasar,True,1,quasar,True,True,1,quasar,0.9917716383934021,1,quasar,0.9832321405410767,1,quasar,0.8142153024673462,1,quasar,0.758620023727417,1,quasar,0.9510347843170166,1,quasar,0.6120836138725281
1380,1,quasar,1,quasar,True,1,quasar,True,True,1,quasar,0.8137437105178833,1,quasar,0.5947684049606323,0,galaxy,0.6054309010505676,1,quasar,0.7931897044181824,1,quasar,0.8673445582389832,0,galaxy,0.5173274278640747
1381,1,quasar,1,quasar,True,1,quasar,True,True,1,quasar,0.6405960917472839,1,quasar,0.3650257885456085,0,galaxy,0.5405086874961853,2,star,0.5046868920326233,0,galaxy,0.41103795170783997,1,quasar,0.5304988026618958
1382,1,quasar,1,quasar,True,1,quasar,True,True,1,quasar,0.7312563061714172,1,quasar,0.5652164816856384,0,galaxy,0.5037245750427246,2,star,0.5782620310783386,1,quasar,0.8704156279563904,1,quasar,0.8382887244224548
1383,1,quasar,1,quasar,True,1,quasar,True,True,1,quasar,0.8896436095237732,1,quasar,0.73189777135849,1,quasar,0.7939873933792114,1,quasar,0.663300096988678,1,quasar,0.9130850434303284,1,quasar,0.600162923336029
1384,1,quasar,0,galaxy,False,0,galaxy,False,True,0,galaxy,0.4897207021713257,0,galaxy,0.635797917842865,0,galaxy,0.9686415195465088,0,galaxy,0.9094794392585754,0,galaxy,0.8401046395301819,0,galaxy,0.6314507126808167
1385,1,quasar,1,quasar,True,1,quasar,True,True,1,quasar,0.5710769891738892,1,quasar,0.5432870388031006,1,quasar,0.7177300453186035,1,quasar,0.873434841632843,1,quasar,0.7696271538734436,2,star,0.44584932923316956
1386,1,quasar,1,quasar,True,1,quasar,True,True,1,quasar,0.8893547058105469,2,star,0.7425739169120789,1,quasar,0.6634892821311951,1,quasar,0.566174328327179,1,quasar,0.8335856199264526,1,quasar,0.7742454409599304
1387,1,quasar,0,galaxy,False,0,galaxy,False,True,0,galaxy,0.7403444647789001,0,galaxy,0.6564138531684875,0,galaxy,0.9764115214347839,1,quasar,0.6897490620613098,0,galaxy,0.7614590525627136,0,galaxy,0.4604823589324951
1388,1,quasar,1,quasar,True,1,quasar,True,True,1,quasar,0.7574307918548584,1,quasar,0.5374212265014648,0,galaxy,0.9260896444320679,1,quasar,0.6082479357719421,0,galaxy,0.4605149030685425,1,quasar,0.5484319925308228
1389,1,quasar,1,quasar,True,1,quasar,True,True,1,quasar,0.914934515953064,1,quasar,0.621634304523468,1,quasar,0.7226877808570862,1,quasar,0.8946160674095154,1,quasar,0.686738133430481,2,star,0.48266831040382385
1390,1,quasar,1,quasar,True,1,quasar,True,True,1,quasar,0.8247303366661072,1,quasar,0.7780874967575073,1,quasar,0.7793182134628296,1,quasar,0.8604207038879395,1,quasar,0.9013090133666992,1,quasar,0.5018917918205261
1391,1,quasar,1,quasar,True,1,quasar,True,True,1,quasar,0.9252197742462158,1,quasar,0.8987841606140137,1,quasar,0.8716154098510742,1,quasar,0.6684901714324951,1,quasar,0.7257570028305054,1,quasar,0.6913853883743286
1392,1,quasar,1,quasar,True,1,quasar,True,True,1,quasar,0.9720906019210815,1,quasar,0.8130356669425964,1,quasar,0.7598429322242737,1,quasar,0.8294697999954224,1,quasar,0.6645480990409851,1,quasar,0.7642481923103333
1393,1,quasar,1,quasar,True,1,quasar,True,True,1,quasar,0.8600620031356812,2,star,0.48092421889305115,1,quasar,0.7488808035850525,1,quasar,0.7196856141090393,1,quasar,0.7630420327186584,1,quasar,0.9272122383117676
1394,1,quasar,1,quasar,True,1,quasar,True,True,1,quasar,0.9601234197616577,1,quasar,0.7729091644287109,1,quasar,0.5344047546386719,1,quasar,0.6570830941200256,1,quasar,0.6291212439537048,1,quasar,0.6150778532028198
1395,1,quasar,0,galaxy,False,0,galaxy,False,True,0,galaxy,0.8796437382698059,0,galaxy,0.48529279232025146,0,galaxy,0.9749553203582764,0,galaxy,0.9024044871330261,0,galaxy,0.7571398019790649,0,galaxy,0.8090524077415466
1396,1,quasar,0,galaxy,False,0,galaxy,False,True,0,galaxy,0.6516481637954712,1,quasar,0.3857436180114746,0,galaxy,0.8832798004150391,0,galaxy,0.8741456866264343,1,quasar,0.6088051795959473,1,quasar,0.4207407832145691
1397,1,quasar,0,galaxy,False,0,galaxy,False,True,0,galaxy,0.4107848107814789,1,quasar,0.35980069637298584,0,galaxy,0.678965151309967,1,quasar,0.5119574666023254,0,galaxy,0.4932733178138733,0,galaxy,0.7589834928512573
1398,1,quasar,1,quasar,True,1,quasar,True,True,1,quasar,0.9392998218536377,1,quasar,0.696067214012146,1,quasar,0.7505556344985962,2,star,0.6177597641944885,1,quasar,0.7714422941207886,1,quasar,0.889150083065033
1399,1,quasar,2,star,False,2,star,False,True,2,star,1.0,2,star,0.3720768690109253,0,galaxy,0.7359046339988708,1,quasar,0.6202474236488342,0,galaxy,0.4765605330467224,2,star,0.5544191002845764
1400,1,quasar,1,quasar,True,1,quasar,True,True,1,quasar,0.7842442989349365,1,quasar,0.4862316846847534,1,quasar,0.6101191639900208,1,quasar,0.7488329410552979,1,quasar,0.8312515020370483,0,galaxy,0.7218781113624573
1401,1,quasar,1,quasar,True,1,quasar,True,True,1,quasar,0.5152676701545715,1,quasar,0.7575746774673462,1,quasar,0.5253310203552246,1,quasar,0.7993005514144897,1,quasar,0.7055177688598633,1,quasar,0.6786456108093262
1402,1,quasar,1,quasar,True,1,quasar,True,True,1,quasar,0.9545528888702393,1,quasar,0.9866424798965454,1,quasar,0.8705393671989441,1,quasar,0.9286540150642395,1,quasar,0.9750922918319702,1,quasar,0.6862499117851257
1403,1,quasar,0,galaxy,False,0,galaxy,False,True,0,galaxy,0.633048415184021,1,quasar,0.3957589864730835,0,galaxy,0.6405730247497559,0,galaxy,0.5101980566978455,0,galaxy,0.646825909614563,1,quasar,0.5948243141174316
1404,1,quasar,1,quasar,True,1,quasar,True,True,1,quasar,0.9818484783172607,1,quasar,0.8749016523361206,1,quasar,0.7976076602935791,1,quasar,0.7586315870285034,1,quasar,0.9449500441551208,1,quasar,0.8118061423301697
1405,1,quasar,1,quasar,True,1,quasar,True,True,1,quasar,0.8875369429588318,1,quasar,0.5359269380569458,1,quasar,0.7362158298492432,1,quasar,0.7502962946891785,1,quasar,0.903532087802887,1,quasar,0.6825101375579834
1406,1,quasar,1,quasar,True,1,quasar,True,True,1,quasar,0.9836417436599731,1,quasar,0.9487007260322571,1,quasar,0.8436777591705322,1,quasar,0.7188253402709961,1,quasar,0.9433347582817078,1,quasar,0.6389929056167603
1407,1,quasar,1,quasar,True,1,quasar,True,True,1,quasar,0.9211377501487732,1,quasar,0.9070338010787964,1,quasar,0.6619222164154053,1,quasar,0.7969678640365601,1,quasar,0.948028028011322,1,quasar,0.7564128637313843
1408,1,quasar,1,quasar,True,1,quasar,True,True,0,galaxy,0.6527732610702515,0,galaxy,0.4596863389015198,1,quasar,0.5701925754547119,1,quasar,0.7847552299499512,1,quasar,0.8157240748405457,1,quasar,0.467056542634964
1409,1,quasar,1,quasar,True,1,quasar,True,True,1,quasar,0.8583909273147583,1,quasar,0.9480769038200378,1,quasar,0.8302391767501831,1,quasar,0.7248258590698242,1,quasar,0.9682657122612,1,quasar,0.7113310098648071
1410,1,quasar,1,quasar,True,1,quasar,True,True,1,quasar,0.9835341572761536,1,quasar,0.9938536882400513,1,quasar,0.8372985124588013,1,quasar,0.779585063457489,1,quasar,0.953541100025177,1,quasar,0.858914852142334
1411,1,quasar,1,quasar,True,1,quasar,True,True,1,quasar,0.9889243245124817,1,quasar,0.9890658855438232,1,quasar,0.7702258229255676,1,quasar,0.8638980984687805,1,quasar,0.916314959526062,1,quasar,0.9115237593650818
1412,1,quasar,1,quasar,True,1,quasar,True,True,1,quasar,0.8728691935539246,1,quasar,0.9011397361755371,1,quasar,0.6644718647003174,1,quasar,0.7043598890304565,1,quasar,0.6685026288032532,1,quasar,0.5883328318595886
1413,1,quasar,1,quasar,True,1,quasar,True,True,1,quasar,0.9669032692909241,1,quasar,0.9218477606773376,1,quasar,0.854084849357605,1,quasar,0.8366629481315613,1,quasar,0.9499372243881226,1,quasar,0.8031661510467529
1414,1,quasar,1,quasar,True,1,quasar,True,True,1,quasar,0.9366685748100281,1,quasar,0.8956669569015503,1,quasar,0.84627765417099,1,quasar,0.8598135113716125,1,quasar,0.9722599387168884,1,quasar,0.6424838304519653
1415,1,quasar,1,quasar,True,1,quasar,True,True,1,quasar,0.9187906980514526,1,quasar,0.7684142589569092,1,quasar,0.7773337960243225,1,quasar,0.7507109045982361,1,quasar,0.9423476457595825,1,quasar,0.6908811330795288
1416,1,quasar,1,quasar,True,1,quasar,True,True,1,quasar,0.7500908374786377,1,quasar,0.8754186034202576,1,quasar,0.851897656917572,1,quasar,0.7296621799468994,1,quasar,0.9581559300422668,1,quasar,0.697227418422699
1417,1,quasar,1,quasar,True,1,quasar,True,True,1,quasar,0.8157832622528076,1,quasar,0.9630131125450134,1,quasar,0.7371554970741272,1,quasar,0.5893317461013794,1,quasar,0.9596414566040039,1,quasar,0.6751163601875305
1418,1,quasar,1,quasar,True,1,quasar,True,True,1,quasar,0.9898709654808044,1,quasar,0.9357360601425171,1,quasar,0.8484694361686707,1,quasar,0.9004775285720825,1,quasar,0.9686333537101746,1,quasar,0.7530699968338013
1419,1,quasar,0,galaxy,False,0,galaxy,False,True,0,galaxy,0.5651959180831909,0,galaxy,0.5473573803901672,0,galaxy,0.9346877932548523,0,galaxy,0.37796854972839355,0,galaxy,0.6995784044265747,1,quasar,0.7521529197692871
1420,1,quasar,1,quasar,True,1,quasar,True,True,1,quasar,0.7382733225822449,1,quasar,0.4239623546600342,1,quasar,0.7593826055526733,1,quasar,0.7346661686897278,1,quasar,0.8671674132347107,1,quasar,0.6100844144821167
1421,1,quasar,1,quasar,True,1,quasar,True,True,0,galaxy,0.6923827528953552,1,quasar,0.3636358380317688,1,quasar,0.5795679688453674,1,quasar,0.47896715998649597,1,quasar,0.4015512466430664,2,star,0.49801409244537354
1422,1,quasar,1,quasar,True,1,quasar,True,True,1,quasar,0.8851301074028015,2,star,0.5828734040260315,1,quasar,0.6618251800537109,1,quasar,0.7833089232444763,1,quasar,0.6063084006309509,2,star,0.45823997259140015
1423,1,quasar,1,quasar,True,1,quasar,True,True,1,quasar,0.9589995741844177,1,quasar,0.6030908823013306,1,quasar,0.7165555357933044,1,quasar,0.7753064632415771,1,quasar,0.6801751852035522,1,quasar,0.40173259377479553
1424,1,quasar,1,quasar,True,1,quasar,True,True,1,quasar,0.9614791870117188,1,quasar,0.5157641172409058,1,quasar,0.6880178451538086,1,quasar,0.8512709736824036,1,quasar,0.672015905380249,1,quasar,0.4339650571346283
1425,1,quasar,1,quasar,True,1,quasar,True,True,1,quasar,0.8973761796951294,1,quasar,0.8809969425201416,1,quasar,0.7303189039230347,1,quasar,0.664518415927887,1,quasar,0.6600543260574341,2,star,0.5294327735900879
1426,1,quasar,0,galaxy,False,0,galaxy,False,True,0,galaxy,0.9678896069526672,0,galaxy,0.6088401675224304,0,galaxy,0.979512095451355,0,galaxy,0.9078915119171143,0,galaxy,0.8823884129524231,0,galaxy,0.6249146461486816
1427,1,quasar,1,quasar,True,1,quasar,True,True,1,quasar,0.9611567258834839,1,quasar,0.9683662056922913,1,quasar,0.7192558646202087,1,quasar,0.8392460942268372,1,quasar,0.7914300560951233,1,quasar,0.5930038690567017
1428,1,quasar,1,quasar,True,1,quasar,True,True,1,quasar,0.9085350632667542,2,star,0.5289276242256165,1,quasar,0.7572659850120544,1,quasar,0.6661080718040466,1,quasar,0.8404226303100586,2,star,0.5098552107810974
1429,1,quasar,1,quasar,True,1,quasar,True,True,1,quasar,0.9132318496704102,1,quasar,0.41744479537010193,1,quasar,0.6137106418609619,1,quasar,0.7872913479804993,1,quasar,0.7683277130126953,1,quasar,0.37875956296920776
1430,1,quasar,1,quasar,True,1,quasar,True,True,1,quasar,0.9517601132392883,1,quasar,0.9310752153396606,1,quasar,0.8437566757202148,1,quasar,0.8838893175125122,1,quasar,0.9516212344169617,1,quasar,0.6151813268661499
1431,1,quasar,1,quasar,True,1,quasar,True,True,1,quasar,0.8705190420150757,1,quasar,0.812268853187561,1,quasar,0.770700991153717,1,quasar,0.7779983878135681,1,quasar,0.9558408856391907,2,star,0.41337457299232483
1432,1,quasar,1,quasar,True,1,quasar,True,True,1,quasar,0.9305563569068909,1,quasar,0.6262876987457275,1,quasar,0.6124101281166077,1,quasar,0.6453760266304016,1,quasar,0.9272744655609131,2,star,0.5539356470108032
1433,1,quasar,0,galaxy,False,0,galaxy,False,True,0,galaxy,0.44240424036979675,0,galaxy,0.640754222869873,0,galaxy,0.9847502708435059,0,galaxy,0.9117887616157532,0,galaxy,0.9651777744293213,2,star,0.3967658281326294
1434,1,quasar,1,quasar,True,1,quasar,True,True,1,quasar,0.7981438040733337,1,quasar,0.8717329502105713,1,quasar,0.6817243099212646,1,quasar,0.7034224271774292,1,quasar,0.7671356201171875,1,quasar,0.6326656937599182
1435,1,quasar,1,quasar,True,1,quasar,True,True,1,quasar,0.6860482692718506,2,star,0.5311186909675598,1,quasar,0.7059360146522522,2,star,0.5451257228851318,1,quasar,0.8693376779556274,2,star,0.6022375822067261
1436,1,quasar,1,quasar,True,1,quasar,True,True,1,quasar,0.8500192761421204,1,quasar,0.5417518615722656,1,quasar,0.6196647882461548,1,quasar,0.736819326877594,1,quasar,0.6305575370788574,1,quasar,0.5695194005966187
1437,1,quasar,1,quasar,True,1,quasar,True,True,1,quasar,0.8665956854820251,1,quasar,0.6160436272621155,1,quasar,0.6087926030158997,1,quasar,0.6370440125465393,2,star,0.5201289057731628,1,quasar,0.7650090456008911
1438,1,quasar,1,quasar,True,1,quasar,True,True,1,quasar,0.694075882434845,1,quasar,0.5572633147239685,1,quasar,0.5802782773971558,1,quasar,0.7516372799873352,1,quasar,0.5500221848487854,1,quasar,0.418070912361145
1439,1,quasar,1,quasar,True,1,quasar,True,True,1,quasar,0.8450556397438049,2,star,0.5020415782928467,1,quasar,0.8021757006645203,1,quasar,0.6400312781333923,1,quasar,0.8833509683609009,2,star,0.5310999751091003
1440,1,quasar,2,star,False,2,star,False,True,1,quasar,0.7977100014686584,2,star,0.8079591393470764,1,quasar,0.5120804905891418,2,star,0.5267660021781921,2,star,0.7281054258346558,2,star,0.7826199531555176
1441,1,quasar,0,galaxy,False,0,galaxy,False,True,0,galaxy,0.9331713914871216,0,galaxy,0.9926239252090454,0,galaxy,0.9902993440628052,0,galaxy,0.9792059659957886,0,galaxy,0.9948531985282898,0,galaxy,0.9253304600715637
1442,1,quasar,1,quasar,True,1,quasar,True,True,0,galaxy,0.6292376518249512,0,galaxy,0.45042234659194946,1,quasar,0.5514390468597412,1,quasar,0.8007093071937561,1,quasar,0.8629102110862732,2,star,0.46970999240875244
1443,1,quasar,0,galaxy,False,0,galaxy,False,True,0,galaxy,0.6563600301742554,0,galaxy,0.8020144104957581,0,galaxy,0.9706071019172668,0,galaxy,0.9476597309112549,0,galaxy,0.7641370892524719,2,star,0.40974825620651245
1444,1,quasar,1,quasar,True,1,quasar,True,True,1,quasar,0.8532118201255798,1,quasar,0.8157498836517334,1,quasar,0.7878071665763855,1,quasar,0.8947477340698242,1,quasar,0.9464315176010132,1,quasar,0.5811257362365723
1445,1,quasar,1,quasar,True,1,quasar,True,True,2,star,0.6929404735565186,1,quasar,0.7750522494316101,1,quasar,0.6275426149368286,2,star,0.881610631942749,1,quasar,0.7880615592002869,1,quasar,0.49077150225639343
1446,1,quasar,1,quasar,True,1,quasar,True,True,1,quasar,0.8376712799072266,1,quasar,0.7562381625175476,1,quasar,0.8347124457359314,1,quasar,0.7592190504074097,1,quasar,0.9719973206520081,1,quasar,0.5311859250068665
1447,1,quasar,2,star,False,2,star,False,True,2,star,0.543025016784668,2,star,0.8628412485122681,2,star,0.7097592949867249,2,star,0.7265185117721558,1,quasar,0.7178651690483093,2,star,0.7039972543716431
1448,1,quasar,1,quasar,True,1,quasar,True,True,1,quasar,0.8089853525161743,2,star,0.49329042434692383,1,quasar,0.7182564735412598,1,quasar,0.6424721479415894,1,quasar,0.7155869007110596,1,quasar,0.5623934268951416
1449,1,quasar,1,quasar,True,1,quasar,True,True,2,star,0.6617471575737,1,quasar,0.8017407059669495,1,quasar,0.7477735280990601,2,star,0.7109770178794861,1,quasar,0.822929322719574,0,galaxy,0.4200862944126129
1450,1,quasar,1,quasar,True,1,quasar,True,True,1,quasar,0.7552356719970703,1,quasar,0.608018696308136,1,quasar,0.7292642593383789,1,quasar,0.5343175530433655,1,quasar,0.5440906286239624,1,quasar,0.5153191685676575
1451,1,quasar,1,quasar,True,1,quasar,True,True,1,quasar,0.6957078576087952,2,star,0.6350869536399841,1,quasar,0.6855663657188416,1,quasar,0.6034542322158813,2,star,0.5452938675880432,1,quasar,0.6374892592430115
1452,1,quasar,1,quasar,True,1,quasar,True,True,1,quasar,0.5990508794784546,2,star,0.7293804287910461,1,quasar,0.6830025911331177,1,quasar,0.8384385704994202,1,quasar,0.6604960560798645,2,star,0.4696758985519409
1453,1,quasar,0,galaxy,False,0,galaxy,False,True,0,galaxy,0.6624628305435181,0,galaxy,0.7292110919952393,0,galaxy,0.9234146475791931,0,galaxy,0.5496378540992737,0,galaxy,0.8424487113952637,0,galaxy,0.5456402897834778
1454,1,quasar,1,quasar,True,1,quasar,True,True,1,quasar,0.5015918612480164,2,star,0.5400677919387817,1,quasar,0.662534236907959,1,quasar,0.870560884475708,1,quasar,0.5646426677703857,1,quasar,0.4037233293056488
1455,1,quasar,1,quasar,True,1,quasar,True,True,1,quasar,0.904416024684906,1,quasar,0.6364274024963379,1,quasar,0.7304967641830444,1,quasar,0.8518263697624207,1,quasar,0.8235824108123779,2,star,0.46923553943634033
1456,1,quasar,1,quasar,True,1,quasar,True,True,1,quasar,0.6806236505508423,1,quasar,0.5986772775650024,1,quasar,0.7353370785713196,1,quasar,0.5795620679855347,1,quasar,0.6734302043914795,1,quasar,0.5206201672554016
1457,1,quasar,1,quasar,True,1,quasar,True,True,1,quasar,0.9013617634773254,1,quasar,0.8857986330986023,1,quasar,0.6388856768608093,1,quasar,0.7369003891944885,1,quasar,0.5433891415596008,1,quasar,0.4021013677120209
1458,1,quasar,1,quasar,True,1,quasar,True,True,1,quasar,0.8300008177757263,1,quasar,0.7342631220817566,1,quasar,0.818551778793335,1,quasar,0.8901821970939636,1,quasar,0.9125348329544067,1,quasar,0.6127877831459045
1459,1,quasar,1,quasar,True,1,quasar,True,True,1,quasar,0.8087517023086548,2,star,0.4865189790725708,1,quasar,0.562299907207489,1,quasar,0.6001933217048645,1,quasar,0.7423213720321655,2,star,0.7356707453727722
1460,1,quasar,1,quasar,True,1,quasar,True,True,1,quasar,0.9085943102836609,1,quasar,0.985558032989502,1,quasar,0.8288524746894836,1,quasar,0.7215304970741272,1,quasar,0.9617599844932556,2,star,0.5121546983718872
1461,1,quasar,1,quasar,True,1,quasar,True,True,1,quasar,0.9021411538124084,1,quasar,0.9766644239425659,1,quasar,0.7726507782936096,1,quasar,0.8861875534057617,1,quasar,0.7476272583007812,1,quasar,0.6771950721740723
1462,1,quasar,1,quasar,True,1,quasar,True,True,2,star,0.5673197507858276,1,quasar,0.5443716645240784,1,quasar,0.5556262135505676,1,quasar,0.783733606338501,1,quasar,0.5130026340484619,1,quasar,0.34912431240081787
1463,1,quasar,1,quasar,True,1,quasar,True,True,1,quasar,0.6012637615203857,2,star,0.5380950570106506,1,quasar,0.6223695874214172,1,quasar,0.9032745957374573,1,quasar,0.5129933953285217,2,star,0.46369895339012146
1464,1,quasar,1,quasar,True,1,quasar,True,True,1,quasar,0.910865843296051,1,quasar,0.6293020248413086,1,quasar,0.7334195375442505,1,quasar,0.6796155571937561,1,quasar,0.9720962047576904,2,star,0.46332496404647827
1465,1,quasar,1,quasar,True,1,quasar,True,True,1,quasar,0.9600296020507812,2,star,0.6918020844459534,1,quasar,0.6634541153907776,2,star,0.8555522561073303,1,quasar,0.723574697971344,2,star,0.6060051321983337
1466,1,quasar,1,quasar,True,1,quasar,True,True,1,quasar,0.537894070148468,2,star,0.5395453572273254,1,quasar,0.6773126721382141,1,quasar,0.8476380109786987,1,quasar,0.8280792832374573,1,quasar,0.4318268895149231
1467,1,quasar,1,quasar,True,1,quasar,True,True,1,quasar,0.8769245743751526,2,star,0.49679699540138245,1,quasar,0.7386407256126404,1,quasar,0.732322633266449,1,quasar,0.7628269195556641,2,star,0.4664583206176758
1468,1,quasar,1,quasar,True,2,star,False,False,1,quasar,0.5621453523635864,2,star,0.6065880656242371,1,quasar,0.606543242931366,2,star,0.9238820672035217,1,quasar,0.7268121838569641,2,star,0.5380852222442627
1469,1,quasar,1,quasar,True,1,quasar,True,True,0,galaxy,0.4282319247722626,0,galaxy,0.41121232509613037,1,quasar,0.4621407687664032,1,quasar,0.6486316919326782,1,quasar,0.8130189180374146,2,star,0.675497829914093
1470,1,quasar,2,star,False,2,star,False,True,2,star,0.6278380155563354,2,star,0.45908188819885254,0,galaxy,0.60972660779953,1,quasar,0.6044108271598816,1,quasar,0.41777607798576355,2,star,0.5667865872383118
1471,1,quasar,1,quasar,True,1,quasar,True,True,1,quasar,0.39184510707855225,1,quasar,0.8195390105247498,1,quasar,0.44966188073158264,1,quasar,0.6069194078445435,2,star,0.4632585942745209,2,star,0.5009256601333618
1472,1,quasar,1,quasar,True,1,quasar,True,True,1,quasar,0.5587881207466125,1,quasar,0.6580902338027954,2,star,0.5135312080383301,1,quasar,0.616621732711792,1,quasar,0.6043999195098877,2,star,0.620307445526123
1473,1,quasar,1,quasar,True,1,quasar,True,True,2,star,0.5794991254806519,1,quasar,0.8014605045318604,1,quasar,0.6478067636489868,1,quasar,0.8753693699836731,1,quasar,0.5750346779823303,2,star,0.8354134559631348
1474,1,quasar,1,quasar,True,1,quasar,True,True,1,quasar,0.8379586338996887,2,star,0.6122002601623535,1,quasar,0.71708744764328,1,quasar,0.7930649518966675,1,quasar,0.7229347229003906,2,star,0.4161945581436157
1475,1,quasar,1,quasar,True,1,quasar,True,True,1,quasar,0.8064138293266296,2,star,0.6641858220100403,1,quasar,0.6847209334373474,1,quasar,0.7590526938438416,1,quasar,0.6724578738212585,2,star,0.3936380445957184
1476,1,quasar,1,quasar,True,1,quasar,True,True,1,quasar,0.6385135650634766,1,quasar,0.6053156852722168,1,quasar,0.7171998023986816,2,star,0.5134515166282654,1,quasar,0.5641433000564575,2,star,0.6130564212799072
1477,1,quasar,1,quasar,True,1,quasar,True,True,1,quasar,0.5511481165885925,1,quasar,0.7997753024101257,1,quasar,0.7661101222038269,1,quasar,0.5844665169715881,1,quasar,0.8252208232879639,2,star,0.5917903184890747
1478,1,quasar,1,quasar,True,1,quasar,True,True,1,quasar,0.6577025055885315,1,quasar,0.596153199672699,1,quasar,0.7162465453147888,1,quasar,0.7554487586021423,1,quasar,0.5980240106582642,2,star,0.6721339225769043
1479,1,quasar,1,quasar,True,1,quasar,True,True,1,quasar,0.8540297150611877,1,quasar,0.9540058970451355,1,quasar,0.8262431621551514,1,quasar,0.8734217286109924,1,quasar,0.9618728756904602,1,quasar,0.5268735885620117
1480,1,quasar,1,quasar,True,1,quasar,True,True,1,quasar,0.6265333890914917,1,quasar,0.6211372017860413,1,quasar,0.8214237093925476,1,quasar,0.8632918000221252,1,quasar,0.9547992944717407,2,star,0.6098344922065735
1481,1,quasar,1,quasar,True,1,quasar,True,True,1,quasar,0.8016640543937683,2,star,0.5590605139732361,1,quasar,0.7638980746269226,1,quasar,0.8050037026405334,1,quasar,0.5270612835884094,2,star,0.5321437120437622
1482,1,quasar,1,quasar,True,1,quasar,True,True,1,quasar,0.7368125319480896,1,quasar,0.911324679851532,1,quasar,0.8165481090545654,1,quasar,0.863756000995636,1,quasar,0.9606369137763977,2,star,0.6721373796463013
1483,1,quasar,1,quasar,True,1,quasar,True,True,1,quasar,0.9587720036506653,1,quasar,0.9423873424530029,1,quasar,0.7917017936706543,1,quasar,0.8483021259307861,1,quasar,0.7959483861923218,1,quasar,0.45498624444007874
1484,1,quasar,1,quasar,True,1,quasar,True,True,1,quasar,0.7942560315132141,1,quasar,0.573428750038147,1,quasar,0.7953795194625854,1,quasar,0.7754496335983276,1,quasar,0.8180751204490662,2,star,0.503080427646637
1485,1,quasar,0,galaxy,False,0,galaxy,False,True,1,quasar,0.7126047611236572,1,quasar,0.7712348699569702,0,galaxy,0.860987663269043,0,galaxy,0.8311535716056824,0,galaxy,0.7748398184776306,2,star,0.4685595631599426
1486,1,quasar,1,quasar,True,1,quasar,True,True,1,quasar,0.9369363784790039,1,quasar,0.7099425792694092,1,quasar,0.6691345572471619,1,quasar,0.7914630770683289,1,quasar,0.8446847200393677,2,star,0.4118734300136566
1487,1,quasar,1,quasar,True,2,star,False,False,2,star,0.9143162369728088,2,star,0.5314174890518188,1,quasar,0.6155366897583008,1,quasar,0.5032871961593628,1,quasar,0.7698988914489746,2,star,0.8896918296813965
1488,1,quasar,1,quasar,True,1,quasar,True,True,1,quasar,0.5684682726860046,2,star,0.5781644582748413,1,quasar,0.6910379528999329,1,quasar,0.7788808941841125,1,quasar,0.8981391787528992,0,galaxy,0.39313027262687683
1489,1,quasar,1,quasar,True,1,quasar,True,True,1,quasar,0.8872084021568298,1,quasar,0.9139358997344971,1,quasar,0.7414311170578003,1,quasar,0.845325767993927,1,quasar,0.7635086178779602,2,star,0.4793824553489685
1490,1,quasar,1,quasar,True,1,quasar,True,True,1,quasar,0.5162467956542969,1,quasar,0.9070932865142822,1,quasar,0.7263134121894836,1,quasar,0.7447770237922668,1,quasar,0.9498525857925415,2,star,0.50539231300354
1491,1,quasar,1,quasar,True,1,quasar,True,True,1,quasar,0.8917601704597473,1,quasar,0.5757800936698914,1,quasar,0.6981792449951172,1,quasar,0.8511257767677307,1,quasar,0.7851612567901611,2,star,0.6118755340576172
1492,1,quasar,2,star,False,2,star,False,True,1,quasar,0.5520858764648438,2,star,0.5884182453155518,1,quasar,0.5009965896606445,2,star,0.6863839626312256,2,star,0.5837734937667847,0,galaxy,0.4478544294834137
1493,1,quasar,2,star,False,2,star,False,True,2,star,0.703608512878418,2,star,0.7027100324630737,2,star,0.557330846786499,1,quasar,0.6722978353500366,2,star,0.5144580006599426,2,star,0.4781372845172882
1494,1,quasar,1,quasar,True,1,quasar,True,True,1,quasar,0.9625492691993713,1,quasar,0.8985931873321533,1,quasar,0.857420027256012,1,quasar,0.862657904624939,1,quasar,0.9711747169494629,1,quasar,0.5698073506355286
1495,1,quasar,1,quasar,True,2,star,False,False,1,quasar,0.6262646913528442,1,quasar,0.5490375757217407,2,star,0.8725568652153015,2,star,0.688533365726471,1,quasar,0.6403337717056274,2,star,0.7700832486152649
1496,1,quasar,1,quasar,True,1,quasar,True,True,1,quasar,0.9199113249778748,1,quasar,0.6810134649276733,1,quasar,0.7577579021453857,1,quasar,0.8855584263801575,1,quasar,0.8052799105644226,1,quasar,0.5155542492866516
1497,1,quasar,1,quasar,True,1,quasar,True,True,1,quasar,0.7217797636985779,1,quasar,0.7550793290138245,1,quasar,0.6479635238647461,1,quasar,0.6410053372383118,1,quasar,0.5514904856681824,2,star,0.5589207410812378
1498,1,quasar,1,quasar,True,1,quasar,True,True,1,quasar,0.9202560782432556,1,quasar,0.8743822574615479,1,quasar,0.706839919090271,1,quasar,0.8945371508598328,1,quasar,0.6501248478889465,2,star,0.678314208984375
1499,1,quasar,1,quasar,True,1,quasar,True,True,1,quasar,0.8523491621017456,1,quasar,0.585311233997345,1,quasar,0.8282279968261719,1,quasar,0.7170299291610718,1,quasar,0.8217350244522095,2,star,0.776502788066864
1500,1,quasar,1,quasar,True,1,quasar,True,True,1,quasar,0.8905563354492188,1,quasar,0.8775944709777832,1,quasar,0.7798674702644348,1,quasar,0.8440657258033752,1,quasar,0.8381379246711731,1,quasar,0.48008567094802856
1501,1,quasar,2,star,False,2,star,False,True,2,star,0.7717317938804626,2,star,0.9855097532272339,2,star,0.6959291696548462,2,star,0.8798009157180786,2,star,0.7463698387145996,2,star,0.637712836265564
1502,1,quasar,1,quasar,True,1,quasar,True,True,1,quasar,0.8766916990280151,1,quasar,0.6978017091751099,1,quasar,0.8238592147827148,1,quasar,0.7980422377586365,1,quasar,0.7913717031478882,1,quasar,0.771957278251648
1503,1,quasar,1,quasar,True,2,star,False,False,2,star,0.6389979720115662,2,star,0.8787907958030701,1,quasar,0.5856562852859497,1,quasar,0.534384548664093,1,quasar,0.7031534314155579,2,star,0.6226954460144043
1504,1,quasar,1,quasar,True,1,quasar,True,True,1,quasar,0.7841723561286926,2,star,0.7969356775283813,1,quasar,0.6658883094787598,1,quasar,0.7075912952423096,1,quasar,0.6786512136459351,2,star,0.6365597248077393
1505,1,quasar,1,quasar,True,2,star,False,False,1,quasar,0.5268868803977966,2,star,0.9472572207450867,2,star,0.5367680191993713,1,quasar,0.6793262362480164,1,quasar,0.624789834022522,2,star,0.7418867945671082
1506,1,quasar,1,quasar,True,1,quasar,True,True,1,quasar,0.6379104852676392,1,quasar,0.7926505208015442,1,quasar,0.7771725058555603,1,quasar,0.7813028693199158,1,quasar,0.9235886931419373,1,quasar,0.5679812431335449
1507,1,quasar,1,quasar,True,1,quasar,True,True,1,quasar,0.8558928370475769,1,quasar,0.7449554204940796,1,quasar,0.7875324487686157,1,quasar,0.8013437986373901,1,quasar,0.949255645275116,2,star,0.5938507914543152
1508,1,quasar,1,quasar,True,1,quasar,True,True,1,quasar,0.9199987053871155,1,quasar,0.5559034943580627,1,quasar,0.6421698927879333,2,star,0.8758725523948669,1,quasar,0.6903039216995239,1,quasar,0.8117441534996033
1509,1,quasar,2,star,False,2,star,False,True,2,star,0.9358319640159607,2,star,0.9693486094474792,2,star,0.5804563164710999,2,star,0.8495269417762756,2,star,0.5412615537643433,2,star,0.779511570930481
1510,1,quasar,1,quasar,True,1,quasar,True,True,1,quasar,0.9421519041061401,1,quasar,0.9678211212158203,1,quasar,0.7500161528587341,1,quasar,0.7809003591537476,1,quasar,0.7735445499420166,1,quasar,0.6958475708961487
1511,1,quasar,1,quasar,True,1,quasar,True,True,1,quasar,0.742097795009613,2,star,0.7241601943969727,1,quasar,0.6713070869445801,1,quasar,0.7893495559692383,1,quasar,0.6172040700912476,1,quasar,0.4749416708946228
1512,1,quasar,2,star,False,2,star,False,True,1,quasar,0.5128728151321411,2,star,0.8927715420722961,2,star,0.9232099652290344,2,star,0.8894717693328857,2,star,0.7177557349205017,2,star,0.5519086122512817
1513,1,quasar,1,quasar,True,1,quasar,True,True,1,quasar,0.9737730622291565,1,quasar,0.9883012175559998,1,quasar,0.8419134020805359,1,quasar,0.8957211971282959,1,quasar,0.9743052124977112,1,quasar,0.6710672974586487
1514,1,quasar,1,quasar,True,1,quasar,True,True,1,quasar,0.79933762550354,2,star,0.6441707611083984,1,quasar,0.5618869662284851,1,quasar,0.8592860102653503,1,quasar,0.8572288751602173,1,quasar,0.508517861366272
1515,1,quasar,1,quasar,True,1,quasar,True,True,1,quasar,0.9383674263954163,1,quasar,0.7818318605422974,1,quasar,0.6640947461128235,1,quasar,0.8447074294090271,1,quasar,0.8703550100326538,1,quasar,0.5874067544937134
1516,1,quasar,1,quasar,True,1,quasar,True,True,1,quasar,0.9468230605125427,1,quasar,0.8493477702140808,1,quasar,0.8051294088363647,1,quasar,0.807191014289856,1,quasar,0.9725582003593445,1,quasar,0.5707620978355408
1517,1,quasar,0,galaxy,False,0,galaxy,False,True,0,galaxy,0.9675958752632141,0,galaxy,0.8701895475387573,2,star,0.5029546022415161,0,galaxy,0.9782429933547974,2,star,0.7805327773094177,0,galaxy,0.8501817584037781
1518,1,quasar,1,quasar,True,1,quasar,True,True,1,quasar,0.7525447607040405,2,star,0.8210991024971008,1,quasar,0.7135311365127563,1,quasar,0.648088276386261,1,quasar,0.9669422507286072,2,star,0.602891206741333
1519,1,quasar,1,quasar,True,1,quasar,True,True,1,quasar,0.9370234608650208,1,quasar,0.7365758419036865,1,quasar,0.6515251994132996,1,quasar,0.7047051191329956,1,quasar,0.8945152163505554,2,star,0.5620272159576416
1520,1,quasar,0,galaxy,False,0,galaxy,False,True,0,galaxy,0.4616493284702301,0,galaxy,0.7375825047492981,0,galaxy,0.6272762417793274,1,quasar,0.48501455783843994,1,quasar,0.5402738451957703,0,galaxy,0.4772195518016815
1521,1,quasar,1,quasar,True,1,quasar,True,True,1,quasar,0.7597957253456116,2,star,0.6179501414299011,1,quasar,0.6496092081069946,1,quasar,0.7754871845245361,1,quasar,0.639986515045166,1,quasar,0.4965078830718994
1522,1,quasar,1,quasar,True,1,quasar,True,True,1,quasar,0.9396833777427673,1,quasar,0.5917577743530273,1,quasar,0.8124345541000366,1,quasar,0.5938796401023865,1,quasar,0.9281931519508362,1,quasar,0.4710853695869446
1523,1,quasar,1,quasar,True,1,quasar,True,True,1,quasar,0.8812165856361389,1,quasar,0.731359601020813,1,quasar,0.8128176331520081,1,quasar,0.8185386657714844,1,quasar,0.9270710349082947,0,galaxy,0.3530503511428833
1524,1,quasar,1,quasar,True,1,quasar,True,True,1,quasar,0.5643870830535889,1,quasar,0.843977153301239,1,quasar,0.7101126909255981,1,quasar,0.780569851398468,1,quasar,0.5857899785041809,1,quasar,0.6040949821472168
1525,2,star,2,star,True,2,star,True,True,2,star,0.753186821937561,2,star,0.9775547981262207,2,star,0.9729610085487366,2,star,0.9919860363006592,2,star,0.9804587364196777,2,star,0.5719128847122192
1526,2,star,2,star,True,2,star,True,True,2,star,0.6304527521133423,2,star,0.7342732548713684,2,star,0.5709556937217712,1,quasar,0.6500602960586548,2,star,0.8040145039558411,1,quasar,0.6033669114112854
1527,2,star,2,star,True,2,star,True,True,2,star,0.8917224407196045,2,star,0.9701293110847473,2,star,0.9133986234664917,2,star,0.9899787902832031,2,star,0.9294950366020203,2,star,0.7325986623764038
1528,2,star,1,quasar,False,1,quasar,False,True,1,quasar,0.673392117023468,1,quasar,0.6563635468482971,1,quasar,0.6402008533477783,1,quasar,0.7896143198013306,1,quasar,0.5995228886604309,1,quasar,0.48475825786590576
1529,2,star,2,star,True,2,star,True,True,2,star,0.9686227440834045,2,star,0.9606422781944275,2,star,0.9961090683937073,2,star,0.9925857186317444,2,star,0.9917269945144653,2,star,0.7119147181510925
1530,2,star,2,star,True,2,star,True,True,2,star,0.9907181859016418,2,star,0.9977559447288513,2,star,0.9972453117370605,2,star,0.9981846213340759,2,star,0.9908690452575684,2,star,0.9132739901542664
1531,2,star,2,star,True,2,star,True,True,2,star,0.9712380170822144,2,star,0.998931348323822,2,star,0.9826106429100037,2,star,0.9983651041984558,2,star,0.981174111366272,2,star,0.734798014163971
1532,2,star,2,star,True,2,star,True,True,2,star,0.9713819622993469,2,star,0.99735426902771,2,star,0.9933969974517822,2,star,0.9940435290336609,2,star,0.9844135046005249,2,star,0.7529723048210144
1533,2,star,2,star,True,2,star,True,True,2,star,0.6279435753822327,2,star,0.6076285243034363,1,quasar,0.6628621816635132,2,star,0.6505886316299438,2,star,0.511684238910675,2,star,0.4967692792415619
1534,2,star,1,quasar,False,1,quasar,False,True,1,quasar,0.5663345456123352,2,star,0.8593125343322754,1,quasar,0.6350581049919128,2,star,0.6532039046287537,1,quasar,0.8215351104736328,1,quasar,0.5738386511802673
1535,2,star,2,star,True,2,star,True,True,2,star,0.9663601517677307,2,star,0.9995036125183105,2,star,0.995203971862793,2,star,0.9984235763549805,2,star,0.9955649971961975,2,star,0.6961273550987244
1536,2,star,2,star,True,2,star,True,True,2,star,0.9885954260826111,2,star,0.9828324913978577,2,star,0.9918667674064636,2,star,0.9971983432769775,2,star,0.9947847723960876,2,star,0.4255528151988983
1537,2,star,2,star,True,2,star,True,True,2,star,0.9574142694473267,2,star,0.9305019378662109,2,star,0.9933120608329773,2,star,0.9918918609619141,2,star,0.9915664792060852,1,quasar,0.3595045804977417
1538,2,star,2,star,True,2,star,True,True,2,star,0.9905421137809753,2,star,0.9908251166343689,2,star,0.9944131970405579,2,star,0.9976504445075989,2,star,0.9954419136047363,0,galaxy,0.6054048538208008
1539,2,star,2,star,True,2,star,True,True,2,star,0.9690441489219666,2,star,0.9548642039299011,2,star,0.9901806116104126,2,star,0.9740220308303833,2,star,0.9939377307891846,1,quasar,0.37879031896591187
1540,2,star,2,star,True,2,star,True,True,2,star,0.9010670185089111,2,star,0.995890736579895,2,star,0.9872533679008484,2,star,0.9955238103866577,2,star,0.9596641063690186,2,star,0.6576437950134277
1541,2,star,2,star,True,2,star,True,True,2,star,0.9350137710571289,2,star,0.9949978590011597,2,star,0.9356151819229126,2,star,0.9452723860740662,2,star,0.9872652292251587,2,star,0.5928757786750793
1542,2,star,2,star,True,2,star,True,True,2,star,0.9874260425567627,2,star,0.9980175495147705,2,star,0.9943743944168091,2,star,0.9963043928146362,2,star,0.972529411315918,2,star,0.6592891812324524
1543,2,star,1,quasar,False,2,star,True,False,2,star,0.684201180934906,2,star,0.6677252054214478,1,quasar,0.7183256149291992,1,quasar,0.5276058912277222,1,quasar,0.566864550113678,2,star,0.4020131826400757
1544,2,star,1,quasar,False,1,quasar,False,True,2,star,0.6941872835159302,1,quasar,0.6621665358543396,1,quasar,0.7174261212348938,1,quasar,0.7394068837165833,1,quasar,0.6889514327049255,1,quasar,0.4697015583515167
1545,2,star,2,star,True,2,star,True,True,2,star,0.9934096932411194,2,star,0.9981169700622559,2,star,0.9928955435752869,2,star,0.9972327351570129,2,star,0.9942134022712708,2,star,0.7885657548904419
1546,2,star,2,star,True,2,star,True,True,2,star,0.9926778078079224,2,star,0.9971557855606079,2,star,0.9947935938835144,2,star,0.9979742169380188,2,star,0.9948693513870239,0,galaxy,0.7186684608459473
1547,2,star,2,star,True,2,star,True,True,2,star,0.9929728507995605,2,star,0.992168128490448,2,star,0.9953935146331787,2,star,0.9963788390159607,2,star,0.9900555610656738,2,star,0.7871190309524536
1548,2,star,2,star,True,2,star,True,True,2,star,0.989291250705719,2,star,0.9998646974563599,2,star,0.9909573793411255,2,star,0.9987348914146423,2,star,0.9920353293418884,2,star,0.9065752625465393
1549,2,star,1,quasar,False,1,quasar,False,True,2,star,0.6036295294761658,1,quasar,0.853058397769928,1,quasar,0.6266496777534485,1,quasar,0.8711600303649902,1,quasar,0.6988128423690796,1,quasar,0.5629249215126038
1550,2,star,2,star,True,2,star,True,True,2,star,0.8856958746910095,2,star,0.7836419939994812,2,star,0.9934497475624084,2,star,0.9901913404464722,2,star,0.9858313798904419,2,star,0.7038881778717041
1551,2,star,2,star,True,2,star,True,True,1,quasar,0.8043209910392761,2,star,0.67988520860672,2,star,0.5125913023948669,2,star,0.6555340886116028,2,star,0.5119220614433289,2,star,0.5412348508834839
1552,2,star,0,galaxy,False,0,galaxy,False,True,0,galaxy,0.8759589791297913,2,star,0.48633551597595215,2,star,0.5765464305877686,0,galaxy,0.48720449209213257,2,star,0.4855562746524811,0,galaxy,0.49969297647476196
1553,2,star,2,star,True,2,star,True,True,2,star,0.8096274137496948,2,star,0.9595544338226318,2,star,0.6091081500053406,2,star,0.9825480580329895,2,star,0.8573197722434998,2,star,0.6499062776565552
1554,2,star,1,quasar,False,1,quasar,False,True,1,quasar,0.9767599701881409,1,quasar,0.7414540648460388,2,star,0.5273601412773132,1,quasar,0.5179763436317444,1,quasar,0.6815679669380188,1,quasar,0.7727722525596619
1555,2,star,2,star,True,2,star,True,True,2,star,0.993287980556488,2,star,0.9998908042907715,2,star,0.9898052215576172,2,star,0.9841549396514893,2,star,0.9900102019309998,2,star,0.9269514083862305
1556,2,star,1,quasar,False,2,star,True,False,2,star,0.568844199180603,2,star,0.8065533638000488,1,quasar,0.6831908822059631,1,quasar,0.5132349729537964,1,quasar,0.654490053653717,2,star,0.6149577498435974
1557,2,star,2,star,True,2,star,True,True,2,star,0.9036321640014648,2,star,0.9758805632591248,2,star,0.7410154938697815,2,star,0.8164708614349365,2,star,0.7297482490539551,2,star,0.5177066922187805
1558,2,star,2,star,True,2,star,True,True,2,star,0.9951854348182678,2,star,0.9981901049613953,2,star,0.9951139688491821,2,star,0.9987350106239319,2,star,0.9825341105461121,2,star,0.7907630205154419
1559,2,star,2,star,True,2,star,True,True,2,star,0.9788570404052734,2,star,0.9965764880180359,2,star,0.9872732162475586,2,star,0.9973782300949097,2,star,0.892541766166687,2,star,0.8284926414489746
1560,2,star,0,galaxy,False,0,galaxy,False,True,0,galaxy,0.43477630615234375,0,galaxy,0.5168268084526062,0,galaxy,0.546053946018219,2,star,0.5548756718635559,2,star,0.8136637210845947,0,galaxy,0.4652841091156006
1561,2,star,2,star,True,2,star,True,True,2,star,0.5447643399238586,2,star,0.6550542712211609,1,quasar,0.6511312127113342,2,star,0.5826571583747864,1,quasar,0.5606087446212769,2,star,0.37650805711746216
1562,2,star,2,star,True,2,star,True,True,2,star,0.8729972839355469,2,star,0.9977723956108093,2,star,0.9897943139076233,2,star,0.9923602938652039,2,star,0.9831770062446594,2,star,0.897774875164032
1563,2,star,2,star,True,2,star,True,True,2,star,0.9728155732154846,2,star,0.9976069927215576,2,star,0.992425799369812,2,star,0.9936621189117432,2,star,0.9944649338722229,0,galaxy,0.5178720355033875
1564,2,star,1,quasar,False,1,quasar,False,True,1,quasar,0.6166082620620728,2,star,0.6154680848121643,1,quasar,0.7340837717056274,1,quasar,0.777462899684906,1,quasar,0.6492543816566467,1,quasar,0.4017619490623474
1565,2,star,2,star,True,2,star,True,True,2,star,0.8197088241577148,2,star,0.8024836778640747,1,quasar,0.6147035956382751,1,quasar,0.5788736939430237,2,star,0.7774583101272583,2,star,0.5285516381263733
1566,2,star,2,star,True,2,star,True,True,2,star,0.8619061708450317,2,star,0.9853003621101379,2,star,0.6897484660148621,2,star,0.9265733957290649,2,star,0.6713035106658936,2,star,0.7429090738296509
1567,2,star,2,star,True,2,star,True,True,2,star,0.9723853468894958,2,star,0.9964255690574646,2,star,0.8192552328109741,2,star,0.8950722217559814,2,star,0.9910097122192383,2,star,0.8230139017105103
1568,2,star,2,star,True,2,star,True,True,2,star,0.9579110145568848,2,star,0.9955718517303467,2,star,0.8690145015716553,2,star,0.9772917032241821,2,star,0.9874311685562134,2,star,0.7453556656837463
1569,2,star,1,quasar,False,1,quasar,False,True,1,quasar,0.8607122898101807,1,quasar,0.9703668355941772,1,quasar,0.768642246723175,1,quasar,0.8457118272781372,1,quasar,0.9514224529266357,2,star,0.4806266129016876
1570,2,star,2,star,True,2,star,True,True,2,star,0.6314930319786072,2,star,0.700010359287262,2,star,0.6564907431602478,2,star,0.5596434473991394,2,star,0.6674347519874573,2,star,0.7907126545906067
1571,2,star,0,galaxy,False,2,star,True,False,2,star,0.7258427143096924,0,galaxy,0.5774693489074707,1,quasar,0.6116947531700134,1,quasar,0.7814304232597351,2,star,0.6545577645301819,0,galaxy,0.6812797784805298
1572,2,star,1,quasar,False,1,quasar,False,True,1,quasar,0.8684055805206299,2,star,0.6468895673751831,1,quasar,0.7385247945785522,2,star,0.7028513550758362,1,quasar,0.8124899864196777,1,quasar,0.5197362303733826
1573,2,star,1,quasar,False,1,quasar,False,True,1,quasar,0.5755009055137634,1,quasar,0.5681914687156677,1,quasar,0.6837560534477234,1,quasar,0.5268101692199707,1,quasar,0.5032609105110168,0,galaxy,0.39898064732551575
1574,2,star,2,star,True,2,star,True,True,2,star,0.9966980218887329,2,star,0.9769492745399475,2,star,0.9940945506095886,2,star,0.9889485836029053,2,star,0.9837666749954224,2,star,0.9313323497772217
1575,2,star,2,star,True,2,star,True,True,1,quasar,0.5011781454086304,2,star,0.7447656393051147,2,star,0.6013147234916687,2,star,0.7953681349754333,2,star,0.5482177734375,2,star,0.5917840600013733
1576,2,star,2,star,True,2,star,True,True,2,star,0.7154287099838257,2,star,0.6891441345214844,1,quasar,0.5547389984130859,1,quasar,0.6953365802764893,2,star,0.7852164506912231,2,star,0.6714772582054138
1577,2,star,2,star,True,2,star,True,True,2,star,0.9186491370201111,2,star,0.8882537484169006,2,star,0.7442694306373596,2,star,0.9680257439613342,2,star,0.912977397441864,2,star,0.9596471786499023
1578,2,star,2,star,True,2,star,True,True,2,star,0.9973267316818237,2,star,0.9992103576660156,2,star,0.9940184354782104,2,star,0.9982642531394958,2,star,0.9744786024093628,2,star,0.6338064074516296
1579,2,star,2,star,True,2,star,True,True,2,star,0.9950584173202515,2,star,0.9997063279151917,2,star,0.9952338337898254,2,star,0.9986498951911926,2,star,0.978582501411438,2,star,0.9457618594169617
1580,2,star,2,star,True,2,star,True,True,2,star,0.9961621761322021,2,star,0.9989964365959167,2,star,0.9961637258529663,2,star,0.9985400438308716,2,star,0.9804235696792603,2,star,0.8384326696395874
1581,2,star,1,quasar,False,1,quasar,False,True,1,quasar,0.8977367281913757,1,quasar,0.4992798864841461,1,quasar,0.5811359286308289,1,quasar,0.7664948105812073,2,star,0.6332564949989319,1,quasar,0.4923289120197296
1582,2,star,2,star,True,2,star,True,True,2,star,0.9534315466880798,2,star,0.6903510689735413,2,star,0.6805536150932312,1,quasar,0.5404099225997925,2,star,0.6598505973815918,2,star,0.7368839383125305
1583,2,star,2,star,True,2,star,True,True,2,star,0.9972416162490845,2,star,0.8763339519500732,2,star,0.9875319600105286,2,star,0.745039165019989,2,star,0.9708865284919739,2,star,0.8524007797241211
1584,2,star,2,star,True,2,star,True,True,2,star,0.8706048130989075,2,star,0.6692583560943604,2,star,0.7895376086235046,2,star,0.8904865980148315,2,star,0.8778179287910461,2,star,0.8851833939552307
1585,2,star,1,quasar,False,2,star,True,False,1,quasar,0.5895600318908691,1,quasar,0.539219856262207,2,star,0.5563957095146179,1,quasar,0.5082296133041382,2,star,0.7132718563079834,2,star,0.5019605755805969
1586,2,star,2,star,True,2,star,True,True,2,star,0.6153393983840942,2,star,0.9538165926933289,2,star,0.7045341730117798,1,quasar,0.5766674280166626,2,star,0.9251935482025146,2,star,0.4395432770252228
1587,2,star,2,star,True,2,star,True,True,2,star,0.6178430318832397,2,star,0.8885117173194885,2,star,0.5934908986091614,1,quasar,0.5562855005264282,2,star,0.6274439692497253,2,star,0.5297885537147522
1588,2,star,2,star,True,2,star,True,True,2,star,0.9401659369468689,2,star,0.9903627038002014,2,star,0.9342160224914551,2,star,0.9576412439346313,2,star,0.9685426354408264,2,star,0.7450542449951172
1589,2,star,2,star,True,2,star,True,True,2,star,0.6244937181472778,2,star,0.8684622645378113,1,quasar,0.590754508972168,1,quasar,0.6611019372940063,2,star,0.9452707767486572,2,star,0.650589644908905
1590,2,star,2,star,True,2,star,True,True,2,star,0.8499207496643066,2,star,0.7805656790733337,1,quasar,0.7017002701759338,2,star,0.5111785531044006,1,quasar,0.5681408047676086,2,star,0.7578620314598083
1591,2,star,2,star,True,2,star,True,True,2,star,0.9873422384262085,2,star,0.9984295964241028,2,star,0.8789182901382446,2,star,0.9526069164276123,2,star,0.969295859336853,2,star,0.7931213974952698
1592,2,star,1,quasar,False,1,quasar,False,True,1,quasar,0.7224889397621155,2,star,0.6909497380256653,1,quasar,0.6440335512161255,1,quasar,0.7410776019096375,1,quasar,0.6344459056854248,0,galaxy,0.5758060216903687
1593,2,star,1,quasar,False,2,star,True,False,2,star,0.5893138647079468,1,quasar,0.5546953082084656,1,quasar,0.5777412056922913,1,quasar,0.5310989022254944,1,quasar,0.5966273546218872,2,star,0.8004177212715149
1594,2,star,2,star,True,2,star,True,True,2,star,0.9208168387413025,2,star,0.9997597336769104,2,star,0.9292135238647461,2,star,0.9893302321434021,2,star,0.821769654750824,2,star,0.7790830135345459
1595,2,star,1,quasar,False,1,quasar,False,True,1,quasar,0.6223115921020508,1,quasar,0.508251965045929,1,quasar,0.7293734550476074,1,quasar,0.7399555444717407,1,quasar,0.6963353753089905,2,star,0.42854082584381104
1596,2,star,1,quasar,False,2,star,True,False,2,star,0.5109458565711975,2,star,0.775898277759552,1,quasar,0.6897886395454407,1,quasar,0.7613048553466797,1,quasar,0.5259246230125427,2,star,0.7813951373100281
1597,2,star,2,star,True,2,star,True,True,2,star,0.9931935667991638,2,star,0.9784424901008606,2,star,0.7770055532455444,2,star,0.8233710527420044,2,star,0.684803307056427,2,star,0.9173747897148132
1598,2,star,1,quasar,False,1,quasar,False,True,1,quasar,0.6407207250595093,2,star,0.7760310173034668,1,quasar,0.6980323791503906,1,quasar,0.6552103161811829,1,quasar,0.7777135372161865,1,quasar,0.5107115507125854
1599,2,star,1,quasar,False,1,quasar,False,True,1,quasar,0.5650046467781067,2,star,0.5469576716423035,1,quasar,0.7855678796768188,1,quasar,0.5048015713691711,1,quasar,0.5951324701309204,2,star,0.6696049571037292
1600,2,star,2,star,True,2,star,True,True,2,star,0.8602559566497803,2,star,0.9564887285232544,2,star,0.9010704159736633,2,star,0.994117021560669,2,star,0.9494261145591736,2,star,0.8401073217391968
1601,2,star,1,quasar,False,1,quasar,False,True,1,quasar,0.7162619233131409,2,star,0.6919716000556946,1,quasar,0.6965712904930115,1,quasar,0.5975984930992126,1,quasar,0.640501856803894,2,star,0.5166662335395813
1602,2,star,2,star,True,2,star,True,True,2,star,0.9757643342018127,2,star,0.9946458339691162,2,star,0.8345274925231934,2,star,0.9707810282707214,2,star,0.9774491190910339,2,star,0.8686378002166748
1603,2,star,2,star,True,2,star,True,True,2,star,0.8383780717849731,2,star,0.990994393825531,2,star,0.7633206248283386,2,star,0.9921459555625916,2,star,0.9737207293510437,2,star,0.6540271043777466
1604,2,star,2,star,True,2,star,True,True,2,star,0.879927933216095,2,star,0.9895409941673279,2,star,0.9492040872573853,2,star,0.969306468963623,2,star,0.9874901175498962,0,galaxy,0.8930193185806274
1605,2,star,1,quasar,False,1,quasar,False,True,2,star,0.8418686389923096,2,star,0.6257622838020325,1,quasar,0.7243160009384155,1,quasar,0.8319056630134583,1,quasar,0.7225143313407898,2,star,0.4659588038921356
1606,2,star,2,star,True,2,star,True,True,2,star,0.9526377320289612,2,star,0.8368772268295288,2,star,0.7719943523406982,2,star,0.9006450772285461,1,quasar,0.5469065308570862,2,star,0.8287913203239441
1607,2,star,1,quasar,False,2,star,True,False,1,quasar,0.562077522277832,1,quasar,0.5471674203872681,1,quasar,0.6277944445610046,2,star,0.7061258554458618,2,star,0.6550367474555969,2,star,0.34996864199638367
1608,2,star,2,star,True,2,star,True,True,2,star,0.9755762219429016,2,star,0.9999704360961914,2,star,0.9911192059516907,2,star,0.9774378538131714,2,star,0.9912799000740051,2,star,0.6580550074577332
1609,2,star,2,star,True,2,star,True,True,2,star,0.5302532315254211,2,star,0.8436846733093262,2,star,0.5231075882911682,2,star,0.893636167049408,2,star,0.9780626893043518,1,quasar,0.5122755169868469
1610,2,star,2,star,True,2,star,True,True,2,star,0.9775567650794983,2,star,0.999007523059845,2,star,0.8813667297363281,2,star,0.9963895678520203,2,star,0.990698516368866,2,star,0.7498306632041931
1611,2,star,2,star,True,2,star,True,True,2,star,0.6096434593200684,2,star,0.8104336261749268,1,quasar,0.49694809317588806,2,star,0.7196508646011353,1,quasar,0.7595251202583313,2,star,0.6388143301010132
1612,2,star,2,star,True,2,star,True,True,2,star,0.9082739353179932,2,star,0.9947011470794678,2,star,0.9869491457939148,2,star,0.997884213924408,2,star,0.9953479170799255,2,star,0.6805368661880493
1613,2,star,2,star,True,2,star,True,True,2,star,0.9881514310836792,2,star,0.9986811280250549,2,star,0.9913868308067322,2,star,0.9959119558334351,2,star,0.9558912515640259,2,star,0.5578868985176086
1614,2,star,2,star,True,2,star,True,True,2,star,0.9245673418045044,2,star,0.9948527216911316,2,star,0.993732750415802,2,star,0.9886835217475891,2,star,0.9948915243148804,2,star,0.9091076254844666
1615,2,star,2,star,True,2,star,True,True,2,star,0.9736050963401794,2,star,0.9997307658195496,2,star,0.9660454392433167,2,star,0.9977586269378662,2,star,0.9929370284080505,2,star,0.8780058026313782
1616,2,star,2,star,True,2,star,True,True,2,star,0.8874368667602539,2,star,0.9236983060836792,2,star,0.8863850235939026,2,star,0.8655333518981934,2,star,0.9806626439094543,2,star,0.639887273311615
1617,2,star,2,star,True,2,star,True,True,2,star,0.925670862197876,2,star,0.9626083374023438,2,star,0.9580065608024597,2,star,0.9898346066474915,2,star,0.5051513314247131,0,galaxy,0.43909069895744324
1618,2,star,2,star,True,2,star,True,True,1,quasar,0.6802904009819031,2,star,0.8039725422859192,2,star,0.8549643754959106,2,star,0.9795548319816589,2,star,0.6176505088806152,1,quasar,0.5058658123016357
1619,2,star,1,quasar,False,1,quasar,False,True,1,quasar,0.5378152132034302,1,quasar,0.5789417624473572,1,quasar,0.6534807085990906,1,quasar,0.7190748453140259,1,quasar,0.7637597918510437,1,quasar,0.4195496737957001
1620,2,star,2,star,True,2,star,True,True,2,star,0.958652138710022,2,star,0.9980065226554871,2,star,0.9879992008209229,2,star,0.9962812066078186,2,star,0.9907801747322083,2,star,0.8334234356880188
1621,2,star,2,star,True,2,star,True,True,1,quasar,0.5077016353607178,2,star,0.6620256304740906,0,galaxy,0.7558565735816956,2,star,0.9512678384780884,2,star,0.6237045526504517,0,galaxy,0.8354304432868958
1622,2,star,2,star,True,2,star,True,True,2,star,0.9182658195495605,2,star,0.9853314161300659,2,star,0.9489639401435852,2,star,0.9713302254676819,2,star,0.9345526099205017,2,star,0.8242030739784241
1623,2,star,1,quasar,False,1,quasar,False,True,1,quasar,0.6159087419509888,2,star,0.5721406936645508,1,quasar,0.7517358064651489,1,quasar,0.655101478099823,1,quasar,0.7952495813369751,1,quasar,0.45720210671424866
1624,2,star,1,quasar,False,1,quasar,False,True,1,quasar,0.6595228910446167,2,star,0.7503945827484131,1,quasar,0.6143154501914978,1,quasar,0.6414149403572083,2,star,0.48921146988868713,2,star,0.5612269639968872
1625,2,star,2,star,True,2,star,True,True,2,star,0.7336477637290955,2,star,0.9147891998291016,2,star,0.8530455231666565,2,star,0.9957823753356934,2,star,0.9709072113037109,2,star,0.7920934557914734
1626,2,star,2,star,True,2,star,True,True,2,star,0.8431445360183716,2,star,0.9119826555252075,1,quasar,0.5258476734161377,2,star,0.7555910348892212,2,star,0.7951094508171082,2,star,0.6191366910934448
1627,2,star,2,star,True,2,star,True,True,2,star,0.5184635519981384,2,star,0.987149178981781,2,star,0.9827978610992432,2,star,0.6711269617080688,2,star,0.9446031451225281,0,galaxy,0.38039839267730713
1628,2,star,1,quasar,False,1,quasar,False,True,1,quasar,0.7946422100067139,2,star,0.5607562065124512,1,quasar,0.7423924207687378,1,quasar,0.8382567763328552,1,quasar,0.7602086663246155,1,quasar,0.5078992247581482
1629,2,star,2,star,True,2,star,True,True,2,star,0.6471431851387024,2,star,0.987566351890564,2,star,0.9778351187705994,2,star,0.9793755412101746,2,star,0.964485764503479,0,galaxy,0.4496276080608368
1630,2,star,2,star,True,2,star,True,True,2,star,0.6368938088417053,2,star,0.889320969581604,2,star,0.5066762566566467,2,star,0.5986940860748291,2,star,0.942429780960083,2,star,0.9627693891525269
1631,2,star,2,star,True,2,star,True,True,2,star,0.9292833209037781,2,star,0.8816037774085999,1,quasar,0.7341626286506653,2,star,0.8551828265190125,2,star,0.7030107378959656,2,star,0.5509926080703735
1632,2,star,1,quasar,False,2,star,True,False,2,star,0.7112535238265991,2,star,0.6390719413757324,1,quasar,0.5709420442581177,1,quasar,0.6939529180526733,1,quasar,0.4184173345565796,2,star,0.46796247363090515
1633,2,star,2,star,True,2,star,True,True,2,star,0.8709521889686584,2,star,0.9067532420158386,2,star,0.9753722548484802,2,star,0.9389661550521851,2,star,0.7820229530334473,2,star,0.7366405725479126
1634,2,star,2,star,True,2,star,True,True,2,star,0.532217264175415,2,star,0.8516716361045837,2,star,0.7456775307655334,2,star,0.909427285194397,2,star,0.7037331461906433,2,star,0.610813319683075
1635,2,star,2,star,True,2,star,True,True,2,star,0.8928296566009521,2,star,0.9963639378547668,2,star,0.6965856552124023,2,star,0.9264089465141296,2,star,0.8526425957679749,2,star,0.7161367535591125
1636,2,star,2,star,True,2,star,True,True,2,star,0.8837780952453613,2,star,0.9395883083343506,2,star,0.9900287985801697,2,star,0.9798989295959473,2,star,0.9473803639411926,2,star,0.6879494786262512
1637,2,star,2,star,True,2,star,True,True,2,star,0.9605593681335449,2,star,0.9840323328971863,2,star,0.9569624066352844,2,star,0.995602011680603,2,star,0.9373718500137329,2,star,0.7229997515678406
1638,2,star,2,star,True,2,star,True,True,1,quasar,0.5122954249382019,2,star,0.8185850381851196,2,star,0.7489438652992249,2,star,0.9609721899032593,2,star,0.899601936340332,2,star,0.5075098872184753
1639,2,star,2,star,True,2,star,True,True,2,star,0.8035631775856018,2,star,0.884067952632904,2,star,0.977080225944519,2,star,0.5397206544876099,2,star,0.9266243577003479,0,galaxy,0.4433293044567108
1640,2,star,0,galaxy,False,0,galaxy,False,True,0,galaxy,0.5293763875961304,0,galaxy,0.6508890986442566,0,galaxy,0.513424277305603,0,galaxy,0.8120465874671936,2,star,0.5635850429534912,0,galaxy,0.7543131113052368
1641,2,star,2,star,True,2,star,True,True,2,star,0.764254629611969,2,star,0.997490644454956,2,star,0.9501134753227234,2,star,0.9895746111869812,2,star,0.9787472486495972,2,star,0.5583146214485168
1642,2,star,2,star,True,2,star,True,True,1,quasar,0.7210161089897156,2,star,0.7498863935470581,2,star,0.7522717714309692,2,star,0.6218020915985107,2,star,0.9317864775657654,2,star,0.3739141523838043
1643,2,star,2,star,True,2,star,True,True,2,star,0.7773758172988892,2,star,0.7673332095146179,1,quasar,0.5407575964927673,2,star,0.5355446338653564,1,quasar,0.6220029592514038,2,star,0.482882022857666
1644,2,star,2,star,True,2,star,True,True,2,star,0.9362245798110962,2,star,0.9385293126106262,2,star,0.9789364337921143,2,star,0.9716594219207764,2,star,0.9421606063842773,1,quasar,0.4923175275325775
1645,2,star,2,star,True,2,star,True,True,1,quasar,0.7524017691612244,2,star,0.8162665367126465,2,star,0.8669534921646118,2,star,0.9835759997367859,2,star,0.9636866450309753,2,star,0.6355094909667969
1646,2,star,2,star,True,2,star,True,True,2,star,0.8201642632484436,2,star,0.990413248538971,2,star,0.8145029544830322,2,star,0.8060713410377502,2,star,0.6823790073394775,2,star,0.5702196359634399
1647,2,star,2,star,True,2,star,True,True,2,star,0.646794855594635,2,star,0.9503722786903381,2,star,0.6722562313079834,2,star,0.7128037214279175,2,star,0.9834237098693848,2,star,0.627886176109314
1648,2,star,2,star,True,2,star,True,True,2,star,0.6664043664932251,2,star,0.4893171787261963,2,star,0.7833156585693359,2,star,0.9791432619094849,2,star,0.9348967671394348,0,galaxy,0.6036245822906494
1649,2,star,2,star,True,2,star,True,True,2,star,0.7523631453514099,2,star,0.9938784241676331,2,star,0.7022744417190552,2,star,0.7019484043121338,2,star,0.8866724967956543,0,galaxy,0.6492226123809814
1650,2,star,2,star,True,2,star,True,True,2,star,0.9296875596046448,2,star,0.9878067374229431,2,star,0.9855235815048218,2,star,0.9916509985923767,2,star,0.9951085448265076,2,star,0.46790820360183716
1651,2,star,2,star,True,2,star,True,True,2,star,0.9420751333236694,2,star,0.9844510555267334,2,star,0.9192175269126892,2,star,0.9007160067558289,2,star,0.9168369770050049,2,star,0.5774924755096436
1652,2,star,2,star,True,2,star,True,True,2,star,0.9723502993583679,2,star,0.9806374311447144,2,star,0.9424657821655273,2,star,0.9490588903427124,2,star,0.7857853770256042,2,star,0.8425979614257812
1653,2,star,2,star,True,2,star,True,True,2,star,0.9707358479499817,2,star,0.986262321472168,2,star,0.7158647775650024,2,star,0.9276946187019348,2,star,0.9248884916305542,2,star,0.7230571508407593
1654,2,star,1,quasar,False,2,star,True,False,1,quasar,0.531073808670044,2,star,0.6684380173683167,1,quasar,0.7742622494697571,2,star,0.7713610529899597,1,quasar,0.7077767252922058,2,star,0.6042283773422241
1655,2,star,2,star,True,2,star,True,True,2,star,0.9292664527893066,2,star,0.9990074038505554,2,star,0.9938016533851624,2,star,0.9985252022743225,2,star,0.9953063130378723,2,star,0.6858516335487366
1656,2,star,1,quasar,False,1,quasar,False,True,1,quasar,0.8838585019111633,1,quasar,0.5568587183952332,2,star,0.5852355360984802,2,star,0.9716454744338989,0,galaxy,0.5884258151054382,1,quasar,0.8334450721740723
1657,2,star,2,star,True,2,star,True,True,2,star,0.8164492845535278,2,star,0.9899937510490417,2,star,0.9719153046607971,2,star,0.9479374885559082,2,star,0.9028671383857727,2,star,0.5814693570137024
1658,2,star,2,star,True,2,star,True,True,2,star,0.947288990020752,2,star,0.9579764604568481,2,star,0.9772246479988098,2,star,0.987793505191803,2,star,0.9497094750404358,2,star,0.6182342767715454
1659,2,star,2,star,True,2,star,True,True,2,star,0.8128014206886292,2,star,0.7360464334487915,2,star,0.7343335747718811,1,quasar,0.5225087404251099,2,star,0.830157995223999,2,star,0.6029942631721497
1660,2,star,2,star,True,2,star,True,True,2,star,0.9956598877906799,2,star,0.998390793800354,2,star,0.9948835968971252,2,star,0.9954668283462524,2,star,0.9490960240364075,2,star,0.9233722686767578
1661,2,star,2,star,True,2,star,True,True,2,star,0.9939900636672974,2,star,0.9962211847305298,2,star,0.9971445202827454,2,star,0.9971277117729187,2,star,0.9558659791946411,2,star,0.9514595866203308
1662,2,star,2,star,True,2,star,True,True,2,star,0.8806671500205994,1,quasar,0.5233234763145447,2,star,0.7178533673286438,2,star,0.8903244733810425,2,star,0.8798592686653137,2,star,0.633934497833252
1663,2,star,2,star,True,2,star,True,True,1,quasar,0.7375853657722473,2,star,0.5278844833374023,2,star,0.6425022482872009,2,star,0.8513708710670471,2,star,0.5936429500579834,2,star,0.4465816617012024
1664,2,star,2,star,True,2,star,True,True,2,star,0.8092653155326843,2,star,0.662898063659668,2,star,0.7438806891441345,2,star,0.9280325770378113,2,star,0.9432701468467712,0,galaxy,0.4447903037071228
1665,2,star,2,star,True,2,star,True,True,1,quasar,0.6933483481407166,2,star,0.722629725933075,2,star,0.9452913403511047,2,star,0.7448252439498901,2,star,0.9782190322875977,2,star,0.8436481952667236
1666,2,star,1,quasar,False,1,quasar,False,True,1,quasar,0.6775992512702942,2,star,0.6416222453117371,1,quasar,0.552000880241394,1,quasar,0.7638964056968689,2,star,0.5479468107223511,2,star,0.4706242084503174
1667,2,star,1,quasar,False,1,quasar,False,True,1,quasar,0.738295316696167,2,star,0.5971275568008423,2,star,0.5753595232963562,1,quasar,0.39265722036361694,1,quasar,0.6108495593070984,2,star,0.5706172585487366
1668,2,star,1,quasar,False,2,star,True,False,2,star,0.6848483085632324,2,star,0.8845514059066772,1,quasar,0.6580439209938049,1,quasar,0.5208916664123535,1,quasar,0.5077075958251953,1,quasar,0.6204863786697388
1669,2,star,2,star,True,2,star,True,True,2,star,0.7646145224571228,2,star,0.7891446948051453,2,star,0.643269956111908,2,star,0.8433199524879456,2,star,0.82057124376297,2,star,0.9017338156700134
1670,2,star,1,quasar,False,1,quasar,False,True,1,quasar,0.6355919241905212,1,quasar,0.7545527815818787,1,quasar,0.668836236000061,1,quasar,0.5125377774238586,2,star,0.6457434296607971,2,star,0.8605367541313171
1671,2,star,2,star,True,2,star,True,True,2,star,0.67878657579422,2,star,0.8558874726295471,2,star,0.5899968147277832,2,star,0.8280253410339355,2,star,0.6118791103363037,2,star,0.7103586196899414
1672,2,star,2,star,True,2,star,True,True,2,star,0.7839064598083496,2,star,0.5269555449485779,1,quasar,0.7143661975860596,1,quasar,0.6308537721633911,2,star,0.5224298238754272,2,star,0.5386379361152649
1673,2,star,1,quasar,False,2,star,True,False,2,star,0.700960099697113,2,star,0.663361668586731,1,quasar,0.6424587368965149,1,quasar,0.6732409596443176,1,quasar,0.5945354700088501,2,star,0.45514440536499023
1674,2,star,1,quasar,False,2,star,True,False,1,quasar,0.7591827511787415,2,star,0.8396016359329224,1,quasar,0.7736314535140991,2,star,0.7972695827484131,1,quasar,0.6436284780502319,2,star,0.548119843006134
1675,2,star,2,star,True,2,star,True,True,2,star,0.9858599305152893,2,star,0.999276340007782,2,star,0.9649484157562256,2,star,0.9980923533439636,2,star,0.9590858817100525,2,star,0.6710236072540283
1676,2,star,2,star,True,2,star,True,True,2,star,0.9776883125305176,2,star,0.9997051358222961,2,star,0.9783011078834534,2,star,0.995031476020813,2,star,0.9717532992362976,2,star,0.7897078990936279
1677,2,star,2,star,True,2,star,True,True,2,star,0.8959939479827881,2,star,0.980751633644104,2,star,0.9862843751907349,2,star,0.9751278162002563,2,star,0.9723739624023438,2,star,0.8126792311668396
1678,2,star,1,quasar,False,1,quasar,False,True,1,quasar,0.5286475419998169,2,star,0.6546363830566406,1,quasar,0.6778231859207153,1,quasar,0.682598352432251,1,quasar,0.5859965682029724,2,star,0.5077326893806458
1679,2,star,2,star,True,2,star,True,True,2,star,0.6913430094718933,2,star,0.7063409090042114,2,star,0.9134491086006165,1,quasar,0.6162765622138977,2,star,0.6301694512367249,2,star,0.6863211393356323
1680,2,star,2,star,True,2,star,True,True,1,quasar,0.7334064841270447,2,star,0.6006191968917847,1,quasar,0.47702696919441223,2,star,0.5896775722503662,2,star,0.5136685371398926,2,star,0.49980878829956055
1681,2,star,2,star,True,2,star,True,True,2,star,0.9682151079177856,2,star,0.9920502305030823,2,star,0.995518684387207,2,star,0.9924687743186951,2,star,0.9938068985939026,2,star,0.7895804643630981
1682,2,star,2,star,True,2,star,True,True,2,star,0.992577850818634,2,star,0.9884353876113892,2,star,0.9817572236061096,2,star,0.9814854860305786,2,star,0.98382967710495,2,star,0.8122968077659607
1683,2,star,2,star,True,2,star,True,True,2,star,0.8554458618164062,2,star,0.7303443551063538,2,star,0.9909249544143677,2,star,0.9872593283653259,2,star,0.988165020942688,0,galaxy,0.5101972222328186
1684,2,star,2,star,True,2,star,True,True,2,star,0.9964231848716736,2,star,0.9983730316162109,2,star,0.9942747950553894,2,star,0.9871026873588562,2,star,0.9884772300720215,2,star,0.8215129971504211
1685,2,star,2,star,True,2,star,True,True,2,star,0.9627882838249207,2,star,0.9996273517608643,2,star,0.9496044516563416,2,star,0.9964236617088318,2,star,0.9728642106056213,2,star,0.877956748008728
1686,2,star,2,star,True,2,star,True,True,2,star,0.9543589353561401,2,star,0.828111469745636,2,star,0.6712720394134521,1,quasar,0.5288339853286743,2,star,0.8003168702125549,2,star,0.6302770376205444
1687,2,star,2,star,True,2,star,True,True,2,star,0.8094179630279541,2,star,0.9439755082130432,2,star,0.5243768095970154,2,star,0.5701593160629272,2,star,0.5291188955307007,2,star,0.5543997883796692
1688,2,star,2,star,True,2,star,True,True,2,star,0.9642623662948608,2,star,0.80633145570755,2,star,0.9959195852279663,2,star,0.9946706891059875,2,star,0.9940635561943054,2,star,0.6746372580528259
1689,2,star,2,star,True,2,star,True,True,2,star,0.6893312335014343,2,star,0.8496037721633911,2,star,0.5097577571868896,1,quasar,0.6335046887397766,2,star,0.5524766445159912,2,star,0.5323284268379211
1690,2,star,2,star,True,2,star,True,True,2,star,0.60747230052948,2,star,0.7293940186500549,2,star,0.8861176371574402,2,star,0.986348032951355,2,star,0.8272086381912231,2,star,0.8328105211257935
1691,2,star,2,star,True,2,star,True,True,1,quasar,0.7343640327453613,2,star,0.8770982623100281,2,star,0.8353967666625977,2,star,0.9517492055892944,2,star,0.9231638312339783,2,star,0.5765285491943359
1692,2,star,2,star,True,2,star,True,True,2,star,0.9678531885147095,2,star,0.9995172023773193,2,star,0.992668867111206,2,star,0.9895464777946472,2,star,0.993890643119812,2,star,0.7759478688240051
1693,2,star,2,star,True,2,star,True,True,2,star,0.8755200505256653,2,star,0.9998524188995361,2,star,0.8726442456245422,2,star,0.9955543875694275,2,star,0.9884838461875916,2,star,0.8369500637054443
1694,2,star,2,star,True,2,star,True,True,2,star,0.9643798470497131,2,star,0.8362768888473511,2,star,0.949150800704956,2,star,0.8548790812492371,2,star,0.9707311391830444,0,galaxy,0.5609118342399597
1695,2,star,1,quasar,False,1,quasar,False,True,2,star,0.6641865372657776,2,star,0.7955788969993591,1,quasar,0.6644617319107056,1,quasar,0.7016701102256775,1,quasar,0.6300034523010254,0,galaxy,0.3467593789100647
1696,2,star,2,star,True,2,star,True,True,2,star,0.9921118021011353,2,star,0.9935251474380493,2,star,0.993748664855957,2,star,0.9944406151771545,2,star,0.9868506193161011,2,star,0.837971568107605
1697,2,star,2,star,True,2,star,True,True,2,star,0.9394093751907349,2,star,0.9351933598518372,2,star,0.8280425667762756,2,star,0.7121948599815369,2,star,0.9726889729499817,2,star,0.7179604172706604
1698,2,star,2,star,True,2,star,True,True,2,star,0.9964281916618347,2,star,0.9999103546142578,2,star,0.9916389584541321,2,star,0.9952131509780884,2,star,0.9935293793678284,2,star,0.8345935344696045
1699,2,star,2,star,True,2,star,True,True,2,star,0.5896220207214355,2,star,0.8656295537948608,2,star,0.902454137802124,2,star,0.9661263823509216,2,star,0.9633383750915527,2,star,0.8784013986587524
1700,2,star,2,star,True,2,star,True,True,1,quasar,0.6494830846786499,2,star,0.9063896536827087,2,star,0.6976896524429321,2,star,0.9867417216300964,2,star,0.6904324889183044,2,star,0.6735920310020447
1701,2,star,2,star,True,2,star,True,True,2,star,0.9875307083129883,2,star,0.9823482632637024,2,star,0.9838143587112427,2,star,0.9826968908309937,2,star,0.9877917170524597,2,star,0.9318362474441528
1702,2,star,2,star,True,2,star,True,True,2,star,0.9926052093505859,2,star,0.9996539354324341,2,star,0.982016384601593,2,star,0.9903614521026611,2,star,0.9918782711029053,2,star,0.8870503306388855
1703,2,star,2,star,True,2,star,True,True,2,star,0.9504549503326416,2,star,0.9782602190971375,2,star,0.9900597333908081,2,star,0.8325937986373901,2,star,0.9891018271446228,2,star,0.6012981534004211
1704,2,star,1,quasar,False,1,quasar,False,True,2,star,0.6137978434562683,2,star,0.6249017715454102,1,quasar,0.6871800422668457,1,quasar,0.6212348341941833,1,quasar,0.6678244471549988,1,quasar,0.37187594175338745
1705,2,star,2,star,True,2,star,True,True,2,star,0.973997175693512,2,star,0.9907758831977844,2,star,0.988878607749939,2,star,0.995949387550354,2,star,0.993343710899353,2,star,0.799879252910614
1706,2,star,1,quasar,False,2,star,True,False,2,star,0.6111721396446228,2,star,0.8933128714561462,1,quasar,0.5638361573219299,1,quasar,0.5164157748222351,2,star,0.8265373706817627,1,quasar,0.5282665491104126
1707,2,star,2,star,True,2,star,True,True,2,star,0.9389134645462036,2,star,0.99444180727005,2,star,0.7285692691802979,2,star,0.9896852970123291,2,star,0.991415798664093,2,star,0.7268656492233276
1708,2,star,2,star,True,2,star,True,True,2,star,0.8085270524024963,2,star,0.9896159172058105,2,star,0.8043976426124573,2,star,0.9861087203025818,2,star,0.9695426225662231,2,star,0.47323766350746155
1709,2,star,2,star,True,2,star,True,True,2,star,0.9461609125137329,2,star,0.9989560842514038,2,star,0.9952078461647034,2,star,0.9987629652023315,2,star,0.9941638112068176,2,star,0.6978968977928162
1710,2,star,1,quasar,False,1,quasar,False,True,1,quasar,0.7875192165374756,2,star,0.8080030679702759,1,quasar,0.6428040266036987,1,quasar,0.5153880715370178,1,quasar,0.6356502771377563,0,galaxy,0.370744526386261
1711,2,star,2,star,True,2,star,True,True,2,star,0.6924055218696594,2,star,0.921127438545227,2,star,0.9544323682785034,2,star,0.9426977038383484,2,star,0.8413540720939636,2,star,0.5882623791694641
1712,2,star,2,star,True,2,star,True,True,2,star,0.9926481246948242,2,star,0.9995525479316711,2,star,0.9499642252922058,2,star,0.9975415468215942,2,star,0.9685801267623901,2,star,0.8128620386123657
1713,2,star,1,quasar,False,1,quasar,False,True,1,quasar,0.8851302862167358,2,star,0.5287211537361145,1,quasar,0.8004522919654846,1,quasar,0.7709304094314575,1,quasar,0.8035391569137573,2,star,0.46814826130867004
1714,2,star,1,quasar,False,2,star,True,False,1,quasar,0.5891439318656921,2,star,0.7450074553489685,1,quasar,0.6442175507545471,1,quasar,0.6802643537521362,2,star,0.5810970067977905,2,star,0.553584635257721
1715,2,star,2,star,True,2,star,True,True,2,star,0.7704969644546509,2,star,0.728817880153656,2,star,0.6892703771591187,2,star,0.702765703201294,1,quasar,0.6334110498428345,2,star,0.6874340176582336
1716,2,star,2,star,True,2,star,True,True,2,star,0.988021969795227,2,star,0.9988357424736023,2,star,0.989936113357544,2,star,0.9904431700706482,2,star,0.9820358157157898,2,star,0.7977587580680847
1717,2,star,2,star,True,2,star,True,True,1,quasar,0.5413927435874939,2,star,0.798265278339386,2,star,0.6089872121810913,2,star,0.9748837947845459,1,quasar,0.6486420035362244,2,star,0.5083375573158264
1718,2,star,1,quasar,False,2,star,True,False,2,star,0.4950038194656372,2,star,0.7892311215400696,1,quasar,0.4925706386566162,1,quasar,0.5223344564437866,1,quasar,0.6135395169258118,0,galaxy,0.48432013392448425
1719,2,star,2,star,True,2,star,True,True,2,star,0.7772409915924072,2,star,0.8275763988494873,1,quasar,0.7098984718322754,2,star,0.520898699760437,2,star,0.6904503107070923,2,star,0.5900730490684509
1720,2,star,2,star,True,2,star,True,True,2,star,0.9974402189254761,2,star,0.9999096393585205,2,star,0.9804863929748535,2,star,0.9948469400405884,2,star,0.9670225381851196,2,star,0.6403177380561829
1721,2,star,1,quasar,False,1,quasar,False,True,1,quasar,0.6693090200424194,2,star,0.6094436049461365,1,quasar,0.7631832957267761,1,quasar,0.6686110496520996,1,quasar,0.8101512789726257,2,star,0.7786380052566528
1722,2,star,2,star,True,2,star,True,True,2,star,0.5495994687080383,2,star,0.8194292783737183,2,star,0.8325318694114685,2,star,0.6201814413070679,2,star,0.5982915759086609,2,star,0.6908071041107178
1723,2,star,2,star,True,2,star,True,True,2,star,0.9926290512084961,2,star,0.9903354644775391,2,star,0.9905057549476624,2,star,0.9952794313430786,2,star,0.9936299920082092,2,star,0.9162304401397705
1724,2,star,1,quasar,False,2,star,True,False,2,star,0.7441160678863525,2,star,0.7306426763534546,1,quasar,0.6202186942100525,1,quasar,0.5748471617698669,1,quasar,0.5277255177497864,0,galaxy,0.44676029682159424
1725,2,star,2,star,True,2,star,True,True,2,star,0.9877094030380249,2,star,0.9974330067634583,2,star,0.9959871172904968,2,star,0.9987756609916687,2,star,0.9938961863517761,2,star,0.8739095330238342
1726,2,star,2,star,True,2,star,True,True,2,star,0.8584174513816833,2,star,0.6607632637023926,1,quasar,0.5095583200454712,2,star,0.7352343201637268,1,quasar,0.5447986125946045,2,star,0.735953688621521
1727,2,star,2,star,True,2,star,True,True,0,galaxy,0.5089945197105408,2,star,0.6601187586784363,2,star,0.9557855725288391,2,star,0.7558602690696716,2,star,0.9368358254432678,0,galaxy,0.9359530210494995
1728,2,star,2,star,True,2,star,True,True,2,star,0.9908921122550964,2,star,0.9508761167526245,2,star,0.9745693802833557,2,star,0.9931846261024475,2,star,0.9459174871444702,2,star,0.6243793964385986
1729,2,star,2,star,True,2,star,True,True,2,star,0.6477447748184204,2,star,0.7690791487693787,1,quasar,0.5419408679008484,2,star,0.5569390654563904,2,star,0.6458410024642944,2,star,0.5216695070266724
1730,2,star,1,quasar,False,1,quasar,False,True,1,quasar,0.7996070384979248,2,star,0.5619059205055237,1,quasar,0.7033044695854187,1,quasar,0.8663517832756042,1,quasar,0.7456464767456055,1,quasar,0.433411568403244
1731,2,star,2,star,True,2,star,True,True,2,star,0.978925883769989,2,star,0.9351218938827515,2,star,0.9083755016326904,2,star,0.8963508605957031,2,star,0.5843473672866821,2,star,0.7734959125518799
1732,2,star,2,star,True,2,star,True,True,2,star,0.9710932970046997,2,star,0.9983986020088196,2,star,0.9516217112541199,2,star,0.9971453547477722,2,star,0.941369354724884,2,star,0.8524430990219116
1733,2,star,0,galaxy,False,0,galaxy,False,True,1,quasar,0.4648803472518921,2,star,0.5914013385772705,2,star,0.6376990079879761,0,galaxy,0.908460795879364,1,quasar,0.8841317296028137,0,galaxy,0.6618235111236572
1734,2,star,0,galaxy,False,0,galaxy,False,True,2,star,0.7379578948020935,0,galaxy,0.5719267129898071,0,galaxy,0.9105886816978455,0,galaxy,0.6167372465133667,0,galaxy,0.9563443660736084,0,galaxy,0.4307062327861786
1735,2,star,1,quasar,False,1,quasar,False,True,1,quasar,0.8026657104492188,1,quasar,0.8056074976921082,1,quasar,0.7429879903793335,1,quasar,0.7803322672843933,1,quasar,0.5647204518318176,2,star,0.47683119773864746
1736,2,star,1,quasar,False,1,quasar,False,True,1,quasar,0.8569045662879944,1,quasar,0.6411519050598145,1,quasar,0.5587693452835083,1,quasar,0.868362545967102,2,star,0.5177728533744812,2,star,0.5672009587287903
1737,2,star,2,star,True,2,star,True,True,2,star,0.9721071124076843,2,star,0.9980929493904114,2,star,0.9967597126960754,2,star,0.9982869029045105,2,star,0.9919244647026062,2,star,0.7576119303703308
1738,2,star,1,quasar,False,1,quasar,False,True,1,quasar,0.6423763036727905,2,star,0.5350351333618164,2,star,0.808576762676239,1,quasar,0.7696439623832703,1,quasar,0.7747124433517456,0,galaxy,0.4597642421722412
1739,2,star,2,star,True,2,star,True,True,1,quasar,0.7923997640609741,2,star,0.7628167867660522,2,star,0.5644655823707581,2,star,0.5803333520889282,2,star,0.5391538143157959,0,galaxy,0.40109357237815857
1740,2,star,2,star,True,2,star,True,True,1,quasar,0.4765441119670868,2,star,0.5322137475013733,2,star,0.8183140158653259,2,star,0.9220252633094788,2,star,0.9610071182250977,0,galaxy,0.5947561860084534
1741,2,star,2,star,True,2,star,True,True,2,star,0.9711058139801025,2,star,0.8901662230491638,2,star,0.964641809463501,2,star,0.8674368858337402,2,star,0.9672940373420715,2,star,0.6622893214225769
1742,2,star,2,star,True,2,star,True,True,2,star,0.9864848256111145,2,star,0.9950101375579834,2,star,0.9959926009178162,2,star,0.941743016242981,2,star,0.9905890226364136,2,star,0.6781638264656067
1743,2,star,1,quasar,False,2,star,True,False,1,quasar,0.5492455959320068,2,star,0.7292911410331726,1,quasar,0.5208243131637573,2,star,0.5638471841812134,1,quasar,0.6425773501396179,2,star,0.5537550449371338
1744,2,star,1,quasar,False,2,star,True,False,1,quasar,0.777098536491394,1,quasar,0.601107656955719,2,star,0.7287089824676514,2,star,0.9276720285415649,1,quasar,0.6462923288345337,2,star,0.6018534302711487
1745,2,star,2,star,True,2,star,True,True,2,star,0.9242871403694153,2,star,0.9048153162002563,1,quasar,0.5463087558746338,1,quasar,0.7264577746391296,2,star,0.5619157552719116,2,star,0.771465539932251
1746,2,star,2,star,True,2,star,True,True,1,quasar,0.5220672488212585,2,star,0.6549410820007324,2,star,0.5654909610748291,2,star,0.8242294192314148,1,quasar,0.5545055866241455,2,star,0.425139456987381
1747,2,star,2,star,True,2,star,True,True,2,star,0.9317826628684998,2,star,0.8041024804115295,2,star,0.7876806259155273,2,star,0.9687100052833557,2,star,0.824376106262207,2,star,0.791691780090332
1748,2,star,2,star,True,2,star,True,True,2,star,0.5813084244728088,2,star,0.7672690153121948,2,star,0.6420867443084717,2,star,0.8116338849067688,2,star,0.9741739630699158,2,star,0.6361989974975586
1749,2,star,1,quasar,False,1,quasar,False,True,2,star,0.7367662191390991,1,quasar,0.5484904646873474,1,quasar,0.5107452869415283,1,quasar,0.6803097724914551,1,quasar,0.5540826320648193,1,quasar,0.6241527199745178
1750,2,star,2,star,True,2,star,True,True,2,star,0.9651538729667664,2,star,0.9899976849555969,2,star,0.9752919673919678,2,star,0.976902961730957,2,star,0.9116604328155518,2,star,0.8213419914245605
1751,2,star,1,quasar,False,1,quasar,False,True,1,quasar,0.7835050821304321,1,quasar,0.7355411052703857,1,quasar,0.7559187412261963,2,star,0.49741294980049133,1,quasar,0.6690158843994141,2,star,0.6583989858627319
1752,2,star,1,quasar,False,1,quasar,False,True,1,quasar,0.9335178136825562,1,quasar,0.5319504737854004,1,quasar,0.4884876012802124,1,quasar,0.693817138671875,1,quasar,0.5958095192909241,1,quasar,0.6873608231544495
1753,2,star,0,galaxy,False,0,galaxy,False,True,0,galaxy,0.8788520693778992,0,galaxy,0.5544118285179138,2,star,0.8699776530265808,2,star,0.4108092784881592,0,galaxy,0.44321152567863464,0,galaxy,0.7864397764205933
1754,2,star,2,star,True,2,star,True,True,2,star,0.8723137974739075,2,star,0.9894592761993408,2,star,0.9873943328857422,2,star,0.992883563041687,2,star,0.957053542137146,2,star,0.7709270119667053
1755,2,star,2,star,True,2,star,True,True,2,star,0.7450598478317261,2,star,0.9212677478790283,2,star,0.617875874042511,2,star,0.7760615944862366,2,star,0.9721145629882812,2,star,0.5884343981742859
1756,2,star,2,star,True,2,star,True,True,2,star,0.4984455406665802,2,star,0.5793762803077698,2,star,0.750046968460083,2,star,0.9611365795135498,2,star,0.9806348085403442,2,star,0.3825300335884094
1757,2,star,1,quasar,False,1,quasar,False,True,1,quasar,0.8007665872573853,2,star,0.5979407429695129,1,quasar,0.7297840714454651,1,quasar,0.7817720770835876,1,quasar,0.7030472755432129,1,quasar,0.5865726470947266
1758,2,star,2,star,True,2,star,True,True,2,star,0.9856213927268982,2,star,0.9227958917617798,2,star,0.9162737727165222,2,star,0.9890040755271912,2,star,0.9688174724578857,2,star,0.742317795753479
1759,2,star,1,quasar,False,1,quasar,False,True,1,quasar,0.5644417405128479,2,star,0.5043817758560181,1,quasar,0.7328640818595886,1,quasar,0.7342101335525513,1,quasar,0.7168301939964294,0,galaxy,0.4168054461479187
1760,2,star,2,star,True,2,star,True,True,2,star,0.9430199861526489,2,star,0.8905330896377563,2,star,0.9753275513648987,2,star,0.9916772842407227,2,star,0.9410430192947388,2,star,0.5909414291381836
1761,2,star,2,star,True,2,star,True,True,2,star,0.49223950505256653,2,star,0.47342297434806824,2,star,0.8546414971351624,2,star,0.9178082942962646,2,star,0.8485615849494934,0,galaxy,0.46264928579330444
1762,2,star,2,star,True,2,star,True,True,2,star,0.8258571028709412,2,star,0.7941001653671265,2,star,0.6243277788162231,2,star,0.7588659524917603,1,quasar,0.5026227235794067,2,star,0.5242576599121094
1763,2,star,1,quasar,False,1,quasar,False,True,1,quasar,0.8821839690208435,1,quasar,0.5203853249549866,1,quasar,0.676687479019165,1,quasar,0.7086366415023804,1,quasar,0.6106403470039368,1,quasar,0.6664527058601379
1764,2,star,2,star,True,2,star,True,True,2,star,0.8657496571540833,2,star,0.9825473427772522,2,star,0.9560535550117493,2,star,0.9841283559799194,2,star,0.9333934783935547,2,star,0.5744835138320923
1765,2,star,1,quasar,False,2,star,True,False,1,quasar,0.5917844772338867,2,star,0.8741930723190308,1,quasar,0.5013266205787659,1,quasar,0.5110598802566528,1,quasar,0.6005617380142212,2,star,0.558918833732605
1766,2,star,2,star,True,2,star,True,True,2,star,0.9405422806739807,2,star,0.9477154016494751,2,star,0.9188884496688843,2,star,0.9795657396316528,2,star,0.991107165813446,0,galaxy,0.7286463379859924
1767,2,star,2,star,True,2,star,True,True,2,star,0.8725717067718506,2,star,0.8046661615371704,2,star,0.93784099817276,2,star,0.8737328052520752,2,star,0.5513725280761719,2,star,0.9371858239173889
1768,2,star,2,star,True,2,star,True,True,2,star,0.9909564852714539,2,star,0.875831663608551,2,star,0.9835372567176819,2,star,0.9943305253982544,2,star,0.9894968271255493,2,star,0.4799453020095825
1769,2,star,2,star,True,2,star,True,True,2,star,0.8211669325828552,2,star,0.9997318387031555,2,star,0.9821733236312866,2,star,0.9976627826690674,2,star,0.9860261678695679,2,star,0.5639538168907166
1770,2,star,2,star,True,2,star,True,True,0,galaxy,0.6245849132537842,2,star,0.6593576669692993,2,star,0.7633513808250427,2,star,0.8312669396400452,2,star,0.9295511841773987,2,star,0.8100323677062988
1771,2,star,2,star,True,2,star,True,True,2,star,0.7738017439842224,2,star,0.6946179866790771,1,quasar,0.5705772042274475,1,quasar,0.5057445764541626,2,star,0.6091965436935425,0,galaxy,0.5622705817222595
1772,2,star,0,galaxy,False,0,galaxy,False,True,0,galaxy,0.7951765656471252,2,star,0.5132313370704651,0,galaxy,0.9412022233009338,0,galaxy,0.8352033495903015,0,galaxy,0.926460325717926,0,galaxy,0.5879383087158203
1773,2,star,1,quasar,False,1,quasar,False,True,1,quasar,0.8637246489524841,1,quasar,0.4978460371494293,1,quasar,0.5939478278160095,1,quasar,0.642864465713501,1,quasar,0.8127537965774536,2,star,0.49977022409439087
1774,2,star,1,quasar,False,1,quasar,False,True,1,quasar,0.7588739395141602,2,star,0.6152435541152954,1,quasar,0.8065333366394043,1,quasar,0.7293230295181274,1,quasar,0.933992326259613,2,star,0.7533261775970459
1775,2,star,1,quasar,False,2,star,True,False,2,star,0.8335834741592407,2,star,0.7353190183639526,1,quasar,0.6829187273979187,1,quasar,0.6490922570228577,1,quasar,0.7541990280151367,2,star,0.47380465269088745
1776,2,star,1,quasar,False,1,quasar,False,True,2,star,0.5023558139801025,1,quasar,0.6555092334747314,1,quasar,0.698351263999939,1,quasar,0.6812720894813538,1,quasar,0.7715493440628052,1,quasar,0.4601815342903137
1777,2,star,1,quasar,False,2,star,True,False,2,star,0.7879127264022827,2,star,0.7660433053970337,1,quasar,0.6642036437988281,1,quasar,0.6284273862838745,1,quasar,0.6570824980735779,2,star,0.3802337646484375
1778,2,star,2,star,True,2,star,True,True,2,star,0.8103377223014832,2,star,0.7511675357818604,2,star,0.6018007397651672,2,star,0.6476512551307678,2,star,0.8418253660202026,2,star,0.5797627568244934
1779,2,star,2,star,True,2,star,True,True,2,star,0.9738102555274963,2,star,0.9990885257720947,2,star,0.9840862154960632,2,star,0.9977900981903076,2,star,0.928985059261322,2,star,0.7711564898490906
1780,2,star,2,star,True,2,star,True,True,2,star,0.9924256801605225,2,star,0.9991533756256104,2,star,0.9934212565422058,2,star,0.9982675313949585,2,star,0.9948404431343079,2,star,0.6019882559776306
1781,2,star,2,star,True,2,star,True,True,2,star,0.8569563627243042,2,star,0.9476479291915894,2,star,0.9587776064872742,2,star,0.9809051752090454,2,star,0.9668413996696472,2,star,0.8004854321479797
1782,2,star,2,star,True,2,star,True,True,2,star,0.9825055599212646,2,star,0.999038815498352,2,star,0.995231568813324,2,star,0.9973056316375732,2,star,0.9647257924079895,2,star,0.8823685646057129
1783,2,star,2,star,True,2,star,True,True,2,star,0.8054482340812683,2,star,0.8685885071754456,1,quasar,0.5544283390045166,1,quasar,0.5662330389022827,2,star,0.7669233083724976,2,star,0.696277379989624
1784,2,star,2,star,True,2,star,True,True,1,quasar,0.8295904397964478,2,star,0.7978588342666626,2,star,0.5885331630706787,1,quasar,0.6422861814498901,2,star,0.5584890246391296,2,star,0.4280707538127899
1785,2,star,1,quasar,False,1,quasar,False,True,1,quasar,0.7731247544288635,2,star,0.5730412602424622,1,quasar,0.6947267055511475,2,star,0.637312114238739,1,quasar,0.6129555702209473,2,star,0.48129427433013916
1786,2,star,1,quasar,False,1,quasar,False,True,1,quasar,0.684922993183136,2,star,0.7992656826972961,1,quasar,0.6345303654670715,2,star,0.5479574799537659,1,quasar,0.5203657150268555,1,quasar,0.37827348709106445
1787,2,star,2,star,True,2,star,True,True,2,star,0.9224089980125427,2,star,0.9986141920089722,2,star,0.9951106905937195,2,star,0.9972488284111023,2,star,0.9933127760887146,2,star,0.5358687043190002
1788,2,star,1,quasar,False,2,star,True,False,2,star,0.6522919535636902,2,star,0.7764751315116882,1,quasar,0.6969008445739746,2,star,0.5205091834068298,1,quasar,0.5866782069206238,1,quasar,0.4174787402153015
1789,2,star,2,star,True,2,star,True,True,2,star,0.936050534248352,2,star,0.9014976620674133,2,star,0.9641764760017395,2,star,0.9783892631530762,2,star,0.8759416937828064,2,star,0.48385122418403625
1790,2,star,2,star,True,2,star,True,True,2,star,0.9928902387619019,2,star,0.9629477858543396,2,star,0.9912499189376831,2,star,0.9959580302238464,2,star,0.9920177459716797,2,star,0.745988130569458
1791,2,star,2,star,True,2,star,True,True,2,star,0.9397868514060974,2,star,0.9926337599754333,2,star,0.9775732755661011,2,star,0.9932425618171692,2,star,0.9798734188079834,2,star,0.7955721020698547
1792,2,star,2,star,True,2,star,True,True,2,star,0.8641823530197144,2,star,0.9978591799736023,2,star,0.8909860849380493,2,star,0.9411817789077759,2,star,0.6838082075119019,2,star,0.5744073390960693
1793,2,star,1,quasar,False,1,quasar,False,True,1,quasar,0.7931945323944092,2,star,0.5753653049468994,1,quasar,0.779988169670105,2,star,0.8941863179206848,1,quasar,0.7513712048530579,1,quasar,0.4407098889350891
1794,2,star,1,quasar,False,2,star,True,False,1,quasar,0.5593005418777466,2,star,0.5515968799591064,1,quasar,0.5333757996559143,2,star,0.542339563369751,1,quasar,0.6563977599143982,2,star,0.6039778590202332
1795,2,star,2,star,True,2,star,True,True,1,quasar,0.5444126129150391,2,star,0.9755682349205017,2,star,0.6230577826499939,2,star,0.6084673404693604,2,star,0.6940300464630127,1,quasar,0.4187738597393036
1796,2,star,2,star,True,2,star,True,True,2,star,0.9072310924530029,2,star,0.9763245582580566,2,star,0.9434220790863037,2,star,0.9901837706565857,2,star,0.9164345860481262,2,star,0.748207151889801
1797,2,star,2,star,True,2,star,True,True,2,star,0.983979344367981,2,star,0.9946573376655579,2,star,0.9950463771820068,2,star,0.995744526386261,2,star,0.9938043355941772,2,star,0.7082272171974182
1798,2,star,2,star,True,2,star,True,True,2,star,0.9910058975219727,2,star,0.9972062706947327,2,star,0.9966371059417725,2,star,0.9980078339576721,2,star,0.9953873753547668,2,star,0.8092319965362549
1799,2,star,2,star,True,2,star,True,True,2,star,0.979552686214447,2,star,0.9993665814399719,2,star,0.9926306009292603,2,star,0.9961405396461487,2,star,0.9939095973968506,2,star,0.7582953572273254
1800,2,star,2,star,True,2,star,True,True,2,star,0.6801856160163879,2,star,0.5607390999794006,1,quasar,0.67997807264328,1,quasar,0.5983443856239319,2,star,0.5165470838546753,2,star,0.3906237483024597
1801,2,star,2,star,True,2,star,True,True,2,star,0.9099555611610413,2,star,0.9491593837738037,2,star,0.7651557922363281,2,star,0.9680514335632324,2,star,0.6935688853263855,2,star,0.6624420285224915
1802,2,star,2,star,True,2,star,True,True,2,star,0.9022735953330994,2,star,0.9992945194244385,2,star,0.9932116270065308,2,star,0.9970031380653381,2,star,0.9894108176231384,2,star,0.9569467902183533
1803,2,star,2,star,True,2,star,True,True,2,star,0.9388386607170105,2,star,0.9990419745445251,2,star,0.9950792789459229,2,star,0.9965422749519348,2,star,0.9663842916488647,2,star,0.7201119661331177
1804,2,star,1,quasar,False,2,star,True,False,1,quasar,0.7499497532844543,2,star,0.8321080803871155,1,quasar,0.5615930557250977,1,quasar,0.620738685131073,2,star,0.7466559410095215,2,star,0.6494487524032593
1805,2,star,2,star,True,2,star,True,True,2,star,0.9528570771217346,2,star,0.9403855800628662,2,star,0.9955527186393738,2,star,0.9859635233879089,2,star,0.9944091439247131,2,star,0.7360985279083252
1806,2,star,2,star,True,2,star,True,True,1,quasar,0.5121484398841858,2,star,0.6350879669189453,1,quasar,0.5683067440986633,2,star,0.554120659828186,2,star,0.5121484398841858,2,star,0.3810563385486603
1807,2,star,2,star,True,2,star,True,True,2,star,0.8487406373023987,2,star,0.9968972206115723,2,star,0.9773069024085999,2,star,0.9764724373817444,2,star,0.9058089852333069,2,star,0.8147643208503723
1808,2,star,1,quasar,False,1,quasar,False,True,1,quasar,0.9165815114974976,2,star,0.6627273559570312,1,quasar,0.7329442501068115,1,quasar,0.6781198382377625,1,quasar,0.6212042570114136,2,star,0.4530434012413025
1809,2,star,2,star,True,2,star,True,True,2,star,0.8278812170028687,2,star,0.7556982040405273,2,star,0.9716192483901978,2,star,0.9215065836906433,2,star,0.9789063930511475,0,galaxy,0.5424495935440063
1810,2,star,2,star,True,2,star,True,True,2,star,0.8638420701026917,2,star,0.9995797276496887,2,star,0.9770077466964722,2,star,0.9978759288787842,2,star,0.9848950505256653,2,star,0.86576908826828
1811,2,star,2,star,True,2,star,True,True,2,star,0.9544199705123901,2,star,0.9603084921836853,2,star,0.9675093293190002,2,star,0.9666866660118103,2,star,0.9078752994537354,2,star,0.9365319013595581
1812,2,star,1,quasar,False,2,star,True,False,1,quasar,0.5077961087226868,2,star,0.7813349366188049,1,quasar,0.5506168603897095,1,quasar,0.5496782660484314,1,quasar,0.7503509521484375,2,star,0.4740763306617737
1813,2,star,2,star,True,2,star,True,True,2,star,0.985275387763977,2,star,0.9920171499252319,2,star,0.9904773235321045,2,star,0.9957736134529114,2,star,0.9790040850639343,2,star,0.8326212167739868
1814,2,star,2,star,True,2,star,True,True,2,star,0.9882985353469849,2,star,0.9936694502830505,2,star,0.9945560693740845,2,star,0.9570941925048828,2,star,0.9921272993087769,2,star,0.6557776927947998
1815,2,star,2,star,True,2,star,True,True,1,quasar,0.5425687432289124,2,star,0.9414119124412537,2,star,0.659489095211029,2,star,0.990426242351532,2,star,0.7910594344139099,2,star,0.6071218252182007
1816,2,star,2,star,True,2,star,True,True,2,star,0.9915894865989685,2,star,0.9997498393058777,2,star,0.9908535480499268,2,star,0.9966608285903931,2,star,0.9939978122711182,2,star,0.8563246130943298
1817,2,star,1,quasar,False,1,quasar,False,True,2,star,0.7056286931037903,2,star,0.6758012175559998,1,quasar,0.662379264831543,1,quasar,0.8362418413162231,1,quasar,0.6367207765579224,2,star,0.5116461515426636
1818,2,star,2,star,True,2,star,True,True,2,star,0.9036903977394104,2,star,0.9889023900032043,2,star,0.5509554743766785,2,star,0.9265501499176025,2,star,0.9534305334091187,2,star,0.6507818698883057
1819,2,star,2,star,True,2,star,True,True,2,star,0.9729713797569275,2,star,0.9992021918296814,2,star,0.8794498443603516,2,star,0.991815984249115,2,star,0.9850655198097229,2,star,0.7738978266716003
1820,2,star,2,star,True,2,star,True,True,2,star,0.9892027974128723,2,star,0.9998645782470703,2,star,0.9937447905540466,2,star,0.9981898665428162,2,star,0.9909851551055908,2,star,0.8421973586082458
1821,2,star,2,star,True,2,star,True,True,1,quasar,0.5824293494224548,2,star,0.8967965245246887,2,star,0.8649992346763611,2,star,0.9413249492645264,2,star,0.9145519733428955,2,star,0.7694777846336365
1822,2,star,2,star,True,2,star,True,True,2,star,0.9933375120162964,2,star,0.9947326183319092,2,star,0.9959805011749268,2,star,0.9958013892173767,2,star,0.990648090839386,2,star,0.7458728551864624
1823,2,star,0,galaxy,False,2,star,True,False,0,galaxy,0.7338632345199585,2,star,0.6038597226142883,2,star,0.9926615953445435,0,galaxy,0.6222417950630188,2,star,0.9879893064498901,0,galaxy,0.6107751727104187
1824,2,star,2,star,True,2,star,True,True,2,star,0.993720531463623,2,star,0.993548572063446,2,star,0.9964285492897034,2,star,0.9947675466537476,2,star,0.9910552501678467,2,star,0.8624550104141235
1825,2,star,2,star,True,2,star,True,True,2,star,0.9942521452903748,2,star,0.9440379738807678,2,star,0.9906779527664185,2,star,0.9900004267692566,2,star,0.9850654006004333,2,star,0.6795175671577454
1826,2,star,2,star,True,2,star,True,True,2,star,0.9793503880500793,2,star,0.970033586025238,2,star,0.9722264409065247,2,star,0.9883562922477722,2,star,0.9341950416564941,2,star,0.7344831824302673
1827,2,star,2,star,True,2,star,True,True,2,star,0.971264123916626,2,star,0.9928425550460815,2,star,0.9957269430160522,2,star,0.9954883456230164,2,star,0.9937204122543335,2,star,0.8469629287719727
1828,2,star,2,star,True,1,quasar,False,False,2,star,0.6336137056350708,2,star,0.6197264790534973,1,quasar,0.7368639707565308,2,star,0.5805320739746094,1,quasar,0.7590264081954956,2,star,0.4511725902557373
1829,2,star,2,star,True,2,star,True,True,2,star,0.9707980751991272,2,star,0.9847570657730103,2,star,0.9947255253791809,2,star,0.9979700446128845,2,star,0.9929674863815308,2,star,0.7782381772994995
1830,2,star,2,star,True,2,star,True,True,0,galaxy,0.8035783767700195,2,star,0.695970892906189,2,star,0.9798969626426697,2,star,0.901617169380188,2,star,0.8138526678085327,2,star,0.3941112756729126
1831,2,star,2,star,True,2,star,True,True,2,star,0.9939852356910706,2,star,0.9958628416061401,2,star,0.9921119213104248,2,star,0.9823048114776611,2,star,0.9660453200340271,2,star,0.4359462559223175
1832,2,star,2,star,True,2,star,True,True,2,star,0.5272892117500305,2,star,0.5687069892883301,2,star,0.7135466933250427,2,star,0.822763204574585,1,quasar,0.7914796471595764,1,quasar,0.49967989325523376
1833,2,star,2,star,True,2,star,True,True,2,star,0.9904140830039978,2,star,0.998593270778656,2,star,0.9893960356712341,2,star,0.9952314496040344,2,star,0.993793249130249,2,star,0.6461327075958252
1834,2,star,2,star,True,2,star,True,True,2,star,0.9837475419044495,2,star,0.999657392501831,2,star,0.9956924319267273,2,star,0.9955952763557434,2,star,0.9916029572486877,2,star,0.8483361005783081
1835,2,star,2,star,True,2,star,True,True,2,star,0.9800507426261902,2,star,0.9891033172607422,2,star,0.9906024932861328,2,star,0.9975360631942749,2,star,0.9896103143692017,2,star,0.637687087059021
1836,2,star,2,star,True,2,star,True,True,2,star,0.9309390783309937,2,star,0.9997401833534241,2,star,0.9926371574401855,2,star,0.9953172206878662,2,star,0.9921837449073792,2,star,0.8729172945022583
1837,2,star,2,star,True,2,star,True,True,2,star,0.6239426136016846,2,star,0.6292353868484497,1,quasar,0.6201553344726562,1,quasar,0.639472484588623,2,star,0.9759528040885925,2,star,0.7857626676559448
1838,2,star,2,star,True,2,star,True,True,2,star,0.558822512626648,2,star,0.6401966214179993,1,quasar,0.7125669717788696,1,quasar,0.5945179462432861,2,star,0.5018187165260315,2,star,0.8339906930923462
1839,2,star,2,star,True,2,star,True,True,2,star,0.9645251035690308,2,star,0.9931355714797974,2,star,0.9866609573364258,2,star,0.9943767786026001,2,star,0.9943357110023499,2,star,0.7363027334213257
1840,2,star,2,star,True,2,star,True,True,1,quasar,0.6511378288269043,2,star,0.8771064281463623,1,quasar,0.502888560295105,2,star,0.7845080494880676,2,star,0.7835473418235779,2,star,0.6077240109443665
1841,2,star,2,star,True,2,star,True,True,2,star,0.8598712086677551,2,star,0.9527769088745117,2,star,0.7198498249053955,2,star,0.985358715057373,2,star,0.8846105337142944,2,star,0.567111611366272
1842,2,star,2,star,True,2,star,True,True,2,star,0.9508476257324219,2,star,0.967803955078125,2,star,0.9854968190193176,2,star,0.9879895448684692,2,star,0.9819662570953369,2,star,0.7938534617424011
1843,2,star,2,star,True,2,star,True,True,2,star,0.9923261404037476,2,star,0.9991355538368225,2,star,0.9676171541213989,2,star,0.9951464533805847,2,star,0.9812055826187134,2,star,0.7430932521820068
1844,2,star,2,star,True,2,star,True,True,2,star,0.6006707549095154,2,star,0.743335485458374,1,quasar,0.6304462552070618,2,star,0.9093887209892273,2,star,0.6670520901679993,2,star,0.6458514332771301
1845,2,star,2,star,True,2,star,True,True,2,star,0.9835681915283203,2,star,0.9998471736907959,2,star,0.9887022972106934,2,star,0.9976025223731995,2,star,0.9955337047576904,2,star,0.797190248966217
1846,2,star,2,star,True,2,star,True,True,1,quasar,0.6427440643310547,2,star,0.9398679137229919,2,star,0.8295114636421204,2,star,0.9940093755722046,2,star,0.7629122138023376,2,star,0.5156039595603943
1847,2,star,2,star,True,2,star,True,True,2,star,0.4974246919155121,2,star,0.9865005612373352,1,quasar,0.5005927681922913,2,star,0.9445226788520813,2,star,0.7301569581031799,2,star,0.5363286733627319
1848,2,star,2,star,True,2,star,True,True,2,star,0.9542810916900635,2,star,0.8613495230674744,1,quasar,0.49550461769104004,2,star,0.6352064609527588,2,star,0.9621259570121765,2,star,0.5846152305603027
1849,2,star,2,star,True,2,star,True,True,2,star,0.9298223257064819,2,star,0.9584935307502747,2,star,0.9747171998023987,2,star,0.9876611232757568,2,star,0.9397648572921753,2,star,0.7900880575180054
1850,2,star,2,star,True,2,star,True,True,2,star,0.9837744235992432,2,star,0.9800111055374146,2,star,0.9645292162895203,2,star,0.9860038161277771,2,star,0.9819791316986084,2,star,0.9912137389183044
1851,2,star,2,star,True,2,star,True,True,2,star,0.9442972540855408,2,star,0.9869382381439209,2,star,0.9687451124191284,2,star,0.9785134792327881,2,star,0.9897292852401733,0,galaxy,0.4848439395427704
1852,2,star,2,star,True,2,star,True,True,2,star,0.893941342830658,2,star,0.9760158061981201,2,star,0.757499635219574,2,star,0.9928275942802429,2,star,0.8165152072906494,2,star,0.8290096521377563
1853,2,star,2,star,True,2,star,True,True,2,star,0.997979462146759,2,star,0.999600350856781,2,star,0.9877411723136902,2,star,0.9926593899726868,2,star,0.9929929971694946,2,star,0.8673743605613708
1854,2,star,2,star,True,2,star,True,True,2,star,0.9347352981567383,2,star,0.9983755350112915,2,star,0.9909859895706177,2,star,0.9964808821678162,2,star,0.9949566721916199,2,star,0.7932007312774658
1855,2,star,2,star,True,2,star,True,True,2,star,0.9596655368804932,2,star,0.9916259050369263,2,star,0.9785885810852051,2,star,0.950977087020874,2,star,0.9727060198783875,2,star,0.8624532222747803
1856,2,star,2,star,True,2,star,True,True,2,star,0.7271809577941895,2,star,0.9980387091636658,2,star,0.49849963188171387,2,star,0.9831047654151917,2,star,0.9437985420227051,2,star,0.7021300196647644
1857,2,star,2,star,True,2,star,True,True,2,star,0.897916316986084,2,star,0.999326229095459,2,star,0.9590026140213013,2,star,0.9961890578269958,2,star,0.9852089881896973,2,star,0.716647207736969
1858,2,star,2,star,True,2,star,True,True,2,star,0.48713624477386475,2,star,0.88747239112854,2,star,0.9292908310890198,2,star,0.9471518993377686,2,star,0.8252156972885132,2,star,0.7516151070594788
1859,2,star,2,star,True,2,star,True,True,2,star,0.9879484176635742,2,star,0.9992215633392334,2,star,0.9730454087257385,2,star,0.9924939870834351,2,star,0.9624878168106079,2,star,0.7944349050521851
1860,2,star,2,star,True,2,star,True,True,2,star,0.9792951345443726,2,star,0.9974950551986694,2,star,0.992294430732727,2,star,0.995314359664917,2,star,0.9910460114479065,2,star,0.9291889071464539
1861,2,star,2,star,True,2,star,True,True,2,star,0.8641038537025452,2,star,0.9974461793899536,2,star,0.8943384289741516,2,star,0.9959749579429626,2,star,0.9150197505950928,2,star,0.6698682904243469
1862,2,star,2,star,True,2,star,True,True,2,star,0.8839747905731201,2,star,0.9982981085777283,2,star,0.9739702343940735,2,star,0.9075751304626465,2,star,0.9678884744644165,2,star,0.4430428147315979
1863,2,star,2,star,True,2,star,True,True,2,star,0.8449743390083313,2,star,0.9936729669570923,2,star,0.7170425653457642,2,star,0.9874333739280701,2,star,0.9886255264282227,2,star,0.7079806923866272
1864,2,star,2,star,True,2,star,True,True,2,star,0.5237245559692383,2,star,0.5831413865089417,1,quasar,0.5263424515724182,1,quasar,0.5466058254241943,2,star,0.7331392168998718,2,star,0.5085842609405518
1865,2,star,2,star,True,2,star,True,True,0,galaxy,0.37546175718307495,2,star,0.5907195806503296,2,star,0.6457749605178833,2,star,0.9071024060249329,2,star,0.9521333575248718,0,galaxy,0.4725702106952667
1866,2,star,2,star,True,2,star,True,True,2,star,0.9790477156639099,2,star,0.9984291195869446,2,star,0.9839478731155396,2,star,0.9975917339324951,2,star,0.9590147137641907,2,star,0.6374042630195618
1867,2,star,2,star,True,2,star,True,True,2,star,0.8735041618347168,2,star,0.9645960927009583,2,star,0.8304480910301208,2,star,0.989471435546875,2,star,0.9011679887771606,2,star,0.7188470959663391
1868,2,star,2,star,True,2,star,True,True,2,star,0.7575770020484924,2,star,0.7025052309036255,1,quasar,0.5006718039512634,2,star,0.6266692876815796,2,star,0.6205641627311707,2,star,0.5791844129562378
1869,2,star,2,star,True,2,star,True,True,2,star,0.9950838685035706,2,star,0.9905673861503601,2,star,0.9929312467575073,2,star,0.9921628832817078,2,star,0.9886466860771179,2,star,0.6073591113090515
1870,2,star,2,star,True,2,star,True,True,2,star,0.8374556303024292,2,star,0.9716174602508545,2,star,0.9949166774749756,2,star,0.9885655045509338,2,star,0.9939178228378296,2,star,0.7845185995101929
1871,2,star,2,star,True,2,star,True,True,2,star,0.9732422828674316,2,star,0.8939815759658813,2,star,0.9872783422470093,2,star,0.978665292263031,2,star,0.8585695028305054,2,star,0.9264733195304871
1872,2,star,2,star,True,2,star,True,True,2,star,0.7731927633285522,2,star,0.6148729920387268,2,star,0.5117725729942322,1,quasar,0.6531620621681213,2,star,0.5069448351860046,2,star,0.7954044938087463
1873,2,star,2,star,True,2,star,True,True,2,star,0.9492318630218506,2,star,0.9996064305305481,2,star,0.9499813318252563,2,star,0.9952059388160706,2,star,0.9850497841835022,2,star,0.8065530061721802
1874,2,star,2,star,True,2,star,True,True,2,star,0.9756898880004883,2,star,0.9896937012672424,2,star,0.9883133172988892,2,star,0.9892587065696716,2,star,0.9936614036560059,2,star,0.8969153761863708
1875,2,star,2,star,True,2,star,True,True,1,quasar,0.5345070362091064,2,star,0.9932699799537659,2,star,0.985267162322998,2,star,0.9886466860771179,2,star,0.9878013730049133,2,star,0.604601263999939
1876,2,star,2,star,True,2,star,True,True,2,star,0.9991909861564636,2,star,0.999394416809082,2,star,0.9946290850639343,2,star,0.9983408451080322,2,star,0.9738098978996277,2,star,0.8832293152809143
1877,2,star,2,star,True,2,star,True,True,2,star,0.8812029361724854,2,star,0.9700636267662048,2,star,0.9030545353889465,2,star,0.9906132221221924,2,star,0.9618782997131348,2,star,0.9233887195587158
1878,2,star,2,star,True,2,star,True,True,2,star,0.9130686521530151,2,star,0.5546703934669495,2,star,0.9588930010795593,2,star,0.9638869762420654,2,star,0.9447829723358154,2,star,0.9008169174194336
1879,2,star,2,star,True,2,star,True,True,2,star,0.6150662899017334,2,star,0.7127477526664734,2,star,0.8154399991035461,2,star,0.9841136336326599,2,star,0.8306763768196106,2,star,0.7288177609443665
1880,2,star,2,star,True,2,star,True,True,2,star,0.8733212947845459,2,star,0.9641526341438293,2,star,0.9202640652656555,2,star,0.9598067998886108,2,star,0.8476046919822693,2,star,0.6840912103652954
1881,2,star,2,star,True,2,star,True,True,2,star,0.9034748673439026,2,star,0.9867774844169617,2,star,0.8738309144973755,2,star,0.9901575446128845,2,star,0.7568069696426392,2,star,0.8479552268981934
1882,2,star,2,star,True,2,star,True,True,2,star,0.9525266885757446,2,star,0.9882375597953796,2,star,0.9865406155586243,2,star,0.9461847543716431,2,star,0.9628700613975525,0,galaxy,0.507010817527771
1883,2,star,2,star,True,2,star,True,True,2,star,0.8867712616920471,2,star,0.6351967453956604,2,star,0.8497709035873413,2,star,0.9094617962837219,2,star,0.9582170844078064,2,star,0.5331200361251831
1884,2,star,2,star,True,2,star,True,True,0,galaxy,0.5015377998352051,2,star,0.9760034084320068,2,star,0.9947569370269775,2,star,0.982404887676239,2,star,0.9929400682449341,0,galaxy,0.6059526205062866
1885,2,star,2,star,True,2,star,True,True,2,star,0.8458702564239502,2,star,0.9033868312835693,2,star,0.9951076507568359,2,star,0.9779552817344666,2,star,0.9928408861160278,2,star,0.5927836894989014
1886,2,star,2,star,True,2,star,True,True,2,star,0.9965522289276123,2,star,0.9994761347770691,2,star,0.9965537786483765,2,star,0.9986116886138916,2,star,0.9680235981941223,2,star,0.9636101722717285
1887,2,star,2,star,True,2,star,True,True,2,star,0.8304229378700256,2,star,0.933880090713501,2,star,0.9268903732299805,2,star,0.8690611124038696,2,star,0.8625966906547546,2,star,0.8789498805999756
1888,2,star,2,star,True,2,star,True,True,2,star,0.8947378993034363,2,star,0.9647974371910095,2,star,0.9873422384262085,2,star,0.9896975159645081,2,star,0.982304573059082,2,star,0.4144297242164612
1889,2,star,0,galaxy,False,0,galaxy,False,True,0,galaxy,0.9915733933448792,0,galaxy,0.6801230907440186,0,galaxy,0.9464762806892395,0,galaxy,0.6009876728057861,2,star,0.48937854170799255,0,galaxy,0.466526061296463
1890,2,star,1,quasar,False,1,quasar,False,True,1,quasar,0.6235937476158142,1,quasar,0.5093197822570801,1,quasar,0.5217945575714111,1,quasar,0.5458273887634277,2,star,0.6094197630882263,1,quasar,0.40916186571121216
1891,2,star,0,galaxy,False,2,star,True,False,2,star,0.9974390268325806,0,galaxy,0.5686169266700745,2,star,0.9950998425483704,0,galaxy,0.7330319881439209,2,star,0.9867620468139648,0,galaxy,0.45160508155822754
1892,2,star,2,star,True,2,star,True,True,2,star,0.7413085699081421,0,galaxy,0.8436806797981262,2,star,0.9893155097961426,2,star,0.9801483154296875,2,star,0.9923027753829956,0,galaxy,0.7651946544647217
1893,2,star,2,star,True,2,star,True,True,2,star,0.8311918377876282,2,star,0.5353938937187195,2,star,0.987989068031311,2,star,0.6884408593177795,2,star,0.8538151979446411,2,star,0.5312010049819946
1894,2,star,1,quasar,False,1,quasar,False,True,2,star,0.6012699007987976,0,galaxy,0.3997727036476135,1,quasar,0.502030074596405,1,quasar,0.7336421608924866,1,quasar,0.6875948905944824,2,star,0.42209210991859436
1895,2,star,2,star,True,2,star,True,True,2,star,0.9855462312698364,2,star,0.9715836048126221,2,star,0.9961016178131104,2,star,0.9983959794044495,2,star,0.9912111163139343,2,star,0.7134801149368286
1896,2,star,2,star,True,2,star,True,True,2,star,0.9831398129463196,2,star,0.7008416652679443,2,star,0.9911754131317139,2,star,0.9872461557388306,2,star,0.9742616415023804,0,galaxy,0.566922664642334
1897,2,star,2,star,True,2,star,True,True,0,galaxy,0.624265193939209,2,star,0.9838889837265015,2,star,0.9939810633659363,2,star,0.9903643727302551,2,star,0.9909737706184387,0,galaxy,0.6744898557662964
1898,2,star,2,star,True,2,star,True,True,0,galaxy,0.7419726252555847,2,star,0.9384229779243469,2,star,0.9932389259338379,2,star,0.9625803828239441,2,star,0.9919629096984863,2,star,0.6456941366195679
1899,2,star,2,star,True,2,star,True,True,2,star,0.9039413928985596,2,star,0.6708738207817078,2,star,0.9880701899528503,2,star,0.9839845299720764,2,star,0.9876623153686523,2,star,0.41583213210105896
1900,2,star,2,star,True,2,star,True,True,2,star,0.9805504083633423,2,star,0.9643442630767822,2,star,0.9955158829689026,2,star,0.9944067001342773,2,star,0.9934861063957214,2,star,0.8359902501106262
1901,2,star,2,star,True,2,star,True,True,2,star,0.9939553141593933,2,star,0.9967312812805176,2,star,0.9977365732192993,2,star,0.9984906911849976,2,star,0.9921646118164062,2,star,0.666961669921875
1902,2,star,2,star,True,2,star,True,True,2,star,0.9906203746795654,2,star,0.9977037310600281,2,star,0.99623703956604,2,star,0.9965760111808777,2,star,0.9932658672332764,2,star,0.5841530561447144
1903,2,star,2,star,True,2,star,True,True,0,galaxy,0.4527113437652588,2,star,0.9405016899108887,2,star,0.9941583871841431,2,star,0.6009963154792786,2,star,0.9887793064117432,2,star,0.48440757393836975
1904,2,star,2,star,True,2,star,True,True,1,quasar,0.629025936126709,2,star,0.7218807339668274,2,star,0.7109022736549377,2,star,0.7847875952720642,2,star,0.938148021697998,2,star,0.7265152931213379
1905,2,star,2,star,True,2,star,True,True,2,star,0.7640209794044495,2,star,0.7730089426040649,2,star,0.8558534979820251,2,star,0.9303122758865356,2,star,0.9755000472068787,0,galaxy,0.5749582648277283
1906,2,star,2,star,True,2,star,True,True,2,star,0.6135773062705994,2,star,0.5116397738456726,2,star,0.5771355628967285,2,star,0.9312340021133423,2,star,0.7887879014015198,2,star,0.4552573263645172
1907,2,star,2,star,True,2,star,True,True,2,star,0.8135730028152466,2,star,0.9255574941635132,2,star,0.9309818148612976,2,star,0.937838077545166,2,star,0.9792448282241821,2,star,0.6618511080741882
1908,2,star,2,star,True,2,star,True,True,2,star,0.845028817653656,2,star,0.43114060163497925,2,star,0.6714064478874207,1,quasar,0.4829436242580414,2,star,0.8326889276504517,0,galaxy,0.4819917678833008
1909,2,star,2,star,True,2,star,True,True,2,star,0.7116644382476807,2,star,0.9413813948631287,2,star,0.8305503726005554,2,star,0.8947778940200806,2,star,0.6822869777679443,0,galaxy,0.6438812613487244
1910,2,star,2,star,True,2,star,True,True,2,star,0.9043097496032715,2,star,0.976547122001648,2,star,0.9923833012580872,2,star,0.9786852598190308,2,star,0.9932925701141357,2,star,0.4373020529747009
1911,2,star,2,star,True,2,star,True,True,2,star,0.8131082653999329,2,star,0.9911360740661621,2,star,0.9885502457618713,2,star,0.9936959147453308,2,star,0.9880505204200745,2,star,0.6676537394523621
1912,2,star,2,star,True,2,star,True,True,2,star,0.9929919242858887,2,star,0.9969176054000854,2,star,0.9958416819572449,2,star,0.9958016276359558,2,star,0.9877110123634338,2,star,0.43074631690979004
1913,2,star,2,star,True,2,star,True,True,2,star,0.700032651424408,2,star,0.9773657321929932,2,star,0.9916653037071228,2,star,0.9623247385025024,2,star,0.9917742609977722,1,quasar,0.39151594042778015
1914,2,star,2,star,True,2,star,True,True,2,star,0.8824117183685303,2,star,0.8692256212234497,2,star,0.6842940449714661,2,star,0.7145740985870361,2,star,0.8056972622871399,2,star,0.42083078622817993
1915,2,star,2,star,True,2,star,True,True,2,star,0.9046425223350525,2,star,0.9837856292724609,2,star,0.9388678669929504,2,star,0.9807543754577637,2,star,0.9660715460777283,2,star,0.866411566734314
1916,2,star,2,star,True,2,star,True,True,2,star,0.9728278517723083,2,star,0.9924523234367371,2,star,0.9878308176994324,2,star,0.9979713559150696,2,star,0.9908555746078491,2,star,0.6426771879196167
1917,2,star,2,star,True,2,star,True,True,2,star,0.6327718496322632,2,star,0.8904609680175781,2,star,0.8521256446838379,2,star,0.64319908618927,2,star,0.9430970549583435,0,galaxy,0.4236680567264557
1918,2,star,2,star,True,2,star,True,True,2,star,0.9452465772628784,2,star,0.9948927164077759,2,star,0.9865432977676392,2,star,0.9946521520614624,2,star,0.9929634928703308,2,star,0.5780439376831055
1919,2,star,2,star,True,2,star,True,True,2,star,0.6296851634979248,2,star,0.8939104676246643,1,quasar,0.5178972482681274,1,quasar,0.5034465789794922,2,star,0.5743576288223267,2,star,0.4363541305065155
1920,2,star,2,star,True,2,star,True,True,2,star,0.7995173335075378,2,star,0.9572591185569763,2,star,0.5513874292373657,2,star,0.9487348198890686,2,star,0.9566469192504883,0,galaxy,0.7943562269210815
1921,2,star,2,star,True,2,star,True,True,2,star,0.9677072167396545,2,star,0.9937293529510498,2,star,0.9961268305778503,2,star,0.9969653487205505,2,star,0.9873700141906738,2,star,0.6218579411506653
1922,2,star,2,star,True,2,star,True,True,2,star,0.9378660917282104,2,star,0.9833481907844543,2,star,0.994419515132904,2,star,0.9984375834465027,2,star,0.9883537292480469,2,star,0.45751953125
1923,2,star,2,star,True,2,star,True,True,2,star,0.8363175392150879,2,star,0.6105443835258484,2,star,0.8246355652809143,2,star,0.9458128213882446,2,star,0.6263023614883423,2,star,0.4902902841567993
1924,2,star,1,quasar,False,2,star,True,False,2,star,0.871813178062439,2,star,0.8148440718650818,1,quasar,0.5494539141654968,1,quasar,0.6793466806411743,1,quasar,0.543462336063385,2,star,0.5794283747673035
1925,2,star,2,star,True,2,star,True,True,2,star,0.9110786318778992,2,star,0.8269420266151428,2,star,0.7322929501533508,2,star,0.9583883881568909,2,star,0.7145916223526001,2,star,0.45619019865989685
1926,2,star,2,star,True,2,star,True,True,2,star,0.8886706233024597,2,star,0.9995319843292236,2,star,0.9936227202415466,2,star,0.9981871247291565,2,star,0.9756466746330261,2,star,0.5799410343170166
1927,2,star,1,quasar,False,1,quasar,False,True,1,quasar,0.7513861060142517,1,quasar,0.7733266353607178,1,quasar,0.5785671472549438,1,quasar,0.7724258899688721,1,quasar,0.6300125122070312,1,quasar,0.4043779969215393
1928,2,star,2,star,True,2,star,True,True,2,star,0.9559175968170166,2,star,0.9886448383331299,2,star,0.994814932346344,2,star,0.9029811024665833,2,star,0.9945170283317566,2,star,0.6074766516685486
1929,2,star,2,star,True,2,star,True,True,2,star,0.3911944031715393,2,star,0.9616469740867615,2,star,0.9782295823097229,2,star,0.936759352684021,2,star,0.9886257648468018,0,galaxy,0.42990657687187195
1930,2,star,1,quasar,False,1,quasar,False,True,1,quasar,0.875450611114502,2,star,0.7260897755622864,1,quasar,0.5936552286148071,1,quasar,0.5097760558128357,1,quasar,0.5840246081352234,2,star,0.4269140660762787
1931,2,star,2,star,True,2,star,True,True,2,star,0.6358434557914734,2,star,0.572380006313324,2,star,0.7210777997970581,1,quasar,0.8010976910591125,2,star,0.9088174104690552,0,galaxy,0.46017220616340637
1932,2,star,2,star,True,2,star,True,True,2,star,0.6391062140464783,2,star,0.4653928279876709,2,star,0.879136323928833,2,star,0.9845833778381348,2,star,0.9273600578308105,0,galaxy,0.4690747857093811
1933,2,star,2,star,True,2,star,True,True,2,star,0.9582914113998413,2,star,0.9411684274673462,2,star,0.7918198704719543,2,star,0.9331929683685303,2,star,0.8113439679145813,2,star,0.6911004781723022
1934,2,star,2,star,True,2,star,True,True,2,star,0.8243834972381592,2,star,0.8162739276885986,1,quasar,0.6600709557533264,1,quasar,0.7699687480926514,2,star,0.6757237315177917,2,star,0.6306811571121216
1935,2,star,2,star,True,2,star,True,True,2,star,0.6471480131149292,2,star,0.7676571011543274,1,quasar,0.5418269634246826,2,star,0.8432133793830872,1,quasar,0.5234935283660889,2,star,0.40736088156700134
1936,2,star,2,star,True,2,star,True,True,2,star,0.9853919148445129,2,star,0.9991599321365356,2,star,0.9930319786071777,2,star,0.9950504899024963,2,star,0.9916433095932007,2,star,0.6477505564689636
1937,2,star,2,star,True,2,star,True,True,2,star,0.9968801736831665,2,star,0.9893982410430908,2,star,0.9827621579170227,2,star,0.9883735775947571,2,star,0.989327073097229,2,star,0.8318107724189758
1938,2,star,2,star,True,2,star,True,True,2,star,0.9915900826454163,2,star,0.9949894547462463,2,star,0.9955793023109436,0,galaxy,0.7400099039077759,2,star,0.9908492565155029,0,galaxy,0.5310086607933044
1939,2,star,2,star,True,2,star,True,True,2,star,0.9867655038833618,2,star,0.9984563589096069,2,star,0.9962224960327148,2,star,0.9973949193954468,2,star,0.9942113757133484,2,star,0.6694202423095703
1940,2,star,2,star,True,2,star,True,True,1,quasar,0.5468055009841919,2,star,0.7625275254249573,2,star,0.7709904909133911,2,star,0.6783338189125061,2,star,0.8449331521987915,2,star,0.49608781933784485
1941,2,star,2,star,True,2,star,True,True,2,star,0.8870223760604858,2,star,0.7881186008453369,1,quasar,0.49816930294036865,2,star,0.6941946744918823,1,quasar,0.5476008653640747,2,star,0.5015228986740112
1942,2,star,2,star,True,2,star,True,True,2,star,0.9844830632209778,2,star,0.9983382225036621,2,star,0.9952521324157715,2,star,0.9956817626953125,2,star,0.9856610298156738,2,star,0.5923711061477661
1943,2,star,1,quasar,False,1,quasar,False,True,1,quasar,0.9206545352935791,1,quasar,0.5322211980819702,1,quasar,0.5885254740715027,1,quasar,0.7418579459190369,1,quasar,0.6191373467445374,2,star,0.5313315391540527
1944,2,star,2,star,True,1,quasar,False,False,2,star,0.5315486192703247,2,star,0.5104084014892578,1,quasar,0.6355808973312378,1,quasar,0.5910413861274719,0,galaxy,0.5983039736747742,2,star,0.42934390902519226
1945,2,star,2,star,True,2,star,True,True,2,star,0.5023071765899658,2,star,0.7883424758911133,1,quasar,0.7573118209838867,2,star,0.5886470079421997,1,quasar,0.50899338722229,2,star,0.7267988324165344
1946,2,star,2,star,True,2,star,True,True,2,star,0.7645561695098877,2,star,0.9401339292526245,2,star,0.6978408098220825,2,star,0.5146501660346985,2,star,0.8316804766654968,2,star,0.7309404015541077
1947,2,star,2,star,True,2,star,True,True,2,star,0.9864886403083801,2,star,0.9966168999671936,2,star,0.9558457136154175,2,star,0.9443912506103516,2,star,0.9892264008522034,2,star,0.82463139295578
1948,2,star,2,star,True,2,star,True,True,2,star,0.9934178590774536,2,star,0.9991024732589722,2,star,0.9946101903915405,2,star,0.9987002611160278,2,star,0.9956347346305847,2,star,0.7379313111305237
1949,2,star,2,star,True,2,star,True,True,2,star,0.9783621430397034,2,star,0.9996474981307983,2,star,0.9963273406028748,2,star,0.9980968832969666,2,star,0.994515061378479,2,star,0.7382002472877502
1950,2,star,1,quasar,False,2,star,True,False,2,star,0.7722795009613037,2,star,0.723147988319397,1,quasar,0.4963403642177582,1,quasar,0.601212739944458,1,quasar,0.5086196660995483,2,star,0.43643540143966675
1951,2,star,2,star,True,2,star,True,True,2,star,0.950154721736908,2,star,0.996799111366272,2,star,0.9668865203857422,2,star,0.9911120533943176,2,star,0.9581137895584106,2,star,0.8391895890235901
1952,2,star,1,quasar,False,1,quasar,False,True,2,star,0.5660698413848877,2,star,0.8367483615875244,1,quasar,0.6845462918281555,1,quasar,0.8220752477645874,1,quasar,0.6834787130355835,2,star,0.48689907789230347
1953,2,star,1,quasar,False,1,quasar,False,True,2,star,0.7560114860534668,2,star,0.7109240293502808,1,quasar,0.6798526644706726,1,quasar,0.7730379104614258,1,quasar,0.6977410912513733,2,star,0.6130274534225464
1954,2,star,2,star,True,2,star,True,True,2,star,0.8427361249923706,2,star,0.9740452170372009,2,star,0.9616789221763611,2,star,0.9770197868347168,2,star,0.9424481987953186,2,star,0.91443932056427
1955,2,star,2,star,True,2,star,True,True,2,star,0.7867648601531982,2,star,0.916784942150116,2,star,0.8834311366081238,2,star,0.9649421572685242,2,star,0.7270246148109436,2,star,0.49579209089279175
1956,2,star,2,star,True,2,star,True,True,2,star,0.6985330581665039,2,star,0.9942083358764648,2,star,0.9577639102935791,2,star,0.9917248487472534,2,star,0.9275597929954529,2,star,0.6419246196746826
1957,2,star,2,star,True,2,star,True,True,2,star,0.808643639087677,2,star,0.886231005191803,2,star,0.9421535134315491,2,star,0.8789207935333252,2,star,0.9453831911087036,0,galaxy,0.41803836822509766
1958,2,star,2,star,True,2,star,True,True,2,star,0.6475021839141846,2,star,0.7667349576950073,2,star,0.5938267707824707,1,quasar,0.5999314785003662,2,star,0.7174991369247437,2,star,0.5195208787918091
1959,2,star,2,star,True,2,star,True,True,2,star,0.9802144765853882,2,star,0.9428287148475647,2,star,0.9931754469871521,2,star,0.9950483441352844,2,star,0.994384765625,0,galaxy,0.8293731212615967
1960,2,star,2,star,True,2,star,True,True,2,star,0.9052529335021973,2,star,0.9290520548820496,2,star,0.948838472366333,2,star,0.8914344906806946,2,star,0.9609079360961914,0,galaxy,0.8087714314460754
1961,2,star,2,star,True,2,star,True,True,2,star,0.8625359535217285,2,star,0.9787032008171082,2,star,0.6465343832969666,2,star,0.7650031447410583,2,star,0.7946794033050537,1,quasar,0.5560455918312073
1962,2,star,1,quasar,False,1,quasar,False,True,1,quasar,0.9521946310997009,1,quasar,0.9189134240150452,1,quasar,0.8721726536750793,1,quasar,0.8319184184074402,1,quasar,0.8536748886108398,2,star,0.5171293616294861
1963,2,star,2,star,True,2,star,True,True,2,star,0.8918415307998657,2,star,0.9926304817199707,2,star,0.9211518168449402,2,star,0.9905819892883301,2,star,0.9853690266609192,2,star,0.683914840221405
1964,2,star,2,star,True,2,star,True,True,2,star,0.9013035893440247,2,star,0.6662020087242126,2,star,0.67550128698349,2,star,0.6238547563552856,2,star,0.9890798926353455,2,star,0.8158603310585022
1965,2,star,2,star,True,2,star,True,True,2,star,0.967406153678894,2,star,0.9918980598449707,2,star,0.9956484436988831,2,star,0.9975433349609375,2,star,0.9928682446479797,1,quasar,0.4086466133594513
1966,2,star,2,star,True,2,star,True,True,2,star,0.9617767333984375,2,star,0.6623836755752563,2,star,0.9903968572616577,2,star,0.9652606248855591,2,star,0.9864628911018372,0,galaxy,0.7332924008369446
1967,2,star,2,star,True,2,star,True,True,2,star,0.7303951382637024,2,star,0.8896047472953796,2,star,0.8188621997833252,2,star,0.9161803722381592,2,star,0.8896408081054688,2,star,0.7756751775741577
1968,2,star,2,star,True,2,star,True,True,2,star,0.995854914188385,2,star,0.9267067909240723,2,star,0.9883822798728943,2,star,0.9626067876815796,2,star,0.9845342636108398,2,star,0.752541184425354
1969,2,star,2,star,True,2,star,True,True,2,star,0.9548540711402893,2,star,0.9987010955810547,2,star,0.9604953527450562,2,star,0.9969229102134705,2,star,0.9834295511245728,2,star,0.760059118270874
1970,2,star,1,quasar,False,1,quasar,False,True,1,quasar,0.633696436882019,2,star,0.6282649636268616,1,quasar,0.6317803859710693,1,quasar,0.5798205137252808,1,quasar,0.5870413780212402,1,quasar,0.42227569222450256
1971,2,star,2,star,True,2,star,True,True,2,star,0.951330840587616,2,star,0.986672043800354,2,star,0.938338041305542,2,star,0.7672733068466187,2,star,0.9053470492362976,2,star,0.7650614380836487
1972,2,star,2,star,True,2,star,True,True,2,star,0.9790481328964233,2,star,0.9977681636810303,2,star,0.9527187943458557,2,star,0.9944111704826355,2,star,0.9912159442901611,2,star,0.8310380578041077
1973,2,star,1,quasar,False,1,quasar,False,True,1,quasar,0.8051038384437561,2,star,0.8308108448982239,1,quasar,0.6342162489891052,2,star,0.5632729530334473,1,quasar,0.7630418539047241,1,quasar,0.6098175644874573
1974,2,star,2,star,True,2,star,True,True,2,star,0.5040121674537659,2,star,0.9629018306732178,2,star,0.9468160271644592,2,star,0.9794354438781738,2,star,0.8187238574028015,2,star,0.8192796111106873
1975,2,star,2,star,True,2,star,True,True,2,star,0.9883868098258972,2,star,0.9956064820289612,2,star,0.9943062663078308,2,star,0.9799029231071472,2,star,0.9859794974327087,2,star,0.7870264649391174
1976,2,star,0,galaxy,False,0,galaxy,False,True,0,galaxy,0.5337884426116943,0,galaxy,0.8759893178939819,0,galaxy,0.4493781328201294,2,star,0.565452516078949,2,star,0.733204185962677,0,galaxy,0.5486058592796326
1977,2,star,2,star,True,2,star,True,True,2,star,0.948114812374115,2,star,0.998985230922699,2,star,0.970373272895813,2,star,0.9961735606193542,2,star,0.8671085834503174,2,star,0.6913114190101624
1978,2,star,2,star,True,2,star,True,True,2,star,0.6192073225975037,2,star,0.8729533553123474,2,star,0.6345434784889221,1,quasar,0.4979606866836548,2,star,0.7417629957199097,2,star,0.5389449596405029
1979,2,star,2,star,True,2,star,True,True,2,star,0.7478821277618408,2,star,0.9543677568435669,2,star,0.9816301465034485,2,star,0.8856639862060547,2,star,0.943484902381897,0,galaxy,0.59913170337677
1980,2,star,2,star,True,2,star,True,True,2,star,0.9522722363471985,2,star,0.9783160090446472,2,star,0.94808030128479,2,star,0.9962273836135864,2,star,0.9516177177429199,2,star,0.7768839001655579
1981,2,star,2,star,True,2,star,True,True,2,star,0.8857177495956421,2,star,0.8351089954376221,2,star,0.9584673643112183,2,star,0.991679847240448,2,star,0.9750099182128906,2,star,0.7231568694114685
1982,2,star,1,quasar,False,2,star,True,False,1,quasar,0.5239570140838623,2,star,0.8493658304214478,1,quasar,0.6809748411178589,1,quasar,0.4996083378791809,2,star,0.5878354907035828,2,star,0.5887351632118225
1983,2,star,1,quasar,False,2,star,True,False,2,star,0.8655869364738464,2,star,0.7107610702514648,1,quasar,0.5570685863494873,1,quasar,0.639936625957489,1,quasar,0.5837891101837158,0,galaxy,0.3505176305770874
1984,2,star,1,quasar,False,1,quasar,False,True,1,quasar,0.9106132984161377,2,star,0.5963225960731506,1,quasar,0.5229161977767944,1,quasar,0.7653030753135681,1,quasar,0.5530874729156494,0,galaxy,0.4754655957221985
1985,2,star,1,quasar,False,1,quasar,False,True,1,quasar,0.510529637336731,2,star,0.6756242513656616,1,quasar,0.5262756943702698,1,quasar,0.7852876782417297,1,quasar,0.6788445711135864,2,star,0.5426990389823914
1986,2,star,1,quasar,False,1,quasar,False,True,1,quasar,0.7519745826721191,2,star,0.5021464824676514,1,quasar,0.7729307413101196,2,star,0.5732083320617676,1,quasar,0.9513356685638428,1,quasar,0.5181564688682556
1987,2,star,2,star,True,2,star,True,True,2,star,0.998777449131012,2,star,0.9990556836128235,2,star,0.994382381439209,2,star,0.9947047829627991,2,star,0.9920431971549988,2,star,0.8080249428749084
1988,2,star,1,quasar,False,1,quasar,False,True,1,quasar,0.8662071228027344,1,quasar,0.9167366623878479,1,quasar,0.7244935035705566,2,star,0.5214786529541016,1,quasar,0.6723324656486511,1,quasar,0.6598328948020935
1989,2,star,2,star,True,2,star,True,True,2,star,0.9621794819831848,2,star,0.9846097230911255,2,star,0.9841687083244324,2,star,0.994734525680542,2,star,0.9905344247817993,2,star,0.5748950242996216
1990,2,star,2,star,True,2,star,True,True,2,star,0.8013505935668945,2,star,0.6885589957237244,2,star,0.8704768419265747,2,star,0.764021098613739,2,star,0.5370160341262817,2,star,0.6930506825447083
1991,2,star,2,star,True,2,star,True,True,2,star,0.992784857749939,2,star,0.9145556688308716,2,star,0.9685917496681213,2,star,0.7837875485420227,2,star,0.9218761920928955,2,star,0.6253453493118286
1992,2,star,2,star,True,2,star,True,True,2,star,0.9798464179039001,2,star,0.9978020787239075,2,star,0.9853382110595703,2,star,0.991970419883728,2,star,0.9702168107032776,2,star,0.7792420983314514
1993,2,star,2,star,True,2,star,True,True,2,star,0.925635814666748,2,star,0.6673069000244141,2,star,0.9808195233345032,2,star,0.7359057068824768,2,star,0.9883192777633667,0,galaxy,0.4325103461742401
1994,2,star,2,star,True,2,star,True,True,2,star,0.9761517643928528,2,star,0.9951153993606567,2,star,0.982430100440979,2,star,0.9818294048309326,2,star,0.6552058458328247,2,star,0.7578272819519043
1995,2,star,1,quasar,False,1,quasar,False,True,1,quasar,0.7987400889396667,2,star,0.7546629309654236,1,quasar,0.7083830237388611,2,star,0.5840808153152466,1,quasar,0.6763222813606262,1,quasar,0.5419425368309021
1996,2,star,1,quasar,False,1,quasar,False,True,1,quasar,0.7065596580505371,1,quasar,0.5425379872322083,1,quasar,0.6148998737335205,1,quasar,0.8789604902267456,1,quasar,0.5940886735916138,2,star,0.4788157045841217
1997,2,star,1,quasar,False,1,quasar,False,True,2,star,0.6029736399650574,2,star,0.664368212223053,1,quasar,0.5629212856292725,1,quasar,0.8210217356681824,1,quasar,0.5638477802276611,2,star,0.43213793635368347
1998,2,star,1,quasar,False,1,quasar,False,True,1,quasar,0.9409785270690918,1,quasar,0.9569453597068787,1,quasar,0.7568618655204773,1,quasar,0.8198266625404358,1,quasar,0.7441233396530151,2,star,0.4530053436756134
1999,2,star,1,quasar,False,1,quasar,False,True,1,quasar,0.9090530872344971,2,star,0.5856970548629761,1,quasar,0.7493077516555786,1,quasar,0.8783333897590637,1,quasar,0.6336018443107605,1,quasar,0.4459652304649353
2000,2,star,2,star,True,2,star,True,True,2,star,0.9980339407920837,2,star,0.9974564909934998,2,star,0.9961716532707214,2,star,0.9972779154777527,2,star,0.9901043772697449,2,star,0.5198845267295837
2001,2,star,2,star,True,2,star,True,True,2,star,0.6624569296836853,2,star,0.6132578253746033,2,star,0.9678094983100891,2,star,0.9468458294868469,2,star,0.9902275800704956,2,star,0.56661057472229
2002,2,star,2,star,True,2,star,True,True,2,star,0.9443713426589966,2,star,0.8685168027877808,2,star,0.948852002620697,2,star,0.9340968132019043,2,star,0.7913695573806763,2,star,0.7188585996627808
2003,2,star,2,star,True,2,star,True,True,2,star,0.9751796126365662,2,star,0.9983099699020386,2,star,0.9916655421257019,2,star,0.9914599657058716,2,star,0.937528669834137,2,star,0.6475231647491455
2004,2,star,2,star,True,2,star,True,True,2,star,0.9606776833534241,2,star,0.9221104979515076,2,star,0.9780454635620117,2,star,0.9585688710212708,2,star,0.8791568875312805,2,star,0.7492082715034485
2005,2,star,2,star,True,2,star,True,True,2,star,0.9959555864334106,2,star,0.9998760223388672,2,star,0.9954713582992554,2,star,0.9969903230667114,2,star,0.9938160181045532,2,star,0.9189033508300781
2006,2,star,2,star,True,2,star,True,True,2,star,0.9163550138473511,2,star,0.9939618706703186,2,star,0.9939019680023193,2,star,0.9917405843734741,2,star,0.9733673334121704,2,star,0.5539494752883911
2007,2,star,2,star,True,2,star,True,True,2,star,0.7110005617141724,2,star,0.7161396741867065,0,galaxy,0.35608652234077454,2,star,0.8109664916992188,2,star,0.9075610041618347,2,star,0.3758390247821808
2008,2,star,2,star,True,2,star,True,True,2,star,0.7271462082862854,2,star,0.9662950038909912,2,star,0.9284316301345825,2,star,0.9867708683013916,2,star,0.97709721326828,2,star,0.7618545889854431
2009,2,star,1,quasar,False,1,quasar,False,True,1,quasar,0.8108804225921631,1,quasar,0.803125262260437,1,quasar,0.807714581489563,1,quasar,0.852571427822113,1,quasar,0.7981584072113037,1,quasar,0.540716826915741
2010,2,star,2,star,True,2,star,True,True,2,star,0.7065994739532471,2,star,0.9701830148696899,2,star,0.9820899963378906,2,star,0.8589391708374023,2,star,0.9271115064620972,0,galaxy,0.4889700710773468
2011,2,star,1,quasar,False,2,star,True,False,1,quasar,0.568263590335846,2,star,0.8359883427619934,1,quasar,0.5776839852333069,2,star,0.508874773979187,2,star,0.8745369911193848,1,quasar,0.6023045182228088
2012,2,star,2,star,True,2,star,True,True,2,star,0.7469663023948669,2,star,0.9996886253356934,2,star,0.9820654988288879,2,star,0.993357241153717,2,star,0.9889812469482422,2,star,0.4971015155315399
2013,2,star,2,star,True,2,star,True,True,2,star,0.38687917590141296,2,star,0.5295974016189575,2,star,0.5620912313461304,1,quasar,0.47305628657341003,2,star,0.7731214165687561,0,galaxy,0.5466198325157166
2014,2,star,1,quasar,False,2,star,True,False,2,star,0.7105764150619507,2,star,0.5452012419700623,1,quasar,0.545258104801178,2,star,0.8716684579849243,1,quasar,0.5434007048606873,1,quasar,0.4725020229816437
2015,2,star,2,star,True,2,star,True,True,2,star,0.9612383842468262,2,star,0.9927079081535339,2,star,0.9899117350578308,2,star,0.9945530295372009,2,star,0.9888836741447449,2,star,0.7230124473571777
2016,2,star,1,quasar,False,1,quasar,False,True,2,star,0.487253338098526,1,quasar,0.62867671251297,1,quasar,0.72166907787323,1,quasar,0.5031387805938721,1,quasar,0.6568673849105835,0,galaxy,0.43242985010147095
2017,2,star,2,star,True,2,star,True,True,2,star,0.984143853187561,2,star,0.9998261332511902,2,star,0.9491246938705444,2,star,0.9666458964347839,2,star,0.9917667508125305,2,star,0.7590351700782776
2018,2,star,2,star,True,2,star,True,True,1,quasar,0.5720902681350708,2,star,0.7042163014411926,2,star,0.8236210346221924,2,star,0.9801585078239441,2,star,0.8999618291854858,2,star,0.6761570572853088
2019,2,star,2,star,True,2,star,True,True,2,star,0.9788828492164612,2,star,0.8891742825508118,2,star,0.851363480091095,2,star,0.9048522114753723,2,star,0.5976456999778748,2,star,0.7907155752182007
2020,2,star,2,star,True,2,star,True,True,2,star,0.9806619882583618,2,star,0.7952784299850464,2,star,0.8776165843009949,2,star,0.8742539882659912,2,star,0.9714780449867249,2,star,0.6101863980293274
2021,2,star,1,quasar,False,1,quasar,False,True,2,star,0.7464868426322937,1,quasar,0.546028733253479,1,quasar,0.6522170305252075,1,quasar,0.6115270853042603,2,star,0.4021415710449219,0,galaxy,0.47632721066474915
2022,2,star,1,quasar,False,2,star,True,False,1,quasar,0.7128056883811951,2,star,0.7005556225776672,1,quasar,0.6099257469177246,2,star,0.922645628452301,2,star,0.5342927575111389,1,quasar,0.5094040632247925
2023,2,star,1,quasar,False,1,quasar,False,True,1,quasar,0.7640011310577393,2,star,0.5490297079086304,1,quasar,0.5115172863006592,2,star,0.8719053268432617,1,quasar,0.5402089357376099,1,quasar,0.5963334441184998
2024,2,star,2,star,True,2,star,True,True,2,star,0.9803070425987244,2,star,0.9998599290847778,2,star,0.9121881127357483,2,star,0.9932168126106262,2,star,0.9906498789787292,2,star,0.9151199460029602
2025,2,star,2,star,True,2,star,True,True,2,star,0.9805309772491455,2,star,0.9758678674697876,2,star,0.9924140572547913,2,star,0.9916046261787415,2,star,0.9946476817131042,2,star,0.6782498955726624
2026,2,star,1,quasar,False,1,quasar,False,True,1,quasar,0.613688051700592,2,star,0.769106388092041,2,star,0.5357578992843628,2,star,0.6898070573806763,1,quasar,0.8985116481781006,1,quasar,0.5560594797134399
2027,2,star,2,star,True,2,star,True,True,1,quasar,0.6361071467399597,2,star,0.7862264513969421,2,star,0.5001879930496216,2,star,0.8394034504890442,1,quasar,0.8036794662475586,2,star,0.6945384740829468
2028,2,star,1,quasar,False,1,quasar,False,True,1,quasar,0.6486371755599976,2,star,0.5065317153930664,1,quasar,0.7898366451263428,1,quasar,0.8149557709693909,1,quasar,0.7175228595733643,2,star,0.3656257092952728
2029,2,star,2,star,True,2,star,True,True,2,star,0.9883673787117004,2,star,0.9999111890792847,2,star,0.9801366329193115,2,star,0.9961645603179932,2,star,0.9915090799331665,2,star,0.803602397441864
2030,2,star,2,star,True,2,star,True,True,2,star,0.9972262978553772,2,star,0.9997754693031311,2,star,0.9943909049034119,2,star,0.9976142644882202,2,star,0.990841269493103,2,star,0.6756961345672607
2031,2,star,0,galaxy,False,0,galaxy,False,True,0,galaxy,0.8995307087898254,0,galaxy,0.581118106842041,0,galaxy,0.9817635416984558,0,galaxy,0.6480059027671814,0,galaxy,0.7992385625839233,0,galaxy,0.5485540628433228
2032,2,star,2,star,True,2,star,True,True,2,star,0.6317526698112488,2,star,0.607063889503479,1,quasar,0.4901004433631897,2,star,0.8246012330055237,2,star,0.688966691493988,2,star,0.5839627981185913
2033,2,star,1,quasar,False,1,quasar,False,True,1,quasar,0.9274965524673462,1,quasar,0.4882272779941559,1,quasar,0.782177209854126,1,quasar,0.7733592987060547,1,quasar,0.806148111820221,2,star,0.41989678144454956
2034,2,star,2,star,True,2,star,True,True,2,star,0.5998847484588623,2,star,0.9586931467056274,2,star,0.6706382036209106,2,star,0.969322144985199,2,star,0.9620466232299805,2,star,0.5001254677772522
2035,2,star,2,star,True,2,star,True,True,2,star,0.9820429682731628,2,star,0.993918776512146,2,star,0.9860333800315857,2,star,0.9960566759109497,2,star,0.9881518483161926,2,star,0.8433794379234314
2036,2,star,1,quasar,False,1,quasar,False,True,1,quasar,0.9115473031997681,1,quasar,0.8107712864875793,1,quasar,0.6608314514160156,1,quasar,0.8443854451179504,1,quasar,0.652040421962738,1,quasar,0.4062865376472473
2037,2,star,2,star,True,2,star,True,True,2,star,0.4428987503051758,2,star,0.5052810311317444,2,star,0.7511869668960571,2,star,0.7293998599052429,2,star,0.8995530009269714,0,galaxy,0.98703533411026
2038,2,star,1,quasar,False,1,quasar,False,True,1,quasar,0.855492889881134,2,star,0.5770365595817566,1,quasar,0.7107605934143066,1,quasar,0.8544392585754395,1,quasar,0.6938548684120178,0,galaxy,0.6639174818992615
2039,2,star,2,star,True,2,star,True,True,2,star,0.5772891044616699,2,star,0.9964072108268738,2,star,0.6503373384475708,2,star,0.9822098016738892,2,star,0.7979229092597961,2,star,0.6077158451080322
2040,2,star,2,star,True,2,star,True,True,2,star,0.905077338218689,2,star,0.926477313041687,2,star,0.8962535858154297,2,star,0.9698752164840698,2,star,0.6833159327507019,2,star,0.7358478307723999
2041,2,star,1,quasar,False,1,quasar,False,True,1,quasar,0.5785916447639465,2,star,0.7740299105644226,1,quasar,0.7361720204353333,2,star,0.6749746799468994,1,quasar,0.7894594073295593,2,star,0.3770940601825714
2042,2,star,2,star,True,2,star,True,True,2,star,0.697712242603302,2,star,0.9731271266937256,2,star,0.7787912487983704,2,star,0.9652580618858337,2,star,0.7740594148635864,2,star,0.6027035117149353
2043,2,star,1,quasar,False,1,quasar,False,True,1,quasar,0.8174002170562744,2,star,0.8181007504463196,1,quasar,0.7652595043182373,1,quasar,0.5144934058189392,1,quasar,0.550294041633606,2,star,0.4701537787914276
2044,2,star,2,star,True,2,star,True,True,2,star,0.9169366955757141,2,star,0.9587990641593933,2,star,0.9933254718780518,2,star,0.9054939150810242,2,star,0.9539380669593811,2,star,0.7929524779319763
2045,2,star,2,star,True,2,star,True,True,2,star,0.8135106563568115,2,star,0.9629142880439758,2,star,0.5818422436714172,2,star,0.9364610314369202,2,star,0.94063800573349,2,star,0.6088891625404358
2046,2,star,1,quasar,False,1,quasar,False,True,1,quasar,0.506068229675293,2,star,0.7265147566795349,1,quasar,0.6750144958496094,1,quasar,0.579732358455658,1,quasar,0.7176477909088135,2,star,0.5677944421768188
2047,2,star,2,star,True,2,star,True,True,2,star,0.9785251021385193,2,star,0.9985184073448181,2,star,0.9909040331840515,2,star,0.9920563101768494,2,star,0.960253119468689,2,star,0.7932560443878174
2048,2,star,1,quasar,False,1,quasar,False,True,1,quasar,0.5677608847618103,2,star,0.7605217099189758,1,quasar,0.7129674553871155,1,quasar,0.6856833100318909,1,quasar,0.5629664063453674,2,star,0.6421472430229187
2049,2,star,2,star,True,2,star,True,True,2,star,0.9746083617210388,2,star,0.9873132109642029,2,star,0.9949794411659241,2,star,0.9702448844909668,2,star,0.9137437343597412,2,star,0.995396077632904
2050,2,star,2,star,True,2,star,True,True,2,star,0.9644327163696289,2,star,0.7879645824432373,2,star,0.854832112789154,2,star,0.9614173769950867,2,star,0.7723188400268555,2,star,0.783804178237915
2051,2,star,2,star,True,2,star,True,True,2,star,0.8162760138511658,2,star,0.6474012136459351,2,star,0.8250588774681091,2,star,0.6213824152946472,2,star,0.9215664863586426,2,star,0.7406453490257263
2052,2,star,2,star,True,2,star,True,True,2,star,0.659738302230835,2,star,0.8120290040969849,2,star,0.5282131433486938,2,star,0.9085989594459534,2,star,0.9650457501411438,2,star,0.5807256102561951
2053,2,star,2,star,True,2,star,True,True,2,star,0.6566535234451294,2,star,0.6990865468978882,2,star,0.7671730518341064,2,star,0.8546884059906006,2,star,0.8963848352432251,2,star,0.8557012677192688
2054,2,star,2,star,True,2,star,True,True,2,star,0.9599674344062805,2,star,0.9940721392631531,2,star,0.9707112312316895,2,star,0.9919115900993347,2,star,0.9765182137489319,2,star,0.8041062951087952
2055,2,star,1,quasar,False,2,star,True,False,1,quasar,0.5050347447395325,2,star,0.6165767312049866,1,quasar,0.4071384370326996,1,quasar,0.634516716003418,2,star,0.5342066884040833,2,star,0.5270673036575317
2056,2,star,2,star,True,2,star,True,True,2,star,0.8927263021469116,2,star,0.9951171875,2,star,0.9214426875114441,2,star,0.7894301414489746,2,star,0.7631883025169373,2,star,0.6378369927406311
2057,2,star,2,star,True,2,star,True,True,2,star,0.4921453595161438,2,star,0.939810574054718,2,star,0.8429728150367737,2,star,0.8237967491149902,2,star,0.9736003875732422,2,star,0.5112940669059753
2058,2,star,2,star,True,2,star,True,True,2,star,0.7986893057823181,2,star,0.9715275764465332,2,star,0.5900800228118896,2,star,0.8682961463928223,2,star,0.6123872399330139,2,star,0.7003524899482727
2059,2,star,1,quasar,False,2,star,True,False,2,star,0.75882887840271,2,star,0.854358434677124,1,quasar,0.6809081435203552,1,quasar,0.7691396474838257,1,quasar,0.7533742189407349,2,star,0.4944094121456146
2060,2,star,2,star,True,2,star,True,True,2,star,0.5172991752624512,2,star,0.8543561697006226,1,quasar,0.6161810159683228,2,star,0.8393133282661438,2,star,0.5069178342819214,2,star,0.43990036845207214
2061,2,star,2,star,True,2,star,True,True,1,quasar,0.44194531440734863,2,star,0.47315746545791626,2,star,0.9656249284744263,2,star,0.8628777265548706,2,star,0.7036653161048889,2,star,0.4916646480560303
2062,2,star,2,star,True,2,star,True,True,2,star,0.5623607039451599,2,star,0.9842209815979004,2,star,0.7416250109672546,2,star,0.7856529355049133,2,star,0.9540819525718689,2,star,0.8265202045440674
2063,2,star,1,quasar,False,1,quasar,False,True,1,quasar,0.7691783308982849,1,quasar,0.8109874129295349,1,quasar,0.7325847148895264,2,star,0.8522071242332458,1,quasar,0.495324045419693,1,quasar,0.4666864275932312
2064,2,star,2,star,True,2,star,True,True,2,star,0.9285274147987366,2,star,0.9960760474205017,2,star,0.7177994251251221,2,star,0.9745820760726929,2,star,0.8573541045188904,2,star,0.6469780802726746
2065,2,star,2,star,True,2,star,True,True,2,star,0.6976591348648071,2,star,0.9423657059669495,1,quasar,0.6078967452049255,2,star,0.6280813217163086,2,star,0.7052186131477356,2,star,0.3748621940612793
2066,2,star,1,quasar,False,1,quasar,False,True,1,quasar,0.5605778694152832,1,quasar,0.49677005410194397,1,quasar,0.6526284217834473,1,quasar,0.7734250426292419,1,quasar,0.5435675382614136,0,galaxy,0.42559629678726196
2067,2,star,2,star,True,2,star,True,True,2,star,0.9627319574356079,2,star,0.9990882873535156,2,star,0.9928120970726013,2,star,0.9967032074928284,2,star,0.9933452606201172,2,star,0.6363648772239685
2068,2,star,2,star,True,2,star,True,True,2,star,0.9958810806274414,2,star,0.9990423321723938,2,star,0.9915701150894165,2,star,0.9968909621238708,2,star,0.9845171570777893,2,star,0.8290677070617676
2069,2,star,1,quasar,False,1,quasar,False,True,1,quasar,0.5664600729942322,2,star,0.7582104206085205,1,quasar,0.6619049906730652,1,quasar,0.7612415552139282,2,star,0.525411069393158,1,quasar,0.42755985260009766
2070,2,star,1,quasar,False,2,star,True,False,1,quasar,0.5047231316566467,2,star,0.7030454874038696,1,quasar,0.720158040523529,2,star,0.7141225934028625,1,quasar,0.6104651689529419,2,star,0.6108647584915161
2071,2,star,2,star,True,2,star,True,True,2,star,0.6741239428520203,2,star,0.7078911066055298,1,quasar,0.6519795656204224,2,star,0.6163003444671631,1,quasar,0.697089433670044,2,star,0.5019824504852295
2072,2,star,2,star,True,2,star,True,True,2,star,0.9772304892539978,2,star,0.7384739518165588,2,star,0.9910449981689453,2,star,0.9972670078277588,2,star,0.988832950592041,2,star,0.7564989328384399
2073,2,star,2,star,True,2,star,True,True,2,star,0.7506511211395264,2,star,0.9988197684288025,2,star,0.9898927807807922,2,star,0.9960458874702454,2,star,0.9908528923988342,2,star,0.6995302438735962
2074,2,star,2,star,True,2,star,True,True,2,star,0.9980955719947815,2,star,0.999407172203064,2,star,0.9951927661895752,2,star,0.9919350147247314,2,star,0.9921345710754395,2,star,0.7495415210723877
2075,2,star,2,star,True,2,star,True,True,2,star,0.9218755960464478,2,star,0.8462997674942017,2,star,0.8446195125579834,2,star,0.9526419639587402,2,star,0.5687597990036011,2,star,0.6782112717628479
2076,2,star,2,star,True,2,star,True,True,2,star,0.8487725853919983,2,star,0.9980897307395935,2,star,0.8060759902000427,2,star,0.9826002717018127,2,star,0.6258533596992493,2,star,0.7443527579307556
2077,2,star,2,star,True,2,star,True,True,2,star,0.9869689345359802,2,star,0.99977046251297,2,star,0.993922233581543,2,star,0.9956705570220947,2,star,0.9927022457122803,2,star,0.8411456942558289
2078,2,star,2,star,True,2,star,True,True,2,star,0.9861117601394653,2,star,0.9996484518051147,2,star,0.9923539161682129,2,star,0.9962888956069946,2,star,0.9942352175712585,2,star,0.8492248058319092
2079,2,star,2,star,True,2,star,True,True,2,star,0.6517646312713623,2,star,0.9159153699874878,2,star,0.5590084195137024,2,star,0.9264715909957886,2,star,0.9907269477844238,1,quasar,0.4853196144104004
2080,2,star,2,star,True,2,star,True,True,2,star,0.4704683721065521,2,star,0.9038252234458923,2,star,0.9879853129386902,2,star,0.7237296104431152,2,star,0.9687439799308777,0,galaxy,0.4331890046596527
2081,2,star,2,star,True,2,star,True,True,2,star,0.53521728515625,2,star,0.8917705416679382,1,quasar,0.6233105659484863,2,star,0.5266580581665039,1,quasar,0.5729957222938538,2,star,0.450005441904068
2082,2,star,1,quasar,False,2,star,True,False,2,star,0.6965386271476746,2,star,0.764739453792572,1,quasar,0.6864874362945557,1,quasar,0.6415606141090393,1,quasar,0.6785194277763367,2,star,0.6258898973464966
2083,2,star,2,star,True,2,star,True,True,2,star,0.9672319293022156,2,star,0.9879405498504639,2,star,0.9887034296989441,2,star,0.9935717582702637,2,star,0.9930431842803955,2,star,0.5721630454063416
2084,2,star,0,galaxy,False,0,galaxy,False,True,0,galaxy,0.9875953197479248,0,galaxy,0.6335002183914185,0,galaxy,0.9917616844177246,0,galaxy,0.9889896512031555,0,galaxy,0.912922739982605,0,galaxy,0.6925770044326782
2085,2,star,2,star,True,2,star,True,True,2,star,0.8702173233032227,2,star,0.9983032941818237,2,star,0.6312621831893921,2,star,0.9964091181755066,2,star,0.9307584762573242,2,star,0.6372065544128418
2086,2,star,2,star,True,2,star,True,True,2,star,0.9666847586631775,2,star,0.9993552565574646,2,star,0.9917689561843872,2,star,0.9899835586547852,2,star,0.9932651519775391,2,star,0.9083600640296936
2087,2,star,2,star,True,2,star,True,True,1,quasar,0.5470624566078186,2,star,0.9039579033851624,2,star,0.5179277658462524,2,star,0.6207280158996582,2,star,0.7040651440620422,2,star,0.6283804178237915
2088,2,star,1,quasar,False,2,star,True,False,1,quasar,0.5415647029876709,1,quasar,0.6914328932762146,2,star,0.5830399394035339,2,star,0.9619958996772766,2,star,0.8132467865943909,1,quasar,0.7111662030220032
2089,2,star,2,star,True,2,star,True,True,2,star,0.9035921692848206,2,star,0.9773853421211243,0,galaxy,0.8485056757926941,2,star,0.9123077988624573,2,star,0.9352073669433594,0,galaxy,0.44093960523605347
2090,2,star,2,star,True,2,star,True,True,2,star,0.9806787371635437,2,star,0.9992734789848328,2,star,0.8098317980766296,2,star,0.9923712015151978,2,star,0.992241621017456,2,star,0.4579840898513794
2091,2,star,2,star,True,2,star,True,True,2,star,0.9179738163948059,2,star,0.9919722080230713,2,star,0.7424583435058594,2,star,0.9939164519309998,2,star,0.9727035164833069,2,star,0.6122741103172302
2092,2,star,1,quasar,False,1,quasar,False,True,1,quasar,0.5923451781272888,2,star,0.6644440293312073,1,quasar,0.6392210721969604,1,quasar,0.7605143785476685,2,star,0.6087456941604614,2,star,0.5398830771446228
2093,2,star,1,quasar,False,2,star,True,False,1,quasar,0.5461536049842834,2,star,0.765070915222168,1,quasar,0.5874601602554321,2,star,0.5161142945289612,1,quasar,0.6957713961601257,2,star,0.5925954580307007
2094,2,star,2,star,True,1,quasar,False,False,1,quasar,0.9455801248550415,2,star,0.6745753884315491,2,star,0.5880496501922607,2,star,0.5263683795928955,1,quasar,0.6208574771881104,2,star,0.5365827679634094
2095,2,star,1,quasar,False,1,quasar,False,True,1,quasar,0.9432132840156555,1,quasar,0.8006606698036194,1,quasar,0.7514753341674805,1,quasar,0.7010929584503174,1,quasar,0.775505542755127,2,star,0.6389986276626587
2096,2,star,2,star,True,2,star,True,True,1,quasar,0.4051288366317749,1,quasar,0.6165766716003418,2,star,0.47558560967445374,2,star,0.5009236335754395,2,star,0.45757046341896057,2,star,0.40442273020744324
2097,2,star,2,star,True,2,star,True,True,2,star,0.9802806973457336,2,star,0.7801538109779358,2,star,0.8722133040428162,2,star,0.9894154071807861,2,star,0.9130070209503174,2,star,0.7892891764640808
2098,2,star,2,star,True,2,star,True,True,2,star,0.8046889305114746,2,star,0.9993728995323181,2,star,0.9802640676498413,2,star,0.9976414442062378,2,star,0.9928104281425476,2,star,0.724306583404541
2099,2,star,1,quasar,False,2,star,True,False,2,star,0.7913348078727722,2,star,0.7466886639595032,1,quasar,0.5769097805023193,1,quasar,0.5980735421180725,1,quasar,0.5560724139213562,2,star,0.49041834473609924
2100,2,star,1,quasar,False,1,quasar,False,True,1,quasar,0.7742174863815308,1,quasar,0.5521041750907898,1,quasar,0.696444034576416,1,quasar,0.7754753828048706,1,quasar,0.5435551404953003,2,star,0.5353919863700867
2101,2,star,1,quasar,False,1,quasar,False,True,1,quasar,0.5869539380073547,2,star,0.6369672417640686,1,quasar,0.6587951183319092,1,quasar,0.8320075273513794,1,quasar,0.49137553572654724,2,star,0.7116751670837402
2102,2,star,2,star,True,2,star,True,True,2,star,0.6077681183815002,2,star,0.9725556969642639,2,star,0.6954869031906128,2,star,0.9750750660896301,2,star,0.947608232498169,2,star,0.6661821007728577
2103,2,star,2,star,True,2,star,True,True,2,star,0.9754748940467834,2,star,0.9696624279022217,2,star,0.9684745669364929,2,star,0.9866684675216675,2,star,0.9708378314971924,2,star,0.863093912601471
2104,2,star,1,quasar,False,1,quasar,False,True,1,quasar,0.8942131400108337,2,star,0.5055148601531982,1,quasar,0.7723818421363831,1,quasar,0.7530385851860046,1,quasar,0.7202003002166748,1,quasar,0.5291852355003357
2105,2,star,2,star,True,2,star,True,True,1,quasar,0.7771812677383423,2,star,0.7692548036575317,2,star,0.5951959490776062,2,star,0.9388073682785034,2,star,0.5206920504570007,2,star,0.6618355512619019
2106,2,star,2,star,True,2,star,True,True,2,star,0.9595963358879089,2,star,0.9996685981750488,2,star,0.9917859435081482,2,star,0.9934321045875549,2,star,0.9879732131958008,2,star,0.8352372646331787
2107,2,star,2,star,True,2,star,True,True,2,star,0.9729405641555786,2,star,0.9694797992706299,2,star,0.9898313879966736,2,star,0.9011009931564331,2,star,0.9508150815963745,2,star,0.5539311170578003
2108,2,star,1,quasar,False,1,quasar,False,True,1,quasar,0.6683535575866699,2,star,0.5161592364311218,1,quasar,0.6624910235404968,1,quasar,0.8507429361343384,1,quasar,0.5996902585029602,1,quasar,0.6536810398101807
2109,2,star,2,star,True,2,star,True,True,2,star,0.5789455771446228,2,star,0.7594764232635498,1,quasar,0.6896462440490723,2,star,0.5732246041297913,2,star,0.566911518573761,2,star,0.6178471446037292
2110,2,star,2,star,True,2,star,True,True,2,star,0.9719412326812744,2,star,0.9856034517288208,2,star,0.9560006856918335,2,star,0.9917646050453186,2,star,0.9558142423629761,2,star,0.7075228095054626
2111,2,star,2,star,True,2,star,True,True,2,star,0.889997661113739,2,star,0.9559087753295898,2,star,0.9677969217300415,2,star,0.9878295660018921,2,star,0.9605540633201599,2,star,0.9136760830879211
2112,2,star,2,star,True,2,star,True,True,2,star,0.8374291062355042,2,star,0.9981028437614441,2,star,0.9902575016021729,2,star,0.9974787831306458,2,star,0.994956910610199,2,star,0.8457342386245728
2113,2,star,2,star,True,2,star,True,True,2,star,0.9550095200538635,2,star,0.9502294063568115,2,star,0.8506367802619934,2,star,0.8977545499801636,2,star,0.8426769375801086,2,star,0.7823272943496704
2114,2,star,2,star,True,2,star,True,True,2,star,0.6329734325408936,2,star,0.5521092414855957,2,star,0.8854767084121704,2,star,0.7479347586631775,2,star,0.9867979884147644,0,galaxy,0.5462675094604492
2115,2,star,1,quasar,False,1,quasar,False,True,1,quasar,0.7960085272789001,2,star,0.7161166071891785,1,quasar,0.5176679491996765,1,quasar,0.5187596678733826,1,quasar,0.6334800720214844,2,star,0.7087144255638123
2116,2,star,2,star,True,2,star,True,True,2,star,0.9911755323410034,2,star,0.9962946772575378,2,star,0.909803569316864,2,star,0.965506374835968,2,star,0.9812393188476562,2,star,0.6969143152236938
2117,2,star,2,star,True,2,star,True,True,2,star,0.6606243252754211,2,star,0.8181242346763611,2,star,0.5280418992042542,2,star,0.8213397860527039,2,star,0.8787186741828918,0,galaxy,0.4214659631252289
2118,2,star,2,star,True,2,star,True,True,2,star,0.6448960304260254,2,star,0.9555771946907043,1,quasar,0.5344325304031372,2,star,0.4243340790271759,2,star,0.6122045516967773,0,galaxy,0.483921617269516
2119,2,star,2,star,True,2,star,True,True,1,quasar,0.7528276443481445,2,star,0.9791104197502136,2,star,0.6882309317588806,2,star,0.9806578159332275,2,star,0.9159917235374451,2,star,0.9697304964065552
2120,2,star,2,star,True,2,star,True,True,2,star,0.5555722117424011,2,star,0.9581098556518555,2,star,0.6911486387252808,2,star,0.8077415227890015,2,star,0.6678504943847656,2,star,0.661952555179596
2121,2,star,2,star,True,2,star,True,True,2,star,0.8245065808296204,2,star,0.8710331916809082,2,star,0.992426872253418,2,star,0.8684154748916626,2,star,0.9871309399604797,1,quasar,0.44994407892227173
2122,2,star,2,star,True,2,star,True,True,2,star,0.8480440378189087,2,star,0.8161926865577698,1,quasar,0.5139804482460022,2,star,0.6522536873817444,2,star,0.9453943371772766,2,star,0.6641539931297302
2123,2,star,2,star,True,2,star,True,True,2,star,0.8116933703422546,2,star,0.9950516819953918,2,star,0.6186792254447937,2,star,0.9967378973960876,2,star,0.9898229837417603,2,star,0.6467551589012146
2124,2,star,2,star,True,2,star,True,True,2,star,0.980301558971405,2,star,0.7090526819229126,2,star,0.9919207096099854,2,star,0.9812541007995605,2,star,0.9932056665420532,2,star,0.5687637329101562
2125,2,star,2,star,True,2,star,True,True,2,star,0.8205578327178955,2,star,0.8999118804931641,2,star,0.9082597494125366,2,star,0.9866917729377747,2,star,0.7355732321739197,2,star,0.749245285987854
2126,2,star,2,star,True,2,star,True,True,1,quasar,0.7048471570014954,1,quasar,0.5711879730224609,2,star,0.6878702640533447,2,star,0.8652365207672119,2,star,0.5903033018112183,2,star,0.7478139400482178
2127,2,star,2,star,True,2,star,True,True,1,quasar,0.5376433730125427,2,star,0.9269113540649414,2,star,0.8487042188644409,2,star,0.8743485808372498,2,star,0.7415049076080322,1,quasar,0.7751592993736267
2128,2,star,2,star,True,2,star,True,True,2,star,0.5067834854125977,2,star,0.4752458333969116,2,star,0.6646217107772827,1,quasar,0.6261935234069824,2,star,0.9359428882598877,2,star,0.37418243288993835
2129,2,star,2,star,True,2,star,True,True,2,star,0.5801742076873779,2,star,0.5386315584182739,2,star,0.9819477796554565,2,star,0.9206416606903076,2,star,0.8960309028625488,0,galaxy,0.5660262107849121
2130,2,star,2,star,True,2,star,True,True,2,star,0.9851019382476807,2,star,0.7898344993591309,2,star,0.8589349985122681,2,star,0.8977681398391724,2,star,0.7108751535415649,2,star,0.9435070753097534
2131,2,star,2,star,True,2,star,True,True,2,star,0.6387676000595093,2,star,0.50555020570755,2,star,0.8656109571456909,2,star,0.8627731800079346,2,star,0.6507642865180969,2,star,0.5110728144645691
2132,2,star,2,star,True,2,star,True,True,2,star,0.7077440619468689,2,star,0.5044122934341431,2,star,0.9728903770446777,2,star,0.9754040837287903,2,star,0.9501015543937683,2,star,0.7522872090339661
2133,2,star,2,star,True,2,star,True,True,2,star,0.7946114540100098,2,star,0.8489452600479126,2,star,0.9443156719207764,2,star,0.9368225336074829,2,star,0.8735833168029785,2,star,0.656262993812561
2134,2,star,2,star,True,2,star,True,True,2,star,0.9974526762962341,2,star,0.999783456325531,2,star,0.9870026111602783,2,star,0.9893168807029724,2,star,0.9937134385108948,2,star,0.73125821352005
2135,2,star,2,star,True,2,star,True,True,2,star,0.9893611073493958,2,star,0.9937728047370911,2,star,0.9959427714347839,2,star,0.8539324402809143,2,star,0.9928354620933533,2,star,0.6769111156463623
2136,2,star,2,star,True,2,star,True,True,2,star,0.9837575554847717,2,star,0.9999260902404785,2,star,0.9824802279472351,2,star,0.9981138706207275,2,star,0.9934061765670776,2,star,0.8862560987472534
2137,2,star,2,star,True,2,star,True,True,2,star,0.6392834186553955,2,star,0.9926642179489136,2,star,0.7785491943359375,2,star,0.95835942029953,2,star,0.9403507709503174,2,star,0.5527108311653137
2138,2,star,2,star,True,2,star,True,True,2,star,0.7469567656517029,2,star,0.834725558757782,2,star,0.9629613757133484,2,star,0.9962078332901001,2,star,0.9858565330505371,2,star,0.8115872740745544
2139,2,star,2,star,True,2,star,True,True,2,star,0.9679327011108398,2,star,0.9672254323959351,2,star,0.9323190450668335,2,star,0.9378232955932617,2,star,0.5725724697113037,2,star,0.8880049586296082
2140,2,star,2,star,True,2,star,True,True,2,star,0.6140361428260803,2,star,0.8750139474868774,2,star,0.8270062208175659,2,star,0.8845005631446838,2,star,0.7037651538848877,2,star,0.6360089182853699
2141,2,star,2,star,True,2,star,True,True,2,star,0.912671685218811,2,star,0.9498278498649597,2,star,0.5978434681892395,2,star,0.9844006896018982,2,star,0.8731169104576111,2,star,0.8194979429244995
2142,2,star,2,star,True,2,star,True,True,2,star,0.9930810332298279,2,star,0.9974578022956848,2,star,0.9971296191215515,2,star,0.9942474365234375,2,star,0.9947587847709656,2,star,0.4978840947151184
2143,2,star,2,star,True,2,star,True,True,2,star,0.9909875988960266,2,star,0.9999537467956543,2,star,0.9918197393417358,2,star,0.9978904128074646,2,star,0.9928922653198242,2,star,0.8248268365859985
2144,2,star,2,star,True,2,star,True,True,2,star,0.902434229850769,2,star,0.9875138401985168,2,star,0.9962859153747559,2,star,0.9532518982887268,2,star,0.9957910776138306,2,star,0.40472516417503357
2145,2,star,1,quasar,False,2,star,True,False,1,quasar,0.6612414121627808,2,star,0.7696970105171204,1,quasar,0.6116763353347778,1,quasar,0.5608147978782654,2,star,0.7570194005966187,2,star,0.6230133175849915
2146,2,star,2,star,True,2,star,True,True,2,star,0.917570173740387,2,star,0.9256599545478821,2,star,0.9403689503669739,2,star,0.9326822757720947,2,star,0.768415093421936,2,star,0.8157767653465271
2147,2,star,2,star,True,2,star,True,True,2,star,0.5997095704078674,2,star,0.9995834231376648,2,star,0.9886065125465393,2,star,0.9983118772506714,2,star,0.9933019876480103,2,star,0.6266262531280518
2148,2,star,2,star,True,2,star,True,True,2,star,0.7914450764656067,2,star,0.9222411513328552,2,star,0.8306427001953125,2,star,0.9956355690956116,2,star,0.6447508931159973,1,quasar,0.48393338918685913
2149,2,star,2,star,True,2,star,True,True,2,star,0.8844266533851624,2,star,0.8715250492095947,2,star,0.9918538331985474,2,star,0.991672933101654,2,star,0.9942675232887268,1,quasar,0.4142844080924988
2150,2,star,2,star,True,2,star,True,True,2,star,0.9316407442092896,2,star,0.920188844203949,2,star,0.9701333045959473,2,star,0.9831101894378662,2,star,0.9708163142204285,2,star,0.7869343757629395
2151,2,star,2,star,True,2,star,True,True,2,star,0.9740816354751587,2,star,0.9996306896209717,2,star,0.9932832717895508,2,star,0.9970449805259705,2,star,0.9787982106208801,2,star,0.8573980927467346
2152,2,star,2,star,True,2,star,True,True,2,star,0.9261100888252258,2,star,0.9998888969421387,2,star,0.9865953922271729,2,star,0.9960994720458984,2,star,0.9887604713439941,2,star,0.66431725025177
2153,2,star,2,star,True,2,star,True,True,2,star,0.9052521586418152,2,star,0.9985301494598389,2,star,0.9792969822883606,2,star,0.9974794983863831,2,star,0.9760072827339172,2,star,0.8093941807746887
2154,2,star,2,star,True,2,star,True,True,1,quasar,0.5291796326637268,2,star,0.9733362793922424,2,star,0.8456708788871765,2,star,0.7815912365913391,2,star,0.5998367667198181,2,star,0.7473268508911133
2155,2,star,2,star,True,2,star,True,True,2,star,0.7769544124603271,2,star,0.9961363673210144,2,star,0.5470705628395081,2,star,0.8813959956169128,2,star,0.9079814553260803,2,star,0.6800855398178101
2156,2,star,2,star,True,2,star,True,True,1,quasar,0.7200213074684143,2,star,0.8460126519203186,2,star,0.8261784911155701,2,star,0.9481045603752136,2,star,0.9529969692230225,2,star,0.5188831686973572
2157,2,star,2,star,True,2,star,True,True,2,star,0.9716288447380066,2,star,0.9991889595985413,2,star,0.9879442453384399,2,star,0.9982165694236755,2,star,0.9929693341255188,2,star,0.7138872146606445
2158,2,star,0,galaxy,False,0,galaxy,False,True,0,galaxy,0.9751402735710144,0,galaxy,0.9941757917404175,0,galaxy,0.9893454909324646,0,galaxy,0.9300459623336792,0,galaxy,0.7742198705673218,0,galaxy,0.7420039176940918
2159,2,star,2,star,True,2,star,True,True,2,star,0.808003306388855,2,star,0.9875963926315308,2,star,0.993939995765686,2,star,0.996440589427948,2,star,0.9944283962249756,2,star,0.6887022852897644
2160,2,star,1,quasar,False,2,star,True,False,1,quasar,0.7139508128166199,2,star,0.7476517558097839,1,quasar,0.5595008730888367,2,star,0.605522632598877,1,quasar,0.6669020652770996,2,star,0.6601850390434265
2161,2,star,2,star,True,2,star,True,True,2,star,0.7150765061378479,2,star,0.7900654077529907,1,quasar,0.5612473487854004,1,quasar,0.5847651958465576,2,star,0.8579341173171997,2,star,0.8958660960197449
2162,2,star,2,star,True,2,star,True,True,0,galaxy,0.6089403629302979,2,star,0.9205644726753235,2,star,0.9888484477996826,2,star,0.9755962491035461,2,star,0.9849393367767334,2,star,0.4741230010986328
2163,2,star,2,star,True,2,star,True,True,2,star,0.9824278950691223,2,star,0.9987659454345703,2,star,0.9951931238174438,2,star,0.9989058971405029,2,star,0.9874609112739563,2,star,0.7183264493942261
2164,2,star,2,star,True,2,star,True,True,1,quasar,0.40928760170936584,2,star,0.9391400218009949,2,star,0.985446572303772,2,star,0.9884005784988403,2,star,0.9814359545707703,2,star,0.38863345980644226
2165,2,star,2,star,True,2,star,True,True,2,star,0.8615907430648804,2,star,0.8979503512382507,2,star,0.7849368453025818,2,star,0.7305574417114258,2,star,0.7310417294502258,1,quasar,0.5405293703079224
2166,2,star,1,quasar,False,1,quasar,False,True,1,quasar,0.8094028234481812,1,quasar,0.8658920526504517,1,quasar,0.7070576548576355,1,quasar,0.8723373413085938,2,star,0.5131896734237671,1,quasar,0.6334958076477051
2167,2,star,1,quasar,False,1,quasar,False,True,1,quasar,0.9192010164260864,2,star,0.511264443397522,1,quasar,0.6007891893386841,1,quasar,0.5008389353752136,1,quasar,0.5349786281585693,2,star,0.6749181151390076
2168,2,star,2,star,True,2,star,True,True,2,star,0.9898526072502136,2,star,0.994952917098999,2,star,0.9836313724517822,2,star,0.9936267137527466,2,star,0.9891421794891357,2,star,0.9239967465400696
2169,2,star,2,star,True,2,star,True,True,2,star,0.5426930785179138,2,star,0.9057387113571167,2,star,0.5234658718109131,2,star,0.9010827541351318,2,star,0.9388020038604736,2,star,0.5217157006263733
2170,2,star,1,quasar,False,1,quasar,False,True,1,quasar,0.8091709613800049,1,quasar,0.504207968711853,1,quasar,0.7147075533866882,1,quasar,0.7583724856376648,1,quasar,0.9210400581359863,2,star,0.5204967260360718
2171,2,star,2,star,True,2,star,True,True,2,star,0.7277458310127258,2,star,0.9911892414093018,2,star,0.8070616126060486,2,star,0.8341752290725708,2,star,0.6554070115089417,2,star,0.889500617980957
2172,2,star,2,star,True,2,star,True,True,2,star,0.8548648953437805,2,star,0.9669948816299438,2,star,0.8159521818161011,2,star,0.8596333861351013,2,star,0.973486602306366,2,star,0.6407201290130615
2173,2,star,2,star,True,2,star,True,True,2,star,0.9456086754798889,2,star,0.996231734752655,2,star,0.9534100890159607,2,star,0.9952490329742432,2,star,0.9932895302772522,2,star,0.6335113644599915
2174,2,star,2,star,True,2,star,True,True,2,star,0.803312361240387,2,star,0.9983921647071838,2,star,0.9372044801712036,2,star,0.9893419742584229,2,star,0.9569159150123596,2,star,0.6664433479309082
2175,2,star,1,quasar,False,1,quasar,False,True,1,quasar,0.9590150117874146,2,star,0.5030330419540405,1,quasar,0.7989892959594727,1,quasar,0.8433768153190613,1,quasar,0.9568694829940796,1,quasar,0.43760350346565247
2176,2,star,2,star,True,2,star,True,True,2,star,0.9826499819755554,2,star,0.9998131394386292,2,star,0.9002644419670105,2,star,0.9901347756385803,2,star,0.6617141962051392,2,star,0.7565937042236328
2177,2,star,2,star,True,2,star,True,True,2,star,0.6977807879447937,2,star,0.8522990942001343,2,star,0.5027315616607666,2,star,0.8658292889595032,2,star,0.6405400633811951,2,star,0.6126152873039246
2178,2,star,1,quasar,False,2,star,True,False,2,star,0.8697921633720398,2,star,0.8248003721237183,1,quasar,0.6090747117996216,1,quasar,0.7842321991920471,1,quasar,0.574935257434845,2,star,0.5326371788978577
2179,2,star,2,star,True,2,star,True,True,2,star,0.6579378843307495,2,star,0.9633942246437073,2,star,0.9895603656768799,2,star,0.9967484474182129,2,star,0.9946897029876709,2,star,0.37756413221359253
2180,2,star,1,quasar,False,1,quasar,False,True,1,quasar,0.8739829659461975,2,star,0.5174784660339355,1,quasar,0.6989707350730896,1,quasar,0.832611083984375,1,quasar,0.671461284160614,1,quasar,0.4375542402267456
2181,2,star,2,star,True,2,star,True,True,2,star,0.7304759621620178,2,star,0.6670554876327515,2,star,0.7748885154724121,2,star,0.9315836429595947,2,star,0.9434776306152344,2,star,0.6362828612327576
2182,2,star,2,star,True,2,star,True,True,2,star,0.8820862174034119,2,star,0.9335741400718689,2,star,0.8644054532051086,2,star,0.8785853385925293,2,star,0.9276270866394043,2,star,0.7859287858009338
2183,2,star,2,star,True,2,star,True,True,2,star,0.8664138913154602,2,star,0.7364181876182556,2,star,0.6450695395469666,2,star,0.865949809551239,2,star,0.9577192068099976,2,star,0.43679866194725037
2184,2,star,1,quasar,False,2,star,True,False,2,star,0.7559183239936829,2,star,0.8140470385551453,1,quasar,0.7508845925331116,1,quasar,0.7001134753227234,1,quasar,0.7231895327568054,2,star,0.7250227928161621
2185,2,star,2,star,True,2,star,True,True,2,star,0.9791943430900574,2,star,0.9578832387924194,2,star,0.924509584903717,2,star,0.9804419279098511,2,star,0.9725610017776489,2,star,0.8319423794746399
2186,2,star,2,star,True,2,star,True,True,2,star,0.6172972321510315,2,star,0.933786153793335,2,star,0.9271764755249023,2,star,0.9189478158950806,2,star,0.8936894536018372,2,star,0.7630360722541809
2187,2,star,2,star,True,2,star,True,True,2,star,0.9994423985481262,2,star,0.9940654039382935,2,star,0.9961807727813721,2,star,0.9974226951599121,2,star,0.9944116473197937,2,star,0.7847961187362671
2188,2,star,1,quasar,False,1,quasar,False,True,1,quasar,0.9195072054862976,2,star,0.7138975858688354,1,quasar,0.5432790517807007,1,quasar,0.7373256683349609,1,quasar,0.7423331141471863,2,star,0.501368522644043
2189,2,star,2,star,True,2,star,True,True,2,star,0.9961926937103271,2,star,0.9950136542320251,2,star,0.9929537177085876,2,star,0.9945979118347168,2,star,0.9924609065055847,0,galaxy,0.3425975441932678
2190,2,star,2,star,True,2,star,True,True,2,star,0.9329413175582886,2,star,0.9969942569732666,2,star,0.9857859015464783,2,star,0.9945576190948486,2,star,0.9898311495780945,2,star,0.6655095815658569
2191,2,star,2,star,True,2,star,True,True,2,star,0.8842669129371643,2,star,0.9967652559280396,2,star,0.9869568347930908,2,star,0.9938255548477173,2,star,0.9857088327407837,2,star,0.7087286114692688
2192,2,star,2,star,True,2,star,True,True,2,star,0.9955177903175354,2,star,0.9998761415481567,2,star,0.9860103130340576,2,star,0.9973254203796387,2,star,0.99294513463974,2,star,0.8570418357849121
2193,2,star,2,star,True,2,star,True,True,2,star,0.9895228743553162,2,star,0.9748585224151611,2,star,0.9506232738494873,2,star,0.9959235191345215,2,star,0.9906533360481262,2,star,0.6885389685630798
2194,2,star,2,star,True,2,star,True,True,2,star,0.9553519487380981,2,star,0.999687671661377,2,star,0.9849492907524109,2,star,0.9982787370681763,2,star,0.992384672164917,2,star,0.6106432676315308
2195,2,star,2,star,True,2,star,True,True,2,star,0.9837625026702881,2,star,0.9985999464988708,2,star,0.9928077459335327,2,star,0.9962102174758911,2,star,0.9917357563972473,2,star,0.8709617257118225
2196,2,star,2,star,True,2,star,True,True,2,star,0.9977352619171143,2,star,0.9945408701896667,2,star,0.9911317229270935,2,star,0.9978538155555725,2,star,0.9937259554862976,2,star,0.7473812103271484
2197,2,star,2,star,True,2,star,True,True,2,star,0.8839232921600342,2,star,0.977432906627655,2,star,0.9682437181472778,2,star,0.9295942187309265,2,star,0.982421338558197,2,star,0.44570672512054443
2198,2,star,2,star,True,2,star,True,True,2,star,1.0,2,star,0.9879744052886963,2,star,0.9879074692726135,2,star,0.9747163653373718,2,star,0.9859564304351807,1,quasar,0.42429593205451965
2199,2,star,2,star,True,2,star,True,True,2,star,0.99556964635849,2,star,0.9996929168701172,2,star,0.9954773783683777,2,star,0.9950098991394043,2,star,0.9924250841140747,2,star,0.550079345703125
2200,2,star,2,star,True,2,star,True,True,2,star,0.9436192512512207,2,star,0.9909500479698181,2,star,0.987779438495636,2,star,0.9906594753265381,2,star,0.9722498655319214,2,star,0.8213039636611938
2201,2,star,2,star,True,2,star,True,True,2,star,0.7030962705612183,2,star,0.9197677969932556,2,star,0.9774035215377808,2,star,0.9849509000778198,2,star,0.9565572142601013,2,star,0.8964397311210632
2202,2,star,2,star,True,2,star,True,True,2,star,0.7341492772102356,2,star,0.9632278680801392,2,star,0.9804642796516418,2,star,0.8842812776565552,2,star,0.9642775058746338,2,star,0.9599223732948303
2203,2,star,2,star,True,2,star,True,True,2,star,0.850202739238739,2,star,0.9893497824668884,2,star,0.927162766456604,2,star,0.9594106674194336,1,quasar,0.6855800747871399,2,star,0.5981529951095581
2204,2,star,1,quasar,False,1,quasar,False,True,1,quasar,0.7047466039657593,2,star,0.5421664118766785,1,quasar,0.7609180212020874,1,quasar,0.6795108914375305,1,quasar,0.5174428820610046,2,star,0.49624764919281006
2205,2,star,2,star,True,2,star,True,True,2,star,0.9786021709442139,2,star,0.9984039664268494,2,star,0.9864426851272583,2,star,0.9957393407821655,2,star,0.9831418991088867,2,star,0.665165901184082
2206,2,star,2,star,True,2,star,True,True,2,star,0.996737539768219,2,star,0.9504132866859436,2,star,0.994907557964325,2,star,0.9923007488250732,2,star,0.9668344855308533,2,star,0.6347768902778625
2207,2,star,2,star,True,2,star,True,True,2,star,0.9802078604698181,2,star,0.9603110551834106,2,star,0.6485677361488342,2,star,0.8742232322692871,2,star,0.9589737057685852,2,star,0.5080779194831848
2208,2,star,2,star,True,2,star,True,True,2,star,0.9719719886779785,2,star,0.8029909729957581,2,star,0.9940716624259949,2,star,0.993097722530365,2,star,0.985352098941803,2,star,0.7077978253364563
2209,2,star,2,star,True,2,star,True,True,2,star,0.8507976531982422,2,star,0.9815124273300171,2,star,0.9361463189125061,2,star,0.9523555636405945,2,star,0.9872238636016846,2,star,0.8626103401184082
2210,2,star,2,star,True,2,star,True,True,2,star,0.9297451376914978,2,star,0.9988290667533875,2,star,0.9648371934890747,2,star,0.9950874447822571,2,star,0.9915450811386108,2,star,0.7872257828712463
2211,2,star,2,star,True,2,star,True,True,2,star,0.7211434841156006,2,star,0.9202983975410461,1,quasar,0.617850124835968,2,star,0.7364447116851807,2,star,0.5118130445480347,2,star,0.6853781938552856
2212,2,star,2,star,True,2,star,True,True,2,star,0.7401959896087646,2,star,0.9977356195449829,2,star,0.829753577709198,2,star,0.9782276153564453,2,star,0.9646180272102356,2,star,0.7120171189308167
2213,2,star,2,star,True,2,star,True,True,2,star,0.5518668293952942,2,star,0.845590353012085,2,star,0.7985031008720398,2,star,0.5575127601623535,2,star,0.8428893089294434,2,star,0.6044623851776123
2214,2,star,1,quasar,False,2,star,True,False,1,quasar,0.8364744186401367,2,star,0.6162412762641907,2,star,0.5591230392456055,1,quasar,0.6240471005439758,2,star,0.9370551109313965,1,quasar,0.4627898335456848
2215,2,star,2,star,True,2,star,True,True,2,star,0.7373019456863403,2,star,0.9692530632019043,2,star,0.7415146827697754,2,star,0.9714145660400391,2,star,0.6392529010772705,2,star,0.6544522047042847
2216,2,star,1,quasar,False,1,quasar,False,True,1,quasar,0.7137926816940308,1,quasar,0.6130576729774475,1,quasar,0.808664858341217,1,quasar,0.8303452730178833,1,quasar,0.8336515426635742,1,quasar,0.5129925608634949
2217,2,star,2,star,True,2,star,True,True,2,star,0.8127913475036621,2,star,0.9631858468055725,2,star,0.8326236009597778,2,star,0.8464019298553467,2,star,0.9761748313903809,2,star,0.7260082960128784
2218,2,star,2,star,True,2,star,True,True,2,star,0.9813780784606934,2,star,0.9984443783760071,2,star,0.9916320443153381,2,star,0.9979363679885864,2,star,0.9932031631469727,2,star,0.6342495679855347
2219,2,star,2,star,True,2,star,True,True,2,star,0.8936704993247986,2,star,0.9014119505882263,2,star,0.5032525062561035,2,star,0.7661410570144653,2,star,0.7998010516166687,2,star,0.78712397813797
2220,2,star,2,star,True,2,star,True,True,2,star,0.9775913953781128,2,star,0.9718160033226013,2,star,0.9863411784172058,2,star,0.9897408485412598,2,star,0.9546204805374146,0,galaxy,0.43873196840286255
2221,2,star,2,star,True,2,star,True,True,2,star,0.9618597626686096,2,star,0.9994243383407593,2,star,0.9865869879722595,2,star,0.9976187348365784,2,star,0.9930106997489929,2,star,0.788402795791626
2222,2,star,2,star,True,2,star,True,True,2,star,0.9865137934684753,2,star,0.9759235978126526,2,star,0.9666687250137329,2,star,0.9859681129455566,2,star,0.959155261516571,2,star,0.7799698710441589
2223,2,star,2,star,True,2,star,True,True,2,star,0.70490562915802,2,star,0.6985630393028259,2,star,0.7078112959861755,2,star,0.6850763559341431,2,star,0.8350895643234253,2,star,0.7224695682525635
2224,2,star,2,star,True,2,star,True,True,2,star,0.9398807883262634,2,star,0.9989776611328125,2,star,0.9838165044784546,2,star,0.986197292804718,2,star,0.9918954968452454,2,star,0.7868857979774475
2225,2,star,2,star,True,2,star,True,True,2,star,0.39505600929260254,2,star,0.8614317178726196,0,galaxy,0.6628984212875366,2,star,0.6946551203727722,2,star,0.6185218095779419,1,quasar,0.4100506603717804
2226,2,star,2,star,True,2,star,True,True,2,star,0.8759675621986389,2,star,0.969154953956604,2,star,0.9416149258613586,2,star,0.9807213544845581,2,star,0.9326571226119995,2,star,0.6833430528640747
2227,2,star,2,star,True,2,star,True,True,2,star,0.7252127528190613,2,star,0.9936739206314087,2,star,0.9762012958526611,2,star,0.9679162502288818,2,star,0.9330323338508606,0,galaxy,0.50634765625
2228,2,star,2,star,True,2,star,True,True,2,star,0.9876739382743835,2,star,0.9946176409721375,2,star,0.9940435290336609,2,star,0.997669517993927,2,star,0.9895609617233276,2,star,0.6041494011878967
2229,2,star,2,star,True,2,star,True,True,2,star,0.9962700605392456,2,star,0.9998155236244202,2,star,0.9959816932678223,2,star,0.9964215755462646,2,star,0.9947443008422852,2,star,0.6553294658660889
2230,2,star,2,star,True,2,star,True,True,2,star,0.9364500641822815,2,star,0.9703144431114197,2,star,0.8300528526306152,2,star,0.9772374033927917,2,star,0.7808610200881958,2,star,0.6637133359909058
2231,2,star,1,quasar,False,2,star,True,False,2,star,0.8415555357933044,2,star,0.7362757921218872,1,quasar,0.7046279907226562,1,quasar,0.6233437061309814,1,quasar,0.6613929867744446,1,quasar,0.4153813123703003
2232,2,star,1,quasar,False,1,quasar,False,True,1,quasar,0.9128667116165161,2,star,0.6540305614471436,1,quasar,0.6951390504837036,1,quasar,0.6283011436462402,1,quasar,0.6161990761756897,1,quasar,0.3861948549747467
2233,2,star,2,star,True,2,star,True,True,2,star,0.962384045124054,2,star,0.8120875954627991,1,quasar,0.5072939395904541,2,star,0.593030571937561,2,star,0.7497187852859497,2,star,0.646084725856781
2234,2,star,1,quasar,False,1,quasar,False,True,2,star,0.5806741714477539,2,star,0.6291090250015259,1,quasar,0.6190668940544128,1,quasar,0.8579050302505493,1,quasar,0.559035062789917,2,star,0.4617628753185272
2235,2,star,2,star,True,2,star,True,True,1,quasar,0.7573211193084717,2,star,0.9455505013465881,2,star,0.6552545428276062,2,star,0.995686411857605,2,star,0.8332945704460144,1,quasar,0.4839681386947632
2236,2,star,2,star,True,2,star,True,True,2,star,0.9815202355384827,2,star,0.9999629259109497,2,star,0.9937547445297241,2,star,0.9987780451774597,2,star,0.9942458271980286,2,star,0.8139684796333313
2237,2,star,2,star,True,2,star,True,True,2,star,0.9593100547790527,2,star,0.9820228219032288,2,star,0.9943692088127136,2,star,0.9943629503250122,2,star,0.9935771822929382,1,quasar,0.5325213670730591
2238,2,star,2,star,True,2,star,True,True,2,star,0.9250755310058594,2,star,0.9761925339698792,2,star,0.9773986339569092,2,star,0.8465171456336975,2,star,0.9871690273284912,0,galaxy,0.44023746252059937
2239,2,star,2,star,True,2,star,True,True,2,star,0.9678494930267334,2,star,0.9994171857833862,2,star,0.9737148284912109,2,star,0.9964176416397095,2,star,0.9858924746513367,2,star,0.6792776584625244
2240,2,star,1,quasar,False,2,star,True,False,1,quasar,0.6213098764419556,2,star,0.9229680299758911,2,star,0.5498137474060059,1,quasar,0.5004464983940125,1,quasar,0.6645429730415344,2,star,0.733211874961853
2241,2,star,1,quasar,False,1,quasar,False,True,1,quasar,0.5102360844612122,2,star,0.7520033717155457,1,quasar,0.722308337688446,2,star,0.6130089163780212,1,quasar,0.7499104738235474,2,star,0.5254993438720703
2242,2,star,1,quasar,False,2,star,True,False,2,star,0.6287378072738647,2,star,0.8431780338287354,1,quasar,0.5926459431648254,1,quasar,0.8307764530181885,1,quasar,0.49559542536735535,2,star,0.47183647751808167
2243,2,star,2,star,True,2,star,True,True,2,star,0.8976387977600098,2,star,0.9997532963752747,2,star,0.9372447729110718,2,star,0.9963697195053101,2,star,0.9893001317977905,2,star,0.745470404624939
2244,2,star,2,star,True,2,star,True,True,2,star,0.9098087549209595,2,star,0.7215353846549988,1,quasar,0.5836365222930908,2,star,0.6780005693435669,2,star,0.6428666114807129,2,star,0.6095814108848572
2245,2,star,2,star,True,2,star,True,True,2,star,0.9348740577697754,2,star,0.9235364198684692,2,star,0.8728842735290527,2,star,0.8804990649223328,2,star,0.8708289265632629,2,star,0.5494657754898071
2246,2,star,2,star,True,2,star,True,True,1,quasar,0.5465568900108337,2,star,0.9597740769386292,2,star,0.7245714068412781,2,star,0.9091458916664124,2,star,0.9520124197006226,0,galaxy,0.38072001934051514
2247,2,star,1,quasar,False,2,star,True,False,2,star,0.6782053709030151,2,star,0.8752619028091431,1,quasar,0.6117274761199951,1,quasar,0.8865717649459839,1,quasar,0.6475879549980164,2,star,0.46153688430786133
2248,2,star,2,star,True,2,star,True,True,2,star,0.64076167345047,2,star,0.7683282494544983,1,quasar,0.6082785725593567,2,star,0.946792483329773,1,quasar,0.6571018099784851,2,star,0.5959378480911255
2249,2,star,1,quasar,False,1,quasar,False,True,1,quasar,0.8778795599937439,1,quasar,0.6468341946601868,1,quasar,0.4473594129085541,1,quasar,0.7169125080108643,1,quasar,0.7393439412117004,0,galaxy,0.4480378329753876
2250,2,star,1,quasar,False,1,quasar,False,True,1,quasar,0.9836980104446411,1,quasar,0.8764280080795288,1,quasar,0.6873672604560852,1,quasar,0.7814143896102905,1,quasar,0.6006273031234741,2,star,0.48708686232566833
2251,2,star,2,star,True,2,star,True,True,2,star,0.927452027797699,2,star,0.9997352957725525,2,star,0.9197251796722412,2,star,0.9972353577613831,2,star,0.8988438844680786,2,star,0.8447065949440002
2252,2,star,2,star,True,2,star,True,True,2,star,0.7809510827064514,2,star,0.7128956317901611,2,star,0.7839418053627014,2,star,0.9233317971229553,2,star,0.9415054321289062,2,star,0.4404197931289673
2253,2,star,2,star,True,2,star,True,True,2,star,0.9067874550819397,2,star,0.8529272079467773,2,star,0.6173825860023499,2,star,0.7932227849960327,1,quasar,0.6861311793327332,2,star,0.6308141350746155
2254,2,star,1,quasar,False,2,star,True,False,1,quasar,0.8793819546699524,2,star,0.8696310520172119,1,quasar,0.5105812549591064,2,star,0.7754084467887878,2,star,0.6190550923347473,1,quasar,0.6192204356193542
2255,2,star,1,quasar,False,1,quasar,False,True,2,star,0.5990874171257019,2,star,0.7240934371948242,1,quasar,0.6730902194976807,1,quasar,0.8726603984832764,1,quasar,0.5129164457321167,1,quasar,0.4708816111087799
2256,2,star,1,quasar,False,1,quasar,False,True,1,quasar,0.7698035836219788,2,star,0.5830564498901367,1,quasar,0.7225227952003479,1,quasar,0.8438131213188171,1,quasar,0.6402467489242554,2,star,0.38887080550193787
2257,2,star,0,galaxy,False,0,galaxy,False,True,0,galaxy,0.990606427192688,0,galaxy,0.939021110534668,0,galaxy,0.981473982334137,0,galaxy,0.8870241045951843,0,galaxy,0.9686426520347595,0,galaxy,0.6312646865844727
2258,2,star,1,quasar,False,1,quasar,False,True,1,quasar,0.5695080161094666,2,star,0.8989570736885071,1,quasar,0.6319749355316162,1,quasar,0.7488206028938293,1,quasar,0.5304974913597107,2,star,0.4569355845451355
2259,2,star,2,star,True,2,star,True,True,2,star,0.9947795867919922,2,star,0.9947730898857117,2,star,0.9959813356399536,2,star,0.9970888495445251,2,star,0.9926621913909912,2,star,0.8122225999832153
2260,2,star,1,quasar,False,1,quasar,False,True,1,quasar,0.6607372760772705,2,star,0.7271616458892822,1,quasar,0.7625457644462585,1,quasar,0.659004807472229,1,quasar,0.6746610999107361,1,quasar,0.4477209448814392
2261,2,star,2,star,True,2,star,True,True,2,star,0.9805781841278076,2,star,0.98623126745224,2,star,0.9343336224555969,2,star,0.9504697322845459,2,star,0.955865204334259,2,star,0.808051586151123
2262,2,star,1,quasar,False,2,star,True,False,1,quasar,0.603362500667572,2,star,0.7118762135505676,1,quasar,0.7739874720573425,1,quasar,0.7107808589935303,2,star,0.8343811631202698,2,star,0.5498005747795105
2263,2,star,2,star,True,2,star,True,True,2,star,0.885595440864563,2,star,0.9977988600730896,2,star,0.8626806139945984,2,star,0.9849117994308472,2,star,0.970424473285675,2,star,0.6214432120323181
2264,2,star,0,galaxy,False,0,galaxy,False,True,0,galaxy,0.9733855128288269,0,galaxy,0.9820336699485779,0,galaxy,0.9853110313415527,0,galaxy,0.9463502168655396,0,galaxy,0.9248641133308411,0,galaxy,0.7505785822868347
2265,2,star,2,star,True,2,star,True,True,1,quasar,0.7481282353401184,2,star,0.8117405772209167,2,star,0.8741641044616699,2,star,0.9829663038253784,2,star,0.7736151218414307,2,star,0.6069368720054626
2266,2,star,2,star,True,2,star,True,True,2,star,0.8778001666069031,2,star,0.9424832463264465,2,star,0.7986694574356079,2,star,0.9141665697097778,2,star,0.5501961708068848,2,star,0.48667168617248535
2267,2,star,2,star,True,2,star,True,True,2,star,0.6456044912338257,2,star,0.9011113047599792,2,star,0.9282300472259521,2,star,0.840304970741272,2,star,0.9715345501899719,2,star,0.5697872042655945
2268,2,star,2,star,True,2,star,True,True,1,quasar,0.7703275084495544,2,star,0.816357433795929,2,star,0.8149330019950867,2,star,0.6045328378677368,2,star,0.7679173946380615,2,star,0.4900577664375305
2269,2,star,2,star,True,2,star,True,True,2,star,0.8665493130683899,2,star,0.9990271329879761,2,star,0.9754290580749512,2,star,0.992678165435791,2,star,0.9904500842094421,2,star,0.7647085189819336
2270,2,star,1,quasar,False,1,quasar,False,True,1,quasar,0.7014700174331665,2,star,0.592594563961029,1,quasar,0.5836598873138428,1,quasar,0.7181613445281982,1,quasar,0.6795363426208496,2,star,0.35886791348457336
2271,2,star,2,star,True,2,star,True,True,1,quasar,0.7544364333152771,2,star,0.8714144825935364,2,star,0.7002911567687988,2,star,0.981510579586029,2,star,0.8838174343109131,2,star,0.6395769119262695
2272,2,star,1,quasar,False,1,quasar,False,True,1,quasar,0.6539074182510376,2,star,0.6450247764587402,1,quasar,0.6448152661323547,1,quasar,0.5113924741744995,1,quasar,0.723065972328186,1,quasar,0.46001768112182617
2273,2,star,2,star,True,2,star,True,True,2,star,0.6375982165336609,2,star,0.799818754196167,2,star,0.6794191598892212,2,star,0.5016713738441467,2,star,0.7941088080406189,2,star,0.6357117891311646
2274,2,star,2,star,True,2,star,True,True,2,star,0.9921327233314514,2,star,0.9997028708457947,2,star,0.9900833368301392,2,star,0.995511531829834,2,star,0.9848405718803406,2,star,0.9037206768989563
2275,2,star,1,quasar,False,2,star,True,False,2,star,0.5924786329269409,2,star,0.8367733955383301,1,quasar,0.6337558627128601,1,quasar,0.5983690619468689,1,quasar,0.5228924751281738,1,quasar,0.3877488076686859
2276,2,star,0,galaxy,False,2,star,True,False,2,star,0.6826325058937073,2,star,0.8697683811187744,0,galaxy,0.5902264714241028,0,galaxy,0.8448551297187805,2,star,0.9190287590026855,0,galaxy,0.4324552118778229
2277,2,star,2,star,True,2,star,True,True,2,star,0.7101669311523438,2,star,0.8723764419555664,2,star,0.5694752931594849,1,quasar,0.6382971405982971,2,star,0.638514518737793,2,star,0.535912275314331
2278,2,star,2,star,True,2,star,True,True,2,star,0.7567428350448608,2,star,0.9953172206878662,2,star,0.7687141299247742,2,star,0.9513162970542908,2,star,0.9013960361480713,2,star,0.5990623831748962
2279,2,star,2,star,True,2,star,True,True,2,star,0.5518648624420166,2,star,0.6622848510742188,2,star,0.9873238801956177,2,star,0.9576063752174377,2,star,0.9934349060058594,0,galaxy,0.4095751941204071
2280,2,star,1,quasar,False,2,star,True,False,2,star,0.8547055721282959,2,star,0.8672444820404053,1,quasar,0.5477411150932312,1,quasar,0.7831842303276062,2,star,0.5328879356384277,1,quasar,0.4221334755420685
2281,2,star,2,star,True,2,star,True,True,2,star,0.598761260509491,2,star,0.5270885825157166,2,star,0.5035098791122437,1,quasar,0.5240694880485535,2,star,0.8598257303237915,2,star,0.6006385087966919
2282,2,star,1,quasar,False,1,quasar,False,True,1,quasar,0.8594968318939209,1,quasar,0.5402342081069946,1,quasar,0.6281266212463379,1,quasar,0.6315510869026184,1,quasar,0.6701780557632446,2,star,0.706536591053009
2283,2,star,2,star,True,2,star,True,True,2,star,0.43380194902420044,2,star,0.8376621603965759,2,star,0.990509033203125,2,star,0.9270784258842468,2,star,0.993259608745575,2,star,0.4169143736362457
2284,2,star,1,quasar,False,2,star,True,False,1,quasar,0.5400978922843933,2,star,0.5924724340438843,1,quasar,0.5240917801856995,2,star,0.818109929561615,1,quasar,0.492931991815567,2,star,0.8621123433113098
2285,2,star,2,star,True,2,star,True,True,2,star,0.6224209070205688,2,star,0.7033101320266724,2,star,0.5243844985961914,1,quasar,0.7862110137939453,2,star,0.6060913801193237,2,star,0.5723665952682495
2286,2,star,2,star,True,2,star,True,True,2,star,0.552157998085022,2,star,0.7789883017539978,1,quasar,0.5996030569076538,1,quasar,0.5742260217666626,2,star,0.8494884967803955,2,star,0.7274657487869263
2287,2,star,1,quasar,False,2,star,True,False,2,star,0.7626162767410278,2,star,0.8131911158561707,1,quasar,0.5057318210601807,1,quasar,0.6963291764259338,1,quasar,0.546971321105957,2,star,0.5835261344909668
2288,2,star,1,quasar,False,2,star,True,False,1,quasar,0.5934025049209595,2,star,0.7305813431739807,1,quasar,0.7064036130905151,1,quasar,0.5572514533996582,2,star,0.7253407835960388,2,star,0.6021164655685425
2289,2,star,2,star,True,2,star,True,True,2,star,0.9101332426071167,2,star,0.7868648767471313,2,star,0.5493353009223938,2,star,0.9390711188316345,2,star,0.5531136989593506,2,star,0.8400651216506958
2290,2,star,0,galaxy,False,0,galaxy,False,True,2,star,0.7652807235717773,2,star,0.41136881709098816,1,quasar,0.4949904978275299,0,galaxy,0.8971856832504272,0,galaxy,0.6444939374923706,0,galaxy,0.5825971364974976
2291,2,star,2,star,True,2,star,True,True,2,star,0.8293404579162598,2,star,0.8810985684394836,2,star,0.4978429079055786,2,star,0.7542283535003662,1,quasar,0.5297686457633972,2,star,0.49852070212364197
2292,2,star,1,quasar,False,1,quasar,False,True,1,quasar,0.6900215744972229,1,quasar,0.5960440039634705,1,quasar,0.7142795920372009,1,quasar,0.6945738196372986,1,quasar,0.8781484365463257,1,quasar,0.42162859439849854
2293,2,star,2,star,True,2,star,True,True,2,star,0.9883978962898254,2,star,0.693891704082489,2,star,0.9915153980255127,2,star,0.9918654561042786,2,star,0.9932293891906738,2,star,0.5332744717597961
2294,2,star,2,star,True,2,star,True,True,2,star,0.49874982237815857,2,star,0.9780858159065247,2,star,0.6107672452926636,2,star,0.9054173827171326,2,star,0.7167774438858032,2,star,0.7692517042160034
2295,2,star,2,star,True,2,star,True,True,2,star,0.9777538776397705,2,star,0.9990346431732178,2,star,0.9502162933349609,2,star,0.9976434111595154,2,star,0.9831761121749878,2,star,0.8313027620315552
2296,2,star,2,star,True,2,star,True,True,2,star,0.8680806756019592,2,star,0.9984769225120544,2,star,0.9867926836013794,2,star,0.9859552979469299,2,star,0.9272139072418213,2,star,0.8913423418998718
2297,2,star,2,star,True,2,star,True,True,2,star,0.5506055951118469,2,star,0.707353413105011,1,quasar,0.6171760559082031,2,star,0.7403408885002136,2,star,0.6881023645401001,2,star,0.567499577999115
2298,2,star,2,star,True,2,star,True,True,2,star,0.9961285591125488,2,star,0.9997548460960388,2,star,0.99468994140625,2,star,0.9976479411125183,2,star,0.9877011179924011,2,star,0.8503295183181763
2299,2,star,2,star,True,2,star,True,True,2,star,0.5385504961013794,2,star,0.9565216898918152,2,star,0.9842529892921448,2,star,0.9502511620521545,2,star,0.9822477698326111,2,star,0.637990415096283
2300,2,star,2,star,True,2,star,True,True,2,star,0.6832167506217957,2,star,0.8542539477348328,2,star,0.5092301964759827,2,star,0.7932210564613342,2,star,0.6274661421775818,2,star,0.5442740321159363
2301,2,star,2,star,True,2,star,True,True,0,galaxy,0.7162975668907166,2,star,0.9957857728004456,2,star,0.7119778990745544,2,star,0.8234884738922119,2,star,0.8757272362709045,2,star,0.687417209148407
2302,2,star,2,star,True,2,star,True,True,2,star,0.9678722620010376,2,star,0.9992024302482605,2,star,0.9843520522117615,2,star,0.9918204545974731,2,star,0.9937730431556702,2,star,0.6936265826225281
2303,2,star,2,star,True,2,star,True,True,2,star,0.9955810904502869,2,star,0.9977167844772339,2,star,0.9752702713012695,2,star,0.9962942004203796,2,star,0.9903287291526794,2,star,0.9467246532440186
2304,2,star,2,star,True,2,star,True,True,2,star,0.732201337814331,2,star,0.9998406171798706,2,star,0.9469801783561707,2,star,0.9934072494506836,2,star,0.9930688142776489,2,star,0.8735002279281616
2305,2,star,2,star,True,2,star,True,True,2,star,0.6752457022666931,2,star,0.6545735001564026,1,quasar,0.6361304521560669,2,star,0.7047469019889832,1,quasar,0.8281545042991638,2,star,0.7569996118545532
2306,2,star,2,star,True,2,star,True,True,2,star,0.566423773765564,2,star,0.8578154444694519,1,quasar,0.5776332020759583,1,quasar,0.6944481730461121,2,star,0.5928816795349121,2,star,0.7186702489852905
2307,2,star,2,star,True,2,star,True,True,2,star,0.996334433555603,2,star,0.9975162744522095,2,star,0.9861706495285034,2,star,0.9974499344825745,2,star,0.9930859804153442,2,star,0.8713338375091553
2308,2,star,2,star,True,2,star,True,True,2,star,0.9938884973526001,2,star,0.9922593235969543,2,star,0.9573184251785278,2,star,0.9901949763298035,2,star,0.9409071803092957,2,star,0.8374236226081848
2309,2,star,2,star,True,2,star,True,True,2,star,0.9731835722923279,2,star,0.9992485642433167,2,star,0.9944497346878052,2,star,0.9440779089927673,2,star,0.9934290051460266,2,star,0.7890103459358215
2310,2,star,1,quasar,False,1,quasar,False,True,2,star,0.6758214235305786,2,star,0.6883730888366699,1,quasar,0.6938812136650085,1,quasar,0.7955545783042908,1,quasar,0.7232208251953125,2,star,0.5552520751953125
2311,2,star,1,quasar,False,1,quasar,False,True,1,quasar,0.603763222694397,2,star,0.6289386749267578,1,quasar,0.6977788209915161,1,quasar,0.6173579692840576,1,quasar,0.5705326795578003,2,star,0.7246063351631165
2312,2,star,2,star,True,2,star,True,True,2,star,0.9023287892341614,2,star,0.9798702001571655,2,star,0.9712640047073364,2,star,0.9447718858718872,2,star,0.9892981052398682,2,star,0.6296085119247437
2313,2,star,2,star,True,2,star,True,True,2,star,0.9919453263282776,2,star,0.9100580215454102,1,quasar,0.5923824906349182,2,star,0.6189448833465576,2,star,0.9701233506202698,2,star,0.781340479850769
2314,2,star,2,star,True,2,star,True,True,2,star,0.49288198351860046,2,star,0.8700263500213623,1,quasar,0.539895236492157,2,star,0.9487944841384888,2,star,0.7746752500534058,2,star,0.6426613330841064
2315,2,star,2,star,True,2,star,True,True,2,star,0.9984996318817139,2,star,0.9999147653579712,2,star,0.991436779499054,2,star,0.9977871179580688,2,star,0.9943985342979431,2,star,0.8902627229690552
2316,2,star,2,star,True,2,star,True,True,2,star,0.8194711208343506,2,star,0.984693169593811,2,star,0.8020743131637573,2,star,0.9682483077049255,2,star,0.9723425507545471,2,star,0.6225271224975586
2317,2,star,2,star,True,2,star,True,True,2,star,0.7362056374549866,2,star,0.928538978099823,1,quasar,0.7030864953994751,2,star,0.5763821601867676,1,quasar,0.5113449096679688,2,star,0.7465962767601013
2318,2,star,2,star,True,2,star,True,True,2,star,0.9886865615844727,2,star,0.999757707118988,2,star,0.9899256229400635,2,star,0.9980243444442749,2,star,0.9943945407867432,2,star,0.7248117923736572
2319,2,star,2,star,True,2,star,True,True,2,star,0.7851341962814331,2,star,0.8236449360847473,1,quasar,0.605408787727356,2,star,0.8091393113136292,2,star,0.7306930422782898,0,galaxy,0.4884251356124878
2320,2,star,2,star,True,2,star,True,True,2,star,0.974486768245697,2,star,0.9873437881469727,2,star,0.9895560145378113,2,star,0.9911182522773743,2,star,0.9937175512313843,2,star,0.8075574636459351
2321,2,star,2,star,True,2,star,True,True,2,star,0.9915850162506104,2,star,0.9998654127120972,2,star,0.9601898193359375,2,star,0.9987791180610657,2,star,0.9929555654525757,2,star,0.7799770832061768
2322,2,star,2,star,True,2,star,True,True,2,star,0.9714046716690063,2,star,0.6531760692596436,2,star,0.655400812625885,2,star,0.96742844581604,2,star,0.9094324707984924,2,star,0.49190133810043335
2323,2,star,2,star,True,2,star,True,True,2,star,0.9423827528953552,2,star,0.9996800422668457,2,star,0.9234635233879089,2,star,0.9981661438941956,2,star,0.9935135245323181,2,star,0.9170847535133362
2324,2,star,2,star,True,2,star,True,True,2,star,0.9509989023208618,2,star,0.9996798038482666,2,star,0.9952409267425537,2,star,0.9958767890930176,2,star,0.9941452741622925,2,star,0.8203967809677124
2325,2,star,2,star,True,2,star,True,True,2,star,0.9797812700271606,2,star,0.9701457619667053,2,star,0.9968248605728149,2,star,0.9918991327285767,2,star,0.9905385971069336,2,star,0.8845198154449463
2326,2,star,2,star,True,2,star,True,True,2,star,0.9400315284729004,2,star,0.9998854398727417,2,star,0.9765012860298157,2,star,0.9714206457138062,2,star,0.9220890402793884,2,star,0.7897323966026306
2327,2,star,2,star,True,2,star,True,True,2,star,0.705941379070282,2,star,0.945496141910553,2,star,0.9700468182563782,2,star,0.9672988653182983,2,star,0.9622318148612976,2,star,0.8950783610343933
2328,2,star,2,star,True,2,star,True,True,1,quasar,0.6883285641670227,2,star,0.5256339311599731,2,star,0.7865409851074219,2,star,0.9741447567939758,2,star,0.8337330222129822,1,quasar,0.6906091570854187
2329,2,star,1,quasar,False,1,quasar,False,True,2,star,0.54865562915802,2,star,0.6914573311805725,1,quasar,0.6687554121017456,2,star,0.7115843296051025,1,quasar,0.8674870133399963,1,quasar,0.48983415961265564
2330,2,star,2,star,True,2,star,True,True,2,star,0.8263995051383972,2,star,0.9909051656723022,2,star,0.752414882183075,2,star,0.98714280128479,2,star,0.9723260402679443,2,star,0.6762265563011169
2331,2,star,2,star,True,2,star,True,True,2,star,0.7035492062568665,2,star,0.8838058710098267,2,star,0.46693694591522217,2,star,0.7987979054450989,2,star,0.9297720789909363,0,galaxy,0.5150641798973083
2332,2,star,2,star,True,2,star,True,True,2,star,0.8936333656311035,2,star,0.5560206770896912,2,star,0.9720807671546936,2,star,0.9023228883743286,2,star,0.92747563123703,2,star,0.5748189091682434
2333,2,star,2,star,True,2,star,True,True,2,star,0.8537532687187195,2,star,0.8149495124816895,2,star,0.9172775745391846,2,star,0.9856727123260498,2,star,0.5962806344032288,2,star,0.8631539940834045
2334,2,star,2,star,True,2,star,True,True,2,star,0.7493909597396851,2,star,0.9960024952888489,1,quasar,0.5359172821044922,2,star,0.9821563363075256,2,star,0.9704899191856384,2,star,0.7020972967147827
2335,2,star,2,star,True,2,star,True,True,2,star,0.6714855432510376,2,star,0.5935218930244446,2,star,0.9695950746536255,2,star,0.964417576789856,2,star,0.9778174757957458,0,galaxy,0.42202028632164
2336,2,star,2,star,True,2,star,True,True,2,star,0.9831163287162781,2,star,0.8484650254249573,2,star,0.9850655198097229,2,star,0.9937963485717773,2,star,0.9738213419914246,2,star,0.4976133704185486
2337,2,star,1,quasar,False,1,quasar,False,True,1,quasar,0.9768611788749695,2,star,0.6465756893157959,1,quasar,0.7260043025016785,1,quasar,0.6989821791648865,1,quasar,0.867643415927887,2,star,0.4242491126060486
2338,2,star,2,star,True,2,star,True,True,2,star,0.4825490713119507,2,star,0.7443390488624573,2,star,0.42236992716789246,2,star,0.8048120737075806,2,star,0.6718162298202515,0,galaxy,0.43387746810913086
2339,2,star,2,star,True,2,star,True,True,2,star,0.5553768277168274,2,star,0.7514570355415344,2,star,0.7396724820137024,2,star,0.7492791414260864,1,quasar,0.6745947003364563,2,star,0.4282265901565552
2340,2,star,2,star,True,2,star,True,True,2,star,0.6645311713218689,2,star,0.7093427777290344,2,star,0.5903891324996948,1,quasar,0.7884305715560913,2,star,0.5621439814567566,2,star,0.5303557515144348
2341,2,star,2,star,True,2,star,True,True,2,star,0.9394784569740295,2,star,0.9351512789726257,2,star,0.9386566281318665,2,star,0.8934619426727295,2,star,0.7969993352890015,2,star,0.7762592434883118
2342,2,star,2,star,True,2,star,True,True,2,star,0.9956580400466919,2,star,0.9982925057411194,2,star,0.9974247217178345,2,star,0.9972700476646423,2,star,0.9936484694480896,2,star,0.6762230396270752
2343,2,star,2,star,True,2,star,True,True,1,quasar,0.49598392844200134,2,star,0.7203025221824646,2,star,0.900127649307251,2,star,0.5614128112792969,2,star,0.9860275983810425,1,quasar,0.4699319005012512
2344,2,star,2,star,True,2,star,True,True,2,star,0.8793148398399353,2,star,0.6516261696815491,2,star,0.6694583296775818,1,quasar,0.49662476778030396,2,star,0.7160460948944092,2,star,0.43714427947998047
2345,2,star,1,quasar,False,1,quasar,False,True,1,quasar,0.7305485010147095,2,star,0.8267854452133179,1,quasar,0.7268250584602356,1,quasar,0.6600446105003357,1,quasar,0.5946813225746155,1,quasar,0.3874582350254059
2346,2,star,2,star,True,2,star,True,True,2,star,0.8429446816444397,2,star,0.664971649646759,2,star,0.5767468214035034,1,quasar,0.6798147559165955,2,star,0.580521285533905,2,star,0.3785945773124695
2347,2,star,2,star,True,2,star,True,True,2,star,0.9460509419441223,2,star,0.9977201819419861,2,star,0.9963154196739197,2,star,0.9927771091461182,2,star,0.9923934936523438,2,star,0.8322986364364624
2348,2,star,2,star,True,2,star,True,True,2,star,0.6184617877006531,2,star,0.7035975456237793,1,quasar,0.5320135951042175,2,star,0.6733109951019287,1,quasar,0.5348632335662842,2,star,0.41161343455314636
2349,2,star,2,star,True,2,star,True,True,2,star,0.9446476101875305,2,star,0.9174464344978333,2,star,0.9893458485603333,2,star,0.9747906923294067,2,star,0.9945719838142395,2,star,0.7019361853599548
2350,2,star,2,star,True,2,star,True,True,2,star,0.9539072513580322,2,star,0.9998936653137207,2,star,0.9964678287506104,2,star,0.9973517656326294,2,star,0.987334132194519,2,star,0.849890947341919
2351,2,star,1,quasar,False,2,star,True,False,1,quasar,0.5803806781768799,2,star,0.8098831176757812,1,quasar,0.5160430669784546,2,star,0.6185137033462524,1,quasar,0.5414855480194092,2,star,0.641005277633667
2352,2,star,2,star,True,2,star,True,True,2,star,0.7471193671226501,2,star,0.7435522675514221,2,star,0.7558543682098389,1,quasar,0.5471473932266235,2,star,0.9253031015396118,1,quasar,0.43757614493370056
2353,2,star,2,star,True,2,star,True,True,2,star,0.37571629881858826,2,star,0.970137357711792,2,star,0.9083138108253479,1,quasar,0.5710326433181763,2,star,0.8798086643218994,2,star,0.6760795712471008
