sample_index,true_label,true_class,majority_vote_label,majority_vote_class,majority_vote_correct,mean_probability_label,mean_probability_class,mean_probability_correct,strategies_agree,efficientnet_b0_label,efficientnet_b0_class,efficientnet_b0_confidence,resnet50_label,resnet50_class,resnet50_confidence,convnext_tiny_label,convnext_tiny_class,convnext_tiny_confidence,vit_b_16_label,vit_b_16_class,vit_b_16_confidence,vmamba_label,vmamba_class,vmamba_confidence,cnn_shallow_label,cnn_shallow_class,cnn_shallow_confidence
0,0,galaxy,0,galaxy,True,0,galaxy,True,True,0,galaxy,0.9903326630592346,0,galaxy,0.9958178400993347,0,galaxy,0.9423580765724182,0,galaxy,0.9803758859634399,0,galaxy,0.9554612636566162,0,galaxy,0.42320260405540466
1,0,galaxy,0,galaxy,True,0,galaxy,True,True,0,galaxy,0.956543505191803,0,galaxy,0.9921897053718567,0,galaxy,0.981502115726471,0,galaxy,0.9682207107543945,0,galaxy,0.9434845447540283,0,galaxy,0.6678687334060669
2,0,galaxy,0,galaxy,True,0,galaxy,True,True,0,galaxy,0.9959783554077148,0,galaxy,0.9857648015022278,0,galaxy,0.9796964526176453,0,galaxy,0.9917169213294983,0,galaxy,0.9737387895584106,0,galaxy,0.5606448650360107
3,0,galaxy,0,galaxy,True,0,galaxy,True,True,0,galaxy,0.9727214574813843,0,galaxy,0.9997033476829529,0,galaxy,0.9852759838104248,0,galaxy,0.9879996180534363,0,galaxy,0.9782156348228455,0,galaxy,0.8944358825683594
4,0,galaxy,0,galaxy,True,0,galaxy,True,True,0,galaxy,0.9967545866966248,0,galaxy,0.995206892490387,0,galaxy,0.9866653680801392,0,galaxy,0.9784372448921204,0,galaxy,0.9854379892349243,0,galaxy,0.9126526713371277
5,0,galaxy,0,galaxy,True,0,galaxy,True,True,0,galaxy,0.8832542896270752,0,galaxy,0.8657996654510498,0,galaxy,0.9720996022224426,0,galaxy,0.9829789996147156,0,galaxy,0.9464392066001892,0,galaxy,0.4647195637226105
6,0,galaxy,0,galaxy,True,0,galaxy,True,True,0,galaxy,0.9973434805870056,0,galaxy,0.9999086856842041,0,galaxy,0.9820498824119568,0,galaxy,0.9922352433204651,0,galaxy,0.9847803115844727,0,galaxy,0.6819411516189575
7,0,galaxy,0,galaxy,True,0,galaxy,True,True,0,galaxy,0.9828413724899292,1,quasar,0.6700464487075806,0,galaxy,0.9641188383102417,0,galaxy,0.981560230255127,0,galaxy,0.9590949416160583,1,quasar,0.3964378237724304
8,0,galaxy,0,galaxy,True,0,galaxy,True,True,0,galaxy,0.937124490737915,0,galaxy,0.9687410593032837,0,galaxy,0.9725252389907837,0,galaxy,0.9573390483856201,0,galaxy,0.9199072122573853,0,galaxy,0.426582008600235
9,0,galaxy,0,galaxy,True,0,galaxy,True,True,0,galaxy,0.9770200252532959,0,galaxy,0.9842991828918457,0,galaxy,0.9790835976600647,0,galaxy,0.9885375499725342,0,galaxy,0.9788627624511719,2,star,0.47997766733169556
10,0,galaxy,0,galaxy,True,0,galaxy,True,True,0,galaxy,0.9810475707054138,0,galaxy,0.9990957975387573,0,galaxy,0.9778554439544678,0,galaxy,0.9924259185791016,0,galaxy,0.9815381765365601,0,galaxy,0.7738921642303467
11,0,galaxy,0,galaxy,True,0,galaxy,True,True,0,galaxy,0.9794039130210876,0,galaxy,0.9691610932350159,0,galaxy,0.9637441039085388,0,galaxy,0.9773337244987488,0,galaxy,0.9269916415214539,0,galaxy,0.5604498386383057
12,0,galaxy,0,galaxy,True,0,galaxy,True,True,0,galaxy,0.9877657890319824,0,galaxy,0.750296950340271,0,galaxy,0.9693377017974854,0,galaxy,0.9616627097129822,0,galaxy,0.9485254287719727,0,galaxy,0.4478211998939514
13,0,galaxy,0,galaxy,True,0,galaxy,True,True,0,galaxy,0.9354416728019714,0,galaxy,0.9751087427139282,0,galaxy,0.9820240139961243,0,galaxy,0.9914405345916748,0,galaxy,0.9620646238327026,2,star,0.7380678653717041
14,0,galaxy,0,galaxy,True,0,galaxy,True,True,0,galaxy,0.7097634077072144,0,galaxy,0.994598388671875,0,galaxy,0.9868525862693787,0,galaxy,0.990484356880188,0,galaxy,0.9846998453140259,0,galaxy,0.7876483201980591
15,0,galaxy,0,galaxy,True,0,galaxy,True,True,0,galaxy,0.9874252676963806,0,galaxy,0.9984647035598755,0,galaxy,0.9764426350593567,0,galaxy,0.9879500865936279,0,galaxy,0.9744479060173035,0,galaxy,0.6692089438438416
16,0,galaxy,0,galaxy,True,0,galaxy,True,True,0,galaxy,0.5639486312866211,0,galaxy,0.980712890625,0,galaxy,0.9071594476699829,0,galaxy,0.9188839197158813,0,galaxy,0.93380206823349,2,star,0.8284382224082947
17,0,galaxy,0,galaxy,True,0,galaxy,True,True,0,galaxy,0.8948788642883301,0,galaxy,0.8953297138214111,0,galaxy,0.9567839503288269,0,galaxy,0.9644771218299866,0,galaxy,0.9092963337898254,0,galaxy,0.3841342031955719
18,0,galaxy,0,galaxy,True,0,galaxy,True,True,0,galaxy,0.9232840538024902,0,galaxy,0.9982195496559143,0,galaxy,0.9768800735473633,0,galaxy,0.9900944828987122,0,galaxy,0.9844714999198914,0,galaxy,0.6139931082725525
19,0,galaxy,0,galaxy,True,0,galaxy,True,True,0,galaxy,0.9908952713012695,0,galaxy,0.966760516166687,0,galaxy,0.9688640236854553,0,galaxy,0.9916725754737854,0,galaxy,0.9701976180076599,0,galaxy,0.5958057641983032
20,0,galaxy,0,galaxy,True,0,galaxy,True,True,0,galaxy,0.9793333411216736,0,galaxy,0.9988983869552612,0,galaxy,0.9797295331954956,0,galaxy,0.9873318076133728,0,galaxy,0.9800353646278381,2,star,0.4977131187915802
21,0,galaxy,0,galaxy,True,0,galaxy,True,True,0,galaxy,0.9469397664070129,0,galaxy,0.9867591261863708,0,galaxy,0.977687418460846,0,galaxy,0.9867323040962219,0,galaxy,0.9654542803764343,0,galaxy,0.5273743271827698
22,0,galaxy,0,galaxy,True,0,galaxy,True,True,0,galaxy,0.9630842208862305,0,galaxy,0.8917849659919739,0,galaxy,0.9626550674438477,0,galaxy,0.9841458201408386,0,galaxy,0.9663311839103699,0,galaxy,0.8344470858573914
23,0,galaxy,0,galaxy,True,0,galaxy,True,True,0,galaxy,0.9929800629615784,0,galaxy,0.9955018162727356,0,galaxy,0.9770119786262512,0,galaxy,0.9904476404190063,0,galaxy,0.9681772589683533,0,galaxy,0.6237849593162537
24,0,galaxy,0,galaxy,True,0,galaxy,True,True,0,galaxy,0.9870343804359436,0,galaxy,0.9996600151062012,0,galaxy,0.9873688817024231,0,galaxy,0.9906377792358398,0,galaxy,0.9854553937911987,0,galaxy,0.696376383304596
25,0,galaxy,0,galaxy,True,0,galaxy,True,True,0,galaxy,0.9874947667121887,0,galaxy,0.9826242327690125,0,galaxy,0.9847930669784546,0,galaxy,0.9912071824073792,0,galaxy,0.9850972890853882,0,galaxy,0.7830523252487183
26,0,galaxy,0,galaxy,True,0,galaxy,True,True,0,galaxy,0.9876669645309448,0,galaxy,0.999051034450531,0,galaxy,0.9839974641799927,0,galaxy,0.9833555817604065,0,galaxy,0.9856345057487488,0,galaxy,0.8769150376319885
27,0,galaxy,0,galaxy,True,0,galaxy,True,True,0,galaxy,0.7254282236099243,0,galaxy,0.8323318958282471,0,galaxy,0.963599443435669,0,galaxy,0.9839233756065369,0,galaxy,0.9502719044685364,0,galaxy,0.6903302073478699
28,0,galaxy,0,galaxy,True,0,galaxy,True,True,0,galaxy,0.939021110534668,0,galaxy,0.9755531549453735,0,galaxy,0.9587799310684204,0,galaxy,0.9818925857543945,0,galaxy,0.9625522494316101,0,galaxy,0.4990556836128235
29,0,galaxy,0,galaxy,True,0,galaxy,True,True,0,galaxy,0.9556564688682556,0,galaxy,0.9956348538398743,0,galaxy,0.9555771946907043,0,galaxy,0.9936026930809021,0,galaxy,0.973118782043457,0,galaxy,0.8955214023590088
30,0,galaxy,0,galaxy,True,0,galaxy,True,True,0,galaxy,0.963844895362854,0,galaxy,0.9948900938034058,0,galaxy,0.9702123999595642,0,galaxy,0.9851749539375305,0,galaxy,0.9454556107521057,0,galaxy,0.6715560555458069
31,0,galaxy,0,galaxy,True,0,galaxy,True,True,0,galaxy,0.9921573400497437,0,galaxy,0.9761819839477539,0,galaxy,0.921567440032959,0,galaxy,0.9799291491508484,0,galaxy,0.9359239935874939,0,galaxy,0.5499192476272583
32,0,galaxy,0,galaxy,True,0,galaxy,True,True,0,galaxy,0.9845064282417297,0,galaxy,0.9942811727523804,0,galaxy,0.9703596830368042,0,galaxy,0.9758205413818359,0,galaxy,0.9833852052688599,0,galaxy,0.599550724029541
33,0,galaxy,0,galaxy,True,0,galaxy,True,True,0,galaxy,0.8877009749412537,0,galaxy,0.985694944858551,0,galaxy,0.965289831161499,0,galaxy,0.9787635207176208,0,galaxy,0.9425778388977051,0,galaxy,0.6268742680549622
34,0,galaxy,0,galaxy,True,0,galaxy,True,True,0,galaxy,0.9840707778930664,0,galaxy,0.9815160036087036,0,galaxy,0.972751796245575,0,galaxy,0.9749879240989685,0,galaxy,0.9843281507492065,0,galaxy,0.4887975752353668
35,0,galaxy,0,galaxy,True,0,galaxy,True,True,0,galaxy,0.9554521441459656,0,galaxy,0.9828177690505981,0,galaxy,0.97925865650177,0,galaxy,0.9901126623153687,0,galaxy,0.9844016432762146,0,galaxy,0.44837895035743713
36,0,galaxy,0,galaxy,True,0,galaxy,True,True,0,galaxy,0.9661968350410461,0,galaxy,0.8847100138664246,0,galaxy,0.9344522953033447,0,galaxy,0.9823582768440247,0,galaxy,0.8990516066551208,0,galaxy,0.7509567737579346
37,0,galaxy,0,galaxy,True,0,galaxy,True,True,0,galaxy,0.9394022822380066,1,quasar,0.4198547601699829,0,galaxy,0.8955192565917969,0,galaxy,0.7673133611679077,0,galaxy,0.9262943863868713,2,star,0.39640018343925476
38,0,galaxy,0,galaxy,True,0,galaxy,True,True,0,galaxy,0.7159419059753418,0,galaxy,0.9130706191062927,0,galaxy,0.7962247729301453,0,galaxy,0.602411150932312,0,galaxy,0.9278797507286072,2,star,0.6940113306045532
39,0,galaxy,0,galaxy,True,0,galaxy,True,True,0,galaxy,0.9918294548988342,0,galaxy,0.9937724471092224,0,galaxy,0.9811954498291016,0,galaxy,0.9806366562843323,0,galaxy,0.9840189218521118,0,galaxy,0.8281329274177551
40,0,galaxy,0,galaxy,True,0,galaxy,True,True,0,galaxy,0.9693505167961121,0,galaxy,0.9730494618415833,0,galaxy,0.9787960648536682,0,galaxy,0.9900088310241699,0,galaxy,0.985008955001831,0,galaxy,0.6589536070823669
41,0,galaxy,0,galaxy,True,0,galaxy,True,True,0,galaxy,0.9859302639961243,0,galaxy,0.9995102882385254,0,galaxy,0.9604990482330322,0,galaxy,0.9554442763328552,0,galaxy,0.9254705905914307,2,star,0.4772602617740631
42,0,galaxy,0,galaxy,True,0,galaxy,True,True,0,galaxy,0.970061719417572,0,galaxy,0.9072922468185425,0,galaxy,0.9694499969482422,0,galaxy,0.9721847772598267,0,galaxy,0.9454044699668884,2,star,0.4405776858329773
43,0,galaxy,0,galaxy,True,0,galaxy,True,True,0,galaxy,0.7001050114631653,0,galaxy,0.9969794750213623,0,galaxy,0.9799202084541321,0,galaxy,0.9741064310073853,0,galaxy,0.9774830341339111,0,galaxy,0.5267342925071716
44,0,galaxy,0,galaxy,True,0,galaxy,True,True,0,galaxy,0.96417635679245,0,galaxy,0.978434145450592,0,galaxy,0.9809762239456177,0,galaxy,0.9904714822769165,0,galaxy,0.9795080423355103,0,galaxy,0.7392526268959045
45,0,galaxy,0,galaxy,True,0,galaxy,True,True,0,galaxy,0.848023533821106,0,galaxy,0.9764739274978638,0,galaxy,0.9621530175209045,0,galaxy,0.922639787197113,0,galaxy,0.9541096091270447,0,galaxy,0.6103023290634155
46,0,galaxy,0,galaxy,True,0,galaxy,True,True,0,galaxy,0.868958055973053,0,galaxy,0.9545626640319824,0,galaxy,0.9683583974838257,0,galaxy,0.8880699872970581,0,galaxy,0.9408762454986572,2,star,0.40577396750450134
47,0,galaxy,0,galaxy,True,0,galaxy,True,True,0,galaxy,0.9301513433456421,0,galaxy,0.7920659184455872,0,galaxy,0.9810654520988464,0,galaxy,0.9889456629753113,0,galaxy,0.9752305150032043,0,galaxy,0.7933096885681152
48,0,galaxy,0,galaxy,True,0,galaxy,True,True,0,galaxy,0.9778681993484497,0,galaxy,0.979631245136261,0,galaxy,0.9756088852882385,0,galaxy,0.9808705449104309,0,galaxy,0.9707528948783875,0,galaxy,0.6654426455497742
49,0,galaxy,0,galaxy,True,0,galaxy,True,True,0,galaxy,0.9259939789772034,0,galaxy,0.8041635751724243,0,galaxy,0.9718979597091675,0,galaxy,0.9788357615470886,0,galaxy,0.9593595266342163,0,galaxy,0.5371581315994263
50,0,galaxy,0,galaxy,True,0,galaxy,True,True,0,galaxy,0.9849337935447693,0,galaxy,0.8454512357711792,0,galaxy,0.9044768810272217,0,galaxy,0.6362333297729492,0,galaxy,0.9285591244697571,0,galaxy,0.49787479639053345
51,0,galaxy,0,galaxy,True,0,galaxy,True,True,0,galaxy,0.8147545456886292,2,star,0.5172524452209473,0,galaxy,0.9612312316894531,0,galaxy,0.9799251556396484,0,galaxy,0.9214982986450195,0,galaxy,0.45755019783973694
52,0,galaxy,0,galaxy,True,0,galaxy,True,True,0,galaxy,0.992367684841156,0,galaxy,0.9897504448890686,0,galaxy,0.9511735439300537,0,galaxy,0.9598153829574585,0,galaxy,0.9551736116409302,2,star,0.6508759260177612
53,0,galaxy,0,galaxy,True,0,galaxy,True,True,0,galaxy,0.9936676621437073,0,galaxy,0.7075886726379395,0,galaxy,0.9506058692932129,0,galaxy,0.9807246923446655,0,galaxy,0.9369229078292847,0,galaxy,0.5701524019241333
54,0,galaxy,0,galaxy,True,0,galaxy,True,True,0,galaxy,0.8954551815986633,0,galaxy,0.8117122650146484,0,galaxy,0.8833417296409607,0,galaxy,0.9313430786132812,0,galaxy,0.9470275640487671,0,galaxy,0.6395184397697449
55,0,galaxy,0,galaxy,True,0,galaxy,True,True,0,galaxy,0.9885502457618713,0,galaxy,0.9871492981910706,0,galaxy,0.971656084060669,0,galaxy,0.9821924567222595,0,galaxy,0.929405927658081,0,galaxy,0.5325324535369873
56,0,galaxy,0,galaxy,True,0,galaxy,True,True,0,galaxy,0.9812303781509399,0,galaxy,0.7652694582939148,0,galaxy,0.9798478484153748,0,galaxy,0.991359531879425,0,galaxy,0.9685204029083252,0,galaxy,0.5874817371368408
57,0,galaxy,0,galaxy,True,0,galaxy,True,True,0,galaxy,0.9561471939086914,0,galaxy,0.9876453280448914,0,galaxy,0.9756134152412415,0,galaxy,0.9907010793685913,0,galaxy,0.9484630227088928,0,galaxy,0.6175277233123779
58,0,galaxy,0,galaxy,True,0,galaxy,True,True,0,galaxy,0.9852316379547119,0,galaxy,0.8039506673812866,0,galaxy,0.9739353060722351,0,galaxy,0.9554834961891174,0,galaxy,0.9747393727302551,0,galaxy,0.7945762276649475
59,0,galaxy,0,galaxy,True,0,galaxy,True,True,0,galaxy,0.9688094258308411,0,galaxy,0.9236183762550354,0,galaxy,0.9821797013282776,0,galaxy,0.8314008116722107,0,galaxy,0.9805018305778503,0,galaxy,0.8726529479026794
60,0,galaxy,0,galaxy,True,0,galaxy,True,True,0,galaxy,0.9867527484893799,0,galaxy,0.9773367047309875,0,galaxy,0.9742022156715393,0,galaxy,0.9875149726867676,0,galaxy,0.95808345079422,0,galaxy,0.7496533989906311
61,0,galaxy,0,galaxy,True,0,galaxy,True,True,0,galaxy,0.9834444522857666,0,galaxy,0.9975839853286743,0,galaxy,0.9763832092285156,0,galaxy,0.9426137208938599,0,galaxy,0.9488136172294617,0,galaxy,0.6372655630111694
62,0,galaxy,0,galaxy,True,0,galaxy,True,True,0,galaxy,0.9577232599258423,0,galaxy,0.9996106028556824,0,galaxy,0.9889934659004211,0,galaxy,0.9872953295707703,0,galaxy,0.9863135814666748,0,galaxy,0.7205288410186768
63,0,galaxy,0,galaxy,True,0,galaxy,True,True,0,galaxy,0.9590712785720825,0,galaxy,0.9920423626899719,0,galaxy,0.9826958179473877,0,galaxy,0.9255138635635376,0,galaxy,0.9850489497184753,0,galaxy,0.4452221989631653
64,0,galaxy,2,star,False,2,star,False,True,2,star,0.4409313499927521,0,galaxy,0.7118197679519653,2,star,0.6046103239059448,2,star,0.8033852577209473,2,star,0.7956801056861877,2,star,0.44628116488456726
65,0,galaxy,0,galaxy,True,0,galaxy,True,True,0,galaxy,0.9824932813644409,0,galaxy,0.9592592716217041,0,galaxy,0.9455946087837219,0,galaxy,0.9777562618255615,0,galaxy,0.9466143846511841,0,galaxy,0.5425001978874207
66,0,galaxy,0,galaxy,True,0,galaxy,True,True,0,galaxy,0.983025312423706,0,galaxy,0.9986928105354309,0,galaxy,0.9776524305343628,0,galaxy,0.991956353187561,0,galaxy,0.9848757386207581,2,star,0.5867213606834412
67,0,galaxy,0,galaxy,True,0,galaxy,True,True,1,quasar,0.6535220742225647,1,quasar,0.3713580369949341,2,star,0.5317927002906799,2,star,0.6335267424583435,0,galaxy,0.5013640522956848,0,galaxy,0.5719536542892456
68,0,galaxy,0,galaxy,True,0,galaxy,True,True,0,galaxy,0.9853718876838684,0,galaxy,0.9995887875556946,0,galaxy,0.9878068566322327,0,galaxy,0.9833192229270935,0,galaxy,0.9860143661499023,0,galaxy,0.7447366714477539
69,0,galaxy,2,star,False,2,star,False,True,1,quasar,0.40968257188796997,1,quasar,0.5341536998748779,2,star,0.5613495111465454,2,star,0.6175000071525574,2,star,0.4111466109752655,0,galaxy,0.4106256067752838
70,0,galaxy,0,galaxy,True,0,galaxy,True,True,1,quasar,0.8416365385055542,1,quasar,0.40978139638900757,0,galaxy,0.6172921061515808,2,star,0.5666182041168213,0,galaxy,0.41637569665908813,0,galaxy,0.7644410133361816
71,0,galaxy,0,galaxy,True,0,galaxy,True,True,0,galaxy,0.564646303653717,0,galaxy,0.5428865551948547,0,galaxy,0.954171359539032,0,galaxy,0.9010316133499146,0,galaxy,0.9405680894851685,0,galaxy,0.6395034790039062
72,0,galaxy,0,galaxy,True,0,galaxy,True,True,1,quasar,0.5008835792541504,0,galaxy,0.3948688507080078,0,galaxy,0.492239385843277,2,star,0.599798321723938,0,galaxy,0.4770285487174988,0,galaxy,0.46430811285972595
73,0,galaxy,1,quasar,False,1,quasar,False,True,1,quasar,0.7907829284667969,1,quasar,0.7943414449691772,1,quasar,0.7363724112510681,1,quasar,0.7183488011360168,1,quasar,0.6288805603981018,1,quasar,0.49200594425201416
74,0,galaxy,0,galaxy,True,0,galaxy,True,True,0,galaxy,0.49087458848953247,0,galaxy,0.3838267922401428,0,galaxy,0.9154425263404846,2,star,0.6586202383041382,0,galaxy,0.5069569945335388,1,quasar,0.8622245192527771
75,0,galaxy,0,galaxy,True,0,galaxy,True,True,0,galaxy,0.6401587128639221,0,galaxy,0.4162798225879669,2,star,0.9244620203971863,2,star,0.6213057637214661,0,galaxy,0.5473374128341675,0,galaxy,0.8580019474029541
76,0,galaxy,0,galaxy,True,0,galaxy,True,True,0,galaxy,0.5863462090492249,1,quasar,0.3497724235057831,1,quasar,0.41176044940948486,2,star,0.5721087455749512,0,galaxy,0.5600431561470032,0,galaxy,0.651639461517334
77,0,galaxy,0,galaxy,True,0,galaxy,True,True,0,galaxy,0.9253981113433838,0,galaxy,0.9805773496627808,0,galaxy,0.964286744594574,0,galaxy,0.9889922142028809,0,galaxy,0.9559038877487183,0,galaxy,0.9569970369338989
78,0,galaxy,0,galaxy,True,0,galaxy,True,True,0,galaxy,0.9908131957054138,0,galaxy,0.9996281862258911,0,galaxy,0.981907308101654,0,galaxy,0.9824295043945312,0,galaxy,0.9810039401054382,0,galaxy,0.8526574969291687
79,0,galaxy,0,galaxy,True,0,galaxy,True,True,0,galaxy,0.9989137649536133,1,quasar,0.5038725733757019,0,galaxy,0.8932185173034668,0,galaxy,0.7521406412124634,0,galaxy,0.9712688326835632,1,quasar,0.7173177599906921
80,0,galaxy,0,galaxy,True,0,galaxy,True,True,0,galaxy,0.9713488817214966,0,galaxy,0.9268712997436523,0,galaxy,0.9736204743385315,0,galaxy,0.9720289707183838,0,galaxy,0.9649348258972168,0,galaxy,0.7562264204025269
81,0,galaxy,0,galaxy,True,0,galaxy,True,True,0,galaxy,0.5523778796195984,0,galaxy,0.4922611117362976,0,galaxy,0.9564804434776306,0,galaxy,0.9348293542861938,0,galaxy,0.9504778981208801,0,galaxy,0.6920897364616394
82,0,galaxy,0,galaxy,True,0,galaxy,True,True,0,galaxy,0.8076164126396179,0,galaxy,0.921228289604187,0,galaxy,0.9547339081764221,0,galaxy,0.986676037311554,0,galaxy,0.9190855026245117,2,star,0.48676204681396484
83,0,galaxy,0,galaxy,True,0,galaxy,True,True,0,galaxy,0.9951670169830322,0,galaxy,0.9884659051895142,0,galaxy,0.9674347043037415,0,galaxy,0.9809160828590393,0,galaxy,0.9816162586212158,0,galaxy,0.8941053152084351
84,0,galaxy,2,star,False,2,star,False,True,1,quasar,1.0,0,galaxy,0.7402730584144592,2,star,0.9100150465965271,2,star,0.6701468825340271,2,star,0.5967633128166199,0,galaxy,0.506093442440033
85,0,galaxy,0,galaxy,True,0,galaxy,True,True,0,galaxy,0.7491529583930969,0,galaxy,0.895675003528595,0,galaxy,0.9773057103157043,0,galaxy,0.9877604246139526,0,galaxy,0.9339810609817505,0,galaxy,0.639824628829956
86,0,galaxy,0,galaxy,True,0,galaxy,True,True,0,galaxy,0.5310695767402649,0,galaxy,0.41471484303474426,0,galaxy,0.8969334959983826,0,galaxy,0.3974441885948181,1,quasar,0.4029077887535095,0,galaxy,0.8329281806945801
87,0,galaxy,0,galaxy,True,0,galaxy,True,True,0,galaxy,0.9465383291244507,0,galaxy,0.9738030433654785,0,galaxy,0.977753758430481,0,galaxy,0.980469286441803,0,galaxy,0.9312306046485901,0,galaxy,0.621475338935852
88,0,galaxy,0,galaxy,True,0,galaxy,True,True,0,galaxy,0.9776599407196045,0,galaxy,0.9392754435539246,0,galaxy,0.9649073481559753,0,galaxy,0.98311448097229,0,galaxy,0.9635418653488159,0,galaxy,0.6935537457466125
89,0,galaxy,0,galaxy,True,0,galaxy,True,True,0,galaxy,0.9816262722015381,0,galaxy,0.9302434325218201,0,galaxy,0.9702780842781067,0,galaxy,0.9617220163345337,0,galaxy,0.9358088374137878,0,galaxy,0.4260689318180084
90,0,galaxy,0,galaxy,True,0,galaxy,True,True,0,galaxy,0.974291980266571,0,galaxy,0.9571673274040222,0,galaxy,0.977349579334259,0,galaxy,0.991596519947052,0,galaxy,0.9706442952156067,1,quasar,0.478875070810318
91,0,galaxy,0,galaxy,True,0,galaxy,True,True,0,galaxy,0.9333860278129578,0,galaxy,0.9751925468444824,0,galaxy,0.9803178310394287,0,galaxy,0.9838573932647705,0,galaxy,0.9813581109046936,0,galaxy,0.6730643510818481
92,0,galaxy,0,galaxy,True,0,galaxy,True,True,0,galaxy,0.8441452980041504,1,quasar,0.4845466911792755,0,galaxy,0.9368849992752075,0,galaxy,0.9549188613891602,0,galaxy,0.944495677947998,1,quasar,0.5420113205909729
93,0,galaxy,0,galaxy,True,0,galaxy,True,True,0,galaxy,0.928206741809845,0,galaxy,0.8546749949455261,0,galaxy,0.9740525484085083,0,galaxy,0.9829733371734619,0,galaxy,0.9278481006622314,1,quasar,0.45792484283447266
94,0,galaxy,0,galaxy,True,0,galaxy,True,True,0,galaxy,0.715777575969696,0,galaxy,0.40116411447525024,0,galaxy,0.8111744523048401,0,galaxy,0.7085388898849487,0,galaxy,0.545462429523468,1,quasar,0.44701212644577026
95,0,galaxy,0,galaxy,True,0,galaxy,True,True,0,galaxy,0.5128898024559021,0,galaxy,0.5152997970581055,0,galaxy,0.8990489840507507,0,galaxy,0.8302525877952576,0,galaxy,0.8656061887741089,1,quasar,0.5933675765991211
96,0,galaxy,0,galaxy,True,0,galaxy,True,True,2,star,0.3649088442325592,0,galaxy,0.4571247696876526,0,galaxy,0.9156443476676941,0,galaxy,0.708084225654602,0,galaxy,0.8282601237297058,0,galaxy,0.4024786949157715
97,0,galaxy,0,galaxy,True,0,galaxy,True,True,0,galaxy,0.9059480428695679,0,galaxy,0.9574346542358398,0,galaxy,0.9670352339744568,0,galaxy,0.9856002330780029,0,galaxy,0.9491979479789734,1,quasar,0.5248202085494995
98,0,galaxy,0,galaxy,True,0,galaxy,True,True,0,galaxy,0.7977279424667358,1,quasar,0.41637715697288513,0,galaxy,0.9736394882202148,0,galaxy,0.9792793989181519,0,galaxy,0.9661892652511597,2,star,0.4931531548500061
99,0,galaxy,2,star,False,0,galaxy,True,False,0,galaxy,0.9085689187049866,2,star,0.5433657765388489,2,star,0.6860843300819397,2,star,0.8168072700500488,0,galaxy,0.7711730003356934,1,quasar,0.37943217158317566
100,0,galaxy,0,galaxy,True,0,galaxy,True,True,0,galaxy,0.9177380800247192,0,galaxy,0.9831907153129578,0,galaxy,0.9645507335662842,0,galaxy,0.9770503044128418,0,galaxy,0.9518054723739624,0,galaxy,0.6356887817382812
101,0,galaxy,0,galaxy,True,0,galaxy,True,True,0,galaxy,0.9555405974388123,0,galaxy,0.9901898503303528,0,galaxy,0.9615735411643982,0,galaxy,0.9671342372894287,0,galaxy,0.9618918895721436,0,galaxy,0.6162313222885132
102,0,galaxy,0,galaxy,True,0,galaxy,True,True,1,quasar,0.4674304127693176,0,galaxy,0.6366675496101379,0,galaxy,0.8871093392372131,2,star,0.45831114053726196,0,galaxy,0.9104191064834595,0,galaxy,0.46435877680778503
103,0,galaxy,0,galaxy,True,0,galaxy,True,True,0,galaxy,0.9216910600662231,0,galaxy,0.9752957224845886,0,galaxy,0.9668610095977783,0,galaxy,0.9632514119148254,0,galaxy,0.9557864665985107,1,quasar,0.44147446751594543
104,0,galaxy,0,galaxy,True,0,galaxy,True,True,0,galaxy,0.6001682281494141,2,star,0.9320222735404968,0,galaxy,0.7491146922111511,0,galaxy,0.8609479665756226,0,galaxy,0.8854057192802429,0,galaxy,0.47960686683654785
105,0,galaxy,0,galaxy,True,0,galaxy,True,True,0,galaxy,0.9850760102272034,0,galaxy,0.9542851448059082,0,galaxy,0.9642055034637451,0,galaxy,0.9878702759742737,0,galaxy,0.9496926069259644,0,galaxy,0.6339164972305298
106,0,galaxy,0,galaxy,True,0,galaxy,True,True,0,galaxy,0.5274094343185425,0,galaxy,0.8763206005096436,0,galaxy,0.7158779501914978,0,galaxy,0.901238203048706,0,galaxy,0.5836227536201477,1,quasar,0.4039304852485657
107,0,galaxy,0,galaxy,True,0,galaxy,True,True,0,galaxy,0.5798464417457581,0,galaxy,0.6720414757728577,0,galaxy,0.8895266652107239,0,galaxy,0.8516956567764282,0,galaxy,0.6700797080993652,0,galaxy,0.8938298225402832
108,0,galaxy,1,quasar,False,2,star,False,False,1,quasar,0.49482232332229614,1,quasar,0.4424296021461487,2,star,0.6804676651954651,2,star,0.5547679662704468,0,galaxy,0.403544545173645,1,quasar,0.48482179641723633
109,0,galaxy,0,galaxy,True,0,galaxy,True,True,1,quasar,0.6319994926452637,1,quasar,0.511320173740387,0,galaxy,0.40067997574806213,0,galaxy,0.5458686351776123,0,galaxy,0.5045320987701416,1,quasar,0.5177505016326904
110,0,galaxy,0,galaxy,True,0,galaxy,True,True,0,galaxy,0.4873386025428772,1,quasar,0.37429311871528625,0,galaxy,0.5083341598510742,0,galaxy,0.4520864486694336,0,galaxy,0.5356413722038269,0,galaxy,0.6797441244125366
111,0,galaxy,0,galaxy,True,0,galaxy,True,True,0,galaxy,0.9828178882598877,0,galaxy,0.9937719702720642,0,galaxy,0.9816026091575623,0,galaxy,0.9860621094703674,0,galaxy,0.9833099246025085,0,galaxy,0.7406983375549316
112,0,galaxy,0,galaxy,True,0,galaxy,True,True,2,star,1.0,0,galaxy,0.6302257180213928,0,galaxy,0.9563888311386108,0,galaxy,0.969813883304596,0,galaxy,0.8519803881645203,0,galaxy,0.5840852856636047
113,0,galaxy,0,galaxy,True,0,galaxy,True,True,2,star,1.0,0,galaxy,0.9004466533660889,0,galaxy,0.9705772399902344,0,galaxy,0.9906997084617615,0,galaxy,0.9314385056495667,0,galaxy,0.8425594568252563
114,0,galaxy,0,galaxy,True,0,galaxy,True,True,0,galaxy,0.5279098749160767,0,galaxy,0.5993272662162781,0,galaxy,0.5740886330604553,0,galaxy,0.8090953230857849,0,galaxy,0.9479191899299622,0,galaxy,0.7086077928543091
115,0,galaxy,0,galaxy,True,0,galaxy,True,True,0,galaxy,0.7689281702041626,0,galaxy,0.9577826261520386,0,galaxy,0.9715374708175659,0,galaxy,0.9798752069473267,0,galaxy,0.9475580453872681,0,galaxy,0.844399631023407
116,0,galaxy,0,galaxy,True,0,galaxy,True,True,0,galaxy,0.9285887479782104,0,galaxy,0.9799797534942627,0,galaxy,0.9700910449028015,0,galaxy,0.9845802783966064,0,galaxy,0.9633482098579407,0,galaxy,0.5625240802764893
117,0,galaxy,0,galaxy,True,0,galaxy,True,True,0,galaxy,0.8595529794692993,0,galaxy,0.8518916964530945,0,galaxy,0.959858238697052,0,galaxy,0.49627748131752014,0,galaxy,0.9669339060783386,0,galaxy,0.4425296187400818
118,0,galaxy,0,galaxy,True,0,galaxy,True,True,0,galaxy,0.9752398133277893,0,galaxy,0.8648203611373901,0,galaxy,0.9705770611763,0,galaxy,0.9395743608474731,0,galaxy,0.9539610743522644,0,galaxy,0.40722233057022095
119,0,galaxy,0,galaxy,True,0,galaxy,True,True,0,galaxy,0.8506234884262085,0,galaxy,0.9973579049110413,0,galaxy,0.988051176071167,0,galaxy,0.9835590720176697,0,galaxy,0.9846238493919373,0,galaxy,0.7186635136604309
120,0,galaxy,0,galaxy,True,0,galaxy,True,True,0,galaxy,0.5024085640907288,0,galaxy,0.9877970814704895,0,galaxy,0.9721918702125549,0,galaxy,0.6840814352035522,0,galaxy,0.9036248326301575,2,star,0.4141455590724945
121,0,galaxy,0,galaxy,True,0,galaxy,True,True,0,galaxy,0.9725434184074402,0,galaxy,0.9111129641532898,0,galaxy,0.8285940885543823,0,galaxy,0.9719868302345276,0,galaxy,0.9112046957015991,0,galaxy,0.7223203778266907
122,0,galaxy,0,galaxy,True,0,galaxy,True,True,0,galaxy,0.9901635050773621,0,galaxy,0.9931881427764893,0,galaxy,0.9825734496116638,0,galaxy,0.9777784943580627,0,galaxy,0.9840604066848755,0,galaxy,0.949981153011322
123,0,galaxy,0,galaxy,True,0,galaxy,True,True,0,galaxy,0.9523738622665405,0,galaxy,0.9713894128799438,0,galaxy,0.9622790813446045,0,galaxy,0.949589192867279,0,galaxy,0.982801079750061,0,galaxy,0.6969690322875977
124,0,galaxy,0,galaxy,True,0,galaxy,True,True,0,galaxy,0.8476295471191406,0,galaxy,0.9919175505638123,0,galaxy,0.972233772277832,0,galaxy,0.9851101636886597,0,galaxy,0.9411760568618774,0,galaxy,0.44369950890541077
125,0,galaxy,0,galaxy,True,0,galaxy,True,True,0,galaxy,0.9771536588668823,0,galaxy,0.9936375617980957,0,galaxy,0.9831809401512146,0,galaxy,0.9941312670707703,0,galaxy,0.9830780625343323,0,galaxy,0.6342887282371521
126,0,galaxy,0,galaxy,True,0,galaxy,True,True,0,galaxy,0.9913718700408936,0,galaxy,0.9986756443977356,0,galaxy,0.9732040166854858,0,galaxy,0.9886544942855835,0,galaxy,0.9795438647270203,2,star,0.35946330428123474
127,0,galaxy,0,galaxy,True,0,galaxy,True,True,0,galaxy,0.9974209070205688,0,galaxy,0.9627077579498291,0,galaxy,0.9784311652183533,0,galaxy,0.9873409867286682,0,galaxy,0.9666592478752136,0,galaxy,0.5846608281135559
128,0,galaxy,0,galaxy,True,0,galaxy,True,True,0,galaxy,0.9769787192344666,0,galaxy,0.9847968816757202,0,galaxy,0.9752076268196106,0,galaxy,0.989150881767273,0,galaxy,0.9537361264228821,0,galaxy,0.526250958442688
129,0,galaxy,0,galaxy,True,0,galaxy,True,True,0,galaxy,0.9599621295928955,0,galaxy,0.9231515526771545,0,galaxy,0.9758089780807495,0,galaxy,0.9688254594802856,0,galaxy,0.955810546875,2,star,0.5441126227378845
130,0,galaxy,0,galaxy,True,0,galaxy,True,True,0,galaxy,0.9509209394454956,0,galaxy,0.9721419215202332,0,galaxy,0.9739894866943359,0,galaxy,0.9857116341590881,0,galaxy,0.9687809348106384,2,star,0.46703463792800903
131,0,galaxy,0,galaxy,True,0,galaxy,True,True,0,galaxy,0.9658374190330505,0,galaxy,0.9556671977043152,0,galaxy,0.9820079803466797,0,galaxy,0.9940447211265564,0,galaxy,0.9819907546043396,0,galaxy,0.5735117793083191
132,0,galaxy,0,galaxy,True,0,galaxy,True,True,0,galaxy,0.9641990661621094,0,galaxy,0.9815654158592224,0,galaxy,0.9544634222984314,0,galaxy,0.9841610789299011,0,galaxy,0.9536723494529724,2,star,0.4202078580856323
133,0,galaxy,0,galaxy,True,0,galaxy,True,True,0,galaxy,0.8375586271286011,0,galaxy,0.8977246880531311,0,galaxy,0.9742398262023926,0,galaxy,0.9586430788040161,0,galaxy,0.9431028962135315,0,galaxy,0.45245784521102905
134,0,galaxy,0,galaxy,True,0,galaxy,True,True,0,galaxy,0.9767059683799744,0,galaxy,0.9395946264266968,0,galaxy,0.9635633230209351,0,galaxy,0.9622757434844971,0,galaxy,0.9745966792106628,0,galaxy,0.6226552724838257
135,0,galaxy,1,quasar,False,1,quasar,False,True,1,quasar,0.6006252765655518,1,quasar,0.6604605317115784,1,quasar,0.6357727646827698,1,quasar,0.581000566482544,1,quasar,0.5104512572288513,2,star,0.591741144657135
136,0,galaxy,0,galaxy,True,0,galaxy,True,True,0,galaxy,0.9608781933784485,0,galaxy,0.8596158623695374,0,galaxy,0.9319091439247131,0,galaxy,0.8975056409835815,0,galaxy,0.9588579535484314,0,galaxy,0.7539650797843933
137,0,galaxy,0,galaxy,True,0,galaxy,True,True,0,galaxy,0.9114134311676025,0,galaxy,0.9926175475120544,0,galaxy,0.9785924553871155,0,galaxy,0.9909703731536865,0,galaxy,0.9824137687683105,0,galaxy,0.7529828548431396
138,0,galaxy,0,galaxy,True,0,galaxy,True,True,0,galaxy,0.9963603615760803,0,galaxy,0.9978165626525879,0,galaxy,0.9821512699127197,0,galaxy,0.9921253323554993,0,galaxy,0.9844483137130737,0,galaxy,0.7985584139823914
139,0,galaxy,0,galaxy,True,0,galaxy,True,True,0,galaxy,0.858960747718811,0,galaxy,0.8800442218780518,0,galaxy,0.9285370707511902,0,galaxy,0.971775472164154,0,galaxy,0.9258313775062561,1,quasar,0.4663025140762329
140,0,galaxy,0,galaxy,True,0,galaxy,True,True,0,galaxy,0.9791698455810547,0,galaxy,0.994330644607544,0,galaxy,0.9797729253768921,0,galaxy,0.9618873596191406,0,galaxy,0.9811388850212097,2,star,0.4938091039657593
141,0,galaxy,0,galaxy,True,0,galaxy,True,True,0,galaxy,0.9161167144775391,0,galaxy,0.9926993250846863,0,galaxy,0.9787864685058594,0,galaxy,0.9850120544433594,0,galaxy,0.9585309028625488,0,galaxy,0.5805469751358032
142,0,galaxy,0,galaxy,True,0,galaxy,True,True,0,galaxy,0.933079719543457,0,galaxy,0.6706401109695435,0,galaxy,0.9632206559181213,0,galaxy,0.9807155132293701,0,galaxy,0.9358645677566528,0,galaxy,0.6567155718803406
143,0,galaxy,0,galaxy,True,0,galaxy,True,True,0,galaxy,0.8938705921173096,0,galaxy,0.5271391868591309,0,galaxy,0.9383292198181152,0,galaxy,0.9132720828056335,0,galaxy,0.9353609681129456,0,galaxy,0.35755300521850586
144,0,galaxy,0,galaxy,True,0,galaxy,True,True,0,galaxy,0.9688189625740051,0,galaxy,0.968606173992157,0,galaxy,0.9735901951789856,0,galaxy,0.9748085737228394,0,galaxy,0.9500712752342224,0,galaxy,0.555368959903717
145,0,galaxy,0,galaxy,True,0,galaxy,True,True,0,galaxy,0.9800807237625122,0,galaxy,0.9816272854804993,0,galaxy,0.9720672369003296,0,galaxy,0.9767202734947205,0,galaxy,0.9218893647193909,0,galaxy,0.6335729360580444
146,0,galaxy,0,galaxy,True,0,galaxy,True,True,0,galaxy,0.9428602457046509,0,galaxy,0.9526373147964478,0,galaxy,0.9675622582435608,0,galaxy,0.9750208854675293,0,galaxy,0.9735414981842041,0,galaxy,0.7082446813583374
147,0,galaxy,0,galaxy,True,0,galaxy,True,True,0,galaxy,0.9903647303581238,0,galaxy,0.9966140389442444,0,galaxy,0.9837475419044495,0,galaxy,0.9899368286132812,0,galaxy,0.9861352443695068,2,star,0.3773103952407837
148,0,galaxy,0,galaxy,True,0,galaxy,True,True,0,galaxy,0.9893546104431152,0,galaxy,0.9996805191040039,0,galaxy,0.9694418907165527,0,galaxy,0.9804023504257202,0,galaxy,0.9834627509117126,0,galaxy,0.9051193594932556
149,0,galaxy,0,galaxy,True,0,galaxy,True,True,0,galaxy,0.9443284869194031,0,galaxy,0.995384156703949,0,galaxy,0.9767749905586243,0,galaxy,0.9674513339996338,0,galaxy,0.9818654656410217,0,galaxy,0.5024436116218567
150,0,galaxy,0,galaxy,True,0,galaxy,True,True,0,galaxy,0.7003975510597229,0,galaxy,0.6442089676856995,0,galaxy,0.9552199840545654,0,galaxy,0.9865161180496216,0,galaxy,0.9525495767593384,0,galaxy,0.5550810694694519
151,0,galaxy,0,galaxy,True,0,galaxy,True,True,0,galaxy,0.9935012459754944,0,galaxy,0.9948770403862,0,galaxy,0.9797767996788025,0,galaxy,0.9896341562271118,0,galaxy,0.9827809929847717,0,galaxy,0.6575159430503845
152,0,galaxy,0,galaxy,True,0,galaxy,True,True,0,galaxy,0.9146478772163391,0,galaxy,0.8915790915489197,0,galaxy,0.9692294001579285,0,galaxy,0.8619883060455322,0,galaxy,0.9646324515342712,0,galaxy,0.9674830436706543
153,0,galaxy,0,galaxy,True,0,galaxy,True,True,0,galaxy,0.8093944191932678,0,galaxy,0.9982454776763916,0,galaxy,0.9821293950080872,0,galaxy,0.9538418650627136,0,galaxy,0.9255708456039429,0,galaxy,0.8306671977043152
154,0,galaxy,0,galaxy,True,0,galaxy,True,True,0,galaxy,0.9636715650558472,0,galaxy,0.9366782903671265,0,galaxy,0.8864009380340576,0,galaxy,0.8757303357124329,0,galaxy,0.9618242383003235,2,star,0.4227885603904724
155,0,galaxy,0,galaxy,True,0,galaxy,True,True,0,galaxy,0.9799497723579407,0,galaxy,0.9897961020469666,0,galaxy,0.9845896363258362,0,galaxy,0.9908842444419861,0,galaxy,0.9854031801223755,0,galaxy,0.9408188462257385
156,0,galaxy,0,galaxy,True,0,galaxy,True,True,0,galaxy,0.9599288702011108,0,galaxy,0.931276798248291,0,galaxy,0.9661065936088562,0,galaxy,0.9518362283706665,0,galaxy,0.9562903046607971,0,galaxy,0.6127699017524719
157,0,galaxy,0,galaxy,True,0,galaxy,True,True,0,galaxy,0.9691300988197327,0,galaxy,0.9933653473854065,0,galaxy,0.9832457304000854,0,galaxy,0.9709994792938232,0,galaxy,0.9762561917304993,0,galaxy,0.7485441565513611
158,0,galaxy,0,galaxy,True,0,galaxy,True,True,0,galaxy,0.9563937783241272,0,galaxy,0.9936135411262512,0,galaxy,0.9682665467262268,0,galaxy,0.9518222212791443,0,galaxy,0.9434965252876282,2,star,0.6106812953948975
159,0,galaxy,0,galaxy,True,0,galaxy,True,True,0,galaxy,0.7629871964454651,0,galaxy,0.43262797594070435,0,galaxy,0.9637277126312256,0,galaxy,0.8049365282058716,0,galaxy,0.9369156956672668,0,galaxy,0.3930337131023407
160,0,galaxy,0,galaxy,True,0,galaxy,True,True,0,galaxy,0.9877188205718994,0,galaxy,0.9498859643936157,0,galaxy,0.9683026075363159,0,galaxy,0.9786595702171326,0,galaxy,0.9464995861053467,0,galaxy,0.4713727533817291
161,0,galaxy,0,galaxy,True,0,galaxy,True,True,0,galaxy,0.9563068747520447,0,galaxy,0.9438952207565308,0,galaxy,0.9582241773605347,0,galaxy,0.9760968089103699,0,galaxy,0.9757513999938965,0,galaxy,0.6610166430473328
162,0,galaxy,0,galaxy,True,0,galaxy,True,True,0,galaxy,0.9882235527038574,0,galaxy,0.9989944100379944,0,galaxy,0.9871131777763367,0,galaxy,0.991540253162384,0,galaxy,0.986327052116394,0,galaxy,0.9302234649658203
163,0,galaxy,0,galaxy,True,0,galaxy,True,True,0,galaxy,0.7306256294250488,0,galaxy,0.6785055994987488,0,galaxy,0.9571328163146973,0,galaxy,0.9465171098709106,0,galaxy,0.9595842957496643,0,galaxy,0.5538245439529419
164,0,galaxy,0,galaxy,True,0,galaxy,True,True,0,galaxy,0.9845716953277588,0,galaxy,0.5866913795471191,0,galaxy,0.9586323499679565,0,galaxy,0.9386890530586243,0,galaxy,0.9435409307479858,0,galaxy,0.4644184708595276
165,0,galaxy,0,galaxy,True,0,galaxy,True,True,0,galaxy,0.9419537782669067,0,galaxy,0.9475070834159851,0,galaxy,0.928849995136261,0,galaxy,0.9512459635734558,0,galaxy,0.9375360012054443,2,star,0.40225356817245483
166,0,galaxy,0,galaxy,True,0,galaxy,True,True,0,galaxy,0.9756894111633301,0,galaxy,0.9880890250205994,0,galaxy,0.970978319644928,0,galaxy,0.9859914183616638,0,galaxy,0.9470400214195251,0,galaxy,0.6371473073959351
167,0,galaxy,0,galaxy,True,0,galaxy,True,True,0,galaxy,0.6696195006370544,0,galaxy,0.9477686285972595,0,galaxy,0.8718159794807434,2,star,0.5736674666404724,0,galaxy,0.7442467212677002,2,star,0.5173075199127197
168,0,galaxy,0,galaxy,True,0,galaxy,True,True,0,galaxy,0.9406209588050842,0,galaxy,0.9926974177360535,0,galaxy,0.9736539125442505,0,galaxy,0.9939555525779724,0,galaxy,0.9448891878128052,0,galaxy,0.8840690851211548
169,0,galaxy,0,galaxy,True,0,galaxy,True,True,0,galaxy,0.9819412231445312,0,galaxy,0.9993377327919006,0,galaxy,0.9873075485229492,0,galaxy,0.9932489395141602,0,galaxy,0.9856616854667664,0,galaxy,0.6300572752952576
170,0,galaxy,0,galaxy,True,0,galaxy,True,True,0,galaxy,0.9880532026290894,0,galaxy,0.9996243715286255,0,galaxy,0.9849823117256165,0,galaxy,0.9779625535011292,0,galaxy,0.9847426414489746,0,galaxy,0.9384790062904358
171,0,galaxy,0,galaxy,True,0,galaxy,True,True,0,galaxy,0.9873374104499817,0,galaxy,0.9985887408256531,0,galaxy,0.9834943413734436,0,galaxy,0.9676859378814697,0,galaxy,0.9832568764686584,0,galaxy,0.9227015376091003
172,0,galaxy,0,galaxy,True,0,galaxy,True,True,0,galaxy,0.9130759835243225,0,galaxy,0.9982384443283081,0,galaxy,0.9774664044380188,0,galaxy,0.9412228465080261,0,galaxy,0.940824031829834,0,galaxy,0.5957251787185669
173,0,galaxy,0,galaxy,True,0,galaxy,True,True,0,galaxy,0.6437278389930725,2,star,0.5154179334640503,0,galaxy,0.9401439428329468,0,galaxy,0.9332899451255798,0,galaxy,0.9560353755950928,0,galaxy,0.5764943957328796
174,0,galaxy,0,galaxy,True,0,galaxy,True,True,0,galaxy,0.8738257884979248,0,galaxy,0.9944357872009277,0,galaxy,0.9483684301376343,0,galaxy,0.9681146740913391,0,galaxy,0.9576806426048279,2,star,0.49737998843193054
175,0,galaxy,0,galaxy,True,0,galaxy,True,True,0,galaxy,0.9484611749649048,0,galaxy,0.9990808963775635,0,galaxy,0.9861876964569092,0,galaxy,0.9920435547828674,0,galaxy,0.9778836965560913,0,galaxy,0.6165125966072083
176,0,galaxy,0,galaxy,True,0,galaxy,True,True,0,galaxy,0.981965959072113,1,quasar,0.601435124874115,0,galaxy,0.9142580032348633,0,galaxy,0.8560965657234192,0,galaxy,0.9236072897911072,0,galaxy,0.46509218215942383
177,0,galaxy,0,galaxy,True,0,galaxy,True,True,0,galaxy,0.8890866637229919,0,galaxy,0.9754010438919067,0,galaxy,0.9784804582595825,0,galaxy,0.973742663860321,0,galaxy,0.9389172792434692,2,star,0.5443808436393738
178,0,galaxy,0,galaxy,True,0,galaxy,True,True,0,galaxy,0.9801430106163025,0,galaxy,0.9872264266014099,0,galaxy,0.9650974869728088,0,galaxy,0.9820652604103088,0,galaxy,0.9747929573059082,0,galaxy,0.5799071192741394
179,0,galaxy,0,galaxy,True,0,galaxy,True,True,0,galaxy,0.9757280349731445,0,galaxy,0.9970417618751526,0,galaxy,0.9855422973632812,0,galaxy,0.9832294583320618,0,galaxy,0.9859170317649841,0,galaxy,0.7790323495864868
180,0,galaxy,0,galaxy,True,0,galaxy,True,True,0,galaxy,0.9745568037033081,0,galaxy,0.976667046546936,0,galaxy,0.9786381125450134,0,galaxy,0.9831641316413879,0,galaxy,0.9756544828414917,1,quasar,0.47397133708000183
181,0,galaxy,0,galaxy,True,0,galaxy,True,True,0,galaxy,0.9918673634529114,0,galaxy,0.9996459484100342,0,galaxy,0.9853734970092773,0,galaxy,0.9726467132568359,0,galaxy,0.9864053130149841,0,galaxy,0.77104651927948
182,0,galaxy,0,galaxy,True,0,galaxy,True,True,0,galaxy,0.824631929397583,0,galaxy,0.9851195216178894,0,galaxy,0.9605855345726013,0,galaxy,0.9865484833717346,0,galaxy,0.9783458113670349,0,galaxy,0.6842678189277649
183,0,galaxy,0,galaxy,True,0,galaxy,True,True,0,galaxy,0.9908353090286255,0,galaxy,0.9985172152519226,0,galaxy,0.9840214848518372,0,galaxy,0.9781249761581421,0,galaxy,0.986303985118866,0,galaxy,0.6780521869659424
184,0,galaxy,0,galaxy,True,0,galaxy,True,True,0,galaxy,0.9421993494033813,0,galaxy,0.9885317087173462,0,galaxy,0.97440505027771,0,galaxy,0.981773316860199,0,galaxy,0.9709185361862183,0,galaxy,0.4947153329849243
185,0,galaxy,0,galaxy,True,0,galaxy,True,True,0,galaxy,0.956042468547821,0,galaxy,0.9979719519615173,0,galaxy,0.9830036163330078,0,galaxy,0.9721812605857849,0,galaxy,0.9858061671257019,0,galaxy,0.41196170449256897
186,0,galaxy,0,galaxy,True,0,galaxy,True,True,0,galaxy,0.9652063250541687,0,galaxy,0.9987144470214844,0,galaxy,0.8250189423561096,0,galaxy,0.9882119297981262,0,galaxy,0.9845852255821228,0,galaxy,0.6504796147346497
187,0,galaxy,0,galaxy,True,0,galaxy,True,True,2,star,0.5729070901870728,0,galaxy,0.9811462163925171,0,galaxy,0.8838857412338257,0,galaxy,0.9810745120048523,0,galaxy,0.9753770232200623,2,star,0.470598429441452
188,0,galaxy,0,galaxy,True,0,galaxy,True,True,0,galaxy,0.9380956292152405,0,galaxy,0.9773818254470825,0,galaxy,0.9349656105041504,0,galaxy,0.9794700741767883,0,galaxy,0.9568167924880981,2,star,0.5186689496040344
189,0,galaxy,0,galaxy,True,0,galaxy,True,True,0,galaxy,0.9135979413986206,0,galaxy,0.9999022483825684,0,galaxy,0.9888768792152405,0,galaxy,0.9722709655761719,0,galaxy,0.9819667339324951,0,galaxy,0.8566780090332031
190,0,galaxy,0,galaxy,True,0,galaxy,True,True,0,galaxy,0.9734255075454712,0,galaxy,0.8764792084693909,0,galaxy,0.961422324180603,0,galaxy,0.9882293939590454,0,galaxy,0.942572295665741,0,galaxy,0.7347380518913269
191,0,galaxy,0,galaxy,True,0,galaxy,True,True,0,galaxy,0.9606046676635742,0,galaxy,0.9653761386871338,0,galaxy,0.9626769423484802,0,galaxy,0.948072612285614,0,galaxy,0.924031674861908,2,star,0.412188321352005
192,0,galaxy,0,galaxy,True,0,galaxy,True,True,0,galaxy,0.9762410521507263,0,galaxy,0.9936204552650452,0,galaxy,0.9812203645706177,0,galaxy,0.982599139213562,0,galaxy,0.9861041903495789,0,galaxy,0.5746880173683167
193,0,galaxy,0,galaxy,True,0,galaxy,True,True,0,galaxy,0.9794753789901733,0,galaxy,0.9525036215782166,0,galaxy,0.976012647151947,0,galaxy,0.9716541767120361,0,galaxy,0.9545178413391113,0,galaxy,0.849629282951355
194,0,galaxy,0,galaxy,True,0,galaxy,True,True,0,galaxy,0.8477643728256226,0,galaxy,0.9892855286598206,0,galaxy,0.9780492186546326,0,galaxy,0.9471330642700195,0,galaxy,0.9108932614326477,0,galaxy,0.6151617169380188
195,0,galaxy,0,galaxy,True,0,galaxy,True,True,0,galaxy,0.9760870337486267,0,galaxy,0.9988341927528381,0,galaxy,0.9871202111244202,0,galaxy,0.992837131023407,0,galaxy,0.9861025810241699,0,galaxy,0.7575048804283142
196,0,galaxy,0,galaxy,True,0,galaxy,True,True,0,galaxy,0.986669659614563,0,galaxy,0.999096155166626,0,galaxy,0.9795002937316895,0,galaxy,0.992544949054718,0,galaxy,0.9843642115592957,0,galaxy,0.7723157405853271
197,0,galaxy,0,galaxy,True,0,galaxy,True,True,0,galaxy,0.9525633454322815,0,galaxy,0.753197968006134,0,galaxy,0.960010826587677,0,galaxy,0.972417950630188,0,galaxy,0.9456180334091187,2,star,0.6974887847900391
198,0,galaxy,0,galaxy,True,0,galaxy,True,True,0,galaxy,0.9649438261985779,0,galaxy,0.9936979413032532,0,galaxy,0.9671427011489868,0,galaxy,0.9844509363174438,0,galaxy,0.9585914611816406,2,star,0.5585631728172302
199,0,galaxy,2,star,False,2,star,False,True,2,star,0.8441935777664185,2,star,0.49059367179870605,2,star,0.9071944952011108,2,star,0.47477468848228455,2,star,0.8524247407913208,0,galaxy,0.47101670503616333
200,0,galaxy,0,galaxy,True,0,galaxy,True,True,0,galaxy,0.967370331287384,0,galaxy,0.9940839409828186,0,galaxy,0.9709048271179199,0,galaxy,0.9879344701766968,0,galaxy,0.970907986164093,0,galaxy,0.5366290807723999
201,0,galaxy,0,galaxy,True,0,galaxy,True,True,0,galaxy,0.9835548996925354,0,galaxy,0.9679225087165833,0,galaxy,0.9699631333351135,0,galaxy,0.9762020707130432,0,galaxy,0.9551423192024231,0,galaxy,0.49910008907318115
202,0,galaxy,0,galaxy,True,0,galaxy,True,True,0,galaxy,0.9400584697723389,0,galaxy,0.9979923963546753,0,galaxy,0.9846257567405701,0,galaxy,0.9778470993041992,0,galaxy,0.9788837432861328,0,galaxy,0.6390092968940735
203,0,galaxy,0,galaxy,True,0,galaxy,True,True,0,galaxy,0.9788981676101685,0,galaxy,0.9966801404953003,0,galaxy,0.9804055690765381,0,galaxy,0.990546464920044,0,galaxy,0.9757815003395081,0,galaxy,0.5856274366378784
204,0,galaxy,0,galaxy,True,0,galaxy,True,True,0,galaxy,0.8615001440048218,0,galaxy,0.9451360702514648,0,galaxy,0.9683272242546082,0,galaxy,0.9857357144355774,0,galaxy,0.9448671340942383,0,galaxy,0.6384579539299011
205,0,galaxy,0,galaxy,True,0,galaxy,True,True,0,galaxy,0.9764949083328247,0,galaxy,0.9790390133857727,0,galaxy,0.9586213827133179,0,galaxy,0.9639052152633667,0,galaxy,0.9394243955612183,0,galaxy,0.9018629789352417
206,0,galaxy,0,galaxy,True,0,galaxy,True,True,0,galaxy,0.938345730304718,0,galaxy,0.7306296825408936,0,galaxy,0.6474965214729309,0,galaxy,0.9575421214103699,0,galaxy,0.9391300082206726,0,galaxy,0.48111921548843384
207,0,galaxy,0,galaxy,True,0,galaxy,True,True,0,galaxy,0.9167512059211731,0,galaxy,0.90809565782547,0,galaxy,0.9112837314605713,0,galaxy,0.9557389616966248,0,galaxy,0.93751460313797,0,galaxy,0.5206649899482727
208,0,galaxy,0,galaxy,True,0,galaxy,True,True,0,galaxy,0.9686238765716553,0,galaxy,0.9997618794441223,0,galaxy,0.9886034727096558,0,galaxy,0.9742830395698547,0,galaxy,0.9860000014305115,0,galaxy,0.7346014976501465
209,0,galaxy,0,galaxy,True,0,galaxy,True,True,0,galaxy,0.5198243260383606,0,galaxy,0.9954118132591248,0,galaxy,0.9604209065437317,0,galaxy,0.9378491044044495,0,galaxy,0.9639071226119995,2,star,0.6269365549087524
210,0,galaxy,0,galaxy,True,0,galaxy,True,True,0,galaxy,0.9937147498130798,0,galaxy,0.8377697467803955,0,galaxy,0.973145067691803,0,galaxy,0.9830142259597778,0,galaxy,0.9652040004730225,0,galaxy,0.6929787397384644
211,0,galaxy,0,galaxy,True,0,galaxy,True,True,0,galaxy,0.8701905012130737,0,galaxy,0.9186700582504272,0,galaxy,0.9796899557113647,0,galaxy,0.9920897483825684,0,galaxy,0.9362719655036926,0,galaxy,0.615003764629364
212,0,galaxy,1,quasar,False,1,quasar,False,True,1,quasar,0.6212438941001892,1,quasar,0.6368869543075562,1,quasar,0.45108503103256226,2,star,0.5304180383682251,0,galaxy,0.6438570618629456,0,galaxy,0.3860741853713989
213,0,galaxy,0,galaxy,True,0,galaxy,True,True,0,galaxy,0.8719236850738525,0,galaxy,0.6341593265533447,0,galaxy,0.9839318990707397,0,galaxy,0.9819376468658447,0,galaxy,0.9762951135635376,0,galaxy,0.5269584059715271
214,0,galaxy,0,galaxy,True,0,galaxy,True,True,0,galaxy,0.8964792490005493,0,galaxy,0.9571012854576111,0,galaxy,0.9620385766029358,0,galaxy,0.8501473665237427,0,galaxy,0.9504315853118896,0,galaxy,0.5881924033164978
215,0,galaxy,0,galaxy,True,0,galaxy,True,True,0,galaxy,0.9516828060150146,0,galaxy,0.9426957964897156,0,galaxy,0.9813745617866516,0,galaxy,0.9767963886260986,0,galaxy,0.977088987827301,0,galaxy,0.7605326175689697
216,0,galaxy,0,galaxy,True,0,galaxy,True,True,0,galaxy,0.8725314140319824,0,galaxy,0.9901531338691711,0,galaxy,0.9480199813842773,0,galaxy,0.927944004535675,0,galaxy,0.9341050386428833,0,galaxy,0.5822210907936096
217,0,galaxy,0,galaxy,True,0,galaxy,True,True,1,quasar,0.5333605408668518,0,galaxy,0.8677796721458435,0,galaxy,0.9463375806808472,0,galaxy,0.8388928174972534,0,galaxy,0.9280820488929749,0,galaxy,0.6787197589874268
218,0,galaxy,0,galaxy,True,0,galaxy,True,True,0,galaxy,0.9536429047584534,0,galaxy,0.9806031584739685,0,galaxy,0.9681732058525085,0,galaxy,0.9870465993881226,0,galaxy,0.9557676315307617,0,galaxy,0.7571731209754944
219,0,galaxy,0,galaxy,True,0,galaxy,True,True,0,galaxy,0.9609793424606323,0,galaxy,0.9984315037727356,0,galaxy,0.9823281764984131,0,galaxy,0.9934462904930115,0,galaxy,0.9830690622329712,0,galaxy,0.9253637790679932
220,0,galaxy,0,galaxy,True,0,galaxy,True,True,0,galaxy,0.9157773852348328,0,galaxy,0.9974610805511475,0,galaxy,0.9845896363258362,0,galaxy,0.979353666305542,0,galaxy,0.9793800115585327,0,galaxy,0.5391345024108887
221,0,galaxy,0,galaxy,True,0,galaxy,True,True,0,galaxy,0.5432018041610718,0,galaxy,0.9844598770141602,0,galaxy,0.943520724773407,0,galaxy,0.9571534991264343,0,galaxy,0.9523430466651917,2,star,0.5261194705963135
222,0,galaxy,0,galaxy,True,0,galaxy,True,True,0,galaxy,0.9216246008872986,0,galaxy,0.9283000230789185,0,galaxy,0.9610078930854797,0,galaxy,0.983394980430603,0,galaxy,0.9174033999443054,0,galaxy,0.7403614521026611
223,0,galaxy,0,galaxy,True,0,galaxy,True,True,0,galaxy,0.9794537425041199,0,galaxy,0.9991538524627686,0,galaxy,0.9821074604988098,0,galaxy,0.9760002493858337,0,galaxy,0.9812893271446228,0,galaxy,0.5286158919334412
224,0,galaxy,0,galaxy,True,0,galaxy,True,True,0,galaxy,0.9892591834068298,0,galaxy,0.9995447993278503,0,galaxy,0.9801523089408875,0,galaxy,0.9837368130683899,0,galaxy,0.9821406602859497,0,galaxy,0.7613316774368286
225,0,galaxy,0,galaxy,True,0,galaxy,True,True,0,galaxy,0.9585385322570801,0,galaxy,0.9514093995094299,0,galaxy,0.9859262704849243,0,galaxy,0.970760703086853,0,galaxy,0.9820903539657593,0,galaxy,0.8543660044670105
226,0,galaxy,0,galaxy,True,0,galaxy,True,True,0,galaxy,0.9493890404701233,0,galaxy,0.6291313171386719,0,galaxy,0.9638840556144714,0,galaxy,0.9623423218727112,0,galaxy,0.9106614589691162,0,galaxy,0.4801037609577179
227,0,galaxy,0,galaxy,True,0,galaxy,True,True,0,galaxy,0.9112281799316406,0,galaxy,0.843257486820221,0,galaxy,0.9718371629714966,0,galaxy,0.9650925993919373,0,galaxy,0.9825222492218018,0,galaxy,0.5793600678443909
228,0,galaxy,0,galaxy,True,0,galaxy,True,True,0,galaxy,0.9823396801948547,0,galaxy,0.7736080884933472,0,galaxy,0.9761523008346558,0,galaxy,0.9694445729255676,0,galaxy,0.9543944597244263,0,galaxy,0.5658324956893921
229,0,galaxy,0,galaxy,True,0,galaxy,True,True,0,galaxy,0.9945536851882935,0,galaxy,0.9460605382919312,0,galaxy,0.97422194480896,0,galaxy,0.9834764003753662,0,galaxy,0.9594551920890808,1,quasar,0.41131386160850525
230,0,galaxy,0,galaxy,True,0,galaxy,True,True,0,galaxy,0.9881293177604675,0,galaxy,0.9990482926368713,0,galaxy,0.9856356382369995,0,galaxy,0.9832893013954163,0,galaxy,0.9866646528244019,0,galaxy,0.8017417788505554
231,0,galaxy,0,galaxy,True,0,galaxy,True,True,0,galaxy,0.9379132390022278,0,galaxy,0.9965564012527466,0,galaxy,0.8495674133300781,0,galaxy,0.8316556811332703,0,galaxy,0.9701209664344788,0,galaxy,0.4292506277561188
232,0,galaxy,0,galaxy,True,0,galaxy,True,True,0,galaxy,0.9307728409767151,0,galaxy,0.9434288740158081,0,galaxy,0.9356067776679993,0,galaxy,0.9331074357032776,0,galaxy,0.9652310609817505,0,galaxy,0.6201512217521667
233,0,galaxy,0,galaxy,True,0,galaxy,True,True,0,galaxy,0.9881809949874878,0,galaxy,0.9909189939498901,0,galaxy,0.9815418720245361,0,galaxy,0.989656925201416,0,galaxy,0.9859701991081238,0,galaxy,0.7592493891716003
234,0,galaxy,0,galaxy,True,0,galaxy,True,True,0,galaxy,0.8415771722793579,0,galaxy,0.9669469594955444,0,galaxy,0.9783493280410767,0,galaxy,0.9895449280738831,0,galaxy,0.9821228384971619,0,galaxy,0.8021067976951599
235,0,galaxy,0,galaxy,True,0,galaxy,True,True,0,galaxy,0.987692654132843,0,galaxy,0.9953481554985046,0,galaxy,0.9804688096046448,0,galaxy,0.9856632351875305,0,galaxy,0.9841322898864746,0,galaxy,0.8983681797981262
236,0,galaxy,0,galaxy,True,0,galaxy,True,True,0,galaxy,0.9630638957023621,0,galaxy,0.8870254158973694,0,galaxy,0.9789738655090332,0,galaxy,0.9726420640945435,0,galaxy,0.9322730898857117,0,galaxy,0.5236110687255859
237,0,galaxy,0,galaxy,True,0,galaxy,True,True,0,galaxy,0.8807233572006226,0,galaxy,0.987105131149292,0,galaxy,0.977205216884613,0,galaxy,0.9882445335388184,0,galaxy,0.9589719176292419,0,galaxy,0.7092298269271851
238,0,galaxy,0,galaxy,True,0,galaxy,True,True,0,galaxy,0.9613507390022278,0,galaxy,0.9853314161300659,0,galaxy,0.9786196351051331,0,galaxy,0.9571937918663025,0,galaxy,0.9818313717842102,0,galaxy,0.7665165662765503
239,0,galaxy,0,galaxy,True,0,galaxy,True,True,0,galaxy,0.9336305856704712,0,galaxy,0.9491040706634521,0,galaxy,0.9736216068267822,0,galaxy,0.9837628602981567,0,galaxy,0.9730082750320435,0,galaxy,0.7204066514968872
240,0,galaxy,0,galaxy,True,0,galaxy,True,True,0,galaxy,0.9787406325340271,0,galaxy,0.9968208074569702,0,galaxy,0.980751633644104,0,galaxy,0.9933384656906128,0,galaxy,0.9821441173553467,0,galaxy,0.5894919633865356
241,0,galaxy,0,galaxy,True,0,galaxy,True,True,0,galaxy,0.9786715507507324,0,galaxy,0.9998201727867126,0,galaxy,0.9847731590270996,0,galaxy,0.9390603303909302,0,galaxy,0.9861339926719666,0,galaxy,0.9368041157722473
242,0,galaxy,0,galaxy,True,0,galaxy,True,True,0,galaxy,0.8313676118850708,0,galaxy,0.9764927625656128,0,galaxy,0.9744513034820557,0,galaxy,0.988102376461029,0,galaxy,0.9673506021499634,0,galaxy,0.9238943457603455
243,0,galaxy,0,galaxy,True,0,galaxy,True,True,0,galaxy,0.9797778129577637,0,galaxy,0.9937019348144531,0,galaxy,0.9821741580963135,0,galaxy,0.9769495129585266,0,galaxy,0.9862050414085388,0,galaxy,0.6715627908706665
244,0,galaxy,0,galaxy,True,0,galaxy,True,True,0,galaxy,0.9392480254173279,0,galaxy,0.670032262802124,0,galaxy,0.9709840416908264,0,galaxy,0.9851101636886597,0,galaxy,0.9615495204925537,2,star,0.6303381323814392
245,0,galaxy,0,galaxy,True,2,star,False,False,1,quasar,0.5487699508666992,1,quasar,0.36295852065086365,2,star,0.9066107273101807,2,star,0.6148067712783813,0,galaxy,0.9351483583450317,0,galaxy,0.35999566316604614
246,0,galaxy,0,galaxy,True,0,galaxy,True,True,0,galaxy,0.9207817316055298,0,galaxy,0.9687855839729309,0,galaxy,0.9808750152587891,0,galaxy,0.9889419078826904,0,galaxy,0.971738338470459,0,galaxy,0.6717172265052795
247,0,galaxy,0,galaxy,True,0,galaxy,True,True,0,galaxy,0.5869099497795105,0,galaxy,0.8380483388900757,0,galaxy,0.9644172191619873,0,galaxy,0.7673205137252808,0,galaxy,0.9177753329277039,0,galaxy,0.5048204660415649
248,0,galaxy,0,galaxy,True,0,galaxy,True,True,0,galaxy,0.9129957556724548,0,galaxy,0.8261475563049316,0,galaxy,0.923297643661499,0,galaxy,0.9746015667915344,0,galaxy,0.9352236390113831,0,galaxy,0.5220550298690796
249,0,galaxy,0,galaxy,True,0,galaxy,True,True,0,galaxy,0.9884922504425049,0,galaxy,0.9600697755813599,0,galaxy,0.9395125508308411,0,galaxy,0.987744152545929,0,galaxy,0.9243589043617249,0,galaxy,0.6687822341918945
250,0,galaxy,0,galaxy,True,0,galaxy,True,True,0,galaxy,0.9955675005912781,0,galaxy,0.9989750385284424,0,galaxy,0.9856904149055481,0,galaxy,0.9869260787963867,0,galaxy,0.9865865707397461,0,galaxy,0.8836275935173035
251,0,galaxy,0,galaxy,True,0,galaxy,True,True,0,galaxy,0.9657461047172546,0,galaxy,0.9913089275360107,0,galaxy,0.9780520796775818,0,galaxy,0.9852792024612427,0,galaxy,0.9802799224853516,0,galaxy,0.8550507426261902
252,0,galaxy,0,galaxy,True,0,galaxy,True,True,0,galaxy,0.9781116247177124,0,galaxy,0.9945730566978455,0,galaxy,0.9751918315887451,0,galaxy,0.9910484552383423,0,galaxy,0.9555990695953369,0,galaxy,0.6088394522666931
253,0,galaxy,0,galaxy,True,0,galaxy,True,True,0,galaxy,0.9446685910224915,0,galaxy,0.8861938118934631,0,galaxy,0.9770870804786682,0,galaxy,0.9902944564819336,0,galaxy,0.965912401676178,0,galaxy,0.910380482673645
254,0,galaxy,0,galaxy,True,0,galaxy,True,True,2,star,0.7023995518684387,0,galaxy,0.9524521231651306,0,galaxy,0.9203488826751709,0,galaxy,0.5493513941764832,0,galaxy,0.9101451635360718,0,galaxy,0.404854416847229
255,0,galaxy,0,galaxy,True,0,galaxy,True,True,0,galaxy,0.925446629524231,0,galaxy,0.9458252191543579,0,galaxy,0.9701706767082214,0,galaxy,0.9778209924697876,0,galaxy,0.9339748620986938,0,galaxy,0.7518208026885986
256,0,galaxy,0,galaxy,True,0,galaxy,True,True,0,galaxy,0.9640200138092041,0,galaxy,0.985632061958313,0,galaxy,0.9733664393424988,0,galaxy,0.9787207841873169,0,galaxy,0.9516276121139526,0,galaxy,0.5328012108802795
257,0,galaxy,0,galaxy,True,0,galaxy,True,True,0,galaxy,0.9623910188674927,0,galaxy,0.9881187081336975,0,galaxy,0.9756007194519043,0,galaxy,0.9716723561286926,0,galaxy,0.9394822716712952,0,galaxy,0.6831396222114563
258,0,galaxy,0,galaxy,True,0,galaxy,True,True,0,galaxy,0.8011807203292847,0,galaxy,0.5768573880195618,0,galaxy,0.9472259283065796,0,galaxy,0.9824533462524414,0,galaxy,0.943446159362793,0,galaxy,0.5961205363273621
259,0,galaxy,0,galaxy,True,0,galaxy,True,True,0,galaxy,0.7810850143432617,0,galaxy,0.9376970529556274,0,galaxy,0.939693033695221,0,galaxy,0.9907251000404358,0,galaxy,0.944135308265686,0,galaxy,0.48517730832099915
260,0,galaxy,0,galaxy,True,0,galaxy,True,True,0,galaxy,0.9432357549667358,0,galaxy,0.8384490609169006,0,galaxy,0.9659444093704224,0,galaxy,0.9767915606498718,0,galaxy,0.9492743015289307,0,galaxy,0.5785964131355286
261,0,galaxy,0,galaxy,True,0,galaxy,True,True,0,galaxy,0.9892500638961792,0,galaxy,0.9994962215423584,0,galaxy,0.9735949635505676,0,galaxy,0.9806084632873535,0,galaxy,0.9597500562667847,0,galaxy,0.7188665866851807
262,0,galaxy,0,galaxy,True,0,galaxy,True,True,0,galaxy,0.8100367784500122,1,quasar,0.4141622483730316,0,galaxy,0.9215773344039917,0,galaxy,0.9713523983955383,0,galaxy,0.9214364290237427,0,galaxy,0.38463690876960754
263,0,galaxy,0,galaxy,True,0,galaxy,True,True,0,galaxy,0.9594850540161133,0,galaxy,0.9935131669044495,0,galaxy,0.9635306000709534,0,galaxy,0.907280445098877,0,galaxy,0.9823250770568848,0,galaxy,0.9570099711418152
264,0,galaxy,0,galaxy,True,0,galaxy,True,True,0,galaxy,0.8706471920013428,0,galaxy,0.8699081540107727,0,galaxy,0.9679949283599854,0,galaxy,0.9799654483795166,0,galaxy,0.973565936088562,0,galaxy,0.7140268087387085
265,0,galaxy,0,galaxy,True,0,galaxy,True,True,0,galaxy,0.9972968697547913,0,galaxy,0.9932789206504822,0,galaxy,0.979945957660675,0,galaxy,0.9914852976799011,0,galaxy,0.977061927318573,0,galaxy,0.6944515109062195
266,0,galaxy,0,galaxy,True,0,galaxy,True,True,0,galaxy,0.91916823387146,0,galaxy,0.9370702505111694,0,galaxy,0.9748952388763428,0,galaxy,0.9922673106193542,0,galaxy,0.9558050632476807,0,galaxy,0.691506028175354
267,0,galaxy,0,galaxy,True,0,galaxy,True,True,0,galaxy,0.7768691182136536,0,galaxy,0.9211637377738953,0,galaxy,0.9818475246429443,0,galaxy,0.7424349188804626,0,galaxy,0.9769754409790039,0,galaxy,0.9810932278633118
268,0,galaxy,0,galaxy,True,0,galaxy,True,True,0,galaxy,0.995473325252533,0,galaxy,0.9994675517082214,0,galaxy,0.9871750473976135,0,galaxy,0.9923956394195557,0,galaxy,0.9856254458427429,0,galaxy,0.8622931241989136
269,0,galaxy,0,galaxy,True,0,galaxy,True,True,0,galaxy,0.9824454188346863,0,galaxy,0.9998759031295776,0,galaxy,0.9892162084579468,0,galaxy,0.9775789380073547,0,galaxy,0.9845104813575745,0,galaxy,0.8606774210929871
270,0,galaxy,0,galaxy,True,0,galaxy,True,True,0,galaxy,0.9823922514915466,0,galaxy,0.9677313566207886,0,galaxy,0.9838279485702515,0,galaxy,0.9880687594413757,0,galaxy,0.9846495985984802,0,galaxy,0.6458401083946228
271,0,galaxy,0,galaxy,True,0,galaxy,True,True,0,galaxy,0.9171607494354248,0,galaxy,0.8997190594673157,0,galaxy,0.9445272088050842,0,galaxy,0.9350090026855469,0,galaxy,0.9784923195838928,0,galaxy,0.5754557847976685
272,0,galaxy,0,galaxy,True,0,galaxy,True,True,0,galaxy,0.9499898552894592,0,galaxy,0.9973925352096558,0,galaxy,0.9797896146774292,0,galaxy,0.9830811619758606,0,galaxy,0.9828826785087585,0,galaxy,0.6733101606369019
273,0,galaxy,0,galaxy,True,0,galaxy,True,True,0,galaxy,0.9918732047080994,0,galaxy,0.9998682737350464,0,galaxy,0.9875734448432922,0,galaxy,0.992385983467102,0,galaxy,0.9858511090278625,0,galaxy,0.769109308719635
274,0,galaxy,0,galaxy,True,0,galaxy,True,True,0,galaxy,0.9689539074897766,0,galaxy,0.996269702911377,0,galaxy,0.9779704213142395,0,galaxy,0.993984043598175,0,galaxy,0.9589114189147949,0,galaxy,0.7313299179077148
275,0,galaxy,0,galaxy,True,0,galaxy,True,True,0,galaxy,0.9878052473068237,0,galaxy,0.9932472705841064,0,galaxy,0.9804993271827698,0,galaxy,0.9902101755142212,0,galaxy,0.9610798954963684,0,galaxy,0.6642443537712097
276,0,galaxy,0,galaxy,True,0,galaxy,True,True,0,galaxy,0.9740058779716492,0,galaxy,0.9841529726982117,0,galaxy,0.9806545376777649,0,galaxy,0.9856780171394348,0,galaxy,0.976445734500885,0,galaxy,0.7052559852600098
277,0,galaxy,0,galaxy,True,0,galaxy,True,True,0,galaxy,0.9847692251205444,0,galaxy,0.993219792842865,0,galaxy,0.9841647744178772,0,galaxy,0.9940588474273682,0,galaxy,0.9818122982978821,0,galaxy,0.8026598691940308
278,0,galaxy,0,galaxy,True,0,galaxy,True,True,0,galaxy,0.9729348421096802,0,galaxy,0.9739418625831604,0,galaxy,0.980268657207489,0,galaxy,0.9838025569915771,0,galaxy,0.9808104634284973,0,galaxy,0.4130724370479584
279,0,galaxy,0,galaxy,True,0,galaxy,True,True,0,galaxy,0.96966952085495,0,galaxy,0.9994958639144897,0,galaxy,0.9870254397392273,0,galaxy,0.9875819683074951,0,galaxy,0.9771329164505005,0,galaxy,0.7178061604499817
280,0,galaxy,0,galaxy,True,0,galaxy,True,True,0,galaxy,0.9759859442710876,0,galaxy,0.9951392412185669,0,galaxy,0.9806423783302307,0,galaxy,0.9911393523216248,0,galaxy,0.9862335920333862,0,galaxy,0.7343287467956543
281,0,galaxy,0,galaxy,True,0,galaxy,True,True,0,galaxy,0.982795774936676,0,galaxy,0.9574768543243408,0,galaxy,0.9695953130722046,0,galaxy,0.9814407825469971,0,galaxy,0.9490340948104858,0,galaxy,0.5266140103340149
282,0,galaxy,0,galaxy,True,0,galaxy,True,True,0,galaxy,0.9807729721069336,0,galaxy,0.964490532875061,0,galaxy,0.971381425857544,0,galaxy,0.9759019017219543,0,galaxy,0.9689759612083435,0,galaxy,0.634373128414154
283,0,galaxy,0,galaxy,True,0,galaxy,True,True,0,galaxy,0.9914002418518066,0,galaxy,0.9953415393829346,0,galaxy,0.9701036214828491,0,galaxy,0.981594443321228,0,galaxy,0.9815958142280579,0,galaxy,0.7717596888542175
284,0,galaxy,0,galaxy,True,0,galaxy,True,True,0,galaxy,0.9862344861030579,0,galaxy,0.9838830828666687,0,galaxy,0.980295717716217,0,galaxy,0.9916369318962097,0,galaxy,0.9835831522941589,2,star,0.5620326995849609
285,0,galaxy,0,galaxy,True,0,galaxy,True,True,0,galaxy,0.9702767133712769,0,galaxy,0.9288488030433655,0,galaxy,0.951107919216156,0,galaxy,0.9849820137023926,0,galaxy,0.9513104557991028,0,galaxy,0.4094456136226654
286,0,galaxy,0,galaxy,True,0,galaxy,True,True,0,galaxy,0.960974395275116,0,galaxy,0.991010308265686,0,galaxy,0.982379674911499,0,galaxy,0.9848707318305969,0,galaxy,0.9797026515007019,0,galaxy,0.5120226144790649
287,0,galaxy,0,galaxy,True,0,galaxy,True,True,0,galaxy,0.9757947325706482,0,galaxy,0.9994264841079712,0,galaxy,0.9857385158538818,0,galaxy,0.990506112575531,0,galaxy,0.986682653427124,0,galaxy,0.8125258088111877
288,0,galaxy,0,galaxy,True,0,galaxy,True,True,0,galaxy,0.9853691458702087,0,galaxy,0.908655047416687,0,galaxy,0.9758751392364502,0,galaxy,0.9823397994041443,0,galaxy,0.9487294554710388,0,galaxy,0.5235291719436646
289,0,galaxy,0,galaxy,True,0,galaxy,True,True,0,galaxy,0.9915034770965576,0,galaxy,0.9478144645690918,0,galaxy,0.9744263291358948,0,galaxy,0.987951934337616,0,galaxy,0.9239407777786255,0,galaxy,0.4648483693599701
290,0,galaxy,0,galaxy,True,0,galaxy,True,True,0,galaxy,0.9720037579536438,0,galaxy,0.955203115940094,0,galaxy,0.9645137786865234,0,galaxy,0.9811590909957886,0,galaxy,0.9540619850158691,0,galaxy,0.5403116941452026
291,0,galaxy,0,galaxy,True,0,galaxy,True,True,0,galaxy,0.993044912815094,0,galaxy,0.9439336657524109,0,galaxy,0.9763790965080261,0,galaxy,0.9830925464630127,0,galaxy,0.9729424715042114,0,galaxy,0.527099609375
292,0,galaxy,0,galaxy,True,0,galaxy,True,True,0,galaxy,0.9468656182289124,0,galaxy,0.9988582134246826,0,galaxy,0.974506676197052,0,galaxy,0.9794522523880005,0,galaxy,0.977344810962677,0,galaxy,0.6235131025314331
293,0,galaxy,0,galaxy,True,0,galaxy,True,True,0,galaxy,0.9791396856307983,0,galaxy,0.9672515392303467,0,galaxy,0.9779449105262756,0,galaxy,0.9877967238426208,0,galaxy,0.933325469493866,2,star,0.43417003750801086
294,0,galaxy,0,galaxy,True,0,galaxy,True,True,0,galaxy,0.977833092212677,0,galaxy,0.9997979998588562,0,galaxy,0.9885542988777161,0,galaxy,0.9867048859596252,0,galaxy,0.9863734245300293,0,galaxy,0.6902959942817688
295,0,galaxy,0,galaxy,True,0,galaxy,True,True,0,galaxy,0.9751323461532593,0,galaxy,0.9984530210494995,0,galaxy,0.9860557317733765,0,galaxy,0.9941377639770508,0,galaxy,0.9869274497032166,0,galaxy,0.5575718283653259
296,0,galaxy,0,galaxy,True,0,galaxy,True,True,0,galaxy,0.9919117093086243,0,galaxy,0.9831153750419617,0,galaxy,0.9732654690742493,0,galaxy,0.9940112233161926,0,galaxy,0.9772524237632751,0,galaxy,0.4257698059082031
297,0,galaxy,0,galaxy,True,0,galaxy,True,True,0,galaxy,0.9469502568244934,0,galaxy,0.9983786344528198,0,galaxy,0.9849099516868591,0,galaxy,0.9717498421669006,0,galaxy,0.9816654324531555,0,galaxy,0.9339906573295593
298,0,galaxy,0,galaxy,True,0,galaxy,True,True,0,galaxy,0.9451236128807068,0,galaxy,0.9881312847137451,0,galaxy,0.9748647809028625,0,galaxy,0.990459680557251,0,galaxy,0.97890704870224,0,galaxy,0.5885653495788574
299,0,galaxy,0,galaxy,True,0,galaxy,True,True,0,galaxy,0.988509476184845,0,galaxy,0.8818875551223755,0,galaxy,0.9699664115905762,0,galaxy,0.9892266988754272,0,galaxy,0.9676785469055176,0,galaxy,0.7697517275810242
300,0,galaxy,0,galaxy,True,0,galaxy,True,True,0,galaxy,0.9941998720169067,0,galaxy,0.9233084321022034,0,galaxy,0.9699018001556396,0,galaxy,0.986443281173706,0,galaxy,0.9313679933547974,0,galaxy,0.8396204710006714
301,0,galaxy,0,galaxy,True,0,galaxy,True,True,0,galaxy,0.9902016520500183,0,galaxy,0.986261785030365,0,galaxy,0.9643667936325073,0,galaxy,0.9826940894126892,0,galaxy,0.949083149433136,2,star,0.435895711183548
302,0,galaxy,0,galaxy,True,0,galaxy,True,True,0,galaxy,0.9924260377883911,0,galaxy,0.9990637898445129,0,galaxy,0.9850238561630249,0,galaxy,0.9877174496650696,0,galaxy,0.9842373728752136,0,galaxy,0.7583169341087341
303,0,galaxy,0,galaxy,True,0,galaxy,True,True,0,galaxy,0.9646704196929932,0,galaxy,0.9520609378814697,0,galaxy,0.9772762656211853,0,galaxy,0.9849821329116821,0,galaxy,0.9422373175621033,0,galaxy,0.4092136025428772
304,0,galaxy,0,galaxy,True,0,galaxy,True,True,0,galaxy,0.8638196587562561,0,galaxy,0.8934834599494934,0,galaxy,0.9620551466941833,0,galaxy,0.9857631921768188,0,galaxy,0.9533219933509827,0,galaxy,0.47569677233695984
305,0,galaxy,0,galaxy,True,0,galaxy,True,True,0,galaxy,0.995785653591156,0,galaxy,0.9392256140708923,0,galaxy,0.973016083240509,0,galaxy,0.9763187766075134,0,galaxy,0.9508485198020935,2,star,0.4621463119983673
306,0,galaxy,0,galaxy,True,0,galaxy,True,True,0,galaxy,0.9746691584587097,0,galaxy,0.930116593837738,0,galaxy,0.9550988078117371,0,galaxy,0.7761142253875732,0,galaxy,0.9269901514053345,1,quasar,0.4738094210624695
307,0,galaxy,0,galaxy,True,0,galaxy,True,True,0,galaxy,0.9668914675712585,0,galaxy,0.9215776324272156,0,galaxy,0.9748079180717468,0,galaxy,0.9911959171295166,0,galaxy,0.9658803343772888,0,galaxy,0.49449044466018677
308,0,galaxy,0,galaxy,True,0,galaxy,True,True,0,galaxy,0.9573326110839844,0,galaxy,0.986494779586792,0,galaxy,0.9811237454414368,0,galaxy,0.9799297451972961,0,galaxy,0.9781526923179626,0,galaxy,0.8943224549293518
309,0,galaxy,0,galaxy,True,0,galaxy,True,True,0,galaxy,0.9777135252952576,0,galaxy,0.9895805716514587,0,galaxy,0.9783452153205872,0,galaxy,0.9891656041145325,0,galaxy,0.9750962853431702,0,galaxy,0.7736325860023499
310,0,galaxy,0,galaxy,True,0,galaxy,True,True,0,galaxy,0.9960544109344482,0,galaxy,0.7405075430870056,0,galaxy,0.9210060834884644,0,galaxy,0.9867905974388123,0,galaxy,0.9270772933959961,0,galaxy,0.5969602465629578
311,0,galaxy,0,galaxy,True,0,galaxy,True,True,0,galaxy,0.99534010887146,0,galaxy,0.9118680357933044,0,galaxy,0.9704532027244568,0,galaxy,0.9760761260986328,0,galaxy,0.9317898750305176,0,galaxy,0.5242884755134583
312,0,galaxy,0,galaxy,True,0,galaxy,True,True,0,galaxy,0.8323233723640442,0,galaxy,0.9997147917747498,0,galaxy,0.9816178679466248,0,galaxy,0.977678656578064,0,galaxy,0.9806352853775024,2,star,0.5146079063415527
313,0,galaxy,0,galaxy,True,0,galaxy,True,True,0,galaxy,0.8932252526283264,0,galaxy,0.9559348225593567,0,galaxy,0.9707457423210144,0,galaxy,0.9683448672294617,0,galaxy,0.9645875692367554,0,galaxy,0.5783610939979553
314,0,galaxy,0,galaxy,True,0,galaxy,True,True,0,galaxy,0.9281901717185974,0,galaxy,0.8072963356971741,0,galaxy,0.9719478487968445,0,galaxy,0.9862090349197388,0,galaxy,0.9369044899940491,2,star,0.38109472393989563
315,0,galaxy,0,galaxy,True,0,galaxy,True,True,0,galaxy,0.9922986626625061,0,galaxy,0.971025288105011,0,galaxy,0.9644521474838257,0,galaxy,0.982393741607666,0,galaxy,0.97406005859375,2,star,0.5153911113739014
316,0,galaxy,0,galaxy,True,0,galaxy,True,True,0,galaxy,0.6785500049591064,0,galaxy,0.9509211778640747,0,galaxy,0.9797232747077942,0,galaxy,0.9854856729507446,0,galaxy,0.9561360478401184,0,galaxy,0.41221389174461365
317,0,galaxy,0,galaxy,True,0,galaxy,True,True,0,galaxy,0.9875484704971313,0,galaxy,0.9940841794013977,0,galaxy,0.9689769744873047,0,galaxy,0.9901635050773621,0,galaxy,0.9609701037406921,0,galaxy,0.5690963864326477
318,0,galaxy,0,galaxy,True,0,galaxy,True,True,0,galaxy,0.9708839058876038,0,galaxy,0.8655291199684143,0,galaxy,0.9570620656013489,0,galaxy,0.9115209579467773,0,galaxy,0.9201884269714355,0,galaxy,0.6584855318069458
319,0,galaxy,0,galaxy,True,0,galaxy,True,True,0,galaxy,0.9657542705535889,0,galaxy,0.9613615274429321,0,galaxy,0.9710308313369751,0,galaxy,0.9882800579071045,0,galaxy,0.9619026780128479,0,galaxy,0.8820280432701111
320,0,galaxy,0,galaxy,True,0,galaxy,True,True,0,galaxy,0.9176347851753235,0,galaxy,0.9996756315231323,0,galaxy,0.9709449410438538,0,galaxy,0.9623749852180481,0,galaxy,0.9792784452438354,0,galaxy,0.7168605923652649
321,0,galaxy,0,galaxy,True,0,galaxy,True,True,0,galaxy,0.9794560074806213,0,galaxy,0.9898669719696045,0,galaxy,0.9811935424804688,0,galaxy,0.9922659993171692,0,galaxy,0.9628190398216248,0,galaxy,0.7970072627067566
322,0,galaxy,0,galaxy,True,0,galaxy,True,True,0,galaxy,0.9569677710533142,0,galaxy,0.9863090515136719,0,galaxy,0.978050172328949,0,galaxy,0.9716591238975525,0,galaxy,0.9782670736312866,0,galaxy,0.6808962821960449
323,0,galaxy,0,galaxy,True,0,galaxy,True,True,0,galaxy,0.9596148729324341,0,galaxy,0.9943913817405701,0,galaxy,0.9805399179458618,0,galaxy,0.9906191825866699,0,galaxy,0.9809882640838623,0,galaxy,0.8907427191734314
324,0,galaxy,1,quasar,False,1,quasar,False,True,0,galaxy,0.5143786072731018,1,quasar,0.45971646904945374,1,quasar,0.6628142595291138,1,quasar,0.34649717807769775,1,quasar,0.6669650673866272,0,galaxy,0.5048591494560242
325,0,galaxy,0,galaxy,True,0,galaxy,True,True,0,galaxy,0.5484636425971985,1,quasar,0.5127429962158203,0,galaxy,0.9181621074676514,0,galaxy,0.9423888921737671,0,galaxy,0.9584166407585144,0,galaxy,0.5755631923675537
326,0,galaxy,0,galaxy,True,0,galaxy,True,True,0,galaxy,0.9828977584838867,0,galaxy,0.989794135093689,0,galaxy,0.9761399626731873,0,galaxy,0.93789142370224,0,galaxy,0.9322463274002075,0,galaxy,0.46742895245552063
327,0,galaxy,0,galaxy,True,0,galaxy,True,True,0,galaxy,0.9631209373474121,0,galaxy,0.898188591003418,0,galaxy,0.9662467241287231,0,galaxy,0.9821581840515137,0,galaxy,0.9638216495513916,2,star,0.3478686511516571
328,0,galaxy,0,galaxy,True,0,galaxy,True,True,0,galaxy,0.9419795870780945,0,galaxy,0.9827706813812256,0,galaxy,0.9530979990959167,0,galaxy,0.9725792407989502,0,galaxy,0.9130008220672607,0,galaxy,0.5875459313392639
329,0,galaxy,0,galaxy,True,0,galaxy,True,True,0,galaxy,0.9761126041412354,0,galaxy,0.9620198011398315,0,galaxy,0.9710217118263245,0,galaxy,0.9869815707206726,0,galaxy,0.9644750952720642,0,galaxy,0.5724437832832336
330,0,galaxy,0,galaxy,True,0,galaxy,True,True,0,galaxy,0.9694160223007202,0,galaxy,0.9799854755401611,0,galaxy,0.9761022329330444,0,galaxy,0.9849456548690796,0,galaxy,0.9532882571220398,0,galaxy,0.512370765209198
331,0,galaxy,0,galaxy,True,0,galaxy,True,True,0,galaxy,0.9067144393920898,0,galaxy,0.9976409673690796,0,galaxy,0.9569740891456604,0,galaxy,0.9151386022567749,0,galaxy,0.9782696962356567,0,galaxy,0.547609806060791
332,0,galaxy,0,galaxy,True,0,galaxy,True,True,0,galaxy,0.9641529321670532,0,galaxy,0.9963156580924988,0,galaxy,0.981137752532959,0,galaxy,0.9821153879165649,0,galaxy,0.9860479831695557,0,galaxy,0.8386114835739136
333,0,galaxy,0,galaxy,True,0,galaxy,True,True,0,galaxy,0.9940239787101746,0,galaxy,0.9583771228790283,0,galaxy,0.9781612157821655,0,galaxy,0.9332267045974731,0,galaxy,0.9522005915641785,2,star,0.4394798278808594
334,0,galaxy,0,galaxy,True,0,galaxy,True,True,0,galaxy,0.9594488143920898,0,galaxy,0.9948921203613281,0,galaxy,0.977374255657196,0,galaxy,0.5534659028053284,0,galaxy,0.9862467050552368,0,galaxy,0.7927167415618896
335,0,galaxy,0,galaxy,True,0,galaxy,True,True,0,galaxy,0.9486408233642578,0,galaxy,0.947008490562439,0,galaxy,0.9752324223518372,0,galaxy,0.9843904376029968,0,galaxy,0.9827722907066345,0,galaxy,0.6156057715415955
336,0,galaxy,0,galaxy,True,0,galaxy,True,True,0,galaxy,0.9870532155036926,0,galaxy,0.9608138203620911,0,galaxy,0.9754379391670227,0,galaxy,0.9802886247634888,0,galaxy,0.9428434371948242,0,galaxy,0.44707927107810974
337,0,galaxy,0,galaxy,True,0,galaxy,True,True,0,galaxy,0.9654883742332458,0,galaxy,0.9208876490592957,0,galaxy,0.9714958071708679,0,galaxy,0.9891754984855652,0,galaxy,0.9493128657341003,0,galaxy,0.5632124543190002
338,0,galaxy,0,galaxy,True,0,galaxy,True,True,0,galaxy,0.863467276096344,0,galaxy,0.9992844462394714,0,galaxy,0.9849993586540222,0,galaxy,0.9938633441925049,0,galaxy,0.9563003182411194,0,galaxy,0.645056426525116
339,0,galaxy,0,galaxy,True,0,galaxy,True,True,0,galaxy,0.9886487126350403,0,galaxy,0.987006664276123,0,galaxy,0.9709493517875671,0,galaxy,0.9882642030715942,0,galaxy,0.959520161151886,0,galaxy,0.609604001045227
340,0,galaxy,0,galaxy,True,0,galaxy,True,True,0,galaxy,0.9968749284744263,0,galaxy,0.9376619458198547,0,galaxy,0.9775400161743164,0,galaxy,0.9804789423942566,0,galaxy,0.9600515365600586,2,star,0.5807287693023682
341,0,galaxy,0,galaxy,True,0,galaxy,True,True,0,galaxy,0.9754447340965271,2,star,0.41136014461517334,0,galaxy,0.8860893845558167,0,galaxy,0.9250049591064453,0,galaxy,0.9290493726730347,0,galaxy,0.5819779634475708
342,0,galaxy,0,galaxy,True,0,galaxy,True,True,0,galaxy,0.8869855403900146,0,galaxy,0.8601327538490295,0,galaxy,0.9636639356613159,0,galaxy,0.8700159788131714,0,galaxy,0.8917936682701111,2,star,0.48555779457092285
343,0,galaxy,0,galaxy,True,0,galaxy,True,True,0,galaxy,0.9913729429244995,0,galaxy,0.9994839429855347,0,galaxy,0.9838961362838745,0,galaxy,0.9740440845489502,0,galaxy,0.9874594211578369,0,galaxy,0.7421329021453857
344,0,galaxy,0,galaxy,True,0,galaxy,True,True,0,galaxy,0.9778509736061096,0,galaxy,0.9973862767219543,0,galaxy,0.9820505380630493,0,galaxy,0.9190621972084045,0,galaxy,0.9825024604797363,0,galaxy,0.5783104300498962
345,0,galaxy,0,galaxy,True,0,galaxy,True,True,0,galaxy,0.9608610272407532,0,galaxy,0.9992853999137878,0,galaxy,0.9871085286140442,0,galaxy,0.976001501083374,0,galaxy,0.9813393950462341,0,galaxy,0.914582371711731
346,0,galaxy,0,galaxy,True,0,galaxy,True,True,0,galaxy,0.9828200340270996,0,galaxy,0.9965116381645203,0,galaxy,0.9746726751327515,0,galaxy,0.9921877384185791,0,galaxy,0.9754462838172913,0,galaxy,0.8176503777503967
347,0,galaxy,0,galaxy,True,0,galaxy,True,True,0,galaxy,0.9605030417442322,0,galaxy,0.8688817024230957,0,galaxy,0.9774984121322632,0,galaxy,0.9844673871994019,0,galaxy,0.9682559967041016,2,star,0.39320287108421326
348,0,galaxy,0,galaxy,True,0,galaxy,True,True,0,galaxy,0.9797822833061218,0,galaxy,0.9441919326782227,0,galaxy,0.9668151140213013,0,galaxy,0.9843655824661255,0,galaxy,0.9578287601470947,0,galaxy,0.5718266367912292
349,0,galaxy,0,galaxy,True,0,galaxy,True,True,0,galaxy,0.8562397956848145,0,galaxy,0.9956307411193848,0,galaxy,0.9688173532485962,0,galaxy,0.9916368126869202,0,galaxy,0.930579662322998,0,galaxy,0.619451642036438
350,0,galaxy,0,galaxy,True,0,galaxy,True,True,0,galaxy,0.9717751741409302,0,galaxy,0.9935865998268127,0,galaxy,0.9790192246437073,0,galaxy,0.9942597150802612,0,galaxy,0.9756650328636169,0,galaxy,0.5833965539932251
351,0,galaxy,0,galaxy,True,0,galaxy,True,True,0,galaxy,0.974396288394928,0,galaxy,0.9976369142532349,0,galaxy,0.9826728105545044,0,galaxy,0.9880538582801819,0,galaxy,0.9828433394432068,2,star,0.5420972108840942
352,0,galaxy,0,galaxy,True,0,galaxy,True,True,0,galaxy,0.6320594549179077,0,galaxy,0.8156222701072693,0,galaxy,0.9795178174972534,0,galaxy,0.8709954023361206,0,galaxy,0.9712319374084473,0,galaxy,0.9913415312767029
353,0,galaxy,0,galaxy,True,0,galaxy,True,True,0,galaxy,0.9669319987297058,0,galaxy,0.9972367286682129,0,galaxy,0.9851791262626648,0,galaxy,0.9872657060623169,0,galaxy,0.9841746687889099,0,galaxy,0.6174056529998779
354,0,galaxy,0,galaxy,True,0,galaxy,True,True,0,galaxy,0.962770402431488,0,galaxy,0.9292114973068237,0,galaxy,0.971114993095398,0,galaxy,0.9685389399528503,0,galaxy,0.9642558097839355,0,galaxy,0.6779165267944336
355,0,galaxy,0,galaxy,True,0,galaxy,True,True,0,galaxy,0.9362385869026184,0,galaxy,0.7600445747375488,0,galaxy,0.9740251898765564,0,galaxy,0.9896076321601868,0,galaxy,0.9356996417045593,0,galaxy,0.6994747519493103
356,0,galaxy,0,galaxy,True,0,galaxy,True,True,0,galaxy,0.9792240262031555,0,galaxy,0.9945260882377625,0,galaxy,0.9825082421302795,0,galaxy,0.9825452566146851,0,galaxy,0.9777253866195679,0,galaxy,0.9649032950401306
357,0,galaxy,0,galaxy,True,0,galaxy,True,True,0,galaxy,0.9803925156593323,0,galaxy,0.9963191747665405,0,galaxy,0.9758980870246887,0,galaxy,0.9615628719329834,0,galaxy,0.9846354722976685,0,galaxy,0.9781118631362915
358,0,galaxy,0,galaxy,True,0,galaxy,True,True,0,galaxy,0.9329214692115784,1,quasar,0.6711826920509338,0,galaxy,0.9713581204414368,0,galaxy,0.9702799916267395,0,galaxy,0.9506020545959473,0,galaxy,0.40496137738227844
359,0,galaxy,0,galaxy,True,0,galaxy,True,True,0,galaxy,0.9882251024246216,0,galaxy,0.9998099207878113,0,galaxy,0.9852441549301147,0,galaxy,0.9720976948738098,0,galaxy,0.9830652475357056,0,galaxy,0.5956918001174927
360,0,galaxy,0,galaxy,True,0,galaxy,True,True,0,galaxy,0.9753385782241821,0,galaxy,0.9956473708152771,0,galaxy,0.9834340810775757,0,galaxy,0.9907813668251038,0,galaxy,0.9854599833488464,0,galaxy,0.706824004650116
361,0,galaxy,0,galaxy,True,0,galaxy,True,True,0,galaxy,0.9779792428016663,0,galaxy,0.9764967560768127,0,galaxy,0.9820159673690796,0,galaxy,0.9772310256958008,0,galaxy,0.9855614304542542,0,galaxy,0.6915762424468994
362,0,galaxy,0,galaxy,True,0,galaxy,True,True,0,galaxy,0.9888988137245178,0,galaxy,0.9962480664253235,0,galaxy,0.9833555817604065,0,galaxy,0.9628666639328003,0,galaxy,0.9663684964179993,0,galaxy,0.9221757650375366
363,0,galaxy,0,galaxy,True,0,galaxy,True,True,0,galaxy,0.8766505718231201,0,galaxy,0.99604332447052,0,galaxy,0.9689329862594604,2,star,0.7404933571815491,0,galaxy,0.979668915271759,0,galaxy,0.6594616174697876
364,0,galaxy,0,galaxy,True,0,galaxy,True,True,0,galaxy,0.9453325867652893,0,galaxy,0.9697328209877014,0,galaxy,0.9789525270462036,0,galaxy,0.985968828201294,0,galaxy,0.9860256314277649,0,galaxy,0.7373687624931335
365,0,galaxy,0,galaxy,True,0,galaxy,True,True,0,galaxy,0.9689937829971313,0,galaxy,0.9813656806945801,0,galaxy,0.972445547580719,0,galaxy,0.9896369576454163,0,galaxy,0.9664161205291748,0,galaxy,0.7425001263618469
366,0,galaxy,0,galaxy,True,0,galaxy,True,True,0,galaxy,0.9200080633163452,0,galaxy,0.9598010182380676,0,galaxy,0.9683209657669067,0,galaxy,0.9888862371444702,0,galaxy,0.9857043027877808,0,galaxy,0.5410168766975403
367,0,galaxy,0,galaxy,True,0,galaxy,True,True,0,galaxy,0.889518141746521,2,star,0.34457874298095703,0,galaxy,0.9666405320167542,0,galaxy,0.5624545216560364,0,galaxy,0.8984095454216003,2,star,0.4526795446872711
368,0,galaxy,0,galaxy,True,0,galaxy,True,True,0,galaxy,0.9866282939910889,0,galaxy,0.9615575671195984,0,galaxy,0.9656850695610046,0,galaxy,0.9777503609657288,0,galaxy,0.9590452909469604,0,galaxy,0.6098476648330688
369,0,galaxy,0,galaxy,True,0,galaxy,True,True,0,galaxy,0.99411940574646,0,galaxy,0.982249915599823,0,galaxy,0.9745106101036072,0,galaxy,0.9836026430130005,0,galaxy,0.9544275403022766,0,galaxy,0.6658341288566589
370,0,galaxy,0,galaxy,True,0,galaxy,True,True,0,galaxy,0.9793280959129333,0,galaxy,0.9928654432296753,0,galaxy,0.9731427431106567,0,galaxy,0.9742879867553711,0,galaxy,0.9338547587394714,0,galaxy,0.5967095494270325
371,0,galaxy,0,galaxy,True,0,galaxy,True,True,0,galaxy,0.9544945955276489,0,galaxy,0.9995703101158142,0,galaxy,0.9858662486076355,0,galaxy,0.9822593927383423,0,galaxy,0.9833670854568481,0,galaxy,0.9054402709007263
372,0,galaxy,0,galaxy,True,0,galaxy,True,True,0,galaxy,0.9955138564109802,0,galaxy,0.9903961420059204,0,galaxy,0.9808890223503113,0,galaxy,0.9873136878013611,0,galaxy,0.9762839078903198,0,galaxy,0.712174654006958
373,0,galaxy,0,galaxy,True,0,galaxy,True,True,0,galaxy,0.9937227368354797,0,galaxy,0.9919984936714172,0,galaxy,0.9737980365753174,0,galaxy,0.9884052276611328,0,galaxy,0.9731249809265137,0,galaxy,0.5521207451820374
374,0,galaxy,0,galaxy,True,2,star,False,False,2,star,0.47712892293930054,2,star,0.9999998807907104,0,galaxy,0.6004217863082886,0,galaxy,0.8020763993263245,0,galaxy,0.5185660719871521,2,star,0.4256642162799835
375,0,galaxy,0,galaxy,True,0,galaxy,True,True,0,galaxy,0.9957068562507629,0,galaxy,0.9801872372627258,0,galaxy,0.8461326956748962,0,galaxy,0.9265724420547485,0,galaxy,0.9637865424156189,2,star,0.916498064994812
376,0,galaxy,0,galaxy,True,0,galaxy,True,True,0,galaxy,0.9911441802978516,0,galaxy,0.9671066999435425,0,galaxy,0.9763753414154053,0,galaxy,0.9850146174430847,0,galaxy,0.954911470413208,2,star,0.47812193632125854
377,0,galaxy,0,galaxy,True,0,galaxy,True,True,0,galaxy,0.9946503043174744,0,galaxy,0.767376720905304,0,galaxy,0.9556064605712891,0,galaxy,0.9828488230705261,0,galaxy,0.9714160561561584,2,star,0.6760302782058716
378,0,galaxy,0,galaxy,True,0,galaxy,True,True,0,galaxy,0.9453911781311035,0,galaxy,0.9987602233886719,0,galaxy,0.9830622673034668,0,galaxy,0.9906589984893799,0,galaxy,0.9851909279823303,0,galaxy,0.5262709856033325
379,0,galaxy,0,galaxy,True,0,galaxy,True,True,0,galaxy,0.9207205772399902,0,galaxy,0.9352111220359802,0,galaxy,0.976791501045227,0,galaxy,0.983353853225708,0,galaxy,0.9465276598930359,0,galaxy,0.623258650302887
380,0,galaxy,0,galaxy,True,0,galaxy,True,True,0,galaxy,0.8691959381103516,0,galaxy,0.9970428347587585,0,galaxy,0.9637193083763123,0,galaxy,0.9104323387145996,0,galaxy,0.9548260569572449,0,galaxy,0.9476038217544556
381,0,galaxy,0,galaxy,True,0,galaxy,True,True,0,galaxy,0.9812615513801575,0,galaxy,0.9965755343437195,0,galaxy,0.9835959672927856,0,galaxy,0.9591848850250244,0,galaxy,0.985141396522522,0,galaxy,0.8013629913330078
382,0,galaxy,0,galaxy,True,0,galaxy,True,True,0,galaxy,0.9388889074325562,0,galaxy,0.7911002039909363,0,galaxy,0.9155812859535217,0,galaxy,0.933902382850647,0,galaxy,0.9298021197319031,0,galaxy,0.44112956523895264
383,0,galaxy,0,galaxy,True,0,galaxy,True,True,0,galaxy,0.9953685998916626,0,galaxy,0.996412456035614,0,galaxy,0.9830071926116943,0,galaxy,0.9843154549598694,0,galaxy,0.9843723773956299,0,galaxy,0.7649422287940979
384,0,galaxy,0,galaxy,True,0,galaxy,True,True,1,quasar,1.0,0,galaxy,0.9783827662467957,0,galaxy,0.9829088449478149,0,galaxy,0.9778427481651306,0,galaxy,0.9792997241020203,0,galaxy,0.8824933767318726
385,0,galaxy,0,galaxy,True,0,galaxy,True,True,0,galaxy,0.9555825591087341,0,galaxy,0.8826289772987366,0,galaxy,0.9515674114227295,0,galaxy,0.9891993999481201,0,galaxy,0.9518234133720398,2,star,0.5854387879371643
386,0,galaxy,0,galaxy,True,0,galaxy,True,True,0,galaxy,0.9931663870811462,0,galaxy,0.9607120156288147,0,galaxy,0.9756718277931213,0,galaxy,0.9791662096977234,0,galaxy,0.9601554274559021,0,galaxy,0.6776472330093384
387,0,galaxy,0,galaxy,True,0,galaxy,True,True,0,galaxy,0.9317447543144226,0,galaxy,0.9983810186386108,0,galaxy,0.9755738973617554,0,galaxy,0.9521529078483582,0,galaxy,0.9695146083831787,0,galaxy,0.5733888149261475
388,0,galaxy,0,galaxy,True,0,galaxy,True,True,0,galaxy,0.9539939165115356,0,galaxy,0.9965600371360779,0,galaxy,0.9758940935134888,0,galaxy,0.9685576558113098,0,galaxy,0.9736956357955933,0,galaxy,0.7310181260108948
389,0,galaxy,0,galaxy,True,0,galaxy,True,True,0,galaxy,0.957301914691925,0,galaxy,0.9502289891242981,0,galaxy,0.9321032762527466,0,galaxy,0.973115086555481,0,galaxy,0.9691895842552185,2,star,0.8493102192878723
390,0,galaxy,0,galaxy,True,0,galaxy,True,True,2,star,0.36724576354026794,0,galaxy,0.9910140633583069,0,galaxy,0.9761679768562317,0,galaxy,0.9736226201057434,0,galaxy,0.9730210304260254,0,galaxy,0.8768352270126343
391,0,galaxy,0,galaxy,True,0,galaxy,True,True,0,galaxy,0.9945000410079956,0,galaxy,0.9378910064697266,0,galaxy,0.9740568995475769,0,galaxy,0.9858227372169495,0,galaxy,0.952023446559906,0,galaxy,0.5685853362083435
392,0,galaxy,0,galaxy,True,0,galaxy,True,True,0,galaxy,0.973175585269928,0,galaxy,0.9992662072181702,0,galaxy,0.9827768802642822,0,galaxy,0.9029012322425842,0,galaxy,0.9706361293792725,0,galaxy,0.8188421726226807
393,0,galaxy,0,galaxy,True,0,galaxy,True,True,0,galaxy,0.9882197380065918,0,galaxy,0.9974955916404724,0,galaxy,0.9808912873268127,0,galaxy,0.976448655128479,0,galaxy,0.9797484278678894,0,galaxy,0.5542057156562805
394,0,galaxy,0,galaxy,True,0,galaxy,True,True,0,galaxy,0.9291327595710754,0,galaxy,0.9906845092773438,0,galaxy,0.9388484358787537,0,galaxy,0.9647433161735535,0,galaxy,0.9513283371925354,0,galaxy,0.5585771203041077
395,0,galaxy,0,galaxy,True,0,galaxy,True,True,0,galaxy,0.970072865486145,0,galaxy,0.9958470463752747,0,galaxy,0.9853327870368958,0,galaxy,0.9926880598068237,0,galaxy,0.985355794429779,2,star,0.5617100596427917
396,0,galaxy,0,galaxy,True,0,galaxy,True,True,0,galaxy,0.9701412916183472,0,galaxy,0.9894667267799377,0,galaxy,0.987064003944397,0,galaxy,0.948650598526001,0,galaxy,0.9846605658531189,0,galaxy,0.6942552924156189
397,0,galaxy,0,galaxy,True,0,galaxy,True,True,0,galaxy,0.9322766065597534,0,galaxy,0.9966096878051758,0,galaxy,0.9763457179069519,0,galaxy,0.9732036590576172,0,galaxy,0.9806221723556519,0,galaxy,0.8029860258102417
398,0,galaxy,0,galaxy,True,0,galaxy,True,True,0,galaxy,0.9897054433822632,0,galaxy,0.9937145113945007,0,galaxy,0.9841378331184387,0,galaxy,0.9892416596412659,0,galaxy,0.9860513210296631,0,galaxy,0.6152330040931702
399,0,galaxy,0,galaxy,True,0,galaxy,True,True,0,galaxy,0.9685465693473816,0,galaxy,0.9909207820892334,0,galaxy,0.9694573879241943,0,galaxy,0.8549609184265137,0,galaxy,0.9827948212623596,0,galaxy,0.5422887802124023
400,0,galaxy,0,galaxy,True,0,galaxy,True,True,0,galaxy,0.9892475008964539,0,galaxy,0.9977758526802063,0,galaxy,0.9838395118713379,0,galaxy,0.9932354092597961,0,galaxy,0.9842494130134583,0,galaxy,0.8217364549636841
401,0,galaxy,0,galaxy,True,0,galaxy,True,True,0,galaxy,0.9865438342094421,0,galaxy,0.9952084422111511,0,galaxy,0.9624687433242798,0,galaxy,0.9832487106323242,0,galaxy,0.9627649784088135,0,galaxy,0.6006893515586853
402,0,galaxy,0,galaxy,True,0,galaxy,True,True,0,galaxy,0.9784947633743286,0,galaxy,0.7599818110466003,0,galaxy,0.9716587662696838,0,galaxy,0.968356728553772,0,galaxy,0.9511837959289551,0,galaxy,0.5875831842422485
403,0,galaxy,0,galaxy,True,0,galaxy,True,True,0,galaxy,0.9593510627746582,0,galaxy,0.933320164680481,0,galaxy,0.9813625812530518,0,galaxy,0.9809597730636597,0,galaxy,0.9160678386688232,2,star,0.40175294876098633
404,0,galaxy,0,galaxy,True,0,galaxy,True,True,1,quasar,1.0,0,galaxy,0.9947540760040283,0,galaxy,0.9877931475639343,0,galaxy,0.97340989112854,0,galaxy,0.9841933846473694,0,galaxy,0.8354788422584534
405,0,galaxy,0,galaxy,True,0,galaxy,True,True,0,galaxy,0.9875461459159851,0,galaxy,0.9874032735824585,0,galaxy,0.9730986952781677,0,galaxy,0.9832335114479065,0,galaxy,0.984938383102417,0,galaxy,0.7648561000823975
406,0,galaxy,0,galaxy,True,0,galaxy,True,True,0,galaxy,0.9795865416526794,0,galaxy,0.9986795783042908,0,galaxy,0.9721018671989441,0,galaxy,0.9618231654167175,0,galaxy,0.9394835233688354,0,galaxy,0.8120028376579285
407,0,galaxy,0,galaxy,True,0,galaxy,True,True,0,galaxy,0.9410275816917419,0,galaxy,0.9777528643608093,0,galaxy,0.9442299604415894,0,galaxy,0.9716026186943054,0,galaxy,0.9778253436088562,2,star,0.48311522603034973
408,0,galaxy,0,galaxy,True,0,galaxy,True,True,0,galaxy,0.9387511610984802,0,galaxy,0.9930786490440369,0,galaxy,0.9837528467178345,0,galaxy,0.986336350440979,0,galaxy,0.9840347766876221,0,galaxy,0.621884286403656
409,0,galaxy,0,galaxy,True,0,galaxy,True,True,0,galaxy,0.996870219707489,0,galaxy,0.9674558043479919,0,galaxy,0.9796938300132751,0,galaxy,0.9859209656715393,0,galaxy,0.9732058048248291,0,galaxy,0.880837082862854
410,0,galaxy,0,galaxy,True,0,galaxy,True,True,0,galaxy,0.9638446569442749,0,galaxy,0.9491313695907593,0,galaxy,0.9686357975006104,0,galaxy,0.9284822940826416,0,galaxy,0.9511585831642151,0,galaxy,0.7240287661552429
411,0,galaxy,0,galaxy,True,0,galaxy,True,True,0,galaxy,0.9784890413284302,0,galaxy,0.992160975933075,0,galaxy,0.9733826518058777,0,galaxy,0.9739669561386108,0,galaxy,0.9547091126441956,0,galaxy,0.5148624777793884
412,0,galaxy,0,galaxy,True,0,galaxy,True,True,0,galaxy,0.9970632195472717,0,galaxy,0.9994217157363892,0,galaxy,0.9831032752990723,0,galaxy,0.977702260017395,0,galaxy,0.9840445518493652,0,galaxy,0.9015092253684998
413,0,galaxy,0,galaxy,True,0,galaxy,True,True,0,galaxy,0.9795823097229004,0,galaxy,0.9995914101600647,0,galaxy,0.9852310419082642,0,galaxy,0.9815404415130615,0,galaxy,0.9825018644332886,0,galaxy,0.8154568672180176
414,0,galaxy,0,galaxy,True,0,galaxy,True,True,0,galaxy,0.9723385572433472,0,galaxy,0.9890390634536743,0,galaxy,0.9558641314506531,0,galaxy,0.9757245182991028,0,galaxy,0.9226534366607666,0,galaxy,0.4428594708442688
415,0,galaxy,0,galaxy,True,0,galaxy,True,True,0,galaxy,0.9486327767372131,0,galaxy,0.9868465065956116,0,galaxy,0.9749617576599121,0,galaxy,0.9861993789672852,0,galaxy,0.9654509425163269,2,star,0.5436738133430481
416,0,galaxy,0,galaxy,True,0,galaxy,True,True,0,galaxy,0.8773635625839233,0,galaxy,0.9925537705421448,0,galaxy,0.971928060054779,0,galaxy,0.9812854528427124,0,galaxy,0.9442872405052185,0,galaxy,0.554556131362915
417,0,galaxy,0,galaxy,True,0,galaxy,True,True,0,galaxy,0.9893948435783386,0,galaxy,0.9925629496574402,0,galaxy,0.9738196134567261,0,galaxy,0.9834766983985901,0,galaxy,0.9510294795036316,0,galaxy,0.6168097257614136
418,0,galaxy,0,galaxy,True,0,galaxy,True,True,0,galaxy,0.9860624670982361,0,galaxy,0.9488295912742615,0,galaxy,0.9516419768333435,0,galaxy,0.9769377708435059,0,galaxy,0.9503436088562012,0,galaxy,0.5604654550552368
419,0,galaxy,0,galaxy,True,0,galaxy,True,True,0,galaxy,0.8720883131027222,0,galaxy,0.9811391234397888,0,galaxy,0.9815752506256104,0,galaxy,0.9820445775985718,0,galaxy,0.953478991985321,0,galaxy,0.5320040583610535
420,0,galaxy,0,galaxy,True,0,galaxy,True,True,0,galaxy,0.9795555472373962,0,galaxy,0.958939254283905,0,galaxy,0.9831331372261047,0,galaxy,0.9919889569282532,0,galaxy,0.9820389151573181,0,galaxy,0.4460236728191376
421,0,galaxy,0,galaxy,True,0,galaxy,True,True,0,galaxy,0.887721061706543,0,galaxy,0.9942834973335266,0,galaxy,0.9707420468330383,0,galaxy,0.9218390583992004,0,galaxy,0.9584061503410339,0,galaxy,0.5122181177139282
422,0,galaxy,0,galaxy,True,0,galaxy,True,True,0,galaxy,0.9637575149536133,0,galaxy,0.9925690293312073,0,galaxy,0.9801944494247437,0,galaxy,0.9854689240455627,0,galaxy,0.9757518768310547,0,galaxy,0.6084712743759155
423,0,galaxy,0,galaxy,True,0,galaxy,True,True,0,galaxy,0.9820237755775452,0,galaxy,0.8717960119247437,0,galaxy,0.9471731781959534,0,galaxy,0.9749352335929871,0,galaxy,0.9597730040550232,0,galaxy,0.645228922367096
424,0,galaxy,0,galaxy,True,0,galaxy,True,True,0,galaxy,0.9552152752876282,0,galaxy,0.9290690422058105,0,galaxy,0.9693104028701782,0,galaxy,0.9804863929748535,0,galaxy,0.9589709639549255,0,galaxy,0.6097840070724487
425,0,galaxy,0,galaxy,True,0,galaxy,True,True,0,galaxy,0.9918298125267029,0,galaxy,0.9954003691673279,0,galaxy,0.9746981263160706,0,galaxy,0.9829244017601013,0,galaxy,0.9649034142494202,2,star,0.5381931066513062
426,0,galaxy,0,galaxy,True,0,galaxy,True,True,0,galaxy,0.9731536507606506,0,galaxy,0.9933488965034485,0,galaxy,0.9836254715919495,0,galaxy,0.9945695996284485,0,galaxy,0.9841511249542236,0,galaxy,0.9159160852432251
427,0,galaxy,0,galaxy,True,0,galaxy,True,True,0,galaxy,0.9381669759750366,0,galaxy,0.9942217469215393,0,galaxy,0.975480318069458,0,galaxy,0.9881700277328491,0,galaxy,0.9653912782669067,0,galaxy,0.5853492617607117
428,0,galaxy,0,galaxy,True,0,galaxy,True,True,0,galaxy,0.42536255717277527,0,galaxy,0.6187477111816406,0,galaxy,0.9519580602645874,0,galaxy,0.9526375532150269,0,galaxy,0.9026486277580261,0,galaxy,0.47559696435928345
429,0,galaxy,0,galaxy,True,0,galaxy,True,True,0,galaxy,0.563251256942749,1,quasar,0.7771482467651367,0,galaxy,0.952239990234375,0,galaxy,0.979246199131012,0,galaxy,0.9381495714187622,0,galaxy,0.5867656469345093
430,0,galaxy,0,galaxy,True,0,galaxy,True,True,0,galaxy,0.9873914122581482,0,galaxy,0.9950183629989624,0,galaxy,0.981269359588623,0,galaxy,0.9884440302848816,0,galaxy,0.9820051193237305,0,galaxy,0.5603088736534119
431,0,galaxy,0,galaxy,True,0,galaxy,True,True,0,galaxy,0.9458406567573547,0,galaxy,0.9944542050361633,0,galaxy,0.9780300855636597,0,galaxy,0.980404794216156,0,galaxy,0.9787867665290833,2,star,0.6423436999320984
432,0,galaxy,0,galaxy,True,0,galaxy,True,True,0,galaxy,0.8482712507247925,2,star,0.4334648549556732,0,galaxy,0.9604161381721497,0,galaxy,0.9719316363334656,0,galaxy,0.9735789895057678,2,star,0.4639652669429779
433,0,galaxy,0,galaxy,True,0,galaxy,True,True,0,galaxy,0.9237124919891357,1,quasar,0.5529487729072571,0,galaxy,0.8699532151222229,0,galaxy,0.8517634868621826,0,galaxy,0.9406267404556274,0,galaxy,0.6261537075042725
434,0,galaxy,0,galaxy,True,0,galaxy,True,True,0,galaxy,0.9815031290054321,0,galaxy,0.9741079807281494,0,galaxy,0.9336817860603333,0,galaxy,0.922267735004425,0,galaxy,0.9290400147438049,0,galaxy,0.3980466425418854
435,0,galaxy,0,galaxy,True,0,galaxy,True,True,0,galaxy,0.9563794732093811,0,galaxy,0.9685418605804443,0,galaxy,0.9646056294441223,0,galaxy,0.9674052596092224,0,galaxy,0.9167384505271912,2,star,0.49905234575271606
436,0,galaxy,0,galaxy,True,0,galaxy,True,True,2,star,0.7942126989364624,2,star,0.6456547379493713,0,galaxy,0.9069080948829651,0,galaxy,0.9006751179695129,0,galaxy,0.7608054280281067,0,galaxy,0.6963912844657898
437,0,galaxy,0,galaxy,True,0,galaxy,True,True,0,galaxy,0.9443871974945068,0,galaxy,0.9989979863166809,0,galaxy,0.9413213729858398,0,galaxy,0.8804205060005188,0,galaxy,0.9552465081214905,2,star,0.8283771872520447
438,0,galaxy,0,galaxy,True,0,galaxy,True,True,0,galaxy,0.9091943502426147,0,galaxy,0.9603485465049744,0,galaxy,0.9757446050643921,0,galaxy,0.9828696846961975,0,galaxy,0.9361066222190857,1,quasar,0.5504544973373413
439,0,galaxy,0,galaxy,True,0,galaxy,True,True,0,galaxy,0.9628614783287048,0,galaxy,0.9931990504264832,0,galaxy,0.9756524562835693,0,galaxy,0.9870039820671082,0,galaxy,0.9682185649871826,2,star,0.5026903748512268
440,0,galaxy,0,galaxy,True,0,galaxy,True,True,0,galaxy,0.6398270726203918,1,quasar,0.7514408826828003,0,galaxy,0.9732199311256409,0,galaxy,0.9827064275741577,0,galaxy,0.967934787273407,0,galaxy,0.8409830927848816
441,0,galaxy,0,galaxy,True,0,galaxy,True,True,0,galaxy,0.9844983220100403,0,galaxy,0.9625438451766968,0,galaxy,0.9648579359054565,0,galaxy,0.9790729284286499,0,galaxy,0.9513730406761169,0,galaxy,0.4979498088359833
442,0,galaxy,0,galaxy,True,0,galaxy,True,True,0,galaxy,0.9339232444763184,0,galaxy,0.4231359660625458,0,galaxy,0.967634379863739,0,galaxy,0.9720608592033386,0,galaxy,0.9188450574874878,2,star,0.4953278601169586
443,0,galaxy,0,galaxy,True,0,galaxy,True,True,0,galaxy,0.8748494982719421,0,galaxy,0.78224778175354,0,galaxy,0.9637154340744019,0,galaxy,0.9752783179283142,0,galaxy,0.9404811859130859,0,galaxy,0.39985254406929016
444,0,galaxy,0,galaxy,True,0,galaxy,True,True,0,galaxy,0.9956283569335938,0,galaxy,0.9899251461029053,0,galaxy,0.968308687210083,0,galaxy,0.9836623072624207,0,galaxy,0.9828255772590637,0,galaxy,0.6389352679252625
445,0,galaxy,0,galaxy,True,0,galaxy,True,True,0,galaxy,0.9887824654579163,0,galaxy,0.9749121069908142,0,galaxy,0.9718326926231384,0,galaxy,0.9732287526130676,0,galaxy,0.9410842061042786,0,galaxy,0.517981231212616
446,0,galaxy,0,galaxy,True,0,galaxy,True,True,0,galaxy,0.9569172263145447,0,galaxy,0.9578438997268677,0,galaxy,0.9428116083145142,0,galaxy,0.9802684187889099,0,galaxy,0.892808198928833,0,galaxy,0.35747405886650085
447,0,galaxy,0,galaxy,True,0,galaxy,True,True,0,galaxy,0.9434415698051453,0,galaxy,0.9592950344085693,0,galaxy,0.9682672023773193,0,galaxy,0.9880741238594055,0,galaxy,0.9780153632164001,0,galaxy,0.5526309609413147
448,0,galaxy,0,galaxy,True,0,galaxy,True,True,0,galaxy,0.9906613230705261,0,galaxy,0.9974199533462524,0,galaxy,0.9787338972091675,0,galaxy,0.9912223815917969,0,galaxy,0.9852867126464844,0,galaxy,0.791059136390686
449,0,galaxy,0,galaxy,True,0,galaxy,True,True,0,galaxy,0.9768905639648438,0,galaxy,0.9850244522094727,0,galaxy,0.970511794090271,0,galaxy,0.8546326756477356,0,galaxy,0.933225154876709,0,galaxy,0.6785624027252197
450,0,galaxy,0,galaxy,True,0,galaxy,True,True,0,galaxy,0.9802947640419006,0,galaxy,0.8148606419563293,0,galaxy,0.941022515296936,0,galaxy,0.9731393456459045,0,galaxy,0.9223170280456543,0,galaxy,0.5914559364318848
451,0,galaxy,0,galaxy,True,0,galaxy,True,True,0,galaxy,0.7321560978889465,0,galaxy,0.9707856178283691,0,galaxy,0.9580900073051453,0,galaxy,0.9774245023727417,0,galaxy,0.9376817941665649,0,galaxy,0.5684285163879395
452,0,galaxy,0,galaxy,True,0,galaxy,True,True,0,galaxy,0.9726164937019348,0,galaxy,0.9871224164962769,0,galaxy,0.9673172235488892,0,galaxy,0.9882200956344604,0,galaxy,0.9638236165046692,0,galaxy,0.4569883942604065
453,0,galaxy,0,galaxy,True,0,galaxy,True,True,0,galaxy,0.9762469530105591,0,galaxy,0.9421147108078003,0,galaxy,0.9739731550216675,0,galaxy,0.9791364669799805,0,galaxy,0.9487195014953613,2,star,0.6167036890983582
454,0,galaxy,0,galaxy,True,0,galaxy,True,True,0,galaxy,0.9662196636199951,0,galaxy,0.9517601132392883,0,galaxy,0.8797627091407776,0,galaxy,0.9755282998085022,0,galaxy,0.9760081171989441,1,quasar,0.3763008713722229
455,0,galaxy,0,galaxy,True,0,galaxy,True,True,0,galaxy,0.96222323179245,0,galaxy,0.999054491519928,0,galaxy,0.9828295111656189,0,galaxy,0.9785999655723572,0,galaxy,0.9821756482124329,0,galaxy,0.9047912955284119
456,0,galaxy,0,galaxy,True,0,galaxy,True,True,0,galaxy,0.864661455154419,0,galaxy,0.9639406800270081,0,galaxy,0.9663580060005188,0,galaxy,0.9655184745788574,0,galaxy,0.9817071557044983,0,galaxy,0.9035431742668152
457,0,galaxy,0,galaxy,True,0,galaxy,True,True,0,galaxy,0.98065185546875,0,galaxy,0.9748938679695129,0,galaxy,0.973530650138855,0,galaxy,0.9848533868789673,0,galaxy,0.985022246837616,0,galaxy,0.8647968173027039
458,0,galaxy,0,galaxy,True,0,galaxy,True,True,0,galaxy,0.9512143135070801,0,galaxy,0.992112398147583,0,galaxy,0.974563717842102,0,galaxy,0.9883527159690857,0,galaxy,0.9630789160728455,0,galaxy,0.7599614262580872
459,0,galaxy,0,galaxy,True,0,galaxy,True,True,0,galaxy,0.9038556814193726,0,galaxy,0.9928557872772217,0,galaxy,0.9617924094200134,0,galaxy,0.9869422912597656,0,galaxy,0.9298748970031738,0,galaxy,0.7209946513175964
460,0,galaxy,0,galaxy,True,0,galaxy,True,True,0,galaxy,0.7281423211097717,0,galaxy,0.9598335027694702,0,galaxy,0.9534218907356262,0,galaxy,0.8195710182189941,0,galaxy,0.954210102558136,0,galaxy,0.8551360964775085
461,0,galaxy,0,galaxy,True,0,galaxy,True,True,0,galaxy,0.8792325854301453,0,galaxy,0.9920618534088135,0,galaxy,0.9678497314453125,0,galaxy,0.9512828588485718,0,galaxy,0.9653993844985962,0,galaxy,0.6765143275260925
462,0,galaxy,0,galaxy,True,0,galaxy,True,True,0,galaxy,0.9219592213630676,0,galaxy,0.9894127249717712,0,galaxy,0.9094136357307434,0,galaxy,0.9272211790084839,0,galaxy,0.9480637311935425,0,galaxy,0.7329311966896057
463,0,galaxy,0,galaxy,True,0,galaxy,True,True,0,galaxy,0.8838738203048706,0,galaxy,0.9520024061203003,0,galaxy,0.9623987078666687,0,galaxy,0.9893614649772644,0,galaxy,0.9579654932022095,0,galaxy,0.9434671401977539
464,0,galaxy,0,galaxy,True,0,galaxy,True,True,0,galaxy,0.9456677436828613,0,galaxy,0.9815948009490967,0,galaxy,0.9537337422370911,0,galaxy,0.8786537051200867,0,galaxy,0.9673928618431091,0,galaxy,0.5462679266929626
465,0,galaxy,0,galaxy,True,0,galaxy,True,True,2,star,0.9999878406524658,0,galaxy,0.9896568059921265,0,galaxy,0.9729184508323669,0,galaxy,0.9922917485237122,0,galaxy,0.9573885798454285,0,galaxy,0.9278765320777893
466,0,galaxy,0,galaxy,True,0,galaxy,True,True,0,galaxy,0.9937544465065002,0,galaxy,0.9998615980148315,0,galaxy,0.9840108752250671,0,galaxy,0.9757329225540161,0,galaxy,0.985811710357666,0,galaxy,0.7745171785354614
467,0,galaxy,0,galaxy,True,0,galaxy,True,True,0,galaxy,0.9414427280426025,0,galaxy,0.9648960828781128,0,galaxy,0.9768945574760437,0,galaxy,0.9833130240440369,0,galaxy,0.9682431817054749,0,galaxy,0.5809124112129211
468,0,galaxy,0,galaxy,True,0,galaxy,True,True,0,galaxy,0.8624659776687622,0,galaxy,0.9816669225692749,0,galaxy,0.9671749472618103,0,galaxy,0.9922074675559998,0,galaxy,0.9707009196281433,0,galaxy,0.842314600944519
469,0,galaxy,0,galaxy,True,0,galaxy,True,True,0,galaxy,0.9890580773353577,0,galaxy,0.994091808795929,0,galaxy,0.981654167175293,0,galaxy,0.9884194135665894,0,galaxy,0.9822638630867004,0,galaxy,0.8594121932983398
470,0,galaxy,0,galaxy,True,0,galaxy,True,True,0,galaxy,0.9815230369567871,0,galaxy,0.8724178075790405,0,galaxy,0.9710307121276855,0,galaxy,0.9907764792442322,0,galaxy,0.9799472093582153,0,galaxy,0.703709065914154
471,0,galaxy,0,galaxy,True,0,galaxy,True,True,0,galaxy,0.9687813520431519,0,galaxy,0.9944528937339783,0,galaxy,0.9795785546302795,0,galaxy,0.987659752368927,0,galaxy,0.977891206741333,0,galaxy,0.7699894309043884
472,0,galaxy,0,galaxy,True,0,galaxy,True,True,0,galaxy,0.99192214012146,0,galaxy,0.9400695562362671,0,galaxy,0.9720820188522339,0,galaxy,0.97724848985672,0,galaxy,0.9174294471740723,0,galaxy,0.7904914021492004
473,0,galaxy,0,galaxy,True,0,galaxy,True,True,0,galaxy,0.804674506187439,0,galaxy,0.8597926497459412,0,galaxy,0.9409459829330444,0,galaxy,0.4519939422607422,0,galaxy,0.9318686723709106,0,galaxy,0.5328916311264038
474,0,galaxy,0,galaxy,True,0,galaxy,True,True,0,galaxy,0.897028923034668,0,galaxy,0.9136536717414856,0,galaxy,0.9603880047798157,0,galaxy,0.9699030518531799,0,galaxy,0.9327998161315918,0,galaxy,0.888373851776123
475,0,galaxy,0,galaxy,True,0,galaxy,True,True,0,galaxy,0.9641639590263367,0,galaxy,0.9795692563056946,0,galaxy,0.9756645560264587,0,galaxy,0.9729333519935608,0,galaxy,0.9761638045310974,0,galaxy,0.6980347633361816
476,0,galaxy,0,galaxy,True,0,galaxy,True,True,0,galaxy,0.9394717216491699,0,galaxy,0.9875673055648804,0,galaxy,0.9800177812576294,0,galaxy,0.9880158305168152,0,galaxy,0.9755653142929077,0,galaxy,0.7612383961677551
477,0,galaxy,0,galaxy,True,0,galaxy,True,True,0,galaxy,0.984387993812561,0,galaxy,0.9819411039352417,0,galaxy,0.9771696925163269,0,galaxy,0.9851745963096619,0,galaxy,0.9819128513336182,0,galaxy,0.8818885087966919
478,0,galaxy,0,galaxy,True,0,galaxy,True,True,0,galaxy,0.9947671890258789,0,galaxy,0.9748006463050842,0,galaxy,0.9743563532829285,0,galaxy,0.9878922700881958,0,galaxy,0.9296469688415527,0,galaxy,0.5526921153068542
479,0,galaxy,0,galaxy,True,0,galaxy,True,True,0,galaxy,0.887265682220459,0,galaxy,0.9404792189598083,0,galaxy,0.9827681183815002,0,galaxy,0.9800053834915161,0,galaxy,0.979252278804779,0,galaxy,0.7359093427658081
480,0,galaxy,0,galaxy,True,0,galaxy,True,True,0,galaxy,0.6960641741752625,0,galaxy,0.9460487961769104,0,galaxy,0.9738427996635437,0,galaxy,0.9706271290779114,0,galaxy,0.9571041464805603,0,galaxy,0.7959979176521301
481,0,galaxy,0,galaxy,True,0,galaxy,True,True,0,galaxy,0.7855241894721985,0,galaxy,0.9749904274940491,0,galaxy,0.9706349968910217,0,galaxy,0.988542914390564,0,galaxy,0.9376515746116638,0,galaxy,0.529798686504364
482,0,galaxy,0,galaxy,True,0,galaxy,True,True,0,galaxy,0.9911250472068787,0,galaxy,0.9764251112937927,0,galaxy,0.9813981652259827,0,galaxy,0.9583984613418579,0,galaxy,0.9784979224205017,0,galaxy,0.9032907485961914
483,0,galaxy,0,galaxy,True,0,galaxy,True,True,0,galaxy,0.9869017004966736,0,galaxy,0.9974495768547058,0,galaxy,0.9837706089019775,0,galaxy,0.9860840439796448,0,galaxy,0.9864241480827332,0,galaxy,0.76047283411026
484,0,galaxy,0,galaxy,True,0,galaxy,True,True,0,galaxy,0.9735128283500671,0,galaxy,0.9842223525047302,0,galaxy,0.97430020570755,0,galaxy,0.963595986366272,0,galaxy,0.9718143343925476,0,galaxy,0.4452105462551117
485,0,galaxy,0,galaxy,True,0,galaxy,True,True,0,galaxy,0.8644492626190186,0,galaxy,0.9764237999916077,0,galaxy,0.9750194549560547,0,galaxy,0.9815597534179688,0,galaxy,0.9462544322013855,2,star,0.5635654926300049
486,0,galaxy,0,galaxy,True,0,galaxy,True,True,1,quasar,0.8050931096076965,1,quasar,0.6095096468925476,0,galaxy,0.9488096237182617,0,galaxy,0.9282933473587036,0,galaxy,0.918468713760376,1,quasar,0.619943380355835
487,0,galaxy,0,galaxy,True,0,galaxy,True,True,0,galaxy,0.9687584042549133,0,galaxy,0.9986905455589294,0,galaxy,0.9743930101394653,0,galaxy,0.9882394075393677,0,galaxy,0.9725053906440735,0,galaxy,0.3894113302230835
488,0,galaxy,0,galaxy,True,0,galaxy,True,True,0,galaxy,0.9346165657043457,0,galaxy,0.6110528707504272,0,galaxy,0.9506101608276367,0,galaxy,0.9281346201896667,0,galaxy,0.9639520645141602,0,galaxy,0.4024895429611206
489,0,galaxy,0,galaxy,True,0,galaxy,True,True,0,galaxy,0.9877861738204956,0,galaxy,0.945295512676239,0,galaxy,0.9742246270179749,0,galaxy,0.9883578419685364,0,galaxy,0.9393619298934937,0,galaxy,0.5484576225280762
490,0,galaxy,0,galaxy,True,0,galaxy,True,True,1,quasar,0.4919460415840149,0,galaxy,0.8729264736175537,0,galaxy,0.9598860144615173,0,galaxy,0.9766219258308411,0,galaxy,0.9274417757987976,2,star,0.4249086081981659
491,0,galaxy,0,galaxy,True,0,galaxy,True,True,0,galaxy,0.8700177669525146,0,galaxy,0.9804984927177429,0,galaxy,0.7902665734291077,0,galaxy,0.9848352670669556,0,galaxy,0.9616835713386536,0,galaxy,0.44902366399765015
492,0,galaxy,0,galaxy,True,0,galaxy,True,True,0,galaxy,0.9904216527938843,0,galaxy,0.9994833469390869,0,galaxy,0.9830980896949768,0,galaxy,0.9895483255386353,0,galaxy,0.9845187664031982,0,galaxy,0.6439061164855957
493,0,galaxy,0,galaxy,True,0,galaxy,True,True,0,galaxy,0.9573372006416321,0,galaxy,0.9794858694076538,0,galaxy,0.9844552278518677,0,galaxy,0.9939208030700684,0,galaxy,0.9834312796592712,0,galaxy,0.8838272094726562
494,0,galaxy,0,galaxy,True,0,galaxy,True,True,0,galaxy,0.8980901837348938,0,galaxy,0.9689404964447021,0,galaxy,0.9827935695648193,0,galaxy,0.9559139013290405,0,galaxy,0.985015869140625,0,galaxy,0.8319532871246338
495,0,galaxy,0,galaxy,True,0,galaxy,True,True,0,galaxy,0.9439953565597534,0,galaxy,0.9816759824752808,0,galaxy,0.965398907661438,0,galaxy,0.9638429880142212,0,galaxy,0.9763864874839783,0,galaxy,0.58730548620224
496,0,galaxy,0,galaxy,True,0,galaxy,True,True,0,galaxy,0.9953368306159973,0,galaxy,0.9805395603179932,0,galaxy,0.9799811244010925,0,galaxy,0.9846292734146118,0,galaxy,0.9802407026290894,0,galaxy,0.7175104022026062
497,0,galaxy,0,galaxy,True,0,galaxy,True,True,0,galaxy,0.9293404817581177,0,galaxy,0.9998043179512024,0,galaxy,0.9869083166122437,0,galaxy,0.9901793003082275,0,galaxy,0.9850768446922302,0,galaxy,0.8657010793685913
498,0,galaxy,0,galaxy,True,0,galaxy,True,True,0,galaxy,0.9901604652404785,0,galaxy,0.979371190071106,0,galaxy,0.9687661528587341,0,galaxy,0.9894278645515442,0,galaxy,0.9644086956977844,0,galaxy,0.5201627016067505
499,0,galaxy,0,galaxy,True,0,galaxy,True,True,0,galaxy,0.954243004322052,0,galaxy,0.998712420463562,0,galaxy,0.9839478731155396,0,galaxy,0.9655452370643616,0,galaxy,0.9834789037704468,2,star,0.6626664996147156
500,0,galaxy,0,galaxy,True,0,galaxy,True,True,0,galaxy,0.9882825016975403,0,galaxy,0.9941074848175049,0,galaxy,0.978377640247345,0,galaxy,0.9506204724311829,0,galaxy,0.9783517718315125,0,galaxy,0.7985710501670837
501,0,galaxy,0,galaxy,True,0,galaxy,True,True,0,galaxy,0.9511499404907227,0,galaxy,0.9710554480552673,0,galaxy,0.9809796214103699,0,galaxy,0.9911064505577087,0,galaxy,0.986071765422821,0,galaxy,0.7766985297203064
502,0,galaxy,0,galaxy,True,0,galaxy,True,True,0,galaxy,0.9965799450874329,0,galaxy,0.9949742555618286,0,galaxy,0.9738748073577881,0,galaxy,0.9817643761634827,0,galaxy,0.9246230125427246,0,galaxy,0.5427961945533752
503,0,galaxy,0,galaxy,True,0,galaxy,True,True,0,galaxy,0.8997412323951721,0,galaxy,0.9921948909759521,0,galaxy,0.9682687520980835,0,galaxy,0.9893459677696228,0,galaxy,0.9485232830047607,0,galaxy,0.7547765374183655
504,0,galaxy,0,galaxy,True,0,galaxy,True,True,0,galaxy,0.9645096063613892,0,galaxy,0.8229789733886719,0,galaxy,0.9510620832443237,0,galaxy,0.9480317831039429,0,galaxy,0.9157491326332092,1,quasar,0.6029066443443298
505,0,galaxy,0,galaxy,True,0,galaxy,True,True,0,galaxy,0.905349612236023,0,galaxy,0.9711503982543945,0,galaxy,0.9668598771095276,0,galaxy,0.9841212034225464,0,galaxy,0.947469174861908,0,galaxy,0.6835533976554871
506,0,galaxy,0,galaxy,True,0,galaxy,True,True,0,galaxy,0.899414598941803,0,galaxy,0.9461356401443481,0,galaxy,0.9685330390930176,0,galaxy,0.9683760404586792,0,galaxy,0.9290609359741211,0,galaxy,0.6016900539398193
507,0,galaxy,0,galaxy,True,0,galaxy,True,True,0,galaxy,0.8854902982711792,0,galaxy,0.9612460732460022,0,galaxy,0.9738501906394958,0,galaxy,0.9912258982658386,0,galaxy,0.9829137921333313,0,galaxy,0.5448799133300781
508,0,galaxy,0,galaxy,True,0,galaxy,True,True,0,galaxy,0.9512991309165955,0,galaxy,0.9797153472900391,0,galaxy,0.9735422730445862,0,galaxy,0.9480438828468323,0,galaxy,0.9352968335151672,0,galaxy,0.6095051169395447
509,0,galaxy,0,galaxy,True,0,galaxy,True,True,1,quasar,0.5202080011367798,1,quasar,0.8421589732170105,0,galaxy,0.8849630355834961,0,galaxy,0.9586743712425232,0,galaxy,0.8896303772926331,0,galaxy,0.5988763570785522
510,0,galaxy,0,galaxy,True,0,galaxy,True,True,0,galaxy,0.9405985474586487,0,galaxy,0.9888976216316223,0,galaxy,0.9645532965660095,0,galaxy,0.9732285141944885,0,galaxy,0.9267649054527283,0,galaxy,0.5246404409408569
511,0,galaxy,0,galaxy,True,0,galaxy,True,True,0,galaxy,0.6896390318870544,0,galaxy,0.7522990107536316,0,galaxy,0.9822057485580444,0,galaxy,0.9705614447593689,0,galaxy,0.974794328212738,1,quasar,0.5186347365379333
512,0,galaxy,0,galaxy,True,0,galaxy,True,True,0,galaxy,0.5622830986976624,0,galaxy,0.7484098672866821,2,star,0.531111478805542,0,galaxy,0.8324853181838989,0,galaxy,0.8230195045471191,1,quasar,0.5910694599151611
513,0,galaxy,0,galaxy,True,0,galaxy,True,True,0,galaxy,0.9192348122596741,0,galaxy,0.9666520953178406,0,galaxy,0.9239373207092285,0,galaxy,0.7655892968177795,0,galaxy,0.9005674123764038,1,quasar,0.5879493951797485
514,0,galaxy,0,galaxy,True,0,galaxy,True,True,0,galaxy,0.9454054236412048,0,galaxy,0.9243984222412109,0,galaxy,0.9749549627304077,0,galaxy,0.9857465028762817,0,galaxy,0.9356999397277832,0,galaxy,0.8514203429222107
515,0,galaxy,0,galaxy,True,0,galaxy,True,True,0,galaxy,0.986113965511322,0,galaxy,0.8599454760551453,0,galaxy,0.9715779423713684,0,galaxy,0.9905421137809753,0,galaxy,0.9585338234901428,0,galaxy,0.5772944688796997
516,0,galaxy,0,galaxy,True,0,galaxy,True,True,1,quasar,0.7714110016822815,1,quasar,0.40396648645401,0,galaxy,0.7423384189605713,0,galaxy,0.4478972256183624,0,galaxy,0.7158881425857544,1,quasar,0.49162009358406067
517,0,galaxy,0,galaxy,True,0,galaxy,True,True,0,galaxy,0.9745875000953674,0,galaxy,0.994566798210144,0,galaxy,0.9864365458488464,0,galaxy,0.9835996627807617,0,galaxy,0.9790807366371155,1,quasar,0.4596850275993347
518,0,galaxy,0,galaxy,True,0,galaxy,True,True,0,galaxy,0.8858119249343872,1,quasar,0.4990130066871643,0,galaxy,0.9724459052085876,0,galaxy,0.9889070987701416,0,galaxy,0.9726620316505432,0,galaxy,0.7817771434783936
519,0,galaxy,0,galaxy,True,0,galaxy,True,True,0,galaxy,0.9205007553100586,0,galaxy,0.9900963306427002,0,galaxy,0.9566755890846252,0,galaxy,0.9773961305618286,0,galaxy,0.9619333148002625,0,galaxy,0.5501028299331665
520,0,galaxy,0,galaxy,True,0,galaxy,True,True,0,galaxy,0.8932456374168396,0,galaxy,0.6073201894760132,0,galaxy,0.9344315528869629,0,galaxy,0.9678860902786255,0,galaxy,0.9063910841941833,0,galaxy,0.6060160398483276
521,0,galaxy,2,star,False,2,star,False,True,2,star,0.6511141061782837,2,star,0.5523290038108826,2,star,0.5082988739013672,0,galaxy,0.9560948610305786,2,star,0.7283208966255188,0,galaxy,0.5562248826026917
522,0,galaxy,0,galaxy,True,0,galaxy,True,True,0,galaxy,0.9601314663887024,0,galaxy,0.88259357213974,0,galaxy,0.9740393161773682,0,galaxy,0.9820144176483154,0,galaxy,0.9494410753250122,1,quasar,0.38662198185920715
523,0,galaxy,1,quasar,False,1,quasar,False,True,1,quasar,0.5380675792694092,1,quasar,0.710196852684021,1,quasar,0.6850705146789551,1,quasar,0.5964414477348328,1,quasar,0.5888916850090027,1,quasar,0.3912118673324585
524,0,galaxy,0,galaxy,True,0,galaxy,True,True,0,galaxy,0.9431647062301636,0,galaxy,0.9982172846794128,0,galaxy,0.9692445397377014,0,galaxy,0.9917033314704895,0,galaxy,0.9809557795524597,0,galaxy,0.3407261371612549
525,0,galaxy,0,galaxy,True,0,galaxy,True,True,0,galaxy,0.9801390171051025,0,galaxy,0.9612908959388733,0,galaxy,0.9684550762176514,0,galaxy,0.9890262484550476,0,galaxy,0.9533125758171082,0,galaxy,0.7930225729942322
526,0,galaxy,0,galaxy,True,0,galaxy,True,True,0,galaxy,0.9813081622123718,0,galaxy,0.9493993520736694,0,galaxy,0.9623079895973206,0,galaxy,0.9831240177154541,0,galaxy,0.9533286690711975,0,galaxy,0.7314416170120239
527,0,galaxy,0,galaxy,True,0,galaxy,True,True,0,galaxy,0.7410157918930054,0,galaxy,0.9578711986541748,0,galaxy,0.9667324423789978,0,galaxy,0.972809374332428,0,galaxy,0.9340525269508362,2,star,0.4335254728794098
528,0,galaxy,0,galaxy,True,0,galaxy,True,True,0,galaxy,0.983991265296936,0,galaxy,0.9528033137321472,0,galaxy,0.9651356935501099,0,galaxy,0.9878377914428711,0,galaxy,0.9828301668167114,0,galaxy,0.6074604988098145
529,0,galaxy,0,galaxy,True,0,galaxy,True,True,0,galaxy,0.9928638935089111,0,galaxy,0.9987699389457703,0,galaxy,0.9836508631706238,0,galaxy,0.9888153672218323,0,galaxy,0.9758747816085815,0,galaxy,0.7989988327026367
530,0,galaxy,0,galaxy,True,0,galaxy,True,True,0,galaxy,0.9946797490119934,0,galaxy,0.9684221148490906,0,galaxy,0.9710268974304199,0,galaxy,0.9802541136741638,0,galaxy,0.9399741888046265,2,star,0.37879207730293274
531,0,galaxy,0,galaxy,True,0,galaxy,True,True,0,galaxy,0.9675648212432861,0,galaxy,0.9272249937057495,0,galaxy,0.9655426144599915,0,galaxy,0.9845656752586365,0,galaxy,0.9567975997924805,0,galaxy,0.8376280069351196
532,0,galaxy,0,galaxy,True,0,galaxy,True,True,0,galaxy,0.9535431265830994,0,galaxy,0.9924256801605225,0,galaxy,0.974850058555603,0,galaxy,0.9819497466087341,0,galaxy,0.9497790336608887,0,galaxy,0.7488207817077637
533,0,galaxy,0,galaxy,True,0,galaxy,True,True,0,galaxy,0.9948880076408386,0,galaxy,0.9996730089187622,0,galaxy,0.9868365526199341,0,galaxy,0.9807062149047852,0,galaxy,0.9854958653450012,0,galaxy,0.730308473110199
534,0,galaxy,0,galaxy,True,0,galaxy,True,True,0,galaxy,0.9861332774162292,0,galaxy,0.98842453956604,0,galaxy,0.9762952327728271,0,galaxy,0.9829036593437195,0,galaxy,0.9430921077728271,0,galaxy,0.46916812658309937
535,0,galaxy,0,galaxy,True,0,galaxy,True,True,0,galaxy,0.9880529642105103,0,galaxy,0.9993937015533447,0,galaxy,0.9856593012809753,0,galaxy,0.994425892829895,0,galaxy,0.9851539134979248,0,galaxy,0.5272631645202637
536,0,galaxy,0,galaxy,True,0,galaxy,True,True,0,galaxy,0.9880407452583313,0,galaxy,0.9401559233665466,0,galaxy,0.9762837886810303,0,galaxy,0.9864391088485718,0,galaxy,0.9642317295074463,0,galaxy,0.5101863145828247
537,0,galaxy,0,galaxy,True,0,galaxy,True,True,0,galaxy,0.5730543732643127,0,galaxy,0.9769202470779419,0,galaxy,0.954908013343811,0,galaxy,0.9768815636634827,0,galaxy,0.9599738717079163,0,galaxy,0.897729218006134
538,0,galaxy,0,galaxy,True,0,galaxy,True,True,0,galaxy,0.9545803666114807,0,galaxy,0.9900825619697571,0,galaxy,0.9733746647834778,0,galaxy,0.9898381233215332,0,galaxy,0.9775123000144958,0,galaxy,0.8113847374916077
539,0,galaxy,0,galaxy,True,0,galaxy,True,True,0,galaxy,0.9513781070709229,0,galaxy,0.9914912581443787,0,galaxy,0.9540771842002869,0,galaxy,0.9766444563865662,0,galaxy,0.9034202694892883,1,quasar,0.4301275312900543
540,0,galaxy,0,galaxy,True,0,galaxy,True,True,0,galaxy,0.9981924891471863,0,galaxy,0.9979617595672607,0,galaxy,0.9858548045158386,0,galaxy,0.9904394149780273,0,galaxy,0.9873077273368835,2,star,0.5635495185852051
541,0,galaxy,1,quasar,False,1,quasar,False,True,1,quasar,0.7850885391235352,1,quasar,0.906899094581604,1,quasar,0.4891957938671112,1,quasar,0.5705850720405579,1,quasar,0.6069551110267639,1,quasar,0.38288813829421997
542,0,galaxy,0,galaxy,True,0,galaxy,True,True,0,galaxy,0.9699758291244507,0,galaxy,0.9837765097618103,0,galaxy,0.9800337553024292,0,galaxy,0.9928786158561707,0,galaxy,0.9715703129768372,0,galaxy,0.6536944508552551
543,0,galaxy,0,galaxy,True,0,galaxy,True,True,0,galaxy,0.4571470320224762,0,galaxy,0.9796704053878784,0,galaxy,0.9558458924293518,0,galaxy,0.977393627166748,0,galaxy,0.938544750213623,1,quasar,0.44423505663871765
544,0,galaxy,0,galaxy,True,0,galaxy,True,True,0,galaxy,0.9875605702400208,0,galaxy,0.9521405696868896,0,galaxy,0.97878497838974,0,galaxy,0.9892616271972656,0,galaxy,0.9642978310585022,0,galaxy,0.6077706813812256
545,0,galaxy,0,galaxy,True,0,galaxy,True,True,0,galaxy,0.9715849161148071,0,galaxy,0.9219223260879517,0,galaxy,0.9515936374664307,0,galaxy,0.9931439161300659,0,galaxy,0.9426912665367126,2,star,0.47754451632499695
546,0,galaxy,0,galaxy,True,0,galaxy,True,True,0,galaxy,0.9704092741012573,0,galaxy,0.5412232875823975,0,galaxy,0.9011096358299255,0,galaxy,0.9681217074394226,0,galaxy,0.9347832798957825,0,galaxy,0.5706555843353271
547,0,galaxy,0,galaxy,True,0,galaxy,True,True,0,galaxy,0.5915877819061279,0,galaxy,0.8941224217414856,0,galaxy,0.9325716495513916,0,galaxy,0.9641386866569519,0,galaxy,0.9607482552528381,0,galaxy,0.6140457391738892
548,0,galaxy,0,galaxy,True,0,galaxy,True,True,0,galaxy,0.9780989289283752,0,galaxy,0.9372386336326599,0,galaxy,0.9621415138244629,0,galaxy,0.9626704454421997,0,galaxy,0.9453357458114624,0,galaxy,0.5200797915458679
549,0,galaxy,0,galaxy,True,0,galaxy,True,True,0,galaxy,0.9850718379020691,0,galaxy,0.9952321648597717,0,galaxy,0.9818922877311707,0,galaxy,0.9713350534439087,0,galaxy,0.9811117053031921,0,galaxy,0.7462934851646423
550,0,galaxy,0,galaxy,True,0,galaxy,True,True,0,galaxy,0.8030025362968445,0,galaxy,0.66470867395401,0,galaxy,0.9737676382064819,0,galaxy,0.9822628498077393,0,galaxy,0.9233046770095825,0,galaxy,0.6504601836204529
551,0,galaxy,0,galaxy,True,0,galaxy,True,True,0,galaxy,0.9783023595809937,0,galaxy,0.9988126754760742,0,galaxy,0.9824605584144592,0,galaxy,0.9696083068847656,0,galaxy,0.9770795702934265,0,galaxy,0.9798281788825989
552,0,galaxy,0,galaxy,True,0,galaxy,True,True,0,galaxy,0.9719910025596619,0,galaxy,0.9907832145690918,0,galaxy,0.9836310148239136,0,galaxy,0.9850385785102844,0,galaxy,0.9839868545532227,0,galaxy,0.7336393594741821
553,0,galaxy,0,galaxy,True,0,galaxy,True,True,0,galaxy,0.9348832368850708,0,galaxy,0.9988497495651245,0,galaxy,0.978220522403717,0,galaxy,0.9784099459648132,0,galaxy,0.9798763990402222,0,galaxy,0.8923788070678711
554,0,galaxy,0,galaxy,True,0,galaxy,True,True,0,galaxy,0.927844226360321,0,galaxy,0.897614061832428,0,galaxy,0.9087576270103455,0,galaxy,0.9751898050308228,0,galaxy,0.9606270790100098,2,star,0.5118997097015381
555,0,galaxy,0,galaxy,True,0,galaxy,True,True,0,galaxy,0.8304429054260254,0,galaxy,0.9524227380752563,0,galaxy,0.974180281162262,0,galaxy,0.9793462753295898,0,galaxy,0.9645634889602661,0,galaxy,0.46895328164100647
556,0,galaxy,0,galaxy,True,0,galaxy,True,True,0,galaxy,0.9142842292785645,0,galaxy,0.9279068112373352,0,galaxy,0.9302843809127808,0,galaxy,0.9834486842155457,0,galaxy,0.9325988292694092,0,galaxy,0.46718618273735046
557,0,galaxy,0,galaxy,True,0,galaxy,True,True,0,galaxy,0.9921765923500061,0,galaxy,0.9985752105712891,0,galaxy,0.9826835989952087,0,galaxy,0.9889345765113831,0,galaxy,0.9861332774162292,0,galaxy,0.8173322677612305
558,0,galaxy,0,galaxy,True,0,galaxy,True,True,0,galaxy,0.9394568204879761,0,galaxy,0.9895406365394592,0,galaxy,0.973546028137207,0,galaxy,0.9931643605232239,0,galaxy,0.9536489248275757,2,star,0.4413369596004486
559,0,galaxy,0,galaxy,True,0,galaxy,True,True,0,galaxy,0.8301794528961182,0,galaxy,0.9665417075157166,0,galaxy,0.7677032351493835,0,galaxy,0.4986763000488281,0,galaxy,0.8750047087669373,0,galaxy,0.4092008173465729
560,0,galaxy,0,galaxy,True,0,galaxy,True,True,0,galaxy,0.990129292011261,0,galaxy,0.9965985417366028,0,galaxy,0.9869539141654968,0,galaxy,0.9907556176185608,0,galaxy,0.9754813313484192,0,galaxy,0.6162171363830566
561,0,galaxy,0,galaxy,True,0,galaxy,True,True,0,galaxy,0.991987943649292,0,galaxy,0.8975597620010376,0,galaxy,0.9759587049484253,0,galaxy,0.9804752469062805,0,galaxy,0.9676066637039185,0,galaxy,0.5701777935028076
562,0,galaxy,0,galaxy,True,0,galaxy,True,True,0,galaxy,0.9768059253692627,0,galaxy,0.9843633770942688,0,galaxy,0.981910765171051,0,galaxy,0.9866042137145996,0,galaxy,0.9804789423942566,0,galaxy,0.8601633310317993
563,0,galaxy,0,galaxy,True,0,galaxy,True,True,0,galaxy,0.9795477390289307,0,galaxy,0.9934188723564148,0,galaxy,0.9798697233200073,0,galaxy,0.9941126704216003,0,galaxy,0.9763954877853394,0,galaxy,0.8348388671875
564,0,galaxy,0,galaxy,True,0,galaxy,True,True,0,galaxy,0.9932518601417542,0,galaxy,0.9925851225852966,0,galaxy,0.9655184745788574,0,galaxy,0.9887867569923401,0,galaxy,0.972931444644928,0,galaxy,0.7729917764663696
565,0,galaxy,0,galaxy,True,0,galaxy,True,True,1,quasar,0.5428614020347595,0,galaxy,0.8901511430740356,0,galaxy,0.9408840537071228,0,galaxy,0.9682052731513977,0,galaxy,0.9368016123771667,0,galaxy,0.5995832085609436
566,0,galaxy,0,galaxy,True,0,galaxy,True,True,0,galaxy,0.804052472114563,0,galaxy,0.9765805006027222,0,galaxy,0.9695631265640259,0,galaxy,0.983123779296875,0,galaxy,0.9236069917678833,0,galaxy,0.6401164531707764
567,0,galaxy,0,galaxy,True,0,galaxy,True,True,1,quasar,0.47868919372558594,0,galaxy,0.6441372036933899,0,galaxy,0.8296458125114441,0,galaxy,0.938999354839325,0,galaxy,0.850456714630127,0,galaxy,0.8060935139656067
568,0,galaxy,0,galaxy,True,0,galaxy,True,True,0,galaxy,0.968636691570282,0,galaxy,0.9541295766830444,0,galaxy,0.9163252711296082,0,galaxy,0.9667337536811829,0,galaxy,0.9458494186401367,1,quasar,0.5159766674041748
569,0,galaxy,0,galaxy,True,0,galaxy,True,True,0,galaxy,0.9715035557746887,0,galaxy,0.9991816878318787,0,galaxy,0.9854459762573242,0,galaxy,0.9742441177368164,0,galaxy,0.9855906963348389,0,galaxy,0.8099420070648193
570,0,galaxy,0,galaxy,True,0,galaxy,True,True,0,galaxy,0.953055739402771,0,galaxy,0.9997308850288391,0,galaxy,0.9762577414512634,0,galaxy,0.8842760920524597,0,galaxy,0.9849967956542969,0,galaxy,0.8445892930030823
571,0,galaxy,0,galaxy,True,0,galaxy,True,True,0,galaxy,0.9859349727630615,0,galaxy,0.9974357485771179,0,galaxy,0.9664433002471924,0,galaxy,0.9903790950775146,0,galaxy,0.9854089617729187,0,galaxy,0.8047307729721069
572,0,galaxy,0,galaxy,True,0,galaxy,True,True,0,galaxy,0.970779299736023,0,galaxy,0.9940404295921326,0,galaxy,0.9829940795898438,0,galaxy,0.9856180548667908,0,galaxy,0.984877347946167,2,star,0.5006651282310486
573,0,galaxy,0,galaxy,True,0,galaxy,True,True,0,galaxy,0.8727127909660339,0,galaxy,0.9774131178855896,0,galaxy,0.9239744544029236,0,galaxy,0.9384541511535645,0,galaxy,0.9598583579063416,0,galaxy,0.4902596175670624
574,0,galaxy,0,galaxy,True,0,galaxy,True,True,0,galaxy,0.9246639609336853,0,galaxy,0.9593198895454407,0,galaxy,0.9240223169326782,0,galaxy,0.9844533801078796,0,galaxy,0.9589266777038574,2,star,0.48549893498420715
575,0,galaxy,0,galaxy,True,0,galaxy,True,True,0,galaxy,0.9896713495254517,0,galaxy,0.9445879459381104,0,galaxy,0.9711316227912903,0,galaxy,0.9841877222061157,0,galaxy,0.9643032550811768,2,star,0.4434533417224884
576,0,galaxy,0,galaxy,True,0,galaxy,True,True,0,galaxy,0.7485817670822144,0,galaxy,0.9316527843475342,0,galaxy,0.9625583291053772,0,galaxy,0.9629293084144592,0,galaxy,0.9398611783981323,0,galaxy,0.7631685733795166
577,0,galaxy,2,star,False,2,star,False,True,2,star,0.6644468307495117,2,star,0.4744264781475067,2,star,0.9651867747306824,2,star,0.8676319122314453,2,star,0.5493674278259277,2,star,0.6371419429779053
578,0,galaxy,0,galaxy,True,0,galaxy,True,True,0,galaxy,0.8801990151405334,0,galaxy,0.9595851302146912,0,galaxy,0.968069851398468,0,galaxy,0.9745892286300659,0,galaxy,0.9447456002235413,0,galaxy,0.836030900478363
579,0,galaxy,0,galaxy,True,0,galaxy,True,True,0,galaxy,0.9715644717216492,0,galaxy,0.9574406743049622,0,galaxy,0.9701055884361267,0,galaxy,0.9852765202522278,0,galaxy,0.9714970588684082,0,galaxy,0.8776248097419739
580,0,galaxy,0,galaxy,True,0,galaxy,True,True,0,galaxy,0.9564502239227295,0,galaxy,0.9324620962142944,0,galaxy,0.9702459573745728,0,galaxy,0.9840168952941895,0,galaxy,0.965921938419342,0,galaxy,0.6264562606811523
581,0,galaxy,0,galaxy,True,0,galaxy,True,True,0,galaxy,0.9044678211212158,0,galaxy,0.6676239371299744,0,galaxy,0.9723058938980103,0,galaxy,0.9599961638450623,0,galaxy,0.943020224571228,0,galaxy,0.4613211750984192
582,0,galaxy,0,galaxy,True,0,galaxy,True,True,0,galaxy,0.989613950252533,0,galaxy,0.9846760630607605,0,galaxy,0.9536267518997192,0,galaxy,0.9819411039352417,0,galaxy,0.9730878472328186,0,galaxy,0.7607906460762024
583,0,galaxy,0,galaxy,True,0,galaxy,True,True,0,galaxy,0.9346689581871033,0,galaxy,0.9980927109718323,0,galaxy,0.9630728363990784,0,galaxy,0.9921557307243347,0,galaxy,0.9804507493972778,0,galaxy,0.6122883558273315
584,0,galaxy,0,galaxy,True,0,galaxy,True,True,0,galaxy,0.8563356995582581,0,galaxy,0.9832022786140442,0,galaxy,0.960162878036499,2,star,0.5352073907852173,0,galaxy,0.927155613899231,0,galaxy,0.4153510630130768
585,0,galaxy,0,galaxy,True,0,galaxy,True,True,0,galaxy,0.9781900644302368,0,galaxy,0.9272583723068237,0,galaxy,0.9718104004859924,0,galaxy,0.9786970615386963,0,galaxy,0.9750061631202698,0,galaxy,0.4764502942562103
586,0,galaxy,0,galaxy,True,0,galaxy,True,True,0,galaxy,0.6239834427833557,0,galaxy,0.9958428740501404,0,galaxy,0.9786157608032227,0,galaxy,0.9766013622283936,0,galaxy,0.9838088154792786,0,galaxy,0.5080479383468628
587,0,galaxy,0,galaxy,True,0,galaxy,True,True,0,galaxy,0.9187068939208984,0,galaxy,0.9068362712860107,0,galaxy,0.9385035037994385,0,galaxy,0.9542662501335144,0,galaxy,0.9704940319061279,0,galaxy,0.9260103106498718
588,0,galaxy,0,galaxy,True,0,galaxy,True,True,0,galaxy,0.9769223928451538,0,galaxy,0.9901688098907471,0,galaxy,0.9785028696060181,0,galaxy,0.9932724237442017,0,galaxy,0.9817361831665039,0,galaxy,0.615949809551239
589,0,galaxy,0,galaxy,True,0,galaxy,True,True,0,galaxy,0.9434377551078796,0,galaxy,0.9861454963684082,0,galaxy,0.9611682891845703,0,galaxy,0.9720607399940491,0,galaxy,0.9332188367843628,0,galaxy,0.4495789408683777
590,0,galaxy,0,galaxy,True,0,galaxy,True,True,0,galaxy,0.9506352543830872,0,galaxy,0.9901635050773621,0,galaxy,0.9819452166557312,0,galaxy,0.6886852383613586,0,galaxy,0.9831609129905701,0,galaxy,0.9701944589614868
591,0,galaxy,0,galaxy,True,0,galaxy,True,True,0,galaxy,0.993878185749054,0,galaxy,0.7873727679252625,0,galaxy,0.9689849019050598,2,star,0.3980035185813904,0,galaxy,0.9447224140167236,0,galaxy,0.7498093843460083
592,0,galaxy,0,galaxy,True,0,galaxy,True,True,0,galaxy,0.9780411124229431,0,galaxy,0.9964569211006165,0,galaxy,0.9918501377105713,0,galaxy,0.9644778966903687,0,galaxy,0.9840602874755859,0,galaxy,0.5930135846138
593,0,galaxy,0,galaxy,True,0,galaxy,True,True,0,galaxy,0.957624077796936,0,galaxy,0.9836664199829102,0,galaxy,0.978033721446991,0,galaxy,0.9740700125694275,0,galaxy,0.929509162902832,0,galaxy,0.7896589040756226
594,0,galaxy,0,galaxy,True,0,galaxy,True,True,0,galaxy,0.9750205874443054,0,galaxy,0.996914267539978,0,galaxy,0.9828134775161743,0,galaxy,0.9899998307228088,0,galaxy,0.9837188124656677,2,star,0.4325932264328003
595,0,galaxy,0,galaxy,True,0,galaxy,True,True,0,galaxy,0.9864316582679749,0,galaxy,0.9991424083709717,0,galaxy,0.9842334389686584,0,galaxy,0.9815739989280701,0,galaxy,0.9856665730476379,0,galaxy,0.6162049770355225
596,0,galaxy,0,galaxy,True,0,galaxy,True,True,0,galaxy,0.9341291785240173,0,galaxy,0.8669003248214722,0,galaxy,0.971407949924469,0,galaxy,0.9916216135025024,0,galaxy,0.9785553216934204,0,galaxy,0.7585780620574951
597,0,galaxy,0,galaxy,True,0,galaxy,True,True,0,galaxy,0.9785773754119873,0,galaxy,0.9650052189826965,0,galaxy,0.9624688625335693,0,galaxy,0.9876227378845215,0,galaxy,0.9424960613250732,0,galaxy,0.60336834192276
598,0,galaxy,0,galaxy,True,0,galaxy,True,True,0,galaxy,0.9869950413703918,0,galaxy,0.9820984601974487,0,galaxy,0.9473671317100525,0,galaxy,0.9793261289596558,0,galaxy,0.9691897034645081,0,galaxy,0.6090470552444458
599,0,galaxy,0,galaxy,True,0,galaxy,True,True,0,galaxy,0.9824312329292297,0,galaxy,0.9770370125770569,0,galaxy,0.972786009311676,0,galaxy,0.9602447748184204,0,galaxy,0.9591406583786011,2,star,0.501058042049408
600,0,galaxy,0,galaxy,True,0,galaxy,True,True,0,galaxy,0.9578055739402771,0,galaxy,0.8463291525840759,0,galaxy,0.9668987989425659,0,galaxy,0.9821062088012695,0,galaxy,0.9610012769699097,0,galaxy,0.4488922357559204
601,0,galaxy,0,galaxy,True,0,galaxy,True,True,0,galaxy,0.9872027039527893,0,galaxy,0.9972171783447266,0,galaxy,0.9769113659858704,0,galaxy,0.9742416143417358,0,galaxy,0.978968620300293,0,galaxy,0.4598560333251953
602,0,galaxy,0,galaxy,True,0,galaxy,True,True,0,galaxy,0.9494339823722839,0,galaxy,0.9758328795433044,0,galaxy,0.9680927395820618,0,galaxy,0.9896863102912903,0,galaxy,0.9710367918014526,0,galaxy,0.6271812319755554
603,0,galaxy,0,galaxy,True,0,galaxy,True,True,0,galaxy,0.6127822399139404,0,galaxy,0.9975554943084717,0,galaxy,0.9775885343551636,0,galaxy,0.6399653553962708,0,galaxy,0.9566315412521362,0,galaxy,0.9975480437278748
604,0,galaxy,0,galaxy,True,0,galaxy,True,True,0,galaxy,0.5859557390213013,0,galaxy,0.9942827224731445,0,galaxy,0.9764363765716553,0,galaxy,0.9373594522476196,0,galaxy,0.9686259627342224,0,galaxy,0.9980592131614685
605,0,galaxy,0,galaxy,True,0,galaxy,True,True,0,galaxy,0.953220784664154,0,galaxy,0.960084855556488,0,galaxy,0.9812657237052917,0,galaxy,0.9580285549163818,0,galaxy,0.9706200361251831,0,galaxy,0.4963386058807373
606,0,galaxy,0,galaxy,True,0,galaxy,True,True,0,galaxy,0.9918729662895203,0,galaxy,0.9422123432159424,0,galaxy,0.9574589133262634,0,galaxy,0.9835504293441772,0,galaxy,0.9351849555969238,0,galaxy,0.4961593747138977
607,0,galaxy,0,galaxy,True,0,galaxy,True,True,0,galaxy,0.9731115698814392,0,galaxy,0.9901788234710693,0,galaxy,0.9627367258071899,0,galaxy,0.9796282649040222,0,galaxy,0.9663601517677307,0,galaxy,0.7594079971313477
608,0,galaxy,0,galaxy,True,0,galaxy,True,True,0,galaxy,0.9740790724754333,0,galaxy,0.97672039270401,0,galaxy,0.9821985363960266,0,galaxy,0.9865559339523315,0,galaxy,0.9850671291351318,0,galaxy,0.7186154723167419
609,0,galaxy,0,galaxy,True,0,galaxy,True,True,0,galaxy,0.9635517001152039,0,galaxy,0.9938225746154785,0,galaxy,0.973159670829773,0,galaxy,0.9875259399414062,0,galaxy,0.9798914790153503,0,galaxy,0.6454424858093262
610,0,galaxy,0,galaxy,True,0,galaxy,True,True,0,galaxy,0.9527813196182251,0,galaxy,0.9945476651191711,0,galaxy,0.9830107688903809,0,galaxy,0.9859904050827026,0,galaxy,0.9856013655662537,0,galaxy,0.47983989119529724
611,0,galaxy,0,galaxy,True,0,galaxy,True,True,0,galaxy,0.9401901960372925,0,galaxy,0.968096137046814,0,galaxy,0.9657618999481201,0,galaxy,0.9785339832305908,0,galaxy,0.9841167330741882,0,galaxy,0.7872469425201416
612,0,galaxy,0,galaxy,True,0,galaxy,True,True,0,galaxy,0.9391671419143677,0,galaxy,0.9932812452316284,0,galaxy,0.9692497253417969,0,galaxy,0.988284707069397,0,galaxy,0.9839727878570557,0,galaxy,0.8169421553611755
613,0,galaxy,0,galaxy,True,0,galaxy,True,True,0,galaxy,0.959449052810669,0,galaxy,0.9507314562797546,0,galaxy,0.9521681666374207,0,galaxy,0.9875527620315552,0,galaxy,0.9521874785423279,0,galaxy,0.6282508969306946
614,0,galaxy,0,galaxy,True,0,galaxy,True,True,0,galaxy,0.9811353087425232,0,galaxy,0.9989261031150818,2,star,0.6803662776947021,0,galaxy,0.7990961670875549,0,galaxy,0.9602835774421692,0,galaxy,0.6353148818016052
615,0,galaxy,0,galaxy,True,0,galaxy,True,True,0,galaxy,0.9506055116653442,0,galaxy,0.9921998381614685,0,galaxy,0.9569294452667236,0,galaxy,0.9105671644210815,0,galaxy,0.9263430833816528,0,galaxy,0.49329158663749695
616,0,galaxy,0,galaxy,True,0,galaxy,True,True,0,galaxy,0.9895344376564026,0,galaxy,0.993344783782959,0,galaxy,0.978567898273468,0,galaxy,0.9879817366600037,0,galaxy,0.9846361875534058,0,galaxy,0.7914494872093201
617,0,galaxy,0,galaxy,True,0,galaxy,True,True,0,galaxy,0.9694163799285889,0,galaxy,0.9628983736038208,0,galaxy,0.9735764265060425,0,galaxy,0.9803609251976013,0,galaxy,0.9499880075454712,0,galaxy,0.5557066798210144
618,0,galaxy,0,galaxy,True,0,galaxy,True,True,0,galaxy,0.9136391282081604,0,galaxy,0.8450490832328796,0,galaxy,0.9694955945014954,0,galaxy,0.9572705626487732,0,galaxy,0.9355114698410034,0,galaxy,0.6533915996551514
619,0,galaxy,0,galaxy,True,0,galaxy,True,True,0,galaxy,0.9614433646202087,0,galaxy,0.9987335801124573,0,galaxy,0.9880500435829163,0,galaxy,0.9829015731811523,0,galaxy,0.978644847869873,0,galaxy,0.8810575604438782
620,0,galaxy,0,galaxy,True,0,galaxy,True,True,0,galaxy,0.9719631671905518,0,galaxy,0.9968482851982117,0,galaxy,0.9777078032493591,0,galaxy,0.9818791747093201,0,galaxy,0.9770804643630981,2,star,0.36544984579086304
621,0,galaxy,0,galaxy,True,0,galaxy,True,True,0,galaxy,0.9176924228668213,0,galaxy,0.9986622333526611,0,galaxy,0.9840308427810669,0,galaxy,0.9868660569190979,0,galaxy,0.9849446415901184,0,galaxy,0.7352270483970642
622,0,galaxy,0,galaxy,True,0,galaxy,True,True,0,galaxy,0.9737115502357483,0,galaxy,0.9971094727516174,0,galaxy,0.9860956072807312,0,galaxy,0.9934806823730469,0,galaxy,0.9855873584747314,2,star,0.4711047410964966
623,0,galaxy,0,galaxy,True,0,galaxy,True,True,0,galaxy,0.9412124752998352,0,galaxy,0.7441877126693726,0,galaxy,0.9665215611457825,0,galaxy,0.9853203892707825,0,galaxy,0.9722135066986084,0,galaxy,0.468912273645401
624,0,galaxy,0,galaxy,True,0,galaxy,True,True,0,galaxy,0.9707013368606567,0,galaxy,0.9990808963775635,0,galaxy,0.9850184321403503,0,galaxy,0.9896988272666931,0,galaxy,0.9856677055358887,0,galaxy,0.8371878266334534
625,0,galaxy,0,galaxy,True,0,galaxy,True,True,0,galaxy,0.9625917673110962,0,galaxy,0.9997895359992981,0,galaxy,0.9835144281387329,0,galaxy,0.9934038519859314,0,galaxy,0.9874058365821838,0,galaxy,0.7924157381057739
626,0,galaxy,0,galaxy,True,0,galaxy,True,True,0,galaxy,0.990436851978302,0,galaxy,0.8588144779205322,0,galaxy,0.96126788854599,0,galaxy,0.9867701530456543,0,galaxy,0.9263842701911926,0,galaxy,0.447237491607666
627,0,galaxy,0,galaxy,True,0,galaxy,True,True,0,galaxy,0.8929855227470398,0,galaxy,0.9962759017944336,0,galaxy,0.9480829834938049,0,galaxy,0.9655821323394775,0,galaxy,0.9568700790405273,2,star,0.814530611038208
628,0,galaxy,0,galaxy,True,0,galaxy,True,True,0,galaxy,0.9171143174171448,0,galaxy,0.9904795289039612,0,galaxy,0.9689873456954956,0,galaxy,0.922536313533783,0,galaxy,0.8702441453933716,2,star,0.4158385097980499
629,0,galaxy,0,galaxy,True,0,galaxy,True,True,0,galaxy,0.9283702969551086,0,galaxy,0.6006815433502197,0,galaxy,0.9561939239501953,0,galaxy,0.9703474640846252,0,galaxy,0.942183256149292,0,galaxy,0.6116323471069336
630,0,galaxy,0,galaxy,True,0,galaxy,True,True,0,galaxy,0.990581750869751,0,galaxy,0.9619284868240356,0,galaxy,0.9735344052314758,0,galaxy,0.9761073589324951,0,galaxy,0.9358912110328674,2,star,0.5318120718002319
631,0,galaxy,0,galaxy,True,0,galaxy,True,True,0,galaxy,0.99227374792099,0,galaxy,0.9971184730529785,0,galaxy,0.979725182056427,0,galaxy,0.9917357563972473,0,galaxy,0.984120786190033,0,galaxy,0.5456492900848389
632,0,galaxy,0,galaxy,True,0,galaxy,True,True,0,galaxy,0.9829961657524109,0,galaxy,0.8671204447746277,0,galaxy,0.9634426832199097,0,galaxy,0.9713522791862488,0,galaxy,0.9303894639015198,0,galaxy,0.7457119226455688
633,0,galaxy,0,galaxy,True,0,galaxy,True,True,0,galaxy,0.996732234954834,0,galaxy,0.9997614026069641,0,galaxy,0.9848472476005554,0,galaxy,0.9808024168014526,0,galaxy,0.9867042303085327,0,galaxy,0.6820278167724609
634,0,galaxy,0,galaxy,True,0,galaxy,True,True,0,galaxy,0.9890528321266174,0,galaxy,0.9988088607788086,0,galaxy,0.9828762412071228,0,galaxy,0.9919691681861877,0,galaxy,0.9851680994033813,0,galaxy,0.8406559228897095
635,0,galaxy,0,galaxy,True,0,galaxy,True,True,0,galaxy,0.9710926413536072,0,galaxy,0.9732469320297241,0,galaxy,0.882601261138916,0,galaxy,0.9610745906829834,0,galaxy,0.8865810036659241,2,star,0.4416380822658539
636,0,galaxy,0,galaxy,True,0,galaxy,True,True,0,galaxy,0.9896951913833618,0,galaxy,0.9996114373207092,0,galaxy,0.9876633286476135,0,galaxy,0.9905501008033752,0,galaxy,0.9855450987815857,0,galaxy,0.7528684139251709
637,0,galaxy,0,galaxy,True,0,galaxy,True,True,0,galaxy,0.955291211605072,0,galaxy,0.8767049312591553,0,galaxy,0.9736694097518921,0,galaxy,0.9853172898292542,0,galaxy,0.9360939860343933,2,star,0.5755144953727722
638,0,galaxy,0,galaxy,True,0,galaxy,True,True,0,galaxy,0.9843984842300415,0,galaxy,0.9148904085159302,0,galaxy,0.9773610830307007,0,galaxy,0.9816323518753052,0,galaxy,0.9402861595153809,0,galaxy,0.5726153254508972
639,0,galaxy,0,galaxy,True,0,galaxy,True,True,0,galaxy,0.9818167686462402,0,galaxy,0.9262879490852356,0,galaxy,0.9712108969688416,0,galaxy,0.9768650531768799,0,galaxy,0.9590007662773132,0,galaxy,0.5187252163887024
640,0,galaxy,0,galaxy,True,0,galaxy,True,True,0,galaxy,0.886646032333374,0,galaxy,0.9916969537734985,0,galaxy,0.9633855223655701,0,galaxy,0.975381076335907,0,galaxy,0.9665414094924927,0,galaxy,0.663637101650238
641,0,galaxy,0,galaxy,True,0,galaxy,True,True,0,galaxy,0.9877945184707642,0,galaxy,0.9995668530464172,0,galaxy,0.9867469072341919,0,galaxy,0.9929459691047668,0,galaxy,0.9858108758926392,0,galaxy,0.8848899602890015
642,0,galaxy,0,galaxy,True,0,galaxy,True,True,0,galaxy,0.9835107326507568,0,galaxy,0.9998286962509155,0,galaxy,0.9870358109474182,0,galaxy,0.9920599460601807,0,galaxy,0.9863473176956177,0,galaxy,0.7813464999198914
643,0,galaxy,0,galaxy,True,0,galaxy,True,True,0,galaxy,0.8239991664886475,0,galaxy,0.9918859004974365,0,galaxy,0.9796068072319031,0,galaxy,0.9823653101921082,0,galaxy,0.9802409410476685,0,galaxy,0.5873796343803406
644,0,galaxy,0,galaxy,True,0,galaxy,True,True,0,galaxy,0.9857308268547058,0,galaxy,0.969261109828949,0,galaxy,0.9747485518455505,0,galaxy,0.9811014533042908,0,galaxy,0.9668420553207397,0,galaxy,0.5072202682495117
645,0,galaxy,0,galaxy,True,0,galaxy,True,True,0,galaxy,0.9841415286064148,0,galaxy,0.999256432056427,0,galaxy,0.980610728263855,0,galaxy,0.9799364805221558,0,galaxy,0.9831422567367554,0,galaxy,0.7546434998512268
646,0,galaxy,0,galaxy,True,0,galaxy,True,True,0,galaxy,0.979038655757904,0,galaxy,0.987346351146698,0,galaxy,0.9706022143363953,0,galaxy,0.9921767115592957,0,galaxy,0.9803322553634644,0,galaxy,0.5665842294692993
647,0,galaxy,0,galaxy,True,0,galaxy,True,True,0,galaxy,0.9964045286178589,0,galaxy,0.9944391250610352,0,galaxy,0.9736731648445129,0,galaxy,0.9867545962333679,0,galaxy,0.9724360704421997,0,galaxy,0.6005957722663879
648,0,galaxy,0,galaxy,True,0,galaxy,True,True,0,galaxy,0.9918131828308105,0,galaxy,0.9998652935028076,0,galaxy,0.9810237884521484,0,galaxy,0.992915153503418,0,galaxy,0.9827725887298584,0,galaxy,0.6154724955558777
649,0,galaxy,0,galaxy,True,0,galaxy,True,True,0,galaxy,0.9879552125930786,0,galaxy,0.999382734298706,0,galaxy,0.9695441126823425,0,galaxy,0.9840075373649597,0,galaxy,0.984486997127533,2,star,0.4711913466453552
650,0,galaxy,0,galaxy,True,0,galaxy,True,True,0,galaxy,0.9636971950531006,0,galaxy,0.998895525932312,0,galaxy,0.976896345615387,0,galaxy,0.8955563306808472,0,galaxy,0.9691672921180725,0,galaxy,0.882924497127533
651,0,galaxy,0,galaxy,True,0,galaxy,True,True,0,galaxy,0.9649279713630676,0,galaxy,0.998887836933136,0,galaxy,0.981604814529419,0,galaxy,0.992742657661438,0,galaxy,0.9836977124214172,0,galaxy,0.7812345027923584
652,0,galaxy,0,galaxy,True,0,galaxy,True,True,0,galaxy,0.9311730265617371,0,galaxy,0.9813750982284546,0,galaxy,0.9803756475448608,0,galaxy,0.9692291021347046,0,galaxy,0.9682222604751587,0,galaxy,0.680761456489563
653,0,galaxy,0,galaxy,True,0,galaxy,True,True,0,galaxy,0.9643118977546692,0,galaxy,0.9977594614028931,0,galaxy,0.9803317785263062,0,galaxy,0.9937648773193359,0,galaxy,0.953488826751709,0,galaxy,0.7261796593666077
654,0,galaxy,0,galaxy,True,0,galaxy,True,True,0,galaxy,0.9862884283065796,0,galaxy,0.9998770952224731,0,galaxy,0.9871423244476318,0,galaxy,0.9840208888053894,0,galaxy,0.9860193729400635,0,galaxy,0.9000328183174133
655,0,galaxy,0,galaxy,True,0,galaxy,True,True,0,galaxy,0.9843400716781616,0,galaxy,0.9950034022331238,0,galaxy,0.9755690693855286,0,galaxy,0.9890429377555847,0,galaxy,0.9824600219726562,0,galaxy,0.7623079419136047
656,0,galaxy,0,galaxy,True,0,galaxy,True,True,0,galaxy,0.9895315170288086,0,galaxy,0.9990646243095398,0,galaxy,0.9854647517204285,0,galaxy,0.9927904605865479,0,galaxy,0.9837384223937988,0,galaxy,0.7947956323623657
657,0,galaxy,0,galaxy,True,0,galaxy,True,True,0,galaxy,0.9545379281044006,0,galaxy,0.970479428768158,0,galaxy,0.974435567855835,0,galaxy,0.9905933737754822,0,galaxy,0.9581948518753052,0,galaxy,0.867155909538269
658,0,galaxy,0,galaxy,True,0,galaxy,True,True,2,star,0.46402162313461304,0,galaxy,0.9918661713600159,0,galaxy,0.9164279699325562,0,galaxy,0.871738612651825,0,galaxy,0.9330450892448425,0,galaxy,0.5131704211235046
659,0,galaxy,0,galaxy,True,0,galaxy,True,True,0,galaxy,0.8886688351631165,0,galaxy,0.9982524514198303,0,galaxy,0.9767988920211792,0,galaxy,0.9696018099784851,0,galaxy,0.9600028991699219,0,galaxy,0.48139044642448425
660,0,galaxy,0,galaxy,True,0,galaxy,True,True,0,galaxy,0.992529571056366,0,galaxy,0.9995723366737366,0,galaxy,0.9877775311470032,0,galaxy,0.9842507839202881,0,galaxy,0.9855315685272217,0,galaxy,0.9107764363288879
661,0,galaxy,0,galaxy,True,0,galaxy,True,True,0,galaxy,0.9958369731903076,0,galaxy,0.9715808033943176,0,galaxy,0.9712474346160889,0,galaxy,0.981513500213623,0,galaxy,0.9513682723045349,2,star,0.5403435230255127
662,0,galaxy,0,galaxy,True,0,galaxy,True,True,0,galaxy,0.9652431607246399,0,galaxy,0.9958474040031433,0,galaxy,0.9651627540588379,0,galaxy,0.992566704750061,0,galaxy,0.985238254070282,0,galaxy,0.5501129627227783
663,0,galaxy,0,galaxy,True,0,galaxy,True,True,0,galaxy,0.982444703578949,0,galaxy,0.9959622025489807,0,galaxy,0.984971821308136,0,galaxy,0.9855287671089172,0,galaxy,0.9788479804992676,0,galaxy,0.9445840120315552
664,0,galaxy,0,galaxy,True,0,galaxy,True,True,0,galaxy,0.9594867825508118,0,galaxy,0.9902374148368835,0,galaxy,0.969707727432251,0,galaxy,0.9783875942230225,0,galaxy,0.9601359367370605,0,galaxy,0.6961503624916077
665,0,galaxy,0,galaxy,True,0,galaxy,True,True,0,galaxy,0.9954401254653931,0,galaxy,0.9983591437339783,0,galaxy,0.9842244386672974,0,galaxy,0.9918085932731628,0,galaxy,0.9860821962356567,0,galaxy,0.5969859957695007
666,0,galaxy,0,galaxy,True,0,galaxy,True,True,0,galaxy,0.9735519289970398,0,galaxy,0.9955075979232788,0,galaxy,0.9697095155715942,0,galaxy,0.985834538936615,0,galaxy,0.966795027256012,0,galaxy,0.527970552444458
667,0,galaxy,0,galaxy,True,0,galaxy,True,True,0,galaxy,0.9878441095352173,0,galaxy,0.9788378477096558,0,galaxy,0.9762669801712036,0,galaxy,0.9827579855918884,0,galaxy,0.9468160271644592,2,star,0.420198529958725
668,0,galaxy,0,galaxy,True,0,galaxy,True,True,0,galaxy,0.9802839159965515,0,galaxy,0.9695732593536377,0,galaxy,0.9791471362113953,0,galaxy,0.9915217161178589,0,galaxy,0.9493448138237,0,galaxy,0.4380127489566803
669,0,galaxy,0,galaxy,True,0,galaxy,True,True,0,galaxy,0.9906427264213562,0,galaxy,0.8012672066688538,0,galaxy,0.9798240661621094,0,galaxy,0.9905621409416199,0,galaxy,0.955410897731781,0,galaxy,0.5385181307792664
670,0,galaxy,0,galaxy,True,0,galaxy,True,True,0,galaxy,0.985900342464447,0,galaxy,0.920837938785553,0,galaxy,0.9736306667327881,0,galaxy,0.98455411195755,0,galaxy,0.9546524882316589,0,galaxy,0.49797046184539795
671,0,galaxy,0,galaxy,True,0,galaxy,True,True,0,galaxy,0.8802143335342407,0,galaxy,0.5008091926574707,0,galaxy,0.9568026065826416,0,galaxy,0.9587916135787964,0,galaxy,0.9486088752746582,2,star,0.5580625534057617
672,0,galaxy,0,galaxy,True,0,galaxy,True,True,0,galaxy,0.98372483253479,0,galaxy,0.993919849395752,0,galaxy,0.9755851626396179,0,galaxy,0.9891063570976257,0,galaxy,0.9714369773864746,0,galaxy,0.49169617891311646
673,0,galaxy,0,galaxy,True,0,galaxy,True,True,0,galaxy,0.8545318841934204,0,galaxy,0.7880545258522034,0,galaxy,0.896644115447998,0,galaxy,0.9457998275756836,0,galaxy,0.9427561163902283,2,star,0.5531273484230042
674,0,galaxy,0,galaxy,True,0,galaxy,True,True,0,galaxy,0.9432864785194397,0,galaxy,0.9931545257568359,0,galaxy,0.9321469664573669,0,galaxy,0.967340350151062,0,galaxy,0.967319130897522,2,star,0.7357051968574524
675,0,galaxy,0,galaxy,True,0,galaxy,True,True,0,galaxy,0.8128541707992554,2,star,0.5646942853927612,0,galaxy,0.8502752184867859,0,galaxy,0.9070426225662231,0,galaxy,0.9452539682388306,2,star,0.5764650106430054
676,0,galaxy,0,galaxy,True,0,galaxy,True,True,0,galaxy,0.9898068308830261,0,galaxy,0.9729305505752563,2,star,0.951364278793335,0,galaxy,0.9801820516586304,0,galaxy,0.9738074541091919,2,star,0.9790267944335938
677,0,galaxy,0,galaxy,True,0,galaxy,True,True,0,galaxy,0.7369155287742615,0,galaxy,0.8763599991798401,0,galaxy,0.9374729990959167,0,galaxy,0.9677656292915344,0,galaxy,0.9451223015785217,0,galaxy,0.5709069967269897
678,0,galaxy,0,galaxy,True,0,galaxy,True,True,0,galaxy,0.9131998419761658,0,galaxy,0.7775598764419556,0,galaxy,0.955043375492096,0,galaxy,0.9414012432098389,0,galaxy,0.9534246921539307,0,galaxy,0.7435367703437805
679,0,galaxy,0,galaxy,True,0,galaxy,True,True,0,galaxy,0.9897698163986206,0,galaxy,0.9701470136642456,0,galaxy,0.9502573609352112,0,galaxy,0.9631583094596863,0,galaxy,0.9642399549484253,2,star,0.7012386322021484
680,0,galaxy,2,star,False,0,galaxy,True,False,2,star,0.4706924855709076,1,quasar,0.46481698751449585,2,star,0.5198745131492615,0,galaxy,0.9592264294624329,0,galaxy,0.935459315776825,2,star,0.5171476006507874
681,0,galaxy,0,galaxy,True,0,galaxy,True,True,0,galaxy,0.6880187392234802,0,galaxy,0.9889028668403625,0,galaxy,0.9270780086517334,0,galaxy,0.9742794036865234,0,galaxy,0.9388371706008911,2,star,0.5118844509124756
682,0,galaxy,0,galaxy,True,0,galaxy,True,True,0,galaxy,0.9865218997001648,0,galaxy,0.9110239148139954,0,galaxy,0.9857999086380005,0,galaxy,0.960972011089325,0,galaxy,0.9862419366836548,0,galaxy,0.5733909606933594
683,0,galaxy,0,galaxy,True,0,galaxy,True,True,0,galaxy,0.9853299856185913,0,galaxy,0.9411039352416992,0,galaxy,0.9724206328392029,0,galaxy,0.9764999151229858,0,galaxy,0.9341439604759216,2,star,0.6540807485580444
684,0,galaxy,0,galaxy,True,0,galaxy,True,True,0,galaxy,0.9875016212463379,0,galaxy,0.9958776235580444,0,galaxy,0.9759846925735474,0,galaxy,0.9853493571281433,0,galaxy,0.9656592011451721,0,galaxy,0.8845447301864624
685,0,galaxy,0,galaxy,True,0,galaxy,True,True,0,galaxy,0.904473066329956,0,galaxy,0.45531341433525085,0,galaxy,0.9177053570747375,0,galaxy,0.9620595574378967,0,galaxy,0.9319014549255371,2,star,0.5941998362541199
686,0,galaxy,0,galaxy,True,0,galaxy,True,True,0,galaxy,0.9514439105987549,0,galaxy,0.9945873022079468,0,galaxy,0.969739556312561,0,galaxy,0.9901808500289917,0,galaxy,0.9370177388191223,0,galaxy,0.4930901825428009
687,0,galaxy,0,galaxy,True,0,galaxy,True,True,0,galaxy,0.9740601778030396,0,galaxy,0.9966345429420471,0,galaxy,0.9786370992660522,0,galaxy,0.991731584072113,0,galaxy,0.981427013874054,0,galaxy,0.9430676102638245
688,0,galaxy,0,galaxy,True,0,galaxy,True,True,0,galaxy,0.9884051084518433,0,galaxy,0.9813640713691711,0,galaxy,0.9692695140838623,0,galaxy,0.9822302460670471,0,galaxy,0.9767096042633057,0,galaxy,0.8032997846603394
689,0,galaxy,0,galaxy,True,0,galaxy,True,True,0,galaxy,0.9561716914176941,0,galaxy,0.9652149677276611,0,galaxy,0.9742510914802551,0,galaxy,0.9889335632324219,0,galaxy,0.9499025940895081,0,galaxy,0.6887986063957214
690,0,galaxy,0,galaxy,True,0,galaxy,True,True,0,galaxy,0.9602393507957458,0,galaxy,0.9996300935745239,0,galaxy,0.9761273264884949,0,galaxy,0.9854167103767395,0,galaxy,0.9764018654823303,0,galaxy,0.5138769149780273
691,0,galaxy,0,galaxy,True,0,galaxy,True,True,0,galaxy,0.8718978762626648,0,galaxy,0.9960511326789856,0,galaxy,0.9846807718276978,0,galaxy,0.9868618249893188,0,galaxy,0.9835559725761414,0,galaxy,0.7149859666824341
692,0,galaxy,0,galaxy,True,0,galaxy,True,True,0,galaxy,0.9807487726211548,0,galaxy,0.9991865754127502,0,galaxy,0.9882336854934692,0,galaxy,0.9864591360092163,0,galaxy,0.9850766062736511,0,galaxy,0.8438815474510193
693,0,galaxy,0,galaxy,True,0,galaxy,True,True,0,galaxy,0.8954520225524902,0,galaxy,0.9560522437095642,0,galaxy,0.848521888256073,0,galaxy,0.9422202110290527,0,galaxy,0.9709770679473877,0,galaxy,0.4911229610443115
694,0,galaxy,0,galaxy,True,0,galaxy,True,True,0,galaxy,0.9945367574691772,0,galaxy,0.9998227953910828,0,galaxy,0.9810505509376526,0,galaxy,0.9716530442237854,0,galaxy,0.9828541278839111,0,galaxy,0.9782406091690063
695,0,galaxy,0,galaxy,True,0,galaxy,True,True,0,galaxy,0.9235405921936035,0,galaxy,0.9520329833030701,0,galaxy,0.9611753821372986,0,galaxy,0.9819304347038269,0,galaxy,0.9244232773780823,0,galaxy,0.5179149508476257
696,0,galaxy,0,galaxy,True,0,galaxy,True,True,0,galaxy,0.9845200777053833,0,galaxy,0.9465690851211548,0,galaxy,0.9453059434890747,0,galaxy,0.9752829074859619,0,galaxy,0.9571676850318909,0,galaxy,0.42236328125
697,0,galaxy,0,galaxy,True,0,galaxy,True,True,0,galaxy,0.9445774555206299,0,galaxy,0.9996731281280518,0,galaxy,0.9772955775260925,0,galaxy,0.9706946015357971,0,galaxy,0.9746724367141724,0,galaxy,0.5888540744781494
698,0,galaxy,0,galaxy,True,0,galaxy,True,True,0,galaxy,0.9577511548995972,1,quasar,0.4503057599067688,0,galaxy,0.973207414150238,0,galaxy,0.9887804985046387,0,galaxy,0.9586199522018433,0,galaxy,0.8882657885551453
699,0,galaxy,0,galaxy,True,0,galaxy,True,True,0,galaxy,0.4707460105419159,0,galaxy,0.3816443383693695,0,galaxy,0.9560972452163696,0,galaxy,0.9434637427330017,0,galaxy,0.9212586283683777,0,galaxy,0.7901070713996887
700,0,galaxy,0,galaxy,True,0,galaxy,True,True,0,galaxy,0.9327850937843323,1,quasar,0.8360289931297302,0,galaxy,0.8822762966156006,0,galaxy,0.9121367335319519,0,galaxy,0.8956060409545898,2,star,0.4405043423175812
701,0,galaxy,0,galaxy,True,0,galaxy,True,True,0,galaxy,0.9868987798690796,0,galaxy,0.9214416146278381,0,galaxy,0.9716833829879761,0,galaxy,0.9814994931221008,0,galaxy,0.9261940717697144,2,star,0.4397358298301697
702,0,galaxy,0,galaxy,True,0,galaxy,True,True,0,galaxy,0.5180690288543701,0,galaxy,0.6604304313659668,0,galaxy,0.9637656807899475,0,galaxy,0.9678890109062195,0,galaxy,0.957136332988739,0,galaxy,0.48718971014022827
703,0,galaxy,0,galaxy,True,0,galaxy,True,True,0,galaxy,0.8764188289642334,0,galaxy,0.9708369374275208,0,galaxy,0.9630804657936096,0,galaxy,0.9837897419929504,0,galaxy,0.9482272267341614,0,galaxy,0.5258141160011292
704,0,galaxy,0,galaxy,True,0,galaxy,True,True,0,galaxy,0.5255244970321655,0,galaxy,0.8586437702178955,0,galaxy,0.9550340175628662,0,galaxy,0.8785039782524109,0,galaxy,0.9523288011550903,0,galaxy,0.9511538147926331
705,0,galaxy,0,galaxy,True,0,galaxy,True,True,1,quasar,0.5558755397796631,0,galaxy,0.9074426889419556,0,galaxy,0.9649487137794495,0,galaxy,0.965997576713562,0,galaxy,0.9615952372550964,1,quasar,0.5247398614883423
706,0,galaxy,0,galaxy,True,0,galaxy,True,True,0,galaxy,0.6939674615859985,0,galaxy,0.8824126124382019,0,galaxy,0.9758825302124023,0,galaxy,0.9072619080543518,0,galaxy,0.9437872767448425,2,star,0.6775950789451599
707,0,galaxy,0,galaxy,True,0,galaxy,True,True,0,galaxy,0.8693115711212158,0,galaxy,0.9698128700256348,0,galaxy,0.9640603065490723,0,galaxy,0.9397949576377869,0,galaxy,0.9312079548835754,1,quasar,0.6012753844261169
708,0,galaxy,0,galaxy,True,0,galaxy,True,True,0,galaxy,0.99639493227005,0,galaxy,0.999718964099884,0,galaxy,0.968888521194458,0,galaxy,0.9751592874526978,0,galaxy,0.9853160977363586,0,galaxy,0.9357690215110779
709,0,galaxy,0,galaxy,True,0,galaxy,True,True,0,galaxy,0.991651713848114,0,galaxy,0.9986181259155273,0,galaxy,0.98179030418396,0,galaxy,0.9893075823783875,0,galaxy,0.9723958373069763,0,galaxy,0.9651785492897034
710,0,galaxy,0,galaxy,True,0,galaxy,True,True,0,galaxy,0.8049488067626953,0,galaxy,0.8445087671279907,0,galaxy,0.9699746966362,0,galaxy,0.9534472227096558,0,galaxy,0.9203491806983948,0,galaxy,0.6239210963249207
711,0,galaxy,0,galaxy,True,0,galaxy,True,True,0,galaxy,0.8719725012779236,0,galaxy,0.950873613357544,2,star,0.8974063396453857,0,galaxy,0.9693044424057007,0,galaxy,0.9274387359619141,2,star,0.7120979428291321
712,0,galaxy,0,galaxy,True,0,galaxy,True,True,0,galaxy,0.9840408563613892,0,galaxy,0.9398007392883301,0,galaxy,0.9716944694519043,0,galaxy,0.9866377115249634,0,galaxy,0.9497355818748474,0,galaxy,0.5735651850700378
713,0,galaxy,0,galaxy,True,0,galaxy,True,True,0,galaxy,0.97252357006073,0,galaxy,0.9984210729598999,0,galaxy,0.9829224348068237,0,galaxy,0.962181568145752,0,galaxy,0.9767007231712341,0,galaxy,0.44993317127227783
714,0,galaxy,0,galaxy,True,0,galaxy,True,True,0,galaxy,0.9674792289733887,0,galaxy,0.9723389148712158,0,galaxy,0.9553124308586121,0,galaxy,0.8496297597885132,0,galaxy,0.9450074434280396,0,galaxy,0.655140221118927
715,0,galaxy,0,galaxy,True,0,galaxy,True,True,0,galaxy,0.989128053188324,0,galaxy,0.9872903227806091,0,galaxy,0.9736495018005371,0,galaxy,0.9812653660774231,0,galaxy,0.918890655040741,0,galaxy,0.5976464152336121
716,0,galaxy,0,galaxy,True,0,galaxy,True,True,0,galaxy,0.988614559173584,0,galaxy,0.9801397919654846,0,galaxy,0.9714525938034058,0,galaxy,0.9779195785522461,0,galaxy,0.9267476201057434,0,galaxy,0.3990579843521118
717,0,galaxy,0,galaxy,True,0,galaxy,True,True,0,galaxy,0.5419586300849915,0,galaxy,0.9822308421134949,0,galaxy,0.9814366698265076,0,galaxy,0.7128129005432129,0,galaxy,0.9376011490821838,2,star,0.6245425939559937
718,0,galaxy,0,galaxy,True,0,galaxy,True,True,0,galaxy,0.9816393852233887,0,galaxy,0.7697926759719849,0,galaxy,0.9685003757476807,0,galaxy,0.9677863717079163,0,galaxy,0.933989942073822,2,star,0.5749666094779968
719,0,galaxy,0,galaxy,True,0,galaxy,True,True,0,galaxy,0.8543660640716553,0,galaxy,0.9081984758377075,0,galaxy,0.9742607474327087,0,galaxy,0.9470426440238953,0,galaxy,0.9563124179840088,2,star,0.41350093483924866
720,0,galaxy,0,galaxy,True,0,galaxy,True,True,0,galaxy,0.9743351936340332,0,galaxy,0.9903243780136108,0,galaxy,0.9681697487831116,0,galaxy,0.9642086029052734,0,galaxy,0.961468517780304,0,galaxy,0.5583766102790833
721,0,galaxy,0,galaxy,True,0,galaxy,True,True,0,galaxy,0.9176406264305115,0,galaxy,0.9928404092788696,0,galaxy,0.977899968624115,0,galaxy,0.9798170924186707,0,galaxy,0.982591450214386,0,galaxy,0.4263381361961365
722,0,galaxy,0,galaxy,True,0,galaxy,True,True,0,galaxy,0.9390853643417358,0,galaxy,0.9874958992004395,0,galaxy,0.9777160286903381,0,galaxy,0.9894964098930359,0,galaxy,0.966312050819397,0,galaxy,0.6481303572654724
723,0,galaxy,0,galaxy,True,0,galaxy,True,True,0,galaxy,0.9628977179527283,0,galaxy,0.9795856475830078,0,galaxy,0.9847787022590637,0,galaxy,0.986328661441803,0,galaxy,0.975340723991394,0,galaxy,0.7231148481369019
724,0,galaxy,0,galaxy,True,0,galaxy,True,True,0,galaxy,0.8261074423789978,0,galaxy,0.9758948683738708,0,galaxy,0.9494624733924866,0,galaxy,0.9829272627830505,0,galaxy,0.9450178742408752,0,galaxy,0.6849836111068726
725,0,galaxy,0,galaxy,True,0,galaxy,True,True,0,galaxy,0.9764942526817322,0,galaxy,0.9466254711151123,0,galaxy,0.9682965874671936,0,galaxy,0.9888859987258911,0,galaxy,0.969841718673706,0,galaxy,0.6951496005058289
726,0,galaxy,0,galaxy,True,0,galaxy,True,True,0,galaxy,0.8728421330451965,0,galaxy,0.9979115128517151,0,galaxy,0.9862059950828552,0,galaxy,0.9516730904579163,0,galaxy,0.9863864183425903,0,galaxy,0.7104758620262146
727,0,galaxy,0,galaxy,True,0,galaxy,True,True,0,galaxy,0.9913608431816101,0,galaxy,0.9993947744369507,0,galaxy,0.9849832653999329,0,galaxy,0.9746493101119995,0,galaxy,0.986076831817627,0,galaxy,0.6750721335411072
728,0,galaxy,0,galaxy,True,0,galaxy,True,True,0,galaxy,0.7081992030143738,0,galaxy,0.9908342957496643,0,galaxy,0.9396719932556152,0,galaxy,0.9835869669914246,0,galaxy,0.9647787809371948,2,star,0.513431191444397
729,0,galaxy,0,galaxy,True,0,galaxy,True,True,0,galaxy,0.9785659909248352,0,galaxy,0.9677736759185791,0,galaxy,0.9822465777397156,0,galaxy,0.9657319784164429,0,galaxy,0.9853099584579468,0,galaxy,0.6833019256591797
730,0,galaxy,0,galaxy,True,0,galaxy,True,True,0,galaxy,0.9416417479515076,0,galaxy,0.9925093650817871,0,galaxy,0.9600502252578735,0,galaxy,0.9758256077766418,0,galaxy,0.9340447187423706,0,galaxy,0.785211980342865
731,0,galaxy,0,galaxy,True,0,galaxy,True,True,0,galaxy,0.9871375560760498,0,galaxy,0.9972053170204163,0,galaxy,0.9848465919494629,0,galaxy,0.9591885209083557,0,galaxy,0.9813398718833923,0,galaxy,0.8972193598747253
732,0,galaxy,0,galaxy,True,0,galaxy,True,True,0,galaxy,0.9775355458259583,0,galaxy,0.9967801570892334,0,galaxy,0.9830499291419983,0,galaxy,0.990858256816864,0,galaxy,0.9788904786109924,0,galaxy,0.8291038870811462
733,0,galaxy,0,galaxy,True,0,galaxy,True,True,0,galaxy,0.9734530448913574,0,galaxy,0.9819092750549316,0,galaxy,0.9658705592155457,0,galaxy,0.9864749312400818,0,galaxy,0.9747325778007507,0,galaxy,0.6474059820175171
734,0,galaxy,0,galaxy,True,0,galaxy,True,True,0,galaxy,0.9734782576560974,0,galaxy,0.9993588328361511,0,galaxy,0.9819788336753845,0,galaxy,0.956290066242218,0,galaxy,0.9772629141807556,0,galaxy,0.9414135813713074
735,0,galaxy,0,galaxy,True,0,galaxy,True,True,0,galaxy,0.9727054834365845,0,galaxy,0.9030826091766357,0,galaxy,0.9675493240356445,0,galaxy,0.9636503458023071,0,galaxy,0.9201274514198303,1,quasar,0.42513301968574524
736,0,galaxy,0,galaxy,True,0,galaxy,True,True,0,galaxy,0.9892435073852539,0,galaxy,0.9750449657440186,0,galaxy,0.986352801322937,0,galaxy,0.9842315912246704,0,galaxy,0.9858694076538086,0,galaxy,0.5274745225906372
737,0,galaxy,0,galaxy,True,0,galaxy,True,True,0,galaxy,0.9523175358772278,0,galaxy,0.9862043857574463,0,galaxy,0.9586642980575562,0,galaxy,0.9703154563903809,0,galaxy,0.9636236429214478,0,galaxy,0.7933430671691895
738,0,galaxy,0,galaxy,True,0,galaxy,True,True,0,galaxy,0.9865618348121643,0,galaxy,0.9937106370925903,0,galaxy,0.9725287556648254,0,galaxy,0.9865534901618958,0,galaxy,0.9483767747879028,1,quasar,0.39096319675445557
739,0,galaxy,0,galaxy,True,0,galaxy,True,True,0,galaxy,0.9722843766212463,0,galaxy,0.9902088642120361,0,galaxy,0.9741447567939758,0,galaxy,0.9812440276145935,0,galaxy,0.9759603142738342,0,galaxy,0.6168214678764343
740,0,galaxy,0,galaxy,True,0,galaxy,True,True,0,galaxy,0.9804370999336243,0,galaxy,0.9593207836151123,0,galaxy,0.9752840995788574,0,galaxy,0.9871860146522522,0,galaxy,0.9645829200744629,0,galaxy,0.5919213891029358
741,0,galaxy,0,galaxy,True,0,galaxy,True,True,0,galaxy,0.9801966547966003,0,galaxy,0.8840433955192566,0,galaxy,0.9660899043083191,0,galaxy,0.9847650527954102,0,galaxy,0.9415565729141235,0,galaxy,0.4714254140853882
742,0,galaxy,0,galaxy,True,0,galaxy,True,True,0,galaxy,0.9673070907592773,0,galaxy,0.9803497791290283,0,galaxy,0.9681117534637451,0,galaxy,0.9787043333053589,0,galaxy,0.946565568447113,0,galaxy,0.5079185962677002
743,0,galaxy,0,galaxy,True,0,galaxy,True,True,0,galaxy,0.9727358222007751,0,galaxy,0.9936634302139282,0,galaxy,0.9508529305458069,0,galaxy,0.9876047372817993,0,galaxy,0.9322061538696289,0,galaxy,0.43265631794929504
744,0,galaxy,0,galaxy,True,0,galaxy,True,True,0,galaxy,0.8557756543159485,0,galaxy,0.9524613618850708,0,galaxy,0.9778581261634827,0,galaxy,0.9632033109664917,0,galaxy,0.9816095232963562,1,quasar,0.38230156898498535
745,0,galaxy,0,galaxy,True,0,galaxy,True,True,0,galaxy,0.901260495185852,0,galaxy,0.9940329194068909,0,galaxy,0.9804372191429138,0,galaxy,0.9913849830627441,0,galaxy,0.9838475584983826,0,galaxy,0.685423731803894
746,0,galaxy,0,galaxy,True,0,galaxy,True,True,0,galaxy,0.9854310750961304,0,galaxy,0.9811121821403503,0,galaxy,0.9814862608909607,0,galaxy,0.9911863207817078,0,galaxy,0.9702437520027161,0,galaxy,0.6006240844726562
747,0,galaxy,0,galaxy,True,0,galaxy,True,True,0,galaxy,0.9696772694587708,0,galaxy,0.967517077922821,0,galaxy,0.9673377871513367,0,galaxy,0.9565194845199585,0,galaxy,0.9373232126235962,0,galaxy,0.6200571656227112
748,0,galaxy,0,galaxy,True,0,galaxy,True,True,0,galaxy,0.9863200783729553,0,galaxy,0.9987461566925049,0,galaxy,0.9855265617370605,0,galaxy,0.9920199513435364,0,galaxy,0.9825184345245361,0,galaxy,0.47935134172439575
749,0,galaxy,0,galaxy,True,0,galaxy,True,True,0,galaxy,0.9768834114074707,0,galaxy,0.9971873164176941,0,galaxy,0.9781109094619751,0,galaxy,0.9805678725242615,0,galaxy,0.9798004031181335,0,galaxy,0.5695777535438538
750,0,galaxy,0,galaxy,True,0,galaxy,True,True,0,galaxy,0.9691072702407837,0,galaxy,0.7616337537765503,0,galaxy,0.9300399422645569,0,galaxy,0.9488970637321472,0,galaxy,0.9542263746261597,0,galaxy,0.5351940393447876
751,0,galaxy,0,galaxy,True,0,galaxy,True,True,0,galaxy,0.9824053645133972,0,galaxy,0.9874309301376343,0,galaxy,0.981464684009552,0,galaxy,0.9848684072494507,0,galaxy,0.9755508899688721,2,star,0.44732558727264404
752,0,galaxy,0,galaxy,True,0,galaxy,True,True,0,galaxy,0.9715408086776733,0,galaxy,0.9856569766998291,0,galaxy,0.9816296100616455,0,galaxy,0.9869877099990845,0,galaxy,0.9819230437278748,0,galaxy,0.5905669927597046
753,0,galaxy,0,galaxy,True,0,galaxy,True,True,0,galaxy,0.9885531663894653,0,galaxy,0.9826233983039856,0,galaxy,0.9788766503334045,0,galaxy,0.9612236022949219,0,galaxy,0.9790472388267517,0,galaxy,0.9227637648582458
754,0,galaxy,0,galaxy,True,0,galaxy,True,True,0,galaxy,0.9779525399208069,0,galaxy,0.999937891960144,0,galaxy,0.9892365336418152,0,galaxy,0.9596724510192871,0,galaxy,0.9840260744094849,0,galaxy,0.682043731212616
755,0,galaxy,0,galaxy,True,0,galaxy,True,True,0,galaxy,0.9705923199653625,0,galaxy,0.9964354038238525,0,galaxy,0.9829502105712891,0,galaxy,0.9798182249069214,0,galaxy,0.984266459941864,2,star,0.48773637413978577
756,0,galaxy,0,galaxy,True,0,galaxy,True,True,0,galaxy,0.9717593789100647,0,galaxy,0.8822301030158997,0,galaxy,0.9661159515380859,0,galaxy,0.9876120686531067,0,galaxy,0.9393637180328369,0,galaxy,0.5424957275390625
757,0,galaxy,0,galaxy,True,0,galaxy,True,True,0,galaxy,0.9881531596183777,0,galaxy,0.9888713955879211,0,galaxy,0.9739356637001038,0,galaxy,0.9742752313613892,0,galaxy,0.9537279605865479,2,star,0.5673444271087646
758,0,galaxy,0,galaxy,True,0,galaxy,True,True,0,galaxy,0.9813423752784729,0,galaxy,0.9961036443710327,0,galaxy,0.9792424440383911,0,galaxy,0.9927642941474915,0,galaxy,0.9667907953262329,0,galaxy,0.5899909138679504
759,0,galaxy,0,galaxy,True,0,galaxy,True,True,0,galaxy,0.9039838910102844,1,quasar,0.5494856238365173,0,galaxy,0.9088993072509766,0,galaxy,0.8039484620094299,0,galaxy,0.9419820308685303,1,quasar,0.3925640285015106
760,0,galaxy,0,galaxy,True,0,galaxy,True,True,0,galaxy,0.9835106134414673,0,galaxy,0.9777985215187073,0,galaxy,0.9716712832450867,0,galaxy,0.9813124537467957,0,galaxy,0.9405547976493835,0,galaxy,0.5873141288757324
761,0,galaxy,0,galaxy,True,0,galaxy,True,True,0,galaxy,0.8797404766082764,0,galaxy,0.9699196219444275,0,galaxy,0.9718876481056213,0,galaxy,0.9074845910072327,0,galaxy,0.9832665920257568,0,galaxy,0.45174333453178406
762,0,galaxy,0,galaxy,True,0,galaxy,True,True,0,galaxy,0.9833387136459351,0,galaxy,0.9978446960449219,0,galaxy,0.9820386171340942,0,galaxy,0.9879859089851379,0,galaxy,0.9858848452568054,0,galaxy,0.6850249767303467
763,0,galaxy,0,galaxy,True,0,galaxy,True,True,0,galaxy,0.9825329780578613,0,galaxy,0.9754127264022827,0,galaxy,0.959394633769989,0,galaxy,0.9854521155357361,0,galaxy,0.9318418502807617,0,galaxy,0.5876775979995728
764,0,galaxy,0,galaxy,True,0,galaxy,True,True,0,galaxy,0.9874091148376465,0,galaxy,0.9481796622276306,0,galaxy,0.9719609618186951,0,galaxy,0.9675575494766235,0,galaxy,0.9402787089347839,0,galaxy,0.5653905868530273
765,0,galaxy,0,galaxy,True,0,galaxy,True,True,0,galaxy,0.9005765914916992,0,galaxy,0.6443171501159668,0,galaxy,0.9717070460319519,0,galaxy,0.9894380569458008,0,galaxy,0.954815149307251,0,galaxy,0.7571699023246765
766,0,galaxy,0,galaxy,True,0,galaxy,True,True,0,galaxy,0.9288684129714966,0,galaxy,0.9954892992973328,0,galaxy,0.9866893887519836,0,galaxy,0.9618555903434753,0,galaxy,0.983130931854248,0,galaxy,0.7724894285202026
767,0,galaxy,0,galaxy,True,0,galaxy,True,True,0,galaxy,0.9600443243980408,0,galaxy,0.9884940981864929,0,galaxy,0.9592930674552917,0,galaxy,0.9585896134376526,0,galaxy,0.9748709797859192,0,galaxy,0.6887891888618469
768,0,galaxy,0,galaxy,True,0,galaxy,True,True,0,galaxy,0.9868271350860596,0,galaxy,0.9975641965866089,0,galaxy,0.9816070795059204,0,galaxy,0.9845210909843445,0,galaxy,0.9751632809638977,0,galaxy,0.6318267583847046
769,0,galaxy,0,galaxy,True,0,galaxy,True,True,0,galaxy,0.9943118095397949,0,galaxy,0.9794305562973022,0,galaxy,0.9765282273292542,0,galaxy,0.9870222210884094,0,galaxy,0.985603928565979,0,galaxy,0.9325265884399414
770,0,galaxy,0,galaxy,True,0,galaxy,True,True,0,galaxy,0.9839614629745483,0,galaxy,0.9856297373771667,0,galaxy,0.9692462086677551,0,galaxy,0.9783461689949036,0,galaxy,0.975471019744873,0,galaxy,0.9356774091720581
771,0,galaxy,0,galaxy,True,0,galaxy,True,True,0,galaxy,0.9305225610733032,0,galaxy,0.9945774078369141,0,galaxy,0.9837586283683777,0,galaxy,0.9907492995262146,0,galaxy,0.9844978451728821,0,galaxy,0.6761648058891296
772,0,galaxy,0,galaxy,True,0,galaxy,True,True,0,galaxy,0.9932604432106018,0,galaxy,0.9975793957710266,0,galaxy,0.9508030414581299,0,galaxy,0.9863663911819458,0,galaxy,0.9185764193534851,0,galaxy,0.6741549968719482
773,0,galaxy,0,galaxy,True,0,galaxy,True,True,0,galaxy,0.9119994044303894,0,galaxy,0.9629350900650024,0,galaxy,0.9714746475219727,0,galaxy,0.9405198097229004,0,galaxy,0.9717734456062317,0,galaxy,0.7346009016036987
774,0,galaxy,0,galaxy,True,0,galaxy,True,True,0,galaxy,0.9742932915687561,0,galaxy,0.6392351388931274,0,galaxy,0.7207843065261841,0,galaxy,0.9502972364425659,0,galaxy,0.9390624165534973,0,galaxy,0.5201588273048401
775,0,galaxy,0,galaxy,True,0,galaxy,True,True,0,galaxy,0.6479694247245789,0,galaxy,0.9834631085395813,0,galaxy,0.9510641098022461,0,galaxy,0.9682137966156006,0,galaxy,0.9375779032707214,0,galaxy,0.7700295448303223
776,0,galaxy,0,galaxy,True,0,galaxy,True,True,0,galaxy,0.9852317571640015,0,galaxy,0.9844202399253845,0,galaxy,0.9798728227615356,0,galaxy,0.9442040324211121,0,galaxy,0.981508195400238,0,galaxy,0.7652561664581299
777,0,galaxy,0,galaxy,True,0,galaxy,True,True,0,galaxy,0.9676322340965271,0,galaxy,0.9909241795539856,0,galaxy,0.9733293652534485,0,galaxy,0.9924128651618958,0,galaxy,0.981880784034729,0,galaxy,0.8514183759689331
778,0,galaxy,0,galaxy,True,0,galaxy,True,True,0,galaxy,0.9521199464797974,0,galaxy,0.9974894523620605,0,galaxy,0.9729955196380615,0,galaxy,0.9905626773834229,0,galaxy,0.9826812148094177,0,galaxy,0.740983784198761
779,0,galaxy,0,galaxy,True,0,galaxy,True,True,0,galaxy,0.9688884615898132,0,galaxy,0.9915158748626709,0,galaxy,0.981347918510437,0,galaxy,0.9698532819747925,0,galaxy,0.9747095704078674,0,galaxy,0.8664060831069946
780,0,galaxy,0,galaxy,True,0,galaxy,True,True,0,galaxy,0.879508912563324,0,galaxy,0.983951985836029,0,galaxy,0.9620698094367981,0,galaxy,0.9684417843818665,0,galaxy,0.9493597149848938,0,galaxy,0.5700246691703796
781,0,galaxy,0,galaxy,True,0,galaxy,True,True,0,galaxy,0.9854483008384705,0,galaxy,0.9214801788330078,0,galaxy,0.9725407958030701,0,galaxy,0.9827104210853577,0,galaxy,0.9794390201568604,0,galaxy,0.4750159680843353
782,0,galaxy,0,galaxy,True,0,galaxy,True,True,0,galaxy,0.9390215277671814,0,galaxy,0.9925909042358398,0,galaxy,0.9849169850349426,0,galaxy,0.9893808364868164,0,galaxy,0.9857884049415588,0,galaxy,0.7853803038597107
783,0,galaxy,0,galaxy,True,0,galaxy,True,True,0,galaxy,0.9033409953117371,0,galaxy,0.6860517263412476,0,galaxy,0.9636043906211853,0,galaxy,0.9776302576065063,0,galaxy,0.9463692903518677,0,galaxy,0.4430547058582306
784,0,galaxy,0,galaxy,True,0,galaxy,True,True,1,quasar,0.551124095916748,2,star,0.39662596583366394,0,galaxy,0.936089813709259,0,galaxy,0.9631223678588867,0,galaxy,0.9498533606529236,0,galaxy,0.455838680267334
785,0,galaxy,0,galaxy,True,0,galaxy,True,True,0,galaxy,0.9573487043380737,0,galaxy,0.9595571756362915,0,galaxy,0.9792551398277283,0,galaxy,0.9855771660804749,0,galaxy,0.9858168363571167,0,galaxy,0.678547203540802
786,0,galaxy,0,galaxy,True,0,galaxy,True,True,0,galaxy,0.5736703872680664,0,galaxy,0.8632242679595947,0,galaxy,0.9258127808570862,0,galaxy,0.9836395382881165,0,galaxy,0.9475184082984924,1,quasar,0.49266669154167175
787,0,galaxy,0,galaxy,True,0,galaxy,True,True,0,galaxy,0.7505415678024292,0,galaxy,0.9999287128448486,0,galaxy,0.9851574897766113,0,galaxy,0.9567384123802185,0,galaxy,0.9677725434303284,0,galaxy,0.8839368224143982
788,0,galaxy,0,galaxy,True,0,galaxy,True,True,0,galaxy,0.9757817983627319,0,galaxy,0.955188512802124,0,galaxy,0.9760984778404236,0,galaxy,0.9856204986572266,0,galaxy,0.986451268196106,0,galaxy,0.8949891328811646
789,0,galaxy,2,star,False,2,star,False,True,2,star,0.7910496592521667,1,quasar,0.5247982740402222,2,star,0.5128053426742554,2,star,0.6852272748947144,2,star,0.8032484650611877,2,star,0.5792863368988037
790,0,galaxy,0,galaxy,True,0,galaxy,True,True,0,galaxy,0.9819560647010803,0,galaxy,0.9997040629386902,0,galaxy,0.9741581082344055,0,galaxy,0.9923632144927979,0,galaxy,0.9773203134536743,0,galaxy,0.6672797799110413
791,0,galaxy,0,galaxy,True,0,galaxy,True,True,0,galaxy,0.9886947274208069,0,galaxy,0.9988916516304016,0,galaxy,0.9754981398582458,0,galaxy,0.9909207820892334,0,galaxy,0.952397882938385,0,galaxy,0.9175581336021423
792,0,galaxy,0,galaxy,True,0,galaxy,True,True,0,galaxy,0.9907658100128174,0,galaxy,0.9995279312133789,0,galaxy,0.9766299724578857,0,galaxy,0.9528128504753113,0,galaxy,0.978480339050293,0,galaxy,0.7914601564407349
793,0,galaxy,0,galaxy,True,0,galaxy,True,True,0,galaxy,0.9538633227348328,0,galaxy,0.9999250173568726,0,galaxy,0.9827624559402466,0,galaxy,0.982437789440155,0,galaxy,0.9812486171722412,0,galaxy,0.5840696692466736
794,0,galaxy,0,galaxy,True,0,galaxy,True,True,0,galaxy,0.9860506653785706,0,galaxy,0.9021588563919067,0,galaxy,0.9804266691207886,0,galaxy,0.988269567489624,0,galaxy,0.9807058572769165,0,galaxy,0.9122757315635681
795,0,galaxy,0,galaxy,True,0,galaxy,True,True,0,galaxy,0.9560802578926086,0,galaxy,0.998528242111206,0,galaxy,0.9700859785079956,0,galaxy,0.9757437109947205,0,galaxy,0.9726715087890625,0,galaxy,0.6251915693283081
796,0,galaxy,0,galaxy,True,0,galaxy,True,True,0,galaxy,0.9806169271469116,0,galaxy,0.947930634021759,0,galaxy,0.9801790118217468,0,galaxy,0.9916799664497375,0,galaxy,0.9801434874534607,0,galaxy,0.6207520365715027
797,0,galaxy,0,galaxy,True,0,galaxy,True,True,0,galaxy,0.9986094236373901,0,galaxy,0.9951393604278564,0,galaxy,0.9735428690910339,0,galaxy,0.986113965511322,0,galaxy,0.9451436400413513,0,galaxy,0.6347838044166565
798,0,galaxy,0,galaxy,True,0,galaxy,True,True,0,galaxy,0.9919300079345703,0,galaxy,0.9993625283241272,0,galaxy,0.9800803661346436,0,galaxy,0.9900952577590942,0,galaxy,0.985822856426239,0,galaxy,0.8286164402961731
799,0,galaxy,0,galaxy,True,0,galaxy,True,True,0,galaxy,0.9482306838035583,0,galaxy,0.9825313687324524,0,galaxy,0.9753692746162415,0,galaxy,0.9888540506362915,0,galaxy,0.9565526247024536,0,galaxy,0.6691235899925232
800,0,galaxy,0,galaxy,True,0,galaxy,True,True,0,galaxy,0.9900085926055908,0,galaxy,0.9841417670249939,0,galaxy,0.9757949709892273,0,galaxy,0.9860811233520508,0,galaxy,0.9688431024551392,0,galaxy,0.6999238729476929
801,0,galaxy,0,galaxy,True,0,galaxy,True,True,0,galaxy,0.9765175580978394,0,galaxy,0.9931249022483826,0,galaxy,0.9839885830879211,0,galaxy,0.9836462736129761,0,galaxy,0.9859660267829895,0,galaxy,0.931243896484375
802,0,galaxy,0,galaxy,True,0,galaxy,True,True,0,galaxy,0.9967246651649475,0,galaxy,0.9945123195648193,0,galaxy,0.9692961573600769,0,galaxy,0.9867721199989319,0,galaxy,0.9737932085990906,0,galaxy,0.7324303388595581
803,0,galaxy,0,galaxy,True,0,galaxy,True,True,0,galaxy,0.7569616436958313,0,galaxy,0.9973184466362,0,galaxy,0.9594244956970215,0,galaxy,0.9755924344062805,0,galaxy,0.9750968217849731,0,galaxy,0.9198862910270691
804,0,galaxy,0,galaxy,True,0,galaxy,True,True,0,galaxy,0.9786766171455383,0,galaxy,0.9964123368263245,0,galaxy,0.9842808246612549,0,galaxy,0.9889011383056641,0,galaxy,0.9847559332847595,0,galaxy,0.8549362421035767
805,0,galaxy,0,galaxy,True,0,galaxy,True,True,0,galaxy,0.9843048453330994,0,galaxy,0.9933007955551147,0,galaxy,0.9834730625152588,0,galaxy,0.9883649349212646,0,galaxy,0.9654799103736877,0,galaxy,0.7528001666069031
806,0,galaxy,0,galaxy,True,0,galaxy,True,True,0,galaxy,0.8474168181419373,0,galaxy,0.9851171970367432,0,galaxy,0.9751763343811035,0,galaxy,0.9880826473236084,0,galaxy,0.9726022481918335,0,galaxy,0.6638733148574829
807,0,galaxy,0,galaxy,True,0,galaxy,True,True,0,galaxy,0.9919558763504028,0,galaxy,0.9448366165161133,0,galaxy,0.9569320678710938,0,galaxy,0.9805764555931091,0,galaxy,0.9628010392189026,2,star,0.8013450503349304
808,0,galaxy,0,galaxy,True,0,galaxy,True,True,0,galaxy,0.9376500248908997,0,galaxy,0.895502507686615,0,galaxy,0.972713828086853,0,galaxy,0.9791338443756104,0,galaxy,0.9409106373786926,0,galaxy,0.4791419208049774
809,0,galaxy,0,galaxy,True,0,galaxy,True,True,1,quasar,0.3952176570892334,0,galaxy,0.521014392375946,0,galaxy,0.9688647389411926,0,galaxy,0.9845527410507202,0,galaxy,0.9462423920631409,0,galaxy,0.4436664283275604
810,0,galaxy,0,galaxy,True,0,galaxy,True,True,0,galaxy,0.9776776432991028,0,galaxy,0.9936416745185852,0,galaxy,0.9839208126068115,0,galaxy,0.9801772832870483,0,galaxy,0.9800671339035034,0,galaxy,0.7028281092643738
811,0,galaxy,0,galaxy,True,0,galaxy,True,True,0,galaxy,0.9581812024116516,0,galaxy,0.9421271681785583,0,galaxy,0.9756583571434021,0,galaxy,0.9889577031135559,0,galaxy,0.9504722952842712,0,galaxy,0.7727370262145996
812,1,quasar,1,quasar,True,2,star,False,False,1,quasar,0.5857703685760498,2,star,0.5237744450569153,1,quasar,0.47580209374427795,0,galaxy,0.40320658683776855,1,quasar,0.49903008341789246,2,star,0.5473639965057373
813,1,quasar,1,quasar,True,1,quasar,True,True,1,quasar,0.9266093373298645,1,quasar,0.9502173662185669,1,quasar,0.7790009379386902,1,quasar,0.5609478950500488,1,quasar,0.804650604724884,2,star,0.3797767758369446
814,1,quasar,2,star,False,2,star,False,True,1,quasar,0.577364444732666,1,quasar,0.524802565574646,2,star,0.7771443724632263,2,star,0.7632547616958618,2,star,0.6665846109390259,0,galaxy,0.7466842532157898
815,1,quasar,1,quasar,True,1,quasar,True,True,1,quasar,0.923897922039032,1,quasar,0.9667442440986633,1,quasar,0.6680801510810852,1,quasar,0.5700298547744751,1,quasar,0.684384822845459,2,star,0.5675873756408691
816,1,quasar,1,quasar,True,1,quasar,True,True,1,quasar,0.747871458530426,1,quasar,0.8536888360977173,2,star,0.933659553527832,1,quasar,0.6940639615058899,1,quasar,0.6092655658721924,2,star,0.549396276473999
817,1,quasar,1,quasar,True,1,quasar,True,True,1,quasar,0.934362530708313,1,quasar,0.9702896475791931,1,quasar,0.6003876328468323,1,quasar,0.6452502608299255,1,quasar,0.5575311183929443,1,quasar,0.4822114408016205
818,1,quasar,1,quasar,True,1,quasar,True,True,1,quasar,0.865821897983551,1,quasar,0.9751694798469543,2,star,0.6264399290084839,1,quasar,0.6734082102775574,2,star,0.6646843552589417,2,star,0.45515090227127075
819,1,quasar,1,quasar,True,1,quasar,True,True,1,quasar,0.8651426434516907,1,quasar,0.9374891519546509,1,quasar,0.8204282522201538,1,quasar,0.6465798616409302,1,quasar,0.7679551839828491,2,star,0.5626080632209778
820,1,quasar,1,quasar,True,2,star,False,False,1,quasar,0.6511310338973999,1,quasar,0.5567758083343506,1,quasar,0.5129761695861816,2,star,0.8753662705421448,1,quasar,0.5847822427749634,2,star,0.44876155257225037
821,1,quasar,1,quasar,True,1,quasar,True,True,1,quasar,0.9615679383277893,1,quasar,0.9495953917503357,1,quasar,0.7849264144897461,1,quasar,0.6325625777244568,1,quasar,0.8114281892776489,2,star,0.5024544596672058
822,1,quasar,1,quasar,True,1,quasar,True,True,1,quasar,0.9007182717323303,1,quasar,0.9438056945800781,1,quasar,0.7651064991950989,1,quasar,0.6924081444740295,1,quasar,0.5869491696357727,2,star,0.46194249391555786
823,1,quasar,1,quasar,True,1,quasar,True,True,1,quasar,0.8244479894638062,1,quasar,0.9963770508766174,1,quasar,0.827232301235199,1,quasar,0.6036643385887146,1,quasar,0.7032250165939331,2,star,0.4498179852962494
824,1,quasar,1,quasar,True,1,quasar,True,True,1,quasar,0.6928384900093079,1,quasar,0.9428194761276245,1,quasar,0.6399945616722107,1,quasar,0.6920185089111328,2,star,0.5497700572013855,2,star,0.5640118718147278
825,1,quasar,1,quasar,True,1,quasar,True,True,1,quasar,0.8070108294487,1,quasar,0.9973219037055969,2,star,0.5093075633049011,1,quasar,0.6016083359718323,2,star,0.5628831386566162,2,star,0.5238293409347534
826,1,quasar,1,quasar,True,1,quasar,True,True,1,quasar,0.9136939644813538,1,quasar,0.9261565208435059,2,star,0.7678179144859314,2,star,0.5638165473937988,1,quasar,0.5207313299179077,1,quasar,0.45101895928382874
827,1,quasar,1,quasar,True,1,quasar,True,True,1,quasar,0.8873316645622253,1,quasar,0.9600101709365845,1,quasar,0.8007130026817322,1,quasar,0.7427437901496887,2,star,0.5198399424552917,1,quasar,0.5190327167510986
828,1,quasar,0,galaxy,False,0,galaxy,False,True,0,galaxy,0.4413715600967407,1,quasar,0.6534265875816345,0,galaxy,0.8789647817611694,0,galaxy,0.9055271744728088,0,galaxy,0.5044496059417725,1,quasar,0.4179380238056183
829,1,quasar,1,quasar,True,1,quasar,True,True,1,quasar,0.9508333206176758,1,quasar,0.9860575795173645,1,quasar,0.5945680737495422,1,quasar,0.6284493803977966,2,star,0.5049037933349609,2,star,0.464076966047287
830,1,quasar,1,quasar,True,1,quasar,True,True,1,quasar,0.9250563383102417,1,quasar,0.9979881048202515,1,quasar,0.7455763816833496,1,quasar,0.6687503457069397,1,quasar,0.5273311138153076,1,quasar,0.4381265342235565
831,1,quasar,1,quasar,True,1,quasar,True,True,1,quasar,0.9464818239212036,1,quasar,0.970661461353302,1,quasar,0.7745157480239868,1,quasar,0.6024218201637268,1,quasar,0.7206432223320007,2,star,0.5455685257911682
832,1,quasar,0,galaxy,False,0,galaxy,False,True,0,galaxy,0.5452661514282227,0,galaxy,0.4371574819087982,0,galaxy,0.9539494514465332,0,galaxy,0.9128648638725281,0,galaxy,0.6992496848106384,0,galaxy,0.9262794256210327
833,1,quasar,1,quasar,True,1,quasar,True,True,1,quasar,0.6860411763191223,1,quasar,0.7981618642807007,2,star,0.7373791933059692,2,star,0.5251266956329346,1,quasar,0.5558509230613708,0,galaxy,0.40533751249313354
834,1,quasar,1,quasar,True,1,quasar,True,True,1,quasar,0.5023852586746216,1,quasar,0.9887984395027161,1,quasar,0.7200861573219299,2,star,0.6391296982765198,1,quasar,0.5655286908149719,2,star,0.6538909077644348
835,1,quasar,1,quasar,True,1,quasar,True,True,1,quasar,0.603854238986969,1,quasar,0.871430516242981,1,quasar,0.758652925491333,1,quasar,0.593018651008606,1,quasar,0.7079890370368958,2,star,0.4101729094982147
836,1,quasar,1,quasar,True,1,quasar,True,True,1,quasar,0.6936880946159363,1,quasar,0.9655526876449585,1,quasar,0.7093090415000916,1,quasar,0.6109376549720764,1,quasar,0.5583398938179016,2,star,0.44549715518951416
837,1,quasar,1,quasar,True,1,quasar,True,True,1,quasar,0.9465339779853821,1,quasar,0.9764943718910217,1,quasar,0.5344483852386475,1,quasar,0.5957016348838806,1,quasar,0.5721608400344849,2,star,0.37521469593048096
838,1,quasar,1,quasar,True,1,quasar,True,True,1,quasar,0.7272465229034424,1,quasar,0.9147216081619263,1,quasar,0.5815303325653076,1,quasar,0.5842674970626831,1,quasar,0.6338670253753662,2,star,0.49799835681915283
839,1,quasar,1,quasar,True,1,quasar,True,True,1,quasar,0.4881535470485687,1,quasar,0.8832642436027527,1,quasar,0.7312490344047546,2,star,0.5616636872291565,1,quasar,0.7034988403320312,2,star,0.6433001160621643
840,1,quasar,1,quasar,True,1,quasar,True,True,1,quasar,0.979891836643219,1,quasar,0.9707976579666138,1,quasar,0.4923190176486969,1,quasar,0.6408604383468628,1,quasar,0.5036994814872742,2,star,0.44689133763313293
841,1,quasar,1,quasar,True,1,quasar,True,True,1,quasar,0.8638062477111816,1,quasar,0.962470293045044,1,quasar,0.8333247900009155,1,quasar,0.6681920886039734,1,quasar,0.6957101225852966,0,galaxy,0.3918628394603729
842,1,quasar,1,quasar,True,1,quasar,True,True,1,quasar,0.6517232656478882,2,star,0.5799421668052673,1,quasar,0.6459821462631226,1,quasar,0.5357614159584045,2,star,0.5248786211013794,2,star,0.4750704765319824
843,1,quasar,1,quasar,True,1,quasar,True,True,1,quasar,0.8907581567764282,1,quasar,0.9958118200302124,2,star,0.5099457502365112,1,quasar,0.7190842628479004,2,star,0.5241509079933167,2,star,0.5194822549819946
844,1,quasar,2,star,False,2,star,False,True,2,star,0.8366944193840027,1,quasar,0.8267723917961121,2,star,0.568091869354248,1,quasar,0.5363267064094543,2,star,0.5017414093017578,2,star,0.46046510338783264
845,1,quasar,1,quasar,True,1,quasar,True,True,1,quasar,0.9348708987236023,1,quasar,0.9213520288467407,1,quasar,0.8250570297241211,1,quasar,0.7054031491279602,1,quasar,0.7293139100074768,1,quasar,0.5572159290313721
846,1,quasar,1,quasar,True,1,quasar,True,True,1,quasar,0.7877103686332703,1,quasar,0.9280765056610107,1,quasar,0.6646245718002319,1,quasar,0.6489728093147278,2,star,0.6201178431510925,2,star,0.5005643963813782
847,1,quasar,1,quasar,True,1,quasar,True,True,1,quasar,0.4899499714374542,2,star,1.0,1,quasar,0.6475429534912109,1,quasar,0.5395352840423584,1,quasar,0.6333761811256409,0,galaxy,0.7987699508666992
848,1,quasar,2,star,False,2,star,False,True,2,star,0.6697199940681458,1,quasar,0.9779086709022522,2,star,0.5911284685134888,2,star,0.5810893177986145,2,star,0.6627204418182373,1,quasar,0.43189364671707153
849,1,quasar,1,quasar,True,1,quasar,True,True,1,quasar,0.7847977876663208,1,quasar,0.9724937081336975,1,quasar,0.6881868243217468,1,quasar,0.615973949432373,1,quasar,0.6811783313751221,1,quasar,0.7020498514175415
850,1,quasar,1,quasar,True,1,quasar,True,True,1,quasar,0.9196916818618774,1,quasar,0.9963046312332153,1,quasar,0.701725423336029,1,quasar,0.6709359288215637,1,quasar,0.7650116086006165,0,galaxy,0.41768357157707214
851,1,quasar,1,quasar,True,1,quasar,True,True,1,quasar,0.7367205619812012,1,quasar,0.9333404302597046,1,quasar,0.6193020343780518,2,star,0.5471070408821106,1,quasar,0.6042242646217346,1,quasar,0.4293181896209717
852,1,quasar,1,quasar,True,1,quasar,True,True,1,quasar,0.8170441389083862,1,quasar,0.8536859154701233,1,quasar,0.6575804352760315,1,quasar,0.4822116494178772,1,quasar,0.6688161492347717,2,star,0.46402597427368164
853,1,quasar,1,quasar,True,1,quasar,True,True,1,quasar,0.7448686957359314,1,quasar,0.934711754322052,1,quasar,0.7121551036834717,1,quasar,0.6035337448120117,1,quasar,0.6129603981971741,0,galaxy,0.4738146960735321
854,1,quasar,0,galaxy,False,0,galaxy,False,True,1,quasar,0.5561783909797668,1,quasar,0.8664554357528687,0,galaxy,0.9727804660797119,0,galaxy,0.9903429746627808,0,galaxy,0.9488964676856995,0,galaxy,0.4644924998283386
855,1,quasar,1,quasar,True,1,quasar,True,True,1,quasar,0.9266057014465332,1,quasar,0.9902611374855042,1,quasar,0.8201563954353333,1,quasar,0.7459343671798706,1,quasar,0.7955365180969238,1,quasar,0.45790478587150574
856,1,quasar,1,quasar,True,1,quasar,True,True,1,quasar,0.9810918569564819,1,quasar,0.9983243346214294,1,quasar,0.6229771375656128,1,quasar,0.684185266494751,2,star,0.6365365982055664,1,quasar,0.6208297610282898
857,1,quasar,1,quasar,True,1,quasar,True,True,1,quasar,0.6618368029594421,1,quasar,0.940188467502594,1,quasar,0.6006919741630554,2,star,0.6853116154670715,1,quasar,0.6238994598388672,1,quasar,0.3842391073703766
858,1,quasar,1,quasar,True,1,quasar,True,True,1,quasar,0.9044842720031738,1,quasar,0.9597761631011963,1,quasar,0.7780942916870117,1,quasar,0.6017840504646301,1,quasar,0.7132400274276733,0,galaxy,0.5048230886459351
859,1,quasar,1,quasar,True,1,quasar,True,True,1,quasar,0.9734207391738892,1,quasar,0.9966523051261902,1,quasar,0.8583577275276184,1,quasar,0.7659655213356018,2,star,0.5904836654663086,1,quasar,0.36481547355651855
860,1,quasar,1,quasar,True,1,quasar,True,True,1,quasar,0.9477553367614746,1,quasar,0.9702386856079102,1,quasar,0.802014946937561,1,quasar,0.571666419506073,1,quasar,0.6839991807937622,0,galaxy,0.4527420699596405
861,1,quasar,1,quasar,True,1,quasar,True,True,1,quasar,0.7437267899513245,1,quasar,0.9874812960624695,1,quasar,0.6693011522293091,1,quasar,0.7127270102500916,1,quasar,0.7028130888938904,2,star,0.48266124725341797
862,1,quasar,1,quasar,True,1,quasar,True,True,1,quasar,0.9131268858909607,1,quasar,0.8576910495758057,1,quasar,0.7847277522087097,1,quasar,0.49826285243034363,1,quasar,0.7161568403244019,0,galaxy,0.4713214933872223
863,1,quasar,1,quasar,True,1,quasar,True,True,1,quasar,0.9721087217330933,1,quasar,0.9998111128807068,1,quasar,0.6337425112724304,1,quasar,0.6804055571556091,1,quasar,0.5960889458656311,1,quasar,0.6179912090301514
864,1,quasar,1,quasar,True,1,quasar,True,True,1,quasar,0.6343017816543579,1,quasar,0.9905092716217041,1,quasar,0.7014021277427673,1,quasar,0.6995836496353149,1,quasar,0.6191273331642151,2,star,0.4741825461387634
865,1,quasar,1,quasar,True,1,quasar,True,True,1,quasar,0.971082866191864,1,quasar,0.9983805418014526,1,quasar,0.811212420463562,1,quasar,0.699451208114624,1,quasar,0.7705810070037842,1,quasar,0.6384545564651489
866,1,quasar,1,quasar,True,1,quasar,True,True,1,quasar,0.38064703345298767,1,quasar,0.968499481678009,1,quasar,0.6745587587356567,1,quasar,0.4957115948200226,1,quasar,0.609108567237854,0,galaxy,0.4863985776901245
867,1,quasar,1,quasar,True,2,star,False,False,1,quasar,0.5183983445167542,1,quasar,0.7334436178207397,2,star,0.6535197496414185,1,quasar,0.5097200870513916,1,quasar,0.5023386478424072,2,star,0.6748964190483093
868,1,quasar,1,quasar,True,1,quasar,True,True,1,quasar,0.7249327301979065,2,star,0.8774606585502625,2,star,0.5329362750053406,1,quasar,0.4883972704410553,1,quasar,0.5987300276756287,1,quasar,0.6630716919898987
869,1,quasar,1,quasar,True,1,quasar,True,True,1,quasar,0.9239283800125122,1,quasar,0.960407018661499,1,quasar,0.8105607032775879,1,quasar,0.6641063094139099,1,quasar,0.6046093106269836,2,star,0.4867555499076843
870,1,quasar,1,quasar,True,1,quasar,True,True,1,quasar,0.7305654287338257,1,quasar,0.890264093875885,1,quasar,0.5811590552330017,1,quasar,0.590149998664856,1,quasar,0.5770114660263062,1,quasar,0.40166887640953064
871,1,quasar,1,quasar,True,1,quasar,True,True,1,quasar,0.8602993488311768,1,quasar,0.9501374959945679,1,quasar,0.5948280096054077,1,quasar,0.5057770609855652,2,star,0.5336942076683044,2,star,0.49167174100875854
872,1,quasar,1,quasar,True,1,quasar,True,True,1,quasar,0.9904904365539551,1,quasar,0.9688569903373718,1,quasar,0.6855866312980652,1,quasar,0.7379595041275024,1,quasar,0.657265841960907,1,quasar,0.5099256038665771
873,1,quasar,1,quasar,True,1,quasar,True,True,1,quasar,0.9270214438438416,1,quasar,0.9179061055183411,1,quasar,0.8411852717399597,1,quasar,0.6855208873748779,1,quasar,0.6863332390785217,2,star,0.38069257140159607
874,1,quasar,1,quasar,True,1,quasar,True,True,1,quasar,0.8670324087142944,1,quasar,0.9685248732566833,1,quasar,0.8040745854377747,1,quasar,0.7200304269790649,1,quasar,0.6972742676734924,0,galaxy,0.5224154591560364
875,1,quasar,0,galaxy,False,0,galaxy,False,True,0,galaxy,0.6091845035552979,1,quasar,0.5613371133804321,0,galaxy,0.9357177019119263,0,galaxy,0.9619192481040955,0,galaxy,0.9310588836669922,0,galaxy,0.43123605847358704
876,1,quasar,1,quasar,True,1,quasar,True,True,1,quasar,0.916363000869751,1,quasar,0.9910553693771362,1,quasar,0.833091139793396,1,quasar,0.6724205017089844,1,quasar,0.7131894826889038,1,quasar,0.43734657764434814
877,1,quasar,0,galaxy,False,1,quasar,True,False,0,galaxy,0.4310070872306824,1,quasar,0.439433217048645,1,quasar,0.4995943605899811,2,star,0.5933131575584412,2,star,0.5398253798484802,0,galaxy,0.42353734374046326
878,1,quasar,1,quasar,True,1,quasar,True,True,1,quasar,0.536383330821991,1,quasar,0.7776596546173096,1,quasar,0.779474675655365,1,quasar,0.5386072993278503,1,quasar,0.8107413053512573,2,star,0.47363317012786865
879,1,quasar,1,quasar,True,1,quasar,True,True,1,quasar,0.7930577993392944,1,quasar,0.9094615578651428,1,quasar,0.7362291812896729,1,quasar,0.6965389251708984,1,quasar,0.5668563842773438,2,star,0.5876343846321106
880,1,quasar,1,quasar,True,1,quasar,True,True,1,quasar,0.8508070707321167,1,quasar,0.9789161086082458,2,star,0.5028052926063538,1,quasar,0.6756037473678589,2,star,0.560576319694519,2,star,0.46767744421958923
881,1,quasar,1,quasar,True,1,quasar,True,True,1,quasar,0.9195640683174133,1,quasar,0.9825819730758667,1,quasar,0.6931359171867371,1,quasar,0.7031638622283936,1,quasar,0.6353935599327087,1,quasar,0.558577835559845
882,1,quasar,1,quasar,True,1,quasar,True,True,2,star,0.6425734162330627,1,quasar,0.7437582015991211,2,star,0.7857984304428101,1,quasar,0.7220326662063599,1,quasar,0.6183707118034363,1,quasar,0.48561540246009827
883,1,quasar,1,quasar,True,1,quasar,True,True,1,quasar,0.9331886172294617,1,quasar,0.990419328212738,1,quasar,0.8655020594596863,1,quasar,0.7086813449859619,1,quasar,0.8217005729675293,1,quasar,0.48879489302635193
884,1,quasar,1,quasar,True,1,quasar,True,True,1,quasar,0.9084094166755676,1,quasar,0.9973932504653931,1,quasar,0.8313620090484619,1,quasar,0.6860573291778564,1,quasar,0.8086394667625427,1,quasar,0.39567819237709045
885,1,quasar,1,quasar,True,1,quasar,True,True,1,quasar,0.8965398669242859,1,quasar,0.9879375100135803,1,quasar,0.868485689163208,1,quasar,0.7352110147476196,1,quasar,0.8381267786026001,2,star,0.4706459939479828
886,1,quasar,1,quasar,True,1,quasar,True,True,1,quasar,0.8762980103492737,1,quasar,0.972601056098938,1,quasar,0.8206396698951721,1,quasar,0.6329948902130127,1,quasar,0.8414776921272278,1,quasar,0.49717482924461365
887,1,quasar,1,quasar,True,1,quasar,True,True,1,quasar,0.9343563914299011,1,quasar,0.97340989112854,1,quasar,0.5617985129356384,1,quasar,0.6877442598342896,1,quasar,0.6558523178100586,2,star,0.6209684610366821
888,1,quasar,1,quasar,True,1,quasar,True,True,1,quasar,0.8325147032737732,1,quasar,0.7524659633636475,1,quasar,0.648281455039978,1,quasar,0.6141159534454346,1,quasar,0.6789746284484863,2,star,0.6649453043937683
889,1,quasar,1,quasar,True,1,quasar,True,True,1,quasar,0.8661261796951294,1,quasar,0.8430096507072449,1,quasar,0.5672755241394043,1,quasar,0.6082293391227722,1,quasar,0.5893865823745728,2,star,0.7352497577667236
890,1,quasar,1,quasar,True,1,quasar,True,True,1,quasar,0.6710869073867798,1,quasar,0.9713854789733887,1,quasar,0.8391833901405334,1,quasar,0.6439869999885559,1,quasar,0.863204836845398,2,star,0.5688372254371643
891,1,quasar,2,star,False,2,star,False,True,1,quasar,0.5644871592521667,1,quasar,0.5421251058578491,2,star,0.5375240445137024,2,star,0.6870787143707275,0,galaxy,0.7220394611358643,2,star,0.727392315864563
892,1,quasar,0,galaxy,False,0,galaxy,False,True,1,quasar,0.7877516150474548,1,quasar,0.5135958194732666,0,galaxy,0.9365005493164062,0,galaxy,0.8248537182807922,0,galaxy,0.5679475665092468,2,star,0.4584006369113922
893,1,quasar,1,quasar,True,1,quasar,True,True,1,quasar,0.9740462303161621,1,quasar,0.85455721616745,1,quasar,0.8428270816802979,1,quasar,0.6756511330604553,1,quasar,0.7337245345115662,2,star,0.5336722135543823
894,1,quasar,0,galaxy,False,0,galaxy,False,True,0,galaxy,0.965775728225708,0,galaxy,0.5504460334777832,0,galaxy,0.8654639720916748,2,star,0.7318019866943359,0,galaxy,0.8185893893241882,2,star,0.5372880697250366
895,1,quasar,2,star,False,2,star,False,True,1,quasar,0.6125903129577637,2,star,0.5239080190658569,1,quasar,0.5666189193725586,2,star,0.5635143518447876,2,star,0.5009325742721558,2,star,0.6868648529052734
896,1,quasar,1,quasar,True,1,quasar,True,True,1,quasar,0.7389220595359802,1,quasar,0.9238176345825195,1,quasar,0.8405890464782715,1,quasar,0.5493680834770203,1,quasar,0.8236983418464661,2,star,0.4553696811199188
897,1,quasar,1,quasar,True,1,quasar,True,True,1,quasar,0.7680369019508362,1,quasar,0.8580664992332458,1,quasar,0.7439297437667847,1,quasar,0.7017337083816528,1,quasar,0.671191930770874,2,star,0.5617377161979675
898,1,quasar,1,quasar,True,1,quasar,True,True,1,quasar,0.7510250806808472,1,quasar,0.8877694606781006,2,star,0.6443748474121094,1,quasar,0.6842093467712402,1,quasar,0.8166900277137756,2,star,0.6417726278305054
899,1,quasar,1,quasar,True,1,quasar,True,True,1,quasar,0.7838767766952515,1,quasar,0.8941601514816284,1,quasar,0.6332712173461914,1,quasar,0.6339280009269714,2,star,0.6918149590492249,2,star,0.5900094509124756
900,1,quasar,1,quasar,True,1,quasar,True,True,1,quasar,0.863706111907959,1,quasar,0.9533408284187317,1,quasar,0.8200854063034058,1,quasar,0.7620601654052734,1,quasar,0.8342259526252747,2,star,0.7081649303436279
901,1,quasar,1,quasar,True,1,quasar,True,True,1,quasar,0.8294218182563782,1,quasar,0.8886188268661499,1,quasar,0.7241085171699524,2,star,0.5058422088623047,1,quasar,0.6866528391838074,0,galaxy,0.4576379954814911
902,1,quasar,1,quasar,True,1,quasar,True,True,2,star,0.636108934879303,1,quasar,0.8474646210670471,1,quasar,0.6941065192222595,1,quasar,0.6344166994094849,1,quasar,0.5670813918113708,2,star,0.6355546116828918
903,1,quasar,1,quasar,True,1,quasar,True,True,1,quasar,0.7852653861045837,1,quasar,0.8547569513320923,1,quasar,0.6945248246192932,1,quasar,0.7645804286003113,1,quasar,0.7340332865715027,2,star,0.6848074793815613
904,1,quasar,1,quasar,True,1,quasar,True,True,1,quasar,0.804425060749054,1,quasar,0.8968518972396851,1,quasar,0.6950662732124329,1,quasar,0.6838576197624207,1,quasar,0.7167944312095642,2,star,0.4911040961742401
905,1,quasar,0,galaxy,False,0,galaxy,False,True,0,galaxy,0.9799859523773193,0,galaxy,0.9991534948348999,0,galaxy,0.9764522910118103,0,galaxy,0.9895500540733337,0,galaxy,0.9644405841827393,0,galaxy,0.6800945401191711
906,1,quasar,0,galaxy,False,0,galaxy,False,True,0,galaxy,0.8197858333587646,1,quasar,0.9313305616378784,1,quasar,0.6194016337394714,0,galaxy,0.9441646933555603,0,galaxy,0.8200495839118958,0,galaxy,0.49898454546928406
907,1,quasar,1,quasar,True,1,quasar,True,True,1,quasar,0.88343745470047,1,quasar,0.9858908653259277,1,quasar,0.6753462553024292,2,star,0.5427902340888977,1,quasar,0.6600776314735413,1,quasar,0.5155322551727295
908,1,quasar,1,quasar,True,1,quasar,True,True,1,quasar,0.5399797558784485,1,quasar,0.6095986366271973,1,quasar,0.6745072603225708,1,quasar,0.6423770189285278,2,star,0.5819756984710693,2,star,0.43354859948158264
909,1,quasar,1,quasar,True,1,quasar,True,True,1,quasar,0.9223098158836365,1,quasar,0.9950626492500305,2,star,0.6271561980247498,1,quasar,0.7000908255577087,1,quasar,0.6997499465942383,2,star,0.8311316967010498
910,1,quasar,1,quasar,True,1,quasar,True,True,1,quasar,0.7153922319412231,1,quasar,0.9219604134559631,1,quasar,0.5552125573158264,1,quasar,0.7128326296806335,1,quasar,0.5661171674728394,2,star,0.7917250394821167
911,1,quasar,1,quasar,True,2,star,False,False,1,quasar,0.583171010017395,1,quasar,0.8845478892326355,2,star,0.7912284731864929,2,star,0.5195100903511047,1,quasar,0.649848461151123,2,star,0.8783156275749207
912,1,quasar,1,quasar,True,1,quasar,True,True,1,quasar,0.9416652321815491,1,quasar,0.9928368926048279,1,quasar,0.7534106969833374,1,quasar,0.6924864053726196,1,quasar,0.6786035895347595,0,galaxy,0.36363762617111206
913,1,quasar,1,quasar,True,1,quasar,True,True,1,quasar,0.805875837802887,1,quasar,0.8472606539726257,1,quasar,0.7341322898864746,1,quasar,0.7037021517753601,2,star,0.6810771822929382,2,star,0.621141254901886
914,1,quasar,1,quasar,True,1,quasar,True,True,1,quasar,0.5536255240440369,1,quasar,0.6395850777626038,1,quasar,0.5594115853309631,1,quasar,0.6244129538536072,1,quasar,0.5694523453712463,2,star,0.7397400736808777
915,1,quasar,1,quasar,True,1,quasar,True,True,1,quasar,0.8250898718833923,1,quasar,0.7176878452301025,1,quasar,0.7732208967208862,1,quasar,0.6435256004333496,1,quasar,0.7622306942939758,1,quasar,0.6141571402549744
916,1,quasar,1,quasar,True,1,quasar,True,True,1,quasar,0.8117800354957581,1,quasar,0.7378674149513245,1,quasar,0.8503368496894836,1,quasar,0.725864589214325,2,star,0.6146369576454163,2,star,0.6039170622825623
917,1,quasar,1,quasar,True,1,quasar,True,True,1,quasar,0.7697300910949707,1,quasar,0.9336904287338257,1,quasar,0.7457345128059387,1,quasar,0.5322875380516052,1,quasar,0.6424126029014587,2,star,0.41990408301353455
918,1,quasar,1,quasar,True,1,quasar,True,True,1,quasar,0.7632290720939636,1,quasar,0.8158429861068726,1,quasar,0.736370325088501,1,quasar,0.7492088079452515,1,quasar,0.7969801425933838,2,star,0.6617594957351685
919,1,quasar,1,quasar,True,1,quasar,True,True,1,quasar,0.9046197533607483,1,quasar,0.7283236980438232,1,quasar,0.6901231408119202,1,quasar,0.628054141998291,1,quasar,0.5968858003616333,2,star,0.43803930282592773
920,1,quasar,1,quasar,True,1,quasar,True,True,1,quasar,0.6700961589813232,1,quasar,0.7035974264144897,1,quasar,0.6610763669013977,1,quasar,0.610939085483551,1,quasar,0.6834167242050171,2,star,0.4870421290397644
921,1,quasar,1,quasar,True,1,quasar,True,True,1,quasar,0.8821532726287842,1,quasar,0.6736809611320496,1,quasar,0.848919153213501,1,quasar,0.5764984488487244,1,quasar,0.8234482407569885,2,star,0.6435304284095764
922,1,quasar,2,star,False,2,star,False,True,2,star,0.8778203129768372,2,star,0.6213381886482239,2,star,0.7696952223777771,2,star,0.7400157451629639,2,star,0.697813093662262,2,star,0.5414028167724609
923,1,quasar,1,quasar,True,1,quasar,True,True,1,quasar,0.8616502285003662,1,quasar,0.7433859705924988,1,quasar,0.650702178478241,1,quasar,0.6816664934158325,1,quasar,0.6818998456001282,2,star,0.7438144087791443
924,1,quasar,1,quasar,True,1,quasar,True,True,1,quasar,0.8806887865066528,1,quasar,0.9245597124099731,1,quasar,0.8366928696632385,1,quasar,0.7212114930152893,1,quasar,0.6966140270233154,2,star,0.6178471446037292
925,1,quasar,1,quasar,True,1,quasar,True,True,1,quasar,0.5378755331039429,1,quasar,0.5501826405525208,1,quasar,0.7018824219703674,1,quasar,0.5246114730834961,2,star,0.5636492967605591,2,star,0.4797336459159851
926,1,quasar,1,quasar,True,1,quasar,True,True,1,quasar,0.7834345102310181,1,quasar,0.9675392508506775,1,quasar,0.8139334917068481,1,quasar,0.6179258823394775,1,quasar,0.8509330749511719,2,star,0.6605440378189087
927,1,quasar,1,quasar,True,1,quasar,True,True,1,quasar,0.6605794429779053,1,quasar,0.848638117313385,1,quasar,0.7210720777511597,1,quasar,0.6510891318321228,1,quasar,0.8500716090202332,2,star,0.6624912023544312
928,1,quasar,1,quasar,True,1,quasar,True,True,1,quasar,0.9669144153594971,1,quasar,0.9246237277984619,1,quasar,0.8211797475814819,1,quasar,0.7338505983352661,1,quasar,0.7461759448051453,2,star,0.5923551321029663
929,1,quasar,1,quasar,True,1,quasar,True,True,1,quasar,0.8879610300064087,1,quasar,0.9912663102149963,1,quasar,0.8437939286231995,1,quasar,0.7460042834281921,1,quasar,0.6980584859848022,1,quasar,0.442990779876709
930,1,quasar,1,quasar,True,1,quasar,True,True,1,quasar,0.9320376515388489,1,quasar,0.9794958233833313,1,quasar,0.853569507598877,1,quasar,0.7261859774589539,1,quasar,0.8297930955886841,2,star,0.5592629909515381
931,1,quasar,1,quasar,True,1,quasar,True,True,1,quasar,0.8695348501205444,1,quasar,0.9739523530006409,1,quasar,0.7553495168685913,1,quasar,0.6193784475326538,1,quasar,0.7600504755973816,2,star,0.645361065864563
932,1,quasar,1,quasar,True,1,quasar,True,True,1,quasar,0.9460989236831665,1,quasar,0.9741321206092834,1,quasar,0.8707503080368042,1,quasar,0.6825940608978271,1,quasar,0.8278279304504395,1,quasar,0.4912753999233246
933,1,quasar,1,quasar,True,1,quasar,True,True,2,star,0.629157543182373,1,quasar,0.9098387956619263,1,quasar,0.6982347965240479,1,quasar,0.5567401647567749,1,quasar,0.8194131851196289,1,quasar,0.532275378704071
934,1,quasar,2,star,False,2,star,False,True,2,star,0.6923332810401917,2,star,0.7708570957183838,2,star,0.9732308983802795,2,star,0.7252271771430969,2,star,0.6026226878166199,2,star,0.6497677564620972
935,1,quasar,2,star,False,2,star,False,True,1,quasar,0.6612316370010376,2,star,0.6534859538078308,2,star,0.5784482359886169,2,star,0.6760190725326538,2,star,0.5285335183143616,2,star,0.6000927686691284
936,1,quasar,1,quasar,True,1,quasar,True,True,1,quasar,0.4966646432876587,1,quasar,0.48259347677230835,1,quasar,0.6529709100723267,1,quasar,0.5569034814834595,1,quasar,0.6428490281105042,2,star,0.812507688999176
937,1,quasar,1,quasar,True,1,quasar,True,True,1,quasar,0.8672564029693604,1,quasar,0.957851231098175,1,quasar,0.8052514791488647,1,quasar,0.7083587050437927,1,quasar,0.8185232877731323,0,galaxy,0.5557655096054077
938,1,quasar,1,quasar,True,1,quasar,True,True,1,quasar,0.9285152554512024,1,quasar,0.9561711549758911,1,quasar,0.5526435971260071,2,star,0.7034388780593872,2,star,0.4994310736656189,2,star,0.5883333683013916
939,1,quasar,1,quasar,True,1,quasar,True,True,1,quasar,0.6385750770568848,1,quasar,0.8908226490020752,1,quasar,0.7977184057235718,1,quasar,0.6601846218109131,1,quasar,0.6348380446434021,0,galaxy,0.47058185935020447
940,1,quasar,1,quasar,True,1,quasar,True,True,1,quasar,0.9276115894317627,1,quasar,0.7433393001556396,1,quasar,0.6468621492385864,1,quasar,0.7052491307258606,1,quasar,0.49232017993927,2,star,0.46404898166656494
941,1,quasar,1,quasar,True,1,quasar,True,True,1,quasar,0.9397457838058472,1,quasar,0.9210832118988037,1,quasar,0.8183272480964661,2,star,0.5433306694030762,1,quasar,0.7952545285224915,1,quasar,0.7036895155906677
942,1,quasar,1,quasar,True,1,quasar,True,True,2,star,0.6109218597412109,1,quasar,0.9196285605430603,2,star,0.569100022315979,1,quasar,0.5387095808982849,1,quasar,0.5611156225204468,1,quasar,0.4720234274864197
943,1,quasar,0,galaxy,False,0,galaxy,False,True,0,galaxy,0.8834593296051025,0,galaxy,0.5960167646408081,0,galaxy,0.9571032524108887,0,galaxy,0.9870972633361816,0,galaxy,0.9228570461273193,1,quasar,0.43451493978500366
944,1,quasar,0,galaxy,False,0,galaxy,False,True,1,quasar,0.5189031362533569,0,galaxy,0.9598444700241089,0,galaxy,0.9627996683120728,0,galaxy,0.8733843564987183,0,galaxy,0.9181323647499084,2,star,0.4821232557296753
945,1,quasar,0,galaxy,False,0,galaxy,False,True,0,galaxy,0.9023111462593079,0,galaxy,0.9075702428817749,0,galaxy,0.9467005729675293,0,galaxy,0.9818442463874817,0,galaxy,0.9773927330970764,0,galaxy,0.8854269981384277
946,1,quasar,0,galaxy,False,0,galaxy,False,True,1,quasar,0.41214269399642944,1,quasar,0.43490070104599,0,galaxy,0.9072679877281189,0,galaxy,0.6051089763641357,0,galaxy,0.8412927985191345,2,star,0.7824747562408447
947,1,quasar,0,galaxy,False,0,galaxy,False,True,1,quasar,0.9999972581863403,0,galaxy,0.4151841998100281,0,galaxy,0.9452475905418396,0,galaxy,0.9903241395950317,0,galaxy,0.9346553087234497,0,galaxy,0.4167872965335846
948,1,quasar,1,quasar,True,2,star,False,False,1,quasar,0.4617267847061157,1,quasar,0.6198185682296753,1,quasar,0.45691561698913574,2,star,0.6418986916542053,2,star,0.6374019980430603,2,star,0.6774716973304749
949,1,quasar,1,quasar,True,1,quasar,True,True,1,quasar,0.8299778699874878,1,quasar,0.895834743976593,1,quasar,0.6016897559165955,1,quasar,0.6794471740722656,2,star,0.5629381537437439,2,star,0.5101226568222046
950,1,quasar,1,quasar,True,1,quasar,True,True,1,quasar,0.9673379063606262,1,quasar,0.977893590927124,1,quasar,0.7554978132247925,1,quasar,0.6530302166938782,2,star,0.5295841097831726,0,galaxy,0.47572779655456543
951,1,quasar,2,star,False,2,star,False,True,1,quasar,0.6087669134140015,1,quasar,0.9314190745353699,2,star,0.7863182425498962,2,star,0.6933668851852417,2,star,0.5517779588699341,2,star,0.5424615740776062
952,1,quasar,1,quasar,True,1,quasar,True,True,1,quasar,0.9235921502113342,1,quasar,0.9778832197189331,2,star,0.530876874923706,1,quasar,0.6740170121192932,2,star,0.5128948092460632,0,galaxy,0.4104462265968323
953,1,quasar,1,quasar,True,1,quasar,True,True,1,quasar,0.9175928235054016,1,quasar,0.9669468402862549,1,quasar,0.5705907344818115,1,quasar,0.6434637308120728,2,star,0.5878564715385437,2,star,0.413520485162735
954,1,quasar,1,quasar,True,1,quasar,True,True,1,quasar,0.8778474926948547,1,quasar,0.9358506798744202,2,star,0.6337822079658508,1,quasar,0.5188012719154358,2,star,0.5929054021835327,2,star,0.5613653659820557
955,1,quasar,1,quasar,True,1,quasar,True,True,1,quasar,0.8586346507072449,1,quasar,0.9910925030708313,2,star,0.6120046973228455,1,quasar,0.6480058431625366,1,quasar,0.6254079341888428,1,quasar,0.3583601117134094
956,1,quasar,1,quasar,True,1,quasar,True,True,1,quasar,0.8781387209892273,1,quasar,0.9362239837646484,2,star,0.4972321093082428,1,quasar,0.5665716528892517,2,star,0.5408747792243958,2,star,0.5728949308395386
957,1,quasar,1,quasar,True,1,quasar,True,True,1,quasar,0.5103897452354431,1,quasar,0.8632465600967407,2,star,0.5252622365951538,1,quasar,0.6223920583724976,1,quasar,0.552619218826294,0,galaxy,0.5630755424499512
958,1,quasar,1,quasar,True,1,quasar,True,True,1,quasar,0.8260717391967773,1,quasar,0.9911988377571106,1,quasar,0.6342326402664185,1,quasar,0.6897957921028137,1,quasar,0.7996184229850769,2,star,0.5538956522941589
959,1,quasar,1,quasar,True,1,quasar,True,True,1,quasar,0.7265908718109131,1,quasar,0.9773971438407898,2,star,0.5293464660644531,1,quasar,0.6771511435508728,2,star,0.6330657601356506,0,galaxy,0.47503435611724854
960,1,quasar,1,quasar,True,1,quasar,True,True,1,quasar,0.9269134998321533,1,quasar,0.9252467155456543,1,quasar,0.7275932431221008,1,quasar,0.6198543310165405,1,quasar,0.6523175835609436,2,star,0.5216792821884155
961,1,quasar,1,quasar,True,1,quasar,True,True,1,quasar,0.6581019163131714,1,quasar,0.9865193963050842,1,quasar,0.8406347036361694,1,quasar,0.6582252979278564,1,quasar,0.570784330368042,2,star,0.6658607125282288
962,1,quasar,1,quasar,True,1,quasar,True,True,1,quasar,0.930018424987793,1,quasar,0.9751603007316589,1,quasar,0.7385780215263367,1,quasar,0.6496910452842712,1,quasar,0.5250217318534851,2,star,0.7076385617256165
963,1,quasar,1,quasar,True,1,quasar,True,True,1,quasar,0.8071988224983215,1,quasar,0.9570671916007996,1,quasar,0.6816823482513428,1,quasar,0.641840934753418,1,quasar,0.5180525779724121,0,galaxy,0.454054594039917
964,1,quasar,1,quasar,True,1,quasar,True,True,1,quasar,0.7296326160430908,1,quasar,0.6530718207359314,1,quasar,0.6854294538497925,1,quasar,0.648902416229248,1,quasar,0.5255760550498962,2,star,0.4692979156970978
965,1,quasar,1,quasar,True,1,quasar,True,True,1,quasar,0.6188719868659973,1,quasar,0.664148211479187,2,star,0.5829876065254211,1,quasar,0.575130045413971,2,star,0.5518516302108765,2,star,0.5503164529800415
966,1,quasar,1,quasar,True,1,quasar,True,True,1,quasar,0.5168560743331909,0,galaxy,0.42015108466148376,2,star,0.560821533203125,1,quasar,0.5073953866958618,1,quasar,0.5547342300415039,0,galaxy,0.6184691190719604
967,1,quasar,1,quasar,True,1,quasar,True,True,1,quasar,0.8861162066459656,1,quasar,0.8697735071182251,1,quasar,0.7949160933494568,1,quasar,0.6594615578651428,1,quasar,0.71189945936203,1,quasar,0.4730994701385498
968,1,quasar,1,quasar,True,1,quasar,True,True,1,quasar,0.664349377155304,1,quasar,0.9450955986976624,1,quasar,0.599801778793335,1,quasar,0.6675983667373657,1,quasar,0.5343929529190063,2,star,0.6292485594749451
969,1,quasar,1,quasar,True,1,quasar,True,True,1,quasar,0.846469521522522,1,quasar,0.8714296221733093,1,quasar,0.8071895241737366,1,quasar,0.7458742260932922,1,quasar,0.7008708119392395,2,star,0.6525696516036987
970,1,quasar,1,quasar,True,1,quasar,True,True,2,star,0.6215360164642334,1,quasar,0.8129638433456421,1,quasar,0.6787672638893127,1,quasar,0.7101287841796875,1,quasar,0.5504549145698547,2,star,0.6623951196670532
971,1,quasar,1,quasar,True,1,quasar,True,True,1,quasar,0.9547457098960876,1,quasar,0.9986395239830017,1,quasar,0.7853583693504333,1,quasar,0.7390074729919434,2,star,0.5441896915435791,1,quasar,0.43971285223960876
972,1,quasar,1,quasar,True,1,quasar,True,True,1,quasar,0.867840051651001,1,quasar,0.9862865805625916,1,quasar,0.6743226051330566,1,quasar,0.6001458168029785,1,quasar,0.5818735361099243,2,star,0.5182366371154785
973,1,quasar,2,star,False,2,star,False,True,2,star,0.6245798468589783,2,star,0.5386699438095093,1,quasar,0.5672985315322876,2,star,0.6760925054550171,2,star,0.508463978767395,2,star,0.5903967618942261
974,1,quasar,1,quasar,True,1,quasar,True,True,1,quasar,0.9303873777389526,1,quasar,0.9023631811141968,1,quasar,0.8378691077232361,1,quasar,0.734691858291626,1,quasar,0.7748655080795288,2,star,0.4652137756347656
975,1,quasar,1,quasar,True,1,quasar,True,True,1,quasar,0.7257933020591736,1,quasar,0.7109629511833191,1,quasar,0.6940544247627258,2,star,0.5042121410369873,1,quasar,0.6026380658149719,0,galaxy,0.5527152419090271
976,1,quasar,1,quasar,True,1,quasar,True,True,1,quasar,0.6009126901626587,1,quasar,0.5403141975402832,2,star,0.5286611914634705,1,quasar,0.5504163503646851,1,quasar,0.5650207996368408,2,star,0.5470333099365234
977,1,quasar,1,quasar,True,1,quasar,True,True,1,quasar,0.9303777813911438,1,quasar,0.9192709922790527,1,quasar,0.7280007004737854,1,quasar,0.6390291452407837,2,star,0.5214378237724304,2,star,0.7399947047233582
978,1,quasar,1,quasar,True,1,quasar,True,True,1,quasar,0.8296840786933899,1,quasar,0.8125984072685242,1,quasar,0.6437269449234009,1,quasar,0.6124442219734192,2,star,0.6458806395530701,2,star,0.7703304886817932
979,1,quasar,1,quasar,True,1,quasar,True,True,1,quasar,0.8021904826164246,1,quasar,0.9573603868484497,1,quasar,0.8145811557769775,1,quasar,0.757689356803894,1,quasar,0.6399506330490112,1,quasar,0.43218696117401123
980,1,quasar,1,quasar,True,1,quasar,True,True,1,quasar,0.7626951336860657,1,quasar,0.6215460300445557,1,quasar,0.8242313265800476,1,quasar,0.6241124272346497,2,star,0.7053834199905396,1,quasar,0.6054437756538391
981,1,quasar,1,quasar,True,1,quasar,True,True,1,quasar,0.8372044563293457,1,quasar,0.8726652264595032,1,quasar,0.7779218554496765,1,quasar,0.7381970286369324,1,quasar,0.6590206623077393,1,quasar,0.5407212376594543
982,1,quasar,1,quasar,True,1,quasar,True,True,1,quasar,0.8178896307945251,1,quasar,0.5951365232467651,1,quasar,0.7899457216262817,1,quasar,0.5501464605331421,1,quasar,0.47131794691085815,1,quasar,0.5257179141044617
983,1,quasar,1,quasar,True,1,quasar,True,True,1,quasar,0.7317432761192322,1,quasar,0.9718570113182068,1,quasar,0.8467148542404175,1,quasar,0.7442607283592224,1,quasar,0.7087713479995728,2,star,0.5154356956481934
984,1,quasar,2,star,False,2,star,False,True,1,quasar,0.6840388774871826,1,quasar,0.586665689945221,2,star,0.9552952647209167,2,star,0.6613511443138123,2,star,0.46491581201553345,2,star,0.5946447849273682
985,1,quasar,1,quasar,True,1,quasar,True,True,1,quasar,0.688612699508667,1,quasar,0.8235700726509094,1,quasar,0.7697478532791138,1,quasar,0.661586582660675,1,quasar,0.6760960817337036,1,quasar,0.5694543719291687
986,1,quasar,1,quasar,True,1,quasar,True,True,1,quasar,0.8830812573432922,1,quasar,0.938457190990448,1,quasar,0.7714684009552002,1,quasar,0.7271779179573059,1,quasar,0.6575249433517456,1,quasar,0.48625344038009644
987,1,quasar,1,quasar,True,1,quasar,True,True,1,quasar,0.9325999617576599,1,quasar,0.9280595779418945,1,quasar,0.7128553986549377,1,quasar,0.6931419968605042,1,quasar,0.6323695778846741,2,star,0.7062822580337524
988,1,quasar,1,quasar,True,1,quasar,True,True,1,quasar,0.7479445934295654,1,quasar,0.942769467830658,1,quasar,0.7660625576972961,2,star,0.5755401253700256,1,quasar,0.8314719796180725,2,star,0.49392566084861755
989,1,quasar,0,galaxy,False,0,galaxy,False,True,0,galaxy,0.722850501537323,1,quasar,0.6219034194946289,0,galaxy,0.9752771258354187,0,galaxy,0.9515050053596497,0,galaxy,0.9700964093208313,0,galaxy,0.527972936630249
990,1,quasar,1,quasar,True,1,quasar,True,True,1,quasar,0.9352285265922546,1,quasar,0.9899001717567444,2,star,0.4986909329891205,1,quasar,0.6010589599609375,1,quasar,0.544846773147583,1,quasar,0.5685029029846191
991,1,quasar,1,quasar,True,1,quasar,True,True,1,quasar,0.8410749435424805,1,quasar,0.8937503099441528,1,quasar,0.7502926588058472,1,quasar,0.6714516282081604,1,quasar,0.6228411793708801,1,quasar,0.4569561779499054
992,1,quasar,1,quasar,True,1,quasar,True,True,1,quasar,0.7902006506919861,1,quasar,0.7634105086326599,1,quasar,0.7566618323326111,1,quasar,0.5915743112564087,1,quasar,0.6733875274658203,1,quasar,0.6007469296455383
993,1,quasar,1,quasar,True,1,quasar,True,True,1,quasar,0.7857703566551208,1,quasar,0.6864657998085022,1,quasar,0.7229368686676025,1,quasar,0.6215670704841614,1,quasar,0.6500012278556824,1,quasar,0.440599262714386
994,1,quasar,0,galaxy,False,1,quasar,True,False,1,quasar,0.81997150182724,1,quasar,0.9943037033081055,2,star,0.3825419545173645,0,galaxy,0.6507075428962708,0,galaxy,0.9136340022087097,0,galaxy,0.43207043409347534
995,1,quasar,1,quasar,True,1,quasar,True,True,1,quasar,0.962317168712616,1,quasar,0.9649427533149719,1,quasar,0.7353943586349487,1,quasar,0.7078328728675842,1,quasar,0.6899737119674683,1,quasar,0.4137556850910187
996,1,quasar,1,quasar,True,2,star,False,False,1,quasar,0.51536625623703,1,quasar,0.6169487833976746,2,star,0.8480612635612488,1,quasar,0.6271853446960449,2,star,0.5964528322219849,2,star,0.586962103843689
997,1,quasar,1,quasar,True,1,quasar,True,True,1,quasar,0.8185142278671265,1,quasar,0.9698071479797363,1,quasar,0.6394212245941162,1,quasar,0.6390171051025391,1,quasar,0.5620540380477905,2,star,0.5237637162208557
998,1,quasar,1,quasar,True,1,quasar,True,True,1,quasar,0.8586363196372986,1,quasar,0.9197403788566589,1,quasar,0.7308939695358276,1,quasar,0.7197877168655396,1,quasar,0.6133690476417542,1,quasar,0.5226393938064575
999,1,quasar,1,quasar,True,1,quasar,True,True,1,quasar,0.8570380806922913,1,quasar,0.7038879990577698,2,star,0.6553986072540283,1,quasar,0.4854435324668884,1,quasar,0.6094838380813599,1,quasar,0.43933185935020447
1000,1,quasar,1,quasar,True,1,quasar,True,True,1,quasar,0.6868351697921753,1,quasar,0.863823413848877,2,star,0.5092763900756836,1,quasar,0.7258427143096924,1,quasar,0.6377426385879517,1,quasar,0.4092893600463867
1001,1,quasar,1,quasar,True,1,quasar,True,True,1,quasar,0.9447380900382996,1,quasar,0.976285457611084,1,quasar,0.7349039912223816,1,quasar,0.6753299236297607,1,quasar,0.5877782702445984,1,quasar,0.5036129951477051
1002,1,quasar,2,star,False,2,star,False,True,2,star,0.545820951461792,1,quasar,0.634611964225769,2,star,0.5987071990966797,1,quasar,0.5050123333930969,2,star,0.5450604557991028,2,star,0.47334352135658264
1003,1,quasar,1,quasar,True,1,quasar,True,True,1,quasar,0.9192569851875305,1,quasar,0.999447762966156,1,quasar,0.8437535762786865,1,quasar,0.7131463885307312,1,quasar,0.7600314021110535,1,quasar,0.4478173553943634
1004,1,quasar,1,quasar,True,1,quasar,True,True,1,quasar,0.780695378780365,1,quasar,0.8628697991371155,1,quasar,0.7565216422080994,1,quasar,0.6372031569480896,1,quasar,0.5694223642349243,2,star,0.8554791808128357
1005,1,quasar,1,quasar,True,1,quasar,True,True,1,quasar,0.8149892687797546,1,quasar,0.9452875852584839,1,quasar,0.7814013361930847,1,quasar,0.5087088942527771,2,star,0.6621429324150085,1,quasar,0.570746660232544
1006,1,quasar,1,quasar,True,1,quasar,True,True,1,quasar,0.77401202917099,1,quasar,0.9306007027626038,1,quasar,0.8032609820365906,1,quasar,0.7497056722640991,1,quasar,0.7008034586906433,1,quasar,0.5758808255195618
1007,1,quasar,1,quasar,True,1,quasar,True,True,1,quasar,0.928234338760376,1,quasar,0.9958233833312988,1,quasar,0.6254125833511353,1,quasar,0.5616504549980164,2,star,0.6020911335945129,2,star,0.4979431927204132
1008,1,quasar,1,quasar,True,1,quasar,True,True,1,quasar,0.826215386390686,1,quasar,0.8235986828804016,1,quasar,0.5677525997161865,1,quasar,0.6271582841873169,2,star,0.6179590225219727,2,star,0.7168127298355103
1009,1,quasar,1,quasar,True,1,quasar,True,True,1,quasar,0.9590473771095276,1,quasar,0.9694161415100098,2,star,0.5100318193435669,2,star,0.5248519778251648,2,star,0.721498966217041,1,quasar,0.7229315042495728
1010,1,quasar,2,star,False,2,star,False,True,2,star,0.7294079065322876,2,star,0.6610289812088013,2,star,0.9610787034034729,1,quasar,0.4817035496234894,2,star,0.8584862947463989,2,star,0.8285001516342163
1011,1,quasar,1,quasar,True,1,quasar,True,True,1,quasar,0.8092871904373169,1,quasar,0.8064367771148682,1,quasar,0.7170011401176453,1,quasar,0.7085244655609131,1,quasar,0.5939186811447144,2,star,0.6121464967727661
1012,1,quasar,1,quasar,True,1,quasar,True,True,1,quasar,0.9270476698875427,1,quasar,0.7190616130828857,1,quasar,0.5180352330207825,0,galaxy,0.4915105700492859,2,star,0.4976842999458313,2,star,0.7026612758636475
1013,1,quasar,1,quasar,True,1,quasar,True,True,1,quasar,0.7523955702781677,2,star,0.7912343740463257,1,quasar,0.7178336381912231,1,quasar,0.545018196105957,1,quasar,0.7821366786956787,2,star,0.5548360347747803
1014,1,quasar,1,quasar,True,1,quasar,True,True,1,quasar,0.7724772095680237,1,quasar,0.9510543942451477,1,quasar,0.8080745339393616,1,quasar,0.5606504678726196,1,quasar,0.6942277550697327,2,star,0.40896075963974
1015,1,quasar,1,quasar,True,1,quasar,True,True,1,quasar,0.9733846783638,1,quasar,0.9960238933563232,1,quasar,0.6351326107978821,1,quasar,0.5475600361824036,2,star,0.5154447555541992,1,quasar,0.6184563040733337
1016,1,quasar,1,quasar,True,1,quasar,True,True,1,quasar,0.8856169581413269,1,quasar,0.996004045009613,1,quasar,0.8667862415313721,1,quasar,0.6382363438606262,1,quasar,0.8677732944488525,2,star,0.5226166248321533
1017,1,quasar,1,quasar,True,1,quasar,True,True,1,quasar,0.9737696647644043,1,quasar,0.9693406224250793,1,quasar,0.8479268550872803,1,quasar,0.732635498046875,1,quasar,0.7975315451622009,1,quasar,0.6258012652397156
1018,1,quasar,1,quasar,True,1,quasar,True,True,1,quasar,0.9918796420097351,1,quasar,0.9837475419044495,1,quasar,0.8408144116401672,1,quasar,0.6260175704956055,1,quasar,0.8355319499969482,1,quasar,0.5112078785896301
1019,1,quasar,1,quasar,True,1,quasar,True,True,1,quasar,0.9737834930419922,1,quasar,0.9597334861755371,1,quasar,0.5982954502105713,1,quasar,0.6613726019859314,1,quasar,0.6379655003547668,1,quasar,0.5902042388916016
1020,1,quasar,1,quasar,True,1,quasar,True,True,1,quasar,0.9756820797920227,1,quasar,0.9720730185508728,2,star,0.5355658531188965,1,quasar,0.5749671459197998,1,quasar,0.5648045539855957,1,quasar,0.7512802481651306
1021,1,quasar,0,galaxy,False,0,galaxy,False,True,1,quasar,0.8713994026184082,1,quasar,0.4696010649204254,0,galaxy,0.9207361340522766,0,galaxy,0.8872833251953125,0,galaxy,0.9040290713310242,1,quasar,0.5143352150917053
1022,1,quasar,1,quasar,True,1,quasar,True,True,1,quasar,0.8803920745849609,1,quasar,0.9029548764228821,1,quasar,0.833981454372406,1,quasar,0.6325661540031433,1,quasar,0.7878840565681458,1,quasar,0.491225928068161
1023,1,quasar,1,quasar,True,1,quasar,True,True,1,quasar,0.9535196423530579,1,quasar,0.989173412322998,1,quasar,0.6519721150398254,1,quasar,0.5976897478103638,1,quasar,0.551472544670105,1,quasar,0.4936951994895935
1024,1,quasar,1,quasar,True,1,quasar,True,True,1,quasar,0.9817853569984436,1,quasar,0.9856343865394592,1,quasar,0.7137314677238464,1,quasar,0.5868691205978394,1,quasar,0.7717007398605347,1,quasar,0.5622568726539612
1025,1,quasar,1,quasar,True,1,quasar,True,True,1,quasar,0.8449878692626953,1,quasar,0.9468264579772949,1,quasar,0.6546707153320312,1,quasar,0.6666240692138672,1,quasar,0.6298320293426514,1,quasar,0.44063684344291687
1026,1,quasar,1,quasar,True,1,quasar,True,True,1,quasar,0.9492731094360352,1,quasar,0.9669737219810486,1,quasar,0.867530345916748,1,quasar,0.6606181263923645,1,quasar,0.7139700055122375,0,galaxy,0.3924929201602936
1027,1,quasar,1,quasar,True,1,quasar,True,True,1,quasar,0.9741542935371399,1,quasar,0.976987361907959,1,quasar,0.5262513756752014,1,quasar,0.5900563597679138,2,star,0.5239583849906921,0,galaxy,0.8739750981330872
1028,1,quasar,1,quasar,True,1,quasar,True,True,1,quasar,0.9563080668449402,1,quasar,0.9993768334388733,1,quasar,0.6261671781539917,1,quasar,0.6528944969177246,1,quasar,0.6716177463531494,0,galaxy,0.4289134740829468
1029,1,quasar,1,quasar,True,1,quasar,True,True,1,quasar,0.9813761711120605,1,quasar,0.9990535378456116,1,quasar,0.6790812611579895,1,quasar,0.6596099734306335,1,quasar,0.6830800175666809,1,quasar,0.4063660502433777
1030,1,quasar,1,quasar,True,1,quasar,True,True,1,quasar,0.8856421113014221,1,quasar,0.7286140322685242,1,quasar,0.5701850056648254,2,star,0.5538614988327026,1,quasar,0.4730422794818878,1,quasar,0.5029683113098145
1031,1,quasar,1,quasar,True,1,quasar,True,True,1,quasar,0.8874579071998596,1,quasar,0.8539595007896423,2,star,0.8628278970718384,1,quasar,0.5205012559890747,2,star,0.47260481119155884,2,star,0.46615514159202576
1032,1,quasar,1,quasar,True,1,quasar,True,True,1,quasar,0.9650505185127258,1,quasar,0.5279608964920044,1,quasar,0.6117572784423828,1,quasar,0.7154272794723511,1,quasar,0.5471853613853455,2,star,0.6645540595054626
1033,1,quasar,1,quasar,True,1,quasar,True,True,1,quasar,0.8487418293952942,1,quasar,0.9735325574874878,1,quasar,0.7455247640609741,2,star,0.5172514319419861,1,quasar,0.7279669046401978,2,star,0.5616098046302795
1034,1,quasar,1,quasar,True,1,quasar,True,True,1,quasar,0.899899959564209,1,quasar,0.9679142832756042,1,quasar,0.8444586992263794,1,quasar,0.5493771433830261,1,quasar,0.8533517122268677,1,quasar,0.5717018246650696
1035,1,quasar,1,quasar,True,1,quasar,True,True,1,quasar,0.952552855014801,1,quasar,0.9484118819236755,1,quasar,0.6495499014854431,1,quasar,0.6932663321495056,1,quasar,0.6001340746879578,1,quasar,0.6854003667831421
1036,1,quasar,1,quasar,True,1,quasar,True,True,1,quasar,0.976963222026825,1,quasar,0.9862348437309265,1,quasar,0.6611741781234741,1,quasar,0.6703948378562927,1,quasar,0.6323482990264893,1,quasar,0.6848366260528564
1037,1,quasar,1,quasar,True,1,quasar,True,True,2,star,0.6452451944351196,1,quasar,0.9170659780502319,1,quasar,0.5960771441459656,1,quasar,0.6121993660926819,1,quasar,0.6262485980987549,1,quasar,0.5239810347557068
1038,1,quasar,1,quasar,True,1,quasar,True,True,1,quasar,0.9294453859329224,1,quasar,0.5826554894447327,2,star,0.4390835464000702,1,quasar,0.5182936191558838,0,galaxy,0.9022702574729919,1,quasar,0.6316983699798584
1039,1,quasar,1,quasar,True,1,quasar,True,True,1,quasar,0.9353969693183899,1,quasar,0.9685449004173279,1,quasar,0.7012121081352234,1,quasar,0.6271666288375854,1,quasar,0.6536693572998047,1,quasar,0.5759992003440857
1040,1,quasar,1,quasar,True,1,quasar,True,True,1,quasar,0.742622435092926,1,quasar,0.9489380121231079,1,quasar,0.6738259196281433,1,quasar,0.6851894855499268,1,quasar,0.6486800909042358,1,quasar,0.6342915892601013
1041,1,quasar,1,quasar,True,1,quasar,True,True,1,quasar,0.9564290642738342,1,quasar,0.9565255045890808,1,quasar,0.8161666989326477,1,quasar,0.6183428764343262,1,quasar,0.7411803007125854,1,quasar,0.6589694023132324
1042,1,quasar,1,quasar,True,1,quasar,True,True,1,quasar,0.8161589503288269,1,quasar,0.7810308337211609,1,quasar,0.7282789349555969,1,quasar,0.6897010207176208,1,quasar,0.5401275753974915,1,quasar,0.6193963885307312
1043,1,quasar,1,quasar,True,1,quasar,True,True,1,quasar,0.9678531885147095,1,quasar,0.9942356944084167,1,quasar,0.7883667945861816,1,quasar,0.7123479843139648,1,quasar,0.6468020081520081,1,quasar,0.5025408864021301
1044,1,quasar,1,quasar,True,1,quasar,True,True,1,quasar,0.9490050673484802,1,quasar,0.9874624609947205,1,quasar,0.6123162508010864,1,quasar,0.6444863080978394,1,quasar,0.6567596793174744,1,quasar,0.6414278745651245
1045,1,quasar,1,quasar,True,1,quasar,True,True,1,quasar,0.932651937007904,1,quasar,0.9615359902381897,1,quasar,0.5569421052932739,2,star,0.5027235150337219,2,star,0.700037956237793,2,star,0.5809587836265564
1046,1,quasar,1,quasar,True,1,quasar,True,True,1,quasar,0.8973423838615417,1,quasar,0.9526652097702026,2,star,0.5220317244529724,0,galaxy,0.4554232656955719,1,quasar,0.4187145531177521,1,quasar,0.4962390661239624
1047,1,quasar,1,quasar,True,1,quasar,True,True,1,quasar,0.8122376203536987,1,quasar,0.9987173080444336,1,quasar,0.7190719842910767,1,quasar,0.5749548673629761,1,quasar,0.672828197479248,0,galaxy,0.6296120882034302
1048,1,quasar,1,quasar,True,1,quasar,True,True,1,quasar,0.9912860989570618,1,quasar,0.9788787364959717,1,quasar,0.5871376991271973,1,quasar,0.604174792766571,2,star,0.5157781839370728,1,quasar,0.6042730212211609
1049,1,quasar,1,quasar,True,1,quasar,True,True,1,quasar,0.9872302412986755,1,quasar,0.9856051802635193,1,quasar,0.6051740646362305,1,quasar,0.5599269270896912,1,quasar,0.5866814255714417,1,quasar,0.5438073873519897
1050,1,quasar,1,quasar,True,1,quasar,True,True,1,quasar,0.9403154850006104,1,quasar,0.9890424609184265,1,quasar,0.7986615896224976,1,quasar,0.672464907169342,1,quasar,0.7706066370010376,1,quasar,0.5296657085418701
1051,1,quasar,1,quasar,True,1,quasar,True,True,1,quasar,0.5433918237686157,1,quasar,0.9941856861114502,1,quasar,0.5791877508163452,2,star,0.5139117240905762,1,quasar,0.5356490612030029,1,quasar,0.5505383014678955
1052,1,quasar,1,quasar,True,1,quasar,True,True,1,quasar,0.9217332005500793,1,quasar,0.9898821711540222,1,quasar,0.7549206614494324,1,quasar,0.6446861028671265,1,quasar,0.6988030672073364,1,quasar,0.603065550327301
1053,1,quasar,1,quasar,True,1,quasar,True,True,1,quasar,0.9195829629898071,1,quasar,0.9283772706985474,1,quasar,0.6373953223228455,1,quasar,0.7162911295890808,1,quasar,0.6916157603263855,1,quasar,0.5965201258659363
1054,1,quasar,1,quasar,True,1,quasar,True,True,1,quasar,0.9235574007034302,1,quasar,0.8982675671577454,1,quasar,0.6225472092628479,1,quasar,0.5321211814880371,1,quasar,0.5032103657722473,1,quasar,0.6063748598098755
1055,1,quasar,1,quasar,True,1,quasar,True,True,1,quasar,0.7522326111793518,1,quasar,0.7142190933227539,1,quasar,0.6618965268135071,1,quasar,0.6154027581214905,0,galaxy,0.4533119201660156,0,galaxy,0.47111931443214417
1056,1,quasar,1,quasar,True,1,quasar,True,True,1,quasar,0.8811391592025757,1,quasar,0.9979409575462341,1,quasar,0.7485749125480652,1,quasar,0.6074725389480591,1,quasar,0.6622765064239502,1,quasar,0.49027618765830994
1057,1,quasar,1,quasar,True,1,quasar,True,True,1,quasar,0.5880193114280701,1,quasar,0.9009770154953003,1,quasar,0.66081303358078,1,quasar,0.6631694436073303,1,quasar,0.6780099868774414,1,quasar,0.46991389989852905
1058,1,quasar,1,quasar,True,1,quasar,True,True,1,quasar,0.9308076500892639,1,quasar,0.8964753746986389,1,quasar,0.796191930770874,1,quasar,0.6895018815994263,1,quasar,0.705844521522522,1,quasar,0.612542986869812
1059,1,quasar,1,quasar,True,1,quasar,True,True,1,quasar,0.9445043802261353,1,quasar,0.9924407005310059,1,quasar,0.7894989848136902,1,quasar,0.6820513606071472,1,quasar,0.7494170069694519,1,quasar,0.5533643960952759
1060,1,quasar,1,quasar,True,1,quasar,True,True,1,quasar,0.9754565358161926,1,quasar,0.970500648021698,1,quasar,0.8491981029510498,1,quasar,0.6976256370544434,1,quasar,0.8092542290687561,1,quasar,0.5190379023551941
1061,1,quasar,1,quasar,True,1,quasar,True,True,1,quasar,0.962052583694458,1,quasar,0.9698558449745178,1,quasar,0.7575671672821045,1,quasar,0.5661173462867737,1,quasar,0.7439789175987244,1,quasar,0.5483583211898804
1062,1,quasar,1,quasar,True,1,quasar,True,True,1,quasar,0.7619548439979553,1,quasar,0.7739263772964478,1,quasar,0.656363308429718,1,quasar,0.6781342029571533,1,quasar,0.6746262311935425,1,quasar,0.4858483374118805
1063,1,quasar,1,quasar,True,1,quasar,True,True,1,quasar,0.9670881628990173,1,quasar,0.9997518658638,1,quasar,0.7091716527938843,1,quasar,0.608385443687439,1,quasar,0.714568555355072,1,quasar,0.5327990055084229
1064,1,quasar,1,quasar,True,1,quasar,True,True,1,quasar,0.6454770565032959,1,quasar,0.9958605170249939,1,quasar,0.760355532169342,1,quasar,0.578217089176178,1,quasar,0.7962926626205444,1,quasar,0.6339932680130005
1065,1,quasar,1,quasar,True,1,quasar,True,True,1,quasar,0.9315091967582703,1,quasar,0.7406036257743835,1,quasar,0.6357117891311646,2,star,0.5024941563606262,2,star,0.5312267541885376,1,quasar,0.417937695980072
1066,1,quasar,1,quasar,True,1,quasar,True,True,1,quasar,0.8163908123970032,1,quasar,0.9886018633842468,1,quasar,0.7153409123420715,1,quasar,0.7117228507995605,1,quasar,0.7074134349822998,1,quasar,0.4179513454437256
1067,1,quasar,1,quasar,True,1,quasar,True,True,1,quasar,0.9098400473594666,1,quasar,0.9977881908416748,1,quasar,0.670787513256073,1,quasar,0.7136620283126831,1,quasar,0.6541017293930054,1,quasar,0.6740427017211914
1068,1,quasar,1,quasar,True,1,quasar,True,True,1,quasar,0.994093120098114,1,quasar,0.9999237060546875,2,star,0.6056044101715088,1,quasar,0.6773788332939148,1,quasar,0.5235021114349365,1,quasar,0.7191415429115295
1069,1,quasar,1,quasar,True,1,quasar,True,True,1,quasar,0.9666570425033569,1,quasar,0.9816243052482605,1,quasar,0.6909178495407104,1,quasar,0.613532304763794,2,star,0.5117512941360474,1,quasar,0.4058361053466797
1070,1,quasar,1,quasar,True,1,quasar,True,True,1,quasar,0.6394521594047546,1,quasar,0.8707976341247559,2,star,0.6501371264457703,2,star,0.5441302061080933,2,star,0.728738009929657,1,quasar,0.40535226464271545
1071,1,quasar,1,quasar,True,1,quasar,True,True,1,quasar,0.9824243187904358,1,quasar,0.9488538503646851,1,quasar,0.7822818160057068,1,quasar,0.6666214466094971,1,quasar,0.798492431640625,1,quasar,0.45240089297294617
1072,1,quasar,1,quasar,True,1,quasar,True,True,1,quasar,0.9067773222923279,1,quasar,0.9939219951629639,1,quasar,0.8136357069015503,1,quasar,0.7017609477043152,1,quasar,0.7971544861793518,1,quasar,0.7707589268684387
1073,1,quasar,1,quasar,True,1,quasar,True,True,1,quasar,0.963151216506958,1,quasar,0.996367335319519,1,quasar,0.830604076385498,1,quasar,0.6956189870834351,1,quasar,0.7666211724281311,2,star,0.5033462047576904
1074,1,quasar,1,quasar,True,1,quasar,True,True,1,quasar,0.9729852676391602,1,quasar,0.9944562911987305,1,quasar,0.7240166664123535,1,quasar,0.5962268710136414,1,quasar,0.6956875920295715,1,quasar,0.6811473965644836
1075,1,quasar,1,quasar,True,1,quasar,True,True,1,quasar,0.9277588129043579,1,quasar,0.8644287586212158,1,quasar,0.7769315242767334,1,quasar,0.5980891585350037,1,quasar,0.705771803855896,1,quasar,0.5108556747436523
1076,1,quasar,1,quasar,True,1,quasar,True,True,1,quasar,0.9886322617530823,1,quasar,0.9977699518203735,1,quasar,0.8589779138565063,1,quasar,0.735904335975647,1,quasar,0.8237720727920532,0,galaxy,0.4278687536716461
1077,1,quasar,1,quasar,True,1,quasar,True,True,1,quasar,0.9239322543144226,1,quasar,0.8407120704650879,1,quasar,0.7635537981987,1,quasar,0.5874612927436829,1,quasar,0.5511696338653564,1,quasar,0.6748575568199158
1078,1,quasar,1,quasar,True,1,quasar,True,True,1,quasar,0.9516283869743347,1,quasar,0.9971609115600586,1,quasar,0.7458050847053528,1,quasar,0.5452795028686523,1,quasar,0.7103495001792908,1,quasar,0.7211177349090576
1079,1,quasar,1,quasar,True,1,quasar,True,True,1,quasar,0.9934846758842468,1,quasar,0.9312101006507874,1,quasar,0.8005562424659729,1,quasar,0.6978718042373657,1,quasar,0.682907223701477,1,quasar,0.7890102863311768
1080,1,quasar,1,quasar,True,1,quasar,True,True,1,quasar,0.987421989440918,1,quasar,0.9873349666595459,1,quasar,0.8594009876251221,1,quasar,0.7595569491386414,1,quasar,0.6845541000366211,1,quasar,0.8307111859321594
1081,1,quasar,0,galaxy,False,0,galaxy,False,True,0,galaxy,0.7183118462562561,1,quasar,0.40731412172317505,0,galaxy,0.9593536853790283,0,galaxy,0.9807677865028381,0,galaxy,0.9561150074005127,1,quasar,0.5862820148468018
1082,1,quasar,1,quasar,True,1,quasar,True,True,1,quasar,0.9934520721435547,1,quasar,0.9985312223434448,1,quasar,0.8176541328430176,1,quasar,0.6434674859046936,1,quasar,0.6793221235275269,1,quasar,0.7560806274414062
1083,1,quasar,1,quasar,True,1,quasar,True,True,1,quasar,0.9942914247512817,1,quasar,0.9971555471420288,1,quasar,0.842986524105072,1,quasar,0.6760041117668152,1,quasar,0.8413506746292114,1,quasar,0.7709519863128662
1084,1,quasar,1,quasar,True,1,quasar,True,True,1,quasar,0.9809978604316711,1,quasar,0.998177170753479,1,quasar,0.760928750038147,1,quasar,0.6771410703659058,1,quasar,0.6220713257789612,1,quasar,0.6223096251487732
1085,1,quasar,1,quasar,True,1,quasar,True,True,1,quasar,0.8306050300598145,1,quasar,0.9993768334388733,1,quasar,0.7011276483535767,1,quasar,0.609882652759552,1,quasar,0.5309542417526245,1,quasar,0.600013792514801
1086,1,quasar,1,quasar,True,1,quasar,True,True,1,quasar,0.9732170104980469,1,quasar,0.9960442781448364,1,quasar,0.8327071666717529,1,quasar,0.6699790358543396,1,quasar,0.7311977744102478,1,quasar,0.7863054275512695
1087,1,quasar,1,quasar,True,1,quasar,True,True,1,quasar,0.9784841537475586,1,quasar,0.9957237243652344,1,quasar,0.8567521572113037,1,quasar,0.7324267029762268,1,quasar,0.8332970142364502,1,quasar,0.6907182931900024
1088,1,quasar,1,quasar,True,1,quasar,True,True,1,quasar,0.9590161442756653,1,quasar,0.9456885457038879,1,quasar,0.7486334443092346,1,quasar,0.5815532803535461,1,quasar,0.6801661849021912,0,galaxy,0.48248428106307983
1089,1,quasar,2,star,False,2,star,False,True,2,star,0.8585588932037354,2,star,0.8304813504219055,2,star,0.9486262202262878,2,star,0.7190711498260498,2,star,0.5798220634460449,1,quasar,0.5661038756370544
1090,1,quasar,1,quasar,True,1,quasar,True,True,1,quasar,0.9813481569290161,1,quasar,0.9974939823150635,1,quasar,0.8359876871109009,1,quasar,0.6814741492271423,1,quasar,0.737760066986084,1,quasar,0.7809205651283264
1091,1,quasar,1,quasar,True,1,quasar,True,True,1,quasar,0.8823283314704895,1,quasar,0.9952387809753418,1,quasar,0.7209190726280212,1,quasar,0.689853310585022,1,quasar,0.6329410076141357,1,quasar,0.4977053105831146
1092,1,quasar,1,quasar,True,1,quasar,True,True,1,quasar,0.9233539700508118,1,quasar,0.9697287082672119,1,quasar,0.7911781668663025,1,quasar,0.7539323568344116,1,quasar,0.7316555976867676,1,quasar,0.7390261292457581
1093,1,quasar,1,quasar,True,1,quasar,True,True,1,quasar,0.8484807014465332,1,quasar,0.979221522808075,1,quasar,0.5145121216773987,2,star,0.5893450379371643,2,star,0.5394753217697144,1,quasar,0.5362852215766907
1094,1,quasar,1,quasar,True,1,quasar,True,True,1,quasar,0.94798743724823,1,quasar,0.9909630417823792,1,quasar,0.7868962287902832,1,quasar,0.666769802570343,1,quasar,0.6838114857673645,1,quasar,0.46877697110176086
1095,1,quasar,1,quasar,True,1,quasar,True,True,1,quasar,0.9636005163192749,1,quasar,0.9868015050888062,1,quasar,0.7997952699661255,1,quasar,0.6605812907218933,1,quasar,0.7285118103027344,1,quasar,0.6123205423355103
1096,1,quasar,1,quasar,True,1,quasar,True,True,1,quasar,0.9597669839859009,1,quasar,0.98894202709198,1,quasar,0.7259714603424072,1,quasar,0.6555802822113037,1,quasar,0.6416113972663879,1,quasar,0.47600114345550537
1097,1,quasar,1,quasar,True,1,quasar,True,True,1,quasar,0.9778928160667419,1,quasar,0.977599561214447,1,quasar,0.8341460227966309,1,quasar,0.5459025502204895,1,quasar,0.8543451428413391,1,quasar,0.759024977684021
1098,1,quasar,1,quasar,True,1,quasar,True,True,1,quasar,0.9694985151290894,1,quasar,0.9641927480697632,1,quasar,0.7920814156532288,1,quasar,0.7118659019470215,1,quasar,0.7101616263389587,1,quasar,0.7225921154022217
1099,1,quasar,1,quasar,True,1,quasar,True,True,1,quasar,0.9777906537055969,1,quasar,0.994411051273346,1,quasar,0.8338050842285156,1,quasar,0.4921663999557495,1,quasar,0.7389416694641113,1,quasar,0.7093642354011536
1100,1,quasar,1,quasar,True,1,quasar,True,True,1,quasar,0.9505363702774048,1,quasar,0.9874327778816223,1,quasar,0.7929434776306152,2,star,0.6291072964668274,1,quasar,0.6994733810424805,1,quasar,0.6726565361022949
1101,1,quasar,1,quasar,True,1,quasar,True,True,1,quasar,0.9819961786270142,1,quasar,0.994844913482666,1,quasar,0.7901955246925354,1,quasar,0.6519178748130798,1,quasar,0.7315541505813599,1,quasar,0.7120566964149475
1102,1,quasar,1,quasar,True,1,quasar,True,True,1,quasar,0.9951608777046204,1,quasar,0.9968221187591553,1,quasar,0.7886151075363159,1,quasar,0.7194073796272278,1,quasar,0.6993909478187561,1,quasar,0.6860558390617371
1103,1,quasar,1,quasar,True,1,quasar,True,True,1,quasar,0.65891432762146,1,quasar,0.9905908703804016,1,quasar,0.7182306051254272,2,star,0.4669186472892761,1,quasar,0.6128290891647339,1,quasar,0.6333051323890686
1104,1,quasar,1,quasar,True,1,quasar,True,True,1,quasar,0.5797640681266785,1,quasar,0.8764120936393738,1,quasar,0.596945583820343,2,star,0.5636240839958191,2,star,0.351109117269516,1,quasar,0.6948822736740112
1105,1,quasar,1,quasar,True,1,quasar,True,True,1,quasar,0.9674322605133057,1,quasar,0.9985467791557312,1,quasar,0.8127426505088806,1,quasar,0.7307513356208801,1,quasar,0.7088558673858643,1,quasar,0.8500994443893433
1106,1,quasar,1,quasar,True,1,quasar,True,True,1,quasar,0.9915580749511719,1,quasar,0.9782528281211853,1,quasar,0.849800169467926,1,quasar,0.764141321182251,1,quasar,0.8488060235977173,1,quasar,0.7056993842124939
1107,1,quasar,1,quasar,True,1,quasar,True,True,1,quasar,0.9610163569450378,1,quasar,0.9798576235771179,1,quasar,0.722902238368988,1,quasar,0.6452268362045288,1,quasar,0.6941823363304138,1,quasar,0.6906598806381226
1108,1,quasar,1,quasar,True,1,quasar,True,True,1,quasar,0.9913215041160583,1,quasar,0.9928464293479919,1,quasar,0.8571887612342834,1,quasar,0.728885293006897,1,quasar,0.8557869791984558,1,quasar,0.810888409614563
1109,1,quasar,2,star,False,2,star,False,True,2,star,0.6661394238471985,2,star,0.7974717617034912,2,star,0.6455212235450745,2,star,0.5198285579681396,2,star,0.6444706320762634,2,star,0.6939290165901184
1110,1,quasar,1,quasar,True,1,quasar,True,True,1,quasar,0.9663302898406982,1,quasar,0.9998462200164795,1,quasar,0.7694498896598816,1,quasar,0.707329511642456,1,quasar,0.5334135293960571,2,star,0.7234347462654114
1111,1,quasar,1,quasar,True,1,quasar,True,True,1,quasar,0.9245756268501282,1,quasar,0.9961399435997009,1,quasar,0.5977189540863037,1,quasar,0.6283462047576904,1,quasar,0.5346767902374268,2,star,0.5278186202049255
1112,1,quasar,1,quasar,True,1,quasar,True,True,1,quasar,0.9557898640632629,1,quasar,0.69770747423172,1,quasar,0.7737125754356384,1,quasar,0.6263575553894043,1,quasar,0.7792649269104004,0,galaxy,0.3851180672645569
1113,1,quasar,1,quasar,True,1,quasar,True,True,1,quasar,0.9566282629966736,1,quasar,0.9958672523498535,1,quasar,0.7399214506149292,1,quasar,0.6166073679924011,1,quasar,0.7727943062782288,2,star,0.4648491442203522
1114,1,quasar,1,quasar,True,1,quasar,True,True,1,quasar,0.8845014572143555,1,quasar,0.9467965364456177,1,quasar,0.7916808128356934,2,star,0.5866520404815674,1,quasar,0.7907986044883728,2,star,0.4765312373638153
1115,1,quasar,1,quasar,True,1,quasar,True,True,1,quasar,0.550765335559845,1,quasar,0.7544324398040771,1,quasar,0.5992062091827393,1,quasar,0.5862247943878174,1,quasar,0.5146577954292297,2,star,0.5335796475410461
1116,1,quasar,1,quasar,True,1,quasar,True,True,1,quasar,0.9472846388816833,1,quasar,0.9765489101409912,1,quasar,0.5814694166183472,1,quasar,0.6628553867340088,1,quasar,0.5765268206596375,1,quasar,0.5028172135353088
1117,1,quasar,1,quasar,True,1,quasar,True,True,1,quasar,0.8022472858428955,1,quasar,0.7454010248184204,1,quasar,0.7549238801002502,1,quasar,0.5739296078681946,1,quasar,0.7476950883865356,2,star,0.6023147106170654
1118,1,quasar,1,quasar,True,1,quasar,True,True,1,quasar,0.8934622406959534,1,quasar,0.9793441891670227,1,quasar,0.8376263976097107,1,quasar,0.5718990564346313,1,quasar,0.8398148417472839,2,star,0.499695360660553
1119,1,quasar,1,quasar,True,1,quasar,True,True,1,quasar,0.7798483371734619,1,quasar,0.9740428328514099,1,quasar,0.8159990310668945,1,quasar,0.7519716620445251,1,quasar,0.7525238990783691,2,star,0.5495429039001465
1120,1,quasar,1,quasar,True,1,quasar,True,True,1,quasar,0.8683763742446899,1,quasar,0.9559088945388794,1,quasar,0.7729233503341675,1,quasar,0.7556331157684326,2,star,0.561308741569519,2,star,0.5103141069412231
1121,1,quasar,1,quasar,True,1,quasar,True,True,1,quasar,0.9417662024497986,1,quasar,0.9302442669868469,1,quasar,0.7594384551048279,1,quasar,0.596343457698822,1,quasar,0.6659364104270935,1,quasar,0.4356539845466614
1122,1,quasar,1,quasar,True,1,quasar,True,True,1,quasar,0.8284380435943604,1,quasar,0.8653627038002014,1,quasar,0.8098841309547424,1,quasar,0.6732374429702759,1,quasar,0.7922717332839966,1,quasar,0.3739309012889862
1123,1,quasar,1,quasar,True,1,quasar,True,True,1,quasar,0.7470368146896362,1,quasar,0.9484535455703735,1,quasar,0.7598564028739929,1,quasar,0.623891294002533,1,quasar,0.607022762298584,2,star,0.5349612832069397
1124,1,quasar,1,quasar,True,1,quasar,True,True,1,quasar,0.8154686689376831,1,quasar,0.9914143681526184,1,quasar,0.8081886172294617,1,quasar,0.6219330430030823,1,quasar,0.6067025661468506,2,star,0.6088376045227051
1125,1,quasar,1,quasar,True,1,quasar,True,True,1,quasar,0.8871120810508728,1,quasar,0.9481020569801331,1,quasar,0.7792739868164062,1,quasar,0.6455667614936829,2,star,0.515164852142334,2,star,0.6874750852584839
1126,1,quasar,1,quasar,True,1,quasar,True,True,1,quasar,0.7566659450531006,1,quasar,0.8569167256355286,1,quasar,0.47663551568984985,2,star,0.5100394487380981,2,star,0.5591634511947632,2,star,0.36361125111579895
1127,1,quasar,1,quasar,True,1,quasar,True,True,1,quasar,0.8531674146652222,1,quasar,0.7114158868789673,1,quasar,0.7772390842437744,1,quasar,0.6763436794281006,2,star,0.6189525723457336,2,star,0.45493701100349426
1128,1,quasar,2,star,False,2,star,False,True,2,star,0.5147833228111267,2,star,0.5278273224830627,2,star,0.654309093952179,1,quasar,0.5796843767166138,1,quasar,0.5239981412887573,2,star,0.5450543165206909
1129,1,quasar,1,quasar,True,2,star,False,False,1,quasar,0.7092456221580505,1,quasar,0.8593265414237976,1,quasar,0.5401206016540527,2,star,0.5058425068855286,2,star,0.7442241907119751,2,star,0.9400049448013306
1130,1,quasar,1,quasar,True,1,quasar,True,True,1,quasar,0.8847616314888,1,quasar,0.9309049844741821,2,star,0.4890223443508148,1,quasar,0.6615215539932251,2,star,0.5040432810783386,2,star,0.5842741131782532
1131,1,quasar,2,star,False,2,star,False,True,2,star,0.524264931678772,1,quasar,0.7981374859809875,2,star,0.6296945810317993,2,star,0.5733446478843689,2,star,0.6806953549385071,2,star,0.6447758078575134
1132,1,quasar,1,quasar,True,1,quasar,True,True,1,quasar,0.8685986399650574,1,quasar,0.9313614964485168,1,quasar,0.8563394546508789,1,quasar,0.6193516850471497,1,quasar,0.5916363000869751,2,star,0.4841874837875366
1133,1,quasar,1,quasar,True,1,quasar,True,True,1,quasar,0.8170127272605896,1,quasar,0.716646134853363,1,quasar,0.6848440170288086,1,quasar,0.661357581615448,1,quasar,0.4840393364429474,2,star,0.6998059749603271
1134,1,quasar,1,quasar,True,1,quasar,True,True,1,quasar,0.8867917060852051,1,quasar,0.9973253011703491,1,quasar,0.7663782835006714,1,quasar,0.6550351977348328,1,quasar,0.5745822787284851,1,quasar,0.5591404438018799
1135,1,quasar,1,quasar,True,1,quasar,True,True,1,quasar,0.8909823894500732,1,quasar,0.8690110445022583,1,quasar,0.8281587362289429,1,quasar,0.743721067905426,1,quasar,0.7786824107170105,2,star,0.6112321615219116
1136,1,quasar,1,quasar,True,1,quasar,True,True,1,quasar,0.7576084136962891,1,quasar,0.7741016149520874,1,quasar,0.608773410320282,1,quasar,0.490945965051651,1,quasar,0.7535748481750488,2,star,0.5241090655326843
1137,1,quasar,1,quasar,True,1,quasar,True,True,1,quasar,0.6464636921882629,1,quasar,0.8889458775520325,1,quasar,0.6123765110969543,1,quasar,0.6002240777015686,1,quasar,0.5438187718391418,2,star,0.8274874091148376
1138,1,quasar,1,quasar,True,1,quasar,True,True,1,quasar,0.8704511523246765,1,quasar,0.9912164211273193,1,quasar,0.789522647857666,1,quasar,0.6657160520553589,1,quasar,0.5980775952339172,2,star,0.5229913592338562
1139,1,quasar,1,quasar,True,1,quasar,True,True,1,quasar,0.40711548924446106,1,quasar,0.9098529815673828,1,quasar,0.65130615234375,1,quasar,0.591145932674408,1,quasar,0.6649269461631775,0,galaxy,0.40517470240592957
1140,1,quasar,1,quasar,True,1,quasar,True,True,1,quasar,0.6742594838142395,1,quasar,0.8948122262954712,1,quasar,0.49752673506736755,2,star,0.3929389715194702,2,star,0.3985646665096283,2,star,0.5034663677215576
1141,1,quasar,1,quasar,True,1,quasar,True,True,1,quasar,0.9623410701751709,1,quasar,0.8280990123748779,1,quasar,0.7457849979400635,1,quasar,0.7337654829025269,1,quasar,0.70820552110672,2,star,0.4971220791339874
1142,1,quasar,1,quasar,True,1,quasar,True,True,1,quasar,0.7037495374679565,1,quasar,0.9902687072753906,2,star,0.6585516333580017,2,star,0.4160780608654022,1,quasar,0.5379876494407654,2,star,0.4323347210884094
1143,1,quasar,0,galaxy,False,1,quasar,True,False,1,quasar,0.592546820640564,1,quasar,0.7288662195205688,2,star,0.5584267377853394,0,galaxy,0.5105779767036438,0,galaxy,0.7411511540412903,2,star,0.5708929896354675
1144,1,quasar,1,quasar,True,1,quasar,True,True,1,quasar,0.6417555212974548,1,quasar,0.7981809973716736,1,quasar,0.6708245277404785,2,star,0.49893108010292053,2,star,0.6663020253181458,2,star,0.6223660707473755
1145,1,quasar,1,quasar,True,1,quasar,True,True,1,quasar,0.9139864444732666,1,quasar,0.974306583404541,2,star,0.4913575351238251,1,quasar,0.6193999648094177,1,quasar,0.5415263175964355,2,star,0.6487729549407959
1146,1,quasar,1,quasar,True,1,quasar,True,True,1,quasar,0.8486612439155579,1,quasar,0.8445032835006714,1,quasar,0.5630971193313599,1,quasar,0.6278042793273926,1,quasar,0.5035625100135803,2,star,0.5022671222686768
1147,1,quasar,1,quasar,True,1,quasar,True,True,1,quasar,0.7482157945632935,1,quasar,0.9568497538566589,1,quasar,0.5837844014167786,1,quasar,0.558731734752655,1,quasar,0.577832818031311,0,galaxy,0.5367560386657715
1148,1,quasar,1,quasar,True,1,quasar,True,True,1,quasar,0.6732074618339539,1,quasar,0.5848356485366821,2,star,0.5364291071891785,1,quasar,0.5958911776542664,1,quasar,0.547998309135437,0,galaxy,0.4557957053184509
1149,1,quasar,1,quasar,True,1,quasar,True,True,1,quasar,0.8559802174568176,1,quasar,0.6473420858383179,1,quasar,0.7082222104072571,1,quasar,0.6638132929801941,1,quasar,0.6236768364906311,2,star,0.6810274720191956
1150,1,quasar,0,galaxy,False,0,galaxy,False,True,0,galaxy,0.5283121466636658,0,galaxy,0.811836838722229,0,galaxy,0.9338817000389099,0,galaxy,0.9613443613052368,0,galaxy,0.9589201807975769,0,galaxy,0.508267879486084
1151,1,quasar,1,quasar,True,1,quasar,True,True,1,quasar,0.8783788681030273,1,quasar,0.8947775959968567,1,quasar,0.5124913454055786,2,star,0.500328779220581,1,quasar,0.5230903029441833,2,star,0.7762537002563477
1152,1,quasar,0,galaxy,False,0,galaxy,False,True,0,galaxy,0.9724751710891724,0,galaxy,0.8916928172111511,0,galaxy,0.972722589969635,0,galaxy,0.9769123792648315,0,galaxy,0.9431807398796082,0,galaxy,0.5936506986618042
1153,1,quasar,1,quasar,True,1,quasar,True,True,1,quasar,0.7531186938285828,1,quasar,0.7775054574012756,1,quasar,0.831467866897583,1,quasar,0.5201716423034668,1,quasar,0.7073291540145874,2,star,0.6346859931945801
1154,1,quasar,2,star,False,2,star,False,True,2,star,0.6319986581802368,1,quasar,0.5039567351341248,2,star,0.6673312187194824,0,galaxy,0.5037263035774231,2,star,0.3925067186355591,2,star,0.6025274991989136
1155,1,quasar,0,galaxy,False,0,galaxy,False,True,0,galaxy,0.6217005252838135,1,quasar,0.6823673248291016,1,quasar,0.4128163754940033,0,galaxy,0.45997801423072815,0,galaxy,0.5217861533164978,0,galaxy,0.5487111806869507
1156,1,quasar,1,quasar,True,1,quasar,True,True,1,quasar,0.7853105664253235,1,quasar,0.9988260865211487,1,quasar,0.6884834170341492,1,quasar,0.7305840253829956,1,quasar,0.6769289374351501,2,star,0.45205551385879517
1157,1,quasar,1,quasar,True,1,quasar,True,True,1,quasar,0.9176982641220093,1,quasar,0.8148006200790405,1,quasar,0.7842561602592468,1,quasar,0.7132200598716736,1,quasar,0.6998353004455566,2,star,0.3987063467502594
1158,1,quasar,1,quasar,True,1,quasar,True,True,2,star,0.6105945706367493,1,quasar,0.6863394975662231,1,quasar,0.7419291734695435,2,star,0.7489103078842163,1,quasar,0.7132324576377869,2,star,0.5818595290184021
1159,1,quasar,1,quasar,True,1,quasar,True,True,1,quasar,0.8432989120483398,1,quasar,0.6490069627761841,1,quasar,0.7657055854797363,1,quasar,0.6249903440475464,1,quasar,0.686794102191925,1,quasar,0.9948400855064392
1160,1,quasar,1,quasar,True,1,quasar,True,True,1,quasar,0.9910622835159302,1,quasar,0.9994226694107056,1,quasar,0.8640865087509155,1,quasar,0.7318688035011292,1,quasar,0.7931533455848694,1,quasar,0.7738953828811646
1161,1,quasar,1,quasar,True,1,quasar,True,True,0,galaxy,0.4181417226791382,2,star,0.7191182971000671,1,quasar,0.8448663353919983,1,quasar,0.5920091271400452,1,quasar,0.8268882036209106,1,quasar,0.5342604517936707
1162,1,quasar,1,quasar,True,2,star,False,False,0,galaxy,0.42625829577445984,2,star,0.9588726162910461,1,quasar,0.7531664967536926,1,quasar,0.6195940375328064,1,quasar,0.7219938635826111,2,star,0.8137633800506592
1163,1,quasar,1,quasar,True,1,quasar,True,True,1,quasar,0.9839697480201721,1,quasar,0.9989786148071289,1,quasar,0.7237850427627563,1,quasar,0.7152660489082336,1,quasar,0.6981226205825806,1,quasar,0.6906000375747681
1164,1,quasar,1,quasar,True,1,quasar,True,True,1,quasar,0.8580219745635986,1,quasar,0.9231650829315186,1,quasar,0.768845796585083,1,quasar,0.6305079460144043,1,quasar,0.7332305312156677,1,quasar,0.56905198097229
1165,1,quasar,1,quasar,True,1,quasar,True,True,1,quasar,0.9894443154335022,1,quasar,0.9993832111358643,1,quasar,0.7798994779586792,1,quasar,0.7432715892791748,1,quasar,0.7506492733955383,1,quasar,0.7909275889396667
1166,1,quasar,1,quasar,True,1,quasar,True,True,1,quasar,0.8565428256988525,1,quasar,0.9944266080856323,1,quasar,0.7451557517051697,1,quasar,0.6691799759864807,1,quasar,0.6191970705986023,1,quasar,0.7125232815742493
1167,1,quasar,1,quasar,True,1,quasar,True,True,1,quasar,0.9652591943740845,1,quasar,0.9709749817848206,1,quasar,0.7820554375648499,1,quasar,0.6820332407951355,1,quasar,0.685600757598877,1,quasar,0.7268747091293335
1168,1,quasar,1,quasar,True,1,quasar,True,True,1,quasar,0.8508672118186951,1,quasar,0.9862544536590576,2,star,0.5039665699005127,1,quasar,0.6672255396842957,1,quasar,0.68280428647995,1,quasar,0.682028591632843
1169,1,quasar,1,quasar,True,1,quasar,True,True,1,quasar,0.9703382253646851,1,quasar,0.9975672960281372,1,quasar,0.6905156373977661,2,star,0.5234023332595825,1,quasar,0.7309815287590027,1,quasar,0.7787410616874695
1170,1,quasar,1,quasar,True,1,quasar,True,True,1,quasar,0.9406113624572754,1,quasar,0.9974380731582642,1,quasar,0.7270623445510864,1,quasar,0.7355833053588867,1,quasar,0.7011289000511169,1,quasar,0.6232688426971436
1171,1,quasar,1,quasar,True,1,quasar,True,True,1,quasar,0.9730103015899658,1,quasar,0.9742746353149414,1,quasar,0.731000542640686,1,quasar,0.7061718702316284,1,quasar,0.7027153968811035,1,quasar,0.7006193399429321
1172,1,quasar,0,galaxy,False,0,galaxy,False,True,0,galaxy,0.6741965413093567,1,quasar,0.9834803938865662,2,star,0.6967461109161377,0,galaxy,0.9177345037460327,0,galaxy,0.915174126625061,1,quasar,0.6371982097625732
1173,1,quasar,1,quasar,True,1,quasar,True,True,2,star,0.5607973337173462,1,quasar,0.8582779765129089,1,quasar,0.6612958312034607,2,star,0.7105579972267151,2,star,0.5484307408332825,1,quasar,0.5178421139717102
1174,1,quasar,1,quasar,True,1,quasar,True,True,1,quasar,0.8478591442108154,1,quasar,0.9997808337211609,1,quasar,0.5794059634208679,2,star,0.8102099895477295,1,quasar,0.6022831201553345,1,quasar,0.8520959615707397
1175,1,quasar,1,quasar,True,1,quasar,True,True,1,quasar,0.9009034037590027,2,star,0.9999765157699585,1,quasar,0.5162789225578308,1,quasar,0.679084062576294,1,quasar,0.6723281741142273,1,quasar,0.9368676543235779
1176,1,quasar,1,quasar,True,1,quasar,True,True,1,quasar,0.98570317029953,1,quasar,0.9848806858062744,1,quasar,0.7614806294441223,1,quasar,0.5807576179504395,1,quasar,0.6374472379684448,1,quasar,0.7193911671638489
1177,1,quasar,1,quasar,True,1,quasar,True,True,1,quasar,0.8875869512557983,1,quasar,0.9854066371917725,1,quasar,0.8154577612876892,2,star,0.5367924571037292,1,quasar,0.5325607061386108,1,quasar,0.4947946071624756
1178,1,quasar,1,quasar,True,1,quasar,True,True,1,quasar,0.9784820675849915,1,quasar,0.9883614182472229,1,quasar,0.693093478679657,1,quasar,0.7115595936775208,1,quasar,0.7003929615020752,1,quasar,0.609713613986969
1179,1,quasar,1,quasar,True,1,quasar,True,True,1,quasar,0.9989375472068787,1,quasar,0.9990373849868774,1,quasar,0.785051167011261,1,quasar,0.6291828751564026,1,quasar,0.7534825205802917,1,quasar,0.6298564076423645
1180,1,quasar,1,quasar,True,1,quasar,True,True,1,quasar,0.8597292900085449,1,quasar,0.993693470954895,1,quasar,0.7616186738014221,1,quasar,0.7247400879859924,1,quasar,0.7216591835021973,1,quasar,0.6302792429924011
1181,1,quasar,1,quasar,True,1,quasar,True,True,1,quasar,0.994765043258667,1,quasar,0.9741312861442566,1,quasar,0.7930117249488831,1,quasar,0.7398825287818909,1,quasar,0.8152116537094116,1,quasar,0.6897013187408447
1182,1,quasar,1,quasar,True,2,star,False,False,1,quasar,0.6483277678489685,1,quasar,0.5744166374206543,2,star,0.5929577946662903,2,star,0.5401806235313416,0,galaxy,0.4309566915035248,1,quasar,0.5272493362426758
1183,1,quasar,1,quasar,True,1,quasar,True,True,1,quasar,0.8944861888885498,1,quasar,0.9087610840797424,2,star,0.53677898645401,2,star,0.541935920715332,1,quasar,0.5250338315963745,1,quasar,0.3932161331176758
1184,1,quasar,1,quasar,True,1,quasar,True,True,1,quasar,0.9868721961975098,1,quasar,0.981391429901123,1,quasar,0.6935330629348755,1,quasar,0.6911478042602539,1,quasar,0.6931923627853394,1,quasar,0.5251645445823669
1185,1,quasar,1,quasar,True,1,quasar,True,True,1,quasar,0.781877338886261,1,quasar,0.9136860370635986,1,quasar,0.8289670944213867,1,quasar,0.6515775322914124,1,quasar,0.7647678852081299,1,quasar,0.47149425745010376
1186,1,quasar,1,quasar,True,1,quasar,True,True,1,quasar,0.5707070827484131,1,quasar,0.9536417126655579,2,star,0.6993038654327393,2,star,0.8054399490356445,1,quasar,0.5588132739067078,1,quasar,0.6778703331947327
1187,1,quasar,1,quasar,True,1,quasar,True,True,1,quasar,0.9112175107002258,1,quasar,0.9995653033256531,1,quasar,0.6912853717803955,1,quasar,0.7135412693023682,1,quasar,0.6710548996925354,1,quasar,0.5030791163444519
1188,1,quasar,1,quasar,True,1,quasar,True,True,1,quasar,0.9200477600097656,1,quasar,0.8502287268638611,1,quasar,0.5983569025993347,1,quasar,0.6838496327400208,1,quasar,0.5904239416122437,1,quasar,0.5825383067131042
1189,1,quasar,1,quasar,True,1,quasar,True,True,1,quasar,0.9646896123886108,1,quasar,0.9889479875564575,1,quasar,0.7329097986221313,1,quasar,0.7265048027038574,1,quasar,0.7042564749717712,1,quasar,0.5736737251281738
1190,1,quasar,1,quasar,True,1,quasar,True,True,1,quasar,0.9290671944618225,1,quasar,0.99638831615448,1,quasar,0.8289421200752258,1,quasar,0.6815517544746399,1,quasar,0.7609369158744812,1,quasar,0.5446527600288391
1191,1,quasar,1,quasar,True,1,quasar,True,True,1,quasar,0.984190821647644,1,quasar,0.9944883584976196,1,quasar,0.7706639170646667,1,quasar,0.5746422410011292,1,quasar,0.6734831929206848,1,quasar,0.6138710379600525
1192,1,quasar,0,galaxy,False,0,galaxy,False,True,1,quasar,0.7984201908111572,1,quasar,0.5014598369598389,0,galaxy,0.9000574946403503,0,galaxy,0.8423351049423218,0,galaxy,0.9356087446212769,0,galaxy,0.4629696011543274
1193,1,quasar,1,quasar,True,1,quasar,True,True,1,quasar,0.8345151543617249,1,quasar,0.9863525629043579,1,quasar,0.5282302498817444,2,star,0.818671464920044,2,star,0.5286964774131775,1,quasar,0.6168456673622131
1194,1,quasar,1,quasar,True,1,quasar,True,True,1,quasar,0.974958598613739,1,quasar,0.9945045113563538,1,quasar,0.8062546253204346,1,quasar,0.7354393005371094,1,quasar,0.6702635288238525,1,quasar,0.5436440110206604
1195,1,quasar,0,galaxy,False,0,galaxy,False,True,1,quasar,0.5013356804847717,1,quasar,0.6161547303199768,0,galaxy,0.9343119859695435,0,galaxy,0.6422057151794434,0,galaxy,0.6610043048858643,0,galaxy,0.5752972364425659
1196,1,quasar,1,quasar,True,1,quasar,True,True,1,quasar,0.8869505524635315,1,quasar,0.9940645098686218,1,quasar,0.5083198547363281,2,star,0.5057922601699829,1,quasar,0.43835026025772095,0,galaxy,0.5946961045265198
1197,1,quasar,1,quasar,True,1,quasar,True,True,1,quasar,0.9734483957290649,1,quasar,0.9989433884620667,1,quasar,0.8398261666297913,1,quasar,0.7050535678863525,2,star,0.5365410447120667,1,quasar,0.4098781943321228
1198,1,quasar,1,quasar,True,1,quasar,True,True,1,quasar,0.8772473931312561,1,quasar,0.9762611389160156,1,quasar,0.6794005036354065,1,quasar,0.5080227851867676,1,quasar,0.669282078742981,1,quasar,0.6057209372520447
1199,1,quasar,1,quasar,True,1,quasar,True,True,1,quasar,0.9644748568534851,1,quasar,0.997855007648468,1,quasar,0.7154993414878845,1,quasar,0.6175159811973572,1,quasar,0.6742079854011536,1,quasar,0.8855071067810059
1200,1,quasar,1,quasar,True,1,quasar,True,True,1,quasar,0.972011387348175,1,quasar,0.9956272840499878,1,quasar,0.7378861904144287,1,quasar,0.6273731589317322,1,quasar,0.5807854533195496,1,quasar,0.7719316482543945
1201,1,quasar,1,quasar,True,1,quasar,True,True,1,quasar,0.9709771871566772,1,quasar,0.9999386072158813,1,quasar,0.8345421552658081,1,quasar,0.7016879916191101,1,quasar,0.6531825661659241,1,quasar,0.9313346147537231
1202,1,quasar,1,quasar,True,1,quasar,True,True,1,quasar,0.9380918741226196,1,quasar,0.9999678134918213,1,quasar,0.7513681650161743,1,quasar,0.6121823191642761,1,quasar,0.6518001556396484,1,quasar,0.9484791159629822
1203,1,quasar,1,quasar,True,1,quasar,True,True,1,quasar,0.947439968585968,1,quasar,0.962604820728302,1,quasar,0.7405825257301331,1,quasar,0.610493540763855,1,quasar,0.5058723092079163,1,quasar,0.7522626519203186
1204,1,quasar,1,quasar,True,1,quasar,True,True,1,quasar,0.9754065871238708,1,quasar,0.994902491569519,1,quasar,0.7769177556037903,1,quasar,0.639159619808197,1,quasar,0.5556068420410156,1,quasar,0.8903329968452454
1205,1,quasar,1,quasar,True,1,quasar,True,True,1,quasar,0.9957701563835144,1,quasar,0.9931896328926086,1,quasar,0.7823558449745178,1,quasar,0.6820864081382751,2,star,0.5763658285140991,1,quasar,0.8494354486465454
1206,1,quasar,1,quasar,True,1,quasar,True,True,1,quasar,0.8807316422462463,1,quasar,0.9544955492019653,1,quasar,0.8528134822845459,1,quasar,0.6483500003814697,1,quasar,0.7278047800064087,2,star,0.658208429813385
1207,1,quasar,1,quasar,True,1,quasar,True,True,1,quasar,0.8635202646255493,1,quasar,0.9845209717750549,1,quasar,0.8177146911621094,1,quasar,0.7400895953178406,1,quasar,0.8082830309867859,1,quasar,0.5794037580490112
1208,1,quasar,1,quasar,True,1,quasar,True,True,1,quasar,0.7037978172302246,1,quasar,0.9928169250488281,1,quasar,0.5063517093658447,2,star,0.6179987788200378,1,quasar,0.5396332740783691,2,star,0.5950945615768433
1209,1,quasar,1,quasar,True,1,quasar,True,True,1,quasar,0.9914742708206177,1,quasar,0.9958932399749756,1,quasar,0.7698174715042114,1,quasar,0.7161012291908264,1,quasar,0.7185173034667969,1,quasar,0.7001468539237976
1210,1,quasar,1,quasar,True,1,quasar,True,True,1,quasar,0.7081869840621948,1,quasar,0.8942443132400513,1,quasar,0.806679368019104,1,quasar,0.6214939951896667,1,quasar,0.6684737801551819,1,quasar,0.3955850899219513
1211,1,quasar,1,quasar,True,1,quasar,True,True,1,quasar,0.8234190344810486,1,quasar,0.9761139154434204,1,quasar,0.6932368874549866,1,quasar,0.6360108852386475,1,quasar,0.6189944744110107,2,star,0.5296004414558411
1212,1,quasar,1,quasar,True,1,quasar,True,True,1,quasar,0.8397700786590576,1,quasar,0.9925119876861572,1,quasar,0.7558424472808838,1,quasar,0.6971250176429749,1,quasar,0.7326245903968811,2,star,0.5522451400756836
1213,1,quasar,1,quasar,True,1,quasar,True,True,1,quasar,0.9704897999763489,1,quasar,0.9860029220581055,1,quasar,0.7534006237983704,1,quasar,0.7501401305198669,1,quasar,0.7204471230506897,1,quasar,0.4584556519985199
1214,1,quasar,1,quasar,True,1,quasar,True,True,1,quasar,0.7393540143966675,1,quasar,0.9194896817207336,1,quasar,0.7340400218963623,1,quasar,0.7185915112495422,1,quasar,0.6755948662757874,1,quasar,0.471056193113327
1215,1,quasar,1,quasar,True,1,quasar,True,True,1,quasar,0.9463274478912354,1,quasar,0.9755664467811584,1,quasar,0.8286447525024414,1,quasar,0.515813946723938,1,quasar,0.8407043218612671,2,star,0.47509512305259705
1216,1,quasar,1,quasar,True,1,quasar,True,True,1,quasar,0.9395893812179565,1,quasar,0.9822778701782227,1,quasar,0.7659915685653687,1,quasar,0.644461452960968,1,quasar,0.7208390235900879,2,star,0.4773505926132202
1217,1,quasar,1,quasar,True,1,quasar,True,True,1,quasar,0.708980917930603,1,quasar,0.9252442717552185,1,quasar,0.8186323046684265,1,quasar,0.7027719616889954,1,quasar,0.7397040724754333,2,star,0.5735920071601868
1218,1,quasar,1,quasar,True,1,quasar,True,True,1,quasar,0.6882122755050659,1,quasar,0.8499944806098938,1,quasar,0.7394960522651672,2,star,0.5766474604606628,1,quasar,0.7793519496917725,2,star,0.5109582543373108
1219,1,quasar,1,quasar,True,1,quasar,True,True,1,quasar,0.807141125202179,1,quasar,0.9183642268180847,1,quasar,0.7472670078277588,1,quasar,0.7449997663497925,1,quasar,0.7132486701011658,2,star,0.5208719968795776
1220,1,quasar,2,star,False,2,star,False,True,2,star,0.5945944786071777,1,quasar,0.994976818561554,2,star,0.7964629530906677,2,star,0.9108463525772095,2,star,0.6712241768836975,2,star,0.452104389667511
1221,1,quasar,1,quasar,True,1,quasar,True,True,1,quasar,0.9073819518089294,1,quasar,0.9096012115478516,1,quasar,0.7730444073677063,1,quasar,0.5314408540725708,2,star,0.5273950695991516,2,star,0.5769959092140198
1222,1,quasar,1,quasar,True,1,quasar,True,True,1,quasar,0.8978790044784546,1,quasar,0.959872841835022,1,quasar,0.7563512325286865,1,quasar,0.599999189376831,1,quasar,0.7502432465553284,2,star,0.5129500031471252
1223,1,quasar,1,quasar,True,1,quasar,True,True,1,quasar,0.937547504901886,1,quasar,0.9968806505203247,1,quasar,0.751794159412384,1,quasar,0.7283580899238586,1,quasar,0.705668568611145,0,galaxy,0.6116400361061096
1224,1,quasar,2,star,False,2,star,False,True,2,star,0.5370845794677734,1,quasar,0.4025583863258362,2,star,0.9708355069160461,2,star,0.602929413318634,2,star,0.6031106114387512,2,star,0.5369834303855896
1225,1,quasar,1,quasar,True,1,quasar,True,True,1,quasar,0.8616386651992798,1,quasar,0.9926990866661072,1,quasar,0.6114317178726196,1,quasar,0.6927313208580017,1,quasar,0.6562759280204773,2,star,0.4409606456756592
1226,1,quasar,1,quasar,True,1,quasar,True,True,1,quasar,0.7277095317840576,1,quasar,0.9181995987892151,1,quasar,0.6555913090705872,1,quasar,0.6986249685287476,1,quasar,0.6485927700996399,2,star,0.39397838711738586
1227,1,quasar,1,quasar,True,1,quasar,True,True,1,quasar,0.6677138805389404,2,star,0.4960211217403412,1,quasar,0.5172184705734253,1,quasar,0.5284289121627808,2,star,0.6462559700012207,2,star,0.4773889482021332
1228,1,quasar,1,quasar,True,1,quasar,True,True,1,quasar,0.8385437726974487,1,quasar,0.9955031275749207,1,quasar,0.8531200289726257,1,quasar,0.7375313639640808,1,quasar,0.5270780920982361,2,star,0.4743412733078003
1229,1,quasar,1,quasar,True,1,quasar,True,True,1,quasar,0.8712356686592102,1,quasar,0.9618067145347595,1,quasar,0.7349273562431335,1,quasar,0.6655478477478027,1,quasar,0.6804082989692688,2,star,0.47617632150650024
1230,1,quasar,0,galaxy,False,0,galaxy,False,True,0,galaxy,0.9477583169937134,0,galaxy,0.7865461707115173,0,galaxy,0.9488393664360046,0,galaxy,0.9322082996368408,0,galaxy,0.9497123956680298,0,galaxy,0.693422257900238
1231,1,quasar,1,quasar,True,1,quasar,True,True,1,quasar,0.7886872291564941,1,quasar,0.9578540325164795,1,quasar,0.8551651835441589,1,quasar,0.7129713892936707,1,quasar,0.6176294684410095,2,star,0.5583676099777222
1232,1,quasar,1,quasar,True,1,quasar,True,True,1,quasar,0.5885582566261292,1,quasar,0.9976353645324707,1,quasar,0.8075835108757019,2,star,0.5423094034194946,1,quasar,0.7202968001365662,2,star,0.5611770749092102
1233,1,quasar,1,quasar,True,1,quasar,True,True,1,quasar,0.7659886479377747,1,quasar,0.6110101938247681,1,quasar,0.6876830458641052,1,quasar,0.6578398942947388,1,quasar,0.6291346549987793,2,star,0.4832632839679718
1234,1,quasar,1,quasar,True,1,quasar,True,True,1,quasar,0.6442013382911682,1,quasar,0.8381010890007019,0,galaxy,0.5906301736831665,1,quasar,0.46273693442344666,1,quasar,0.5776975750923157,2,star,0.5237074494361877
1235,1,quasar,2,star,False,1,quasar,True,False,1,quasar,0.9307568669319153,1,quasar,0.9964469075202942,2,star,0.707630455493927,2,star,0.484723299741745,2,star,0.5656632781028748,0,galaxy,0.5073971152305603
1236,1,quasar,1,quasar,True,1,quasar,True,True,1,quasar,0.858100950717926,1,quasar,0.4972003400325775,1,quasar,0.5932429432868958,1,quasar,0.581004798412323,1,quasar,0.5813279747962952,2,star,0.6517391800880432
1237,1,quasar,1,quasar,True,2,star,False,False,1,quasar,0.7006099224090576,1,quasar,0.5091170072555542,2,star,0.784220814704895,1,quasar,0.729346513748169,1,quasar,0.5200703740119934,2,star,0.6547499299049377
1238,1,quasar,1,quasar,True,1,quasar,True,True,1,quasar,0.785504937171936,1,quasar,0.8714209198951721,2,star,0.5311441421508789,1,quasar,0.652195930480957,1,quasar,0.5499629378318787,2,star,0.4692081809043884
1239,1,quasar,1,quasar,True,1,quasar,True,True,1,quasar,0.9561942219734192,1,quasar,0.9757530093193054,1,quasar,0.6750277876853943,2,star,0.48852798342704773,1,quasar,0.5999254584312439,2,star,0.45961475372314453
1240,1,quasar,1,quasar,True,1,quasar,True,True,1,quasar,0.7807172536849976,1,quasar,0.8276979923248291,2,star,0.5112866163253784,1,quasar,0.5479106307029724,2,star,0.5499097108840942,2,star,0.5072898864746094
1241,1,quasar,1,quasar,True,1,quasar,True,True,1,quasar,0.7200965881347656,1,quasar,0.7250041365623474,1,quasar,0.8154210448265076,2,star,0.5085732936859131,1,quasar,0.8376046419143677,2,star,0.5043116807937622
1242,1,quasar,1,quasar,True,1,quasar,True,True,1,quasar,0.838355541229248,1,quasar,0.9089559316635132,1,quasar,0.6854760646820068,1,quasar,0.6609501838684082,2,star,0.5608214735984802,1,quasar,0.4376121461391449
1243,1,quasar,1,quasar,True,1,quasar,True,True,1,quasar,0.945032000541687,1,quasar,0.9575380682945251,1,quasar,0.7613906264305115,1,quasar,0.6257352232933044,1,quasar,0.6246923804283142,1,quasar,0.4988532066345215
1244,1,quasar,1,quasar,True,1,quasar,True,True,1,quasar,0.8904845118522644,1,quasar,0.9381542205810547,1,quasar,0.7329674363136292,1,quasar,0.7273714542388916,1,quasar,0.6163743138313293,0,galaxy,0.48869022727012634
1245,1,quasar,1,quasar,True,1,quasar,True,True,1,quasar,0.8565431833267212,1,quasar,0.7220674753189087,1,quasar,0.609075129032135,1,quasar,0.6151282787322998,2,star,0.5115395784378052,2,star,0.48049744963645935
1246,1,quasar,2,star,False,2,star,False,True,0,galaxy,0.4934485852718353,2,star,0.5089617967605591,2,star,0.5446463227272034,2,star,0.5117188692092896,2,star,0.7295887470245361,2,star,0.7637423276901245
1247,1,quasar,1,quasar,True,1,quasar,True,True,1,quasar,0.734280526638031,1,quasar,0.9347658157348633,1,quasar,0.7066301107406616,2,star,0.6435086131095886,1,quasar,0.7579742670059204,2,star,0.6650377511978149
1248,1,quasar,1,quasar,True,1,quasar,True,True,1,quasar,0.7814695239067078,1,quasar,0.9013512134552002,1,quasar,0.8386428952217102,1,quasar,0.5707923173904419,1,quasar,0.5835561156272888,2,star,0.7049703001976013
1249,1,quasar,1,quasar,True,1,quasar,True,True,1,quasar,0.7996307611465454,1,quasar,0.9443303942680359,1,quasar,0.6147229075431824,1,quasar,0.6758587956428528,1,quasar,0.6532801389694214,0,galaxy,0.45777735114097595
1250,1,quasar,1,quasar,True,1,quasar,True,True,1,quasar,0.6624152660369873,1,quasar,0.9502516984939575,1,quasar,0.8234187364578247,1,quasar,0.6128605008125305,2,star,0.5676776766777039,2,star,0.6271039843559265
1251,1,quasar,1,quasar,True,1,quasar,True,True,1,quasar,0.9284051060676575,1,quasar,0.9059323072433472,1,quasar,0.6332249045372009,1,quasar,0.6533418893814087,1,quasar,0.6125266551971436,0,galaxy,0.4406197965145111
1252,1,quasar,1,quasar,True,1,quasar,True,True,1,quasar,0.830794095993042,1,quasar,0.6229341626167297,1,quasar,0.7102038264274597,1,quasar,0.6011998653411865,1,quasar,0.5927248597145081,2,star,0.5685662031173706
1253,1,quasar,1,quasar,True,1,quasar,True,True,1,quasar,0.7166709899902344,1,quasar,0.9432410001754761,1,quasar,0.8607488870620728,1,quasar,0.7582980990409851,1,quasar,0.7533552050590515,1,quasar,0.5474125742912292
1254,1,quasar,1,quasar,True,1,quasar,True,True,1,quasar,0.5657264590263367,1,quasar,0.7248533964157104,1,quasar,0.6324830055236816,1,quasar,0.6247703433036804,1,quasar,0.6272404193878174,2,star,0.39816051721572876
1255,1,quasar,1,quasar,True,1,quasar,True,True,2,star,0.5965115427970886,1,quasar,0.8531132340431213,1,quasar,0.6555980443954468,1,quasar,0.6855424046516418,1,quasar,0.6500290632247925,2,star,0.42331233620643616
1256,1,quasar,1,quasar,True,1,quasar,True,True,1,quasar,0.6994876265525818,1,quasar,0.5166540145874023,1,quasar,0.7650794386863708,1,quasar,0.6661927700042725,2,star,0.5841896533966064,1,quasar,0.4795628786087036
1257,1,quasar,2,star,False,1,quasar,True,False,2,star,0.6535351276397705,1,quasar,0.8385289907455444,2,star,0.5971789956092834,2,star,0.6817948818206787,1,quasar,0.7052501440048218,2,star,0.5105196237564087
1258,1,quasar,1,quasar,True,1,quasar,True,True,1,quasar,0.6705210208892822,1,quasar,0.994881272315979,1,quasar,0.7252612709999084,1,quasar,0.5108555555343628,1,quasar,0.7394206523895264,1,quasar,0.6889984011650085
1259,1,quasar,1,quasar,True,1,quasar,True,True,1,quasar,0.5974211096763611,1,quasar,0.7231342196464539,1,quasar,0.685070276260376,1,quasar,0.5722280740737915,1,quasar,0.787918210029602,2,star,0.6511867046356201
1260,1,quasar,0,galaxy,False,0,galaxy,False,True,0,galaxy,0.5648885369300842,0,galaxy,0.39036035537719727,0,galaxy,0.9122036099433899,0,galaxy,0.8211020827293396,0,galaxy,0.9479695558547974,0,galaxy,0.4525027871131897
1261,1,quasar,0,galaxy,False,0,galaxy,False,True,0,galaxy,0.6286395788192749,0,galaxy,0.5403072237968445,0,galaxy,0.9718409180641174,0,galaxy,0.9904674887657166,0,galaxy,0.9782268404960632,0,galaxy,0.5879622101783752
1262,1,quasar,1,quasar,True,1,quasar,True,True,1,quasar,0.8350570201873779,1,quasar,0.9225027561187744,1,quasar,0.7180017232894897,1,quasar,0.6972254514694214,1,quasar,0.633053719997406,2,star,0.5837033987045288
1263,1,quasar,1,quasar,True,1,quasar,True,True,1,quasar,0.6555488705635071,1,quasar,0.8347851037979126,1,quasar,0.8372581005096436,1,quasar,0.5262657999992371,1,quasar,0.8419504165649414,2,star,0.631134033203125
1264,1,quasar,1,quasar,True,1,quasar,True,True,1,quasar,0.8547525405883789,1,quasar,0.9668599963188171,1,quasar,0.75846266746521,1,quasar,0.7383779287338257,1,quasar,0.6898635625839233,1,quasar,0.4615703821182251
1265,1,quasar,1,quasar,True,1,quasar,True,True,1,quasar,0.7480552196502686,1,quasar,0.9260024428367615,1,quasar,0.7525463700294495,1,quasar,0.7142883539199829,1,quasar,0.6678746938705444,1,quasar,0.41830429434776306
1266,1,quasar,1,quasar,True,1,quasar,True,True,1,quasar,0.9185458421707153,1,quasar,0.8741257190704346,1,quasar,0.7538852095603943,1,quasar,0.6039943695068359,1,quasar,0.5355528593063354,1,quasar,0.48564356565475464
1267,1,quasar,1,quasar,True,1,quasar,True,True,1,quasar,0.901197075843811,1,quasar,0.9506635069847107,1,quasar,0.7618970274925232,1,quasar,0.7220836281776428,1,quasar,0.6925330758094788,1,quasar,0.529907763004303
1268,1,quasar,1,quasar,True,1,quasar,True,True,1,quasar,0.9380362033843994,1,quasar,0.9869193434715271,1,quasar,0.7511894702911377,1,quasar,0.749460756778717,1,quasar,0.6356263160705566,0,galaxy,0.46201223134994507
1269,1,quasar,1,quasar,True,1,quasar,True,True,1,quasar,0.9340963363647461,1,quasar,0.8846536874771118,1,quasar,0.8712456822395325,1,quasar,0.7496938705444336,1,quasar,0.8415944576263428,2,star,0.597426176071167
1270,1,quasar,1,quasar,True,1,quasar,True,True,1,quasar,0.9241828322410583,1,quasar,0.9397901296615601,1,quasar,0.7863967418670654,1,quasar,0.7410357594490051,1,quasar,0.6556006073951721,2,star,0.4826864004135132
1271,1,quasar,1,quasar,True,1,quasar,True,True,1,quasar,0.9719683527946472,1,quasar,0.9709857702255249,1,quasar,0.7791813611984253,1,quasar,0.7290104031562805,1,quasar,0.6598595976829529,1,quasar,0.5829375386238098
1272,1,quasar,1,quasar,True,1,quasar,True,True,2,star,0.6846872568130493,1,quasar,0.805420994758606,1,quasar,0.8095047473907471,2,star,0.552049994468689,1,quasar,0.620434582233429,2,star,0.5754667520523071
1273,1,quasar,1,quasar,True,1,quasar,True,True,1,quasar,0.9691754579544067,1,quasar,0.978752076625824,1,quasar,0.7630420327186584,1,quasar,0.558405876159668,1,quasar,0.7239320874214172,1,quasar,0.4380798041820526
1274,1,quasar,1,quasar,True,1,quasar,True,True,1,quasar,0.8061486482620239,1,quasar,0.855861485004425,1,quasar,0.8535818457603455,1,quasar,0.6803785562515259,1,quasar,0.6454983949661255,2,star,0.5172591805458069
1275,1,quasar,1,quasar,True,1,quasar,True,True,1,quasar,0.8645889759063721,1,quasar,0.9852812886238098,1,quasar,0.8259624242782593,1,quasar,0.6694530248641968,1,quasar,0.7658268809318542,1,quasar,0.49147191643714905
1276,1,quasar,1,quasar,True,1,quasar,True,True,2,star,0.5237513184547424,1,quasar,0.5641966462135315,1,quasar,0.6475726366043091,2,star,0.6345911026000977,1,quasar,0.7216356992721558,1,quasar,0.4222395122051239
1277,1,quasar,1,quasar,True,1,quasar,True,True,1,quasar,0.8081756830215454,1,quasar,0.8724452257156372,1,quasar,0.7090409398078918,1,quasar,0.6665797829627991,1,quasar,0.6213051080703735,2,star,0.6320061683654785
1278,1,quasar,1,quasar,True,1,quasar,True,True,1,quasar,0.7473116517066956,1,quasar,0.8810828328132629,1,quasar,0.6330812573432922,1,quasar,0.482150673866272,1,quasar,0.6310727000236511,2,star,0.38568270206451416
1279,1,quasar,1,quasar,True,1,quasar,True,True,1,quasar,0.8812650442123413,1,quasar,0.8077711462974548,1,quasar,0.8222105503082275,1,quasar,0.6730859279632568,1,quasar,0.8540081977844238,2,star,0.47612056136131287
1280,1,quasar,2,star,False,2,star,False,True,2,star,0.6664281487464905,1,quasar,0.9298378229141235,2,star,0.6419762969017029,2,star,0.6199051141738892,2,star,0.5749165415763855,2,star,0.5742054581642151
1281,1,quasar,1,quasar,True,1,quasar,True,True,1,quasar,0.7869719862937927,1,quasar,0.9037522673606873,1,quasar,0.5588722229003906,1,quasar,0.6096606850624084,1,quasar,0.49437111616134644,2,star,0.5438789129257202
1282,1,quasar,1,quasar,True,1,quasar,True,True,1,quasar,0.8091338872909546,1,quasar,0.7900347709655762,1,quasar,0.741913914680481,1,quasar,0.7443521022796631,1,quasar,0.6500239372253418,2,star,0.7918606996536255
1283,1,quasar,1,quasar,True,1,quasar,True,True,1,quasar,0.8969072103500366,1,quasar,0.6909326910972595,1,quasar,0.7803200483322144,1,quasar,0.5531972646713257,1,quasar,0.8409221768379211,2,star,0.7945860028266907
1284,1,quasar,1,quasar,True,2,star,False,False,2,star,0.5372686982154846,2,star,0.42814895510673523,1,quasar,0.5826678276062012,1,quasar,0.5130544900894165,1,quasar,0.5019057393074036,0,galaxy,0.5542833209037781
1285,1,quasar,1,quasar,True,1,quasar,True,True,1,quasar,0.6294707655906677,1,quasar,0.9524880647659302,1,quasar,0.8182259798049927,2,star,0.6315671801567078,1,quasar,0.7378084659576416,2,star,0.6856856346130371
1286,1,quasar,2,star,False,2,star,False,True,2,star,0.4606369435787201,1,quasar,0.7128457427024841,2,star,0.7427976131439209,2,star,0.9080323576927185,2,star,0.6329557299613953,2,star,0.6280352473258972
1287,1,quasar,1,quasar,True,2,star,False,False,1,quasar,0.8147677779197693,1,quasar,0.8396384119987488,2,star,0.7801703810691833,1,quasar,0.5511053204536438,2,star,0.603036105632782,2,star,0.8333404064178467
1288,1,quasar,1,quasar,True,1,quasar,True,True,1,quasar,0.9569464325904846,1,quasar,0.9719065427780151,1,quasar,0.8479159474372864,1,quasar,0.598790168762207,1,quasar,0.8143762350082397,0,galaxy,0.4850907325744629
1289,1,quasar,1,quasar,True,1,quasar,True,True,1,quasar,0.9333083629608154,1,quasar,0.8277494311332703,1,quasar,0.6025881767272949,1,quasar,0.6277151107788086,2,star,0.5733331441879272,2,star,0.47806355357170105
1290,1,quasar,1,quasar,True,1,quasar,True,True,1,quasar,0.9011332392692566,1,quasar,0.8654247522354126,1,quasar,0.8101481795310974,1,quasar,0.5750877261161804,1,quasar,0.785765528678894,2,star,0.436154842376709
1291,1,quasar,1,quasar,True,1,quasar,True,True,1,quasar,0.9785317182540894,1,quasar,0.9590028524398804,1,quasar,0.731580913066864,1,quasar,0.6900169849395752,1,quasar,0.6777245402336121,1,quasar,0.47503435611724854
1292,1,quasar,1,quasar,True,1,quasar,True,True,1,quasar,0.9718295335769653,1,quasar,0.9917014241218567,1,quasar,0.8644612431526184,1,quasar,0.7505812048912048,1,quasar,0.782526433467865,1,quasar,0.6463049054145813
1293,1,quasar,1,quasar,True,1,quasar,True,True,1,quasar,0.7141225934028625,1,quasar,0.9658421874046326,1,quasar,0.7190451622009277,1,quasar,0.5832663774490356,1,quasar,0.6218679547309875,1,quasar,0.4307880103588104
1294,1,quasar,1,quasar,True,1,quasar,True,True,1,quasar,0.9608340859413147,1,quasar,0.988572359085083,1,quasar,0.8307116031646729,1,quasar,0.6880953907966614,1,quasar,0.8049381971359253,1,quasar,0.5162612795829773
1295,1,quasar,1,quasar,True,1,quasar,True,True,1,quasar,0.7326910495758057,1,quasar,0.9659469723701477,1,quasar,0.7937817573547363,1,quasar,0.6488210558891296,1,quasar,0.7378758788108826,2,star,0.7166613340377808
1296,1,quasar,1,quasar,True,1,quasar,True,True,1,quasar,0.9304962754249573,1,quasar,0.9989669322967529,1,quasar,0.6845395565032959,1,quasar,0.674319863319397,1,quasar,0.588711142539978,1,quasar,0.4987359941005707
1297,1,quasar,1,quasar,True,1,quasar,True,True,1,quasar,0.8415544629096985,1,quasar,0.997510552406311,1,quasar,0.6711921691894531,2,star,0.5887145400047302,2,star,0.6225924491882324,2,star,0.549817681312561
1298,1,quasar,1,quasar,True,1,quasar,True,True,1,quasar,0.8643878102302551,1,quasar,0.9551966786384583,1,quasar,0.6788491606712341,2,star,0.5304755568504333,1,quasar,0.6293755173683167,1,quasar,0.511408805847168
1299,1,quasar,1,quasar,True,1,quasar,True,True,1,quasar,0.7302342057228088,1,quasar,0.9243745803833008,1,quasar,0.8216773867607117,2,star,0.4941760003566742,1,quasar,0.5775389671325684,0,galaxy,0.501664400100708
1300,1,quasar,1,quasar,True,1,quasar,True,True,1,quasar,0.8952215313911438,1,quasar,0.9719022512435913,2,star,0.5993784666061401,1,quasar,0.5922043919563293,1,quasar,0.5630607008934021,0,galaxy,0.3766390383243561
1301,1,quasar,1,quasar,True,1,quasar,True,True,1,quasar,0.9774042367935181,1,quasar,0.9954930543899536,1,quasar,0.5647740960121155,1,quasar,0.6284217238426208,1,quasar,0.6327054500579834,1,quasar,0.5540357232093811
1302,1,quasar,1,quasar,True,1,quasar,True,True,1,quasar,0.9621986150741577,1,quasar,0.9729207158088684,1,quasar,0.8590502738952637,1,quasar,0.5270615220069885,1,quasar,0.8314958810806274,2,star,0.36621880531311035
1303,1,quasar,1,quasar,True,1,quasar,True,True,1,quasar,0.9343791007995605,1,quasar,0.9188579320907593,1,quasar,0.7790694236755371,1,quasar,0.6093828678131104,1,quasar,0.7054010033607483,1,quasar,0.5515758395195007
1304,1,quasar,1,quasar,True,1,quasar,True,True,1,quasar,0.9777904748916626,1,quasar,0.980863094329834,1,quasar,0.7066968679428101,1,quasar,0.6488630175590515,1,quasar,0.6200345754623413,1,quasar,0.4215301275253296
1305,1,quasar,0,galaxy,False,1,quasar,True,False,1,quasar,0.713466227054596,1,quasar,0.9821414947509766,2,star,0.76601642370224,0,galaxy,0.7395962476730347,2,star,0.3565793037414551,0,galaxy,0.4025363624095917
1306,1,quasar,1,quasar,True,1,quasar,True,True,1,quasar,0.9749074578285217,1,quasar,0.9715116620063782,1,quasar,0.8396165370941162,1,quasar,0.7316251993179321,1,quasar,0.7668998837471008,1,quasar,0.48558393120765686
1307,1,quasar,1,quasar,True,1,quasar,True,True,1,quasar,0.9096337556838989,1,quasar,0.9445170164108276,1,quasar,0.6839061379432678,1,quasar,0.7032469511032104,1,quasar,0.696583092212677,1,quasar,0.5071929693222046
1308,1,quasar,1,quasar,True,1,quasar,True,True,1,quasar,0.8324549794197083,1,quasar,0.9842340350151062,1,quasar,0.7054882645606995,2,star,0.6040892601013184,1,quasar,0.6917546987533569,2,star,0.4582864046096802
1309,1,quasar,1,quasar,True,1,quasar,True,True,1,quasar,0.9653394818305969,1,quasar,0.9591549634933472,1,quasar,0.5620777606964111,1,quasar,0.5777658820152283,1,quasar,0.6214206218719482,0,galaxy,0.5650213956832886
1310,1,quasar,1,quasar,True,1,quasar,True,True,1,quasar,0.8989983797073364,1,quasar,0.9874699115753174,1,quasar,0.8695075511932373,1,quasar,0.6257877945899963,1,quasar,0.8256111741065979,1,quasar,0.5707457661628723
1311,1,quasar,1,quasar,True,1,quasar,True,True,1,quasar,0.770236074924469,1,quasar,0.9525331258773804,1,quasar,0.7120285034179688,1,quasar,0.6398876905441284,2,star,0.5114823579788208,1,quasar,0.4596056342124939
1312,1,quasar,1,quasar,True,1,quasar,True,True,1,quasar,0.9194905757904053,1,quasar,0.9997301697731018,1,quasar,0.7409929633140564,1,quasar,0.633720338344574,1,quasar,0.6958374977111816,0,galaxy,0.37203970551490784
1313,1,quasar,1,quasar,True,1,quasar,True,True,1,quasar,0.8004044890403748,1,quasar,0.9934303164482117,1,quasar,0.7909451127052307,1,quasar,0.5822284817695618,1,quasar,0.7314150929450989,0,galaxy,0.5393733978271484
1314,1,quasar,1,quasar,True,1,quasar,True,True,1,quasar,0.9678725004196167,1,quasar,0.8605431318283081,1,quasar,0.7956318855285645,1,quasar,0.6719806790351868,1,quasar,0.6672032475471497,1,quasar,0.4218999445438385
1315,1,quasar,1,quasar,True,1,quasar,True,True,1,quasar,0.8292814493179321,1,quasar,0.987269401550293,1,quasar,0.83937668800354,1,quasar,0.5803509950637817,1,quasar,0.6698540449142456,2,star,0.6434823274612427
1316,1,quasar,1,quasar,True,1,quasar,True,True,1,quasar,0.9050441384315491,1,quasar,0.6644733548164368,1,quasar,0.8494294881820679,1,quasar,0.5260697603225708,1,quasar,0.7929706573486328,2,star,0.4610058069229126
1317,1,quasar,1,quasar,True,1,quasar,True,True,1,quasar,0.8130404949188232,1,quasar,0.9902024269104004,1,quasar,0.7452281713485718,1,quasar,0.6960333585739136,1,quasar,0.6723393201828003,2,star,0.519553005695343
1318,1,quasar,1,quasar,True,1,quasar,True,True,1,quasar,0.9023355841636658,1,quasar,0.978740394115448,1,quasar,0.7498776316642761,1,quasar,0.6490082144737244,1,quasar,0.698061466217041,0,galaxy,0.5616612434387207
1319,1,quasar,1,quasar,True,1,quasar,True,True,1,quasar,0.955943763256073,1,quasar,0.9542140960693359,1,quasar,0.7925456166267395,1,quasar,0.6458670496940613,1,quasar,0.687778890132904,1,quasar,0.4063403904438019
1320,1,quasar,1,quasar,True,1,quasar,True,True,1,quasar,0.8211580514907837,1,quasar,0.7678747177124023,1,quasar,0.8718187808990479,1,quasar,0.5615441203117371,1,quasar,0.8639090657234192,1,quasar,0.5778042078018188
1321,1,quasar,1,quasar,True,1,quasar,True,True,1,quasar,0.9550374746322632,1,quasar,0.9145370721817017,1,quasar,0.7370301485061646,1,quasar,0.689643919467926,1,quasar,0.6500833630561829,1,quasar,0.5721873641014099
1322,1,quasar,1,quasar,True,1,quasar,True,True,1,quasar,0.7473911046981812,1,quasar,0.6389856934547424,1,quasar,0.7424511313438416,1,quasar,0.6040910482406616,1,quasar,0.6227307915687561,1,quasar,0.5264557600021362
1323,1,quasar,1,quasar,True,1,quasar,True,True,1,quasar,0.8088827729225159,1,quasar,0.539658784866333,2,star,0.9068545699119568,1,quasar,0.5066176056861877,1,quasar,0.7096052169799805,1,quasar,0.518292248249054
1324,1,quasar,1,quasar,True,1,quasar,True,True,1,quasar,0.7507758736610413,1,quasar,0.9624518156051636,2,star,0.5436922311782837,2,star,0.6581149697303772,2,star,0.5189670324325562,1,quasar,0.581609308719635
1325,1,quasar,1,quasar,True,1,quasar,True,True,1,quasar,0.9538711309432983,1,quasar,0.9917721152305603,1,quasar,0.6705710887908936,2,star,0.5436717867851257,1,quasar,0.5176990628242493,1,quasar,0.38209646940231323
1326,1,quasar,1,quasar,True,1,quasar,True,True,1,quasar,0.8755171298980713,1,quasar,0.8940696716308594,1,quasar,0.559021532535553,1,quasar,0.535772442817688,2,star,0.634565532207489,1,quasar,0.47931888699531555
1327,1,quasar,1,quasar,True,1,quasar,True,True,1,quasar,0.9598139524459839,1,quasar,0.936093270778656,1,quasar,0.7175792455673218,1,quasar,0.6105444431304932,1,quasar,0.6028792262077332,1,quasar,0.6336108446121216
1328,1,quasar,1,quasar,True,1,quasar,True,True,1,quasar,0.6360099911689758,1,quasar,0.8063949346542358,1,quasar,0.6285386085510254,1,quasar,0.633682906627655,2,star,0.5525921583175659,1,quasar,0.37723228335380554
1329,1,quasar,1,quasar,True,1,quasar,True,True,1,quasar,0.981669008731842,1,quasar,0.9985834360122681,1,quasar,0.8485934138298035,1,quasar,0.6234639883041382,1,quasar,0.6764107942581177,0,galaxy,0.6019906997680664
1330,1,quasar,1,quasar,True,1,quasar,True,True,1,quasar,0.8965956568717957,1,quasar,0.9588904976844788,1,quasar,0.7976999878883362,1,quasar,0.5921539068222046,1,quasar,0.7054266333580017,1,quasar,0.4303770363330841
1331,1,quasar,1,quasar,True,1,quasar,True,True,1,quasar,0.608232855796814,1,quasar,0.9541000723838806,1,quasar,0.4822552800178528,2,star,0.43923690915107727,1,quasar,0.6447839140892029,0,galaxy,0.40865224599838257
1332,1,quasar,1,quasar,True,1,quasar,True,True,1,quasar,0.39778146147727966,2,star,0.9993694424629211,1,quasar,0.7844117879867554,1,quasar,0.6769833564758301,1,quasar,0.44458243250846863,1,quasar,0.6434956789016724
1333,1,quasar,1,quasar,True,1,quasar,True,True,1,quasar,0.8114720582962036,1,quasar,0.9419568181037903,1,quasar,0.8171244859695435,1,quasar,0.7472686767578125,1,quasar,0.6309115886688232,2,star,0.5293421745300293
1334,1,quasar,1,quasar,True,1,quasar,True,True,1,quasar,0.8475117087364197,1,quasar,0.9808101058006287,2,star,0.5798509120941162,1,quasar,0.5576688051223755,1,quasar,0.6570562720298767,2,star,0.5589929819107056
1335,1,quasar,1,quasar,True,1,quasar,True,True,1,quasar,0.9071411490440369,1,quasar,0.9938198924064636,1,quasar,0.5809574723243713,1,quasar,0.704880952835083,1,quasar,0.5644500851631165,2,star,0.6622558236122131
1336,1,quasar,1,quasar,True,1,quasar,True,True,1,quasar,0.979689359664917,1,quasar,0.998658299446106,1,quasar,0.7806470394134521,1,quasar,0.6061139702796936,1,quasar,0.6835718750953674,1,quasar,0.6508781313896179
1337,1,quasar,1,quasar,True,1,quasar,True,True,1,quasar,0.5685052871704102,1,quasar,0.8402845859527588,2,star,0.49036967754364014,1,quasar,0.6552488207817078,1,quasar,0.6280825734138489,2,star,0.4784126579761505
1338,1,quasar,1,quasar,True,1,quasar,True,True,1,quasar,0.9702412486076355,1,quasar,0.9954735636711121,1,quasar,0.8242075443267822,1,quasar,0.6673529744148254,1,quasar,0.6385312080383301,0,galaxy,0.37734004855155945
1339,1,quasar,0,galaxy,False,0,galaxy,False,True,1,quasar,0.5333578586578369,1,quasar,0.44956302642822266,0,galaxy,0.8717972040176392,0,galaxy,0.9576624631881714,0,galaxy,0.5632404088973999,0,galaxy,0.6514953374862671
1340,1,quasar,1,quasar,True,1,quasar,True,True,1,quasar,0.8115146160125732,1,quasar,0.9979296922683716,1,quasar,0.8312479257583618,1,quasar,0.7162328362464905,1,quasar,0.7179738879203796,1,quasar,0.48482421040534973
1341,1,quasar,1,quasar,True,1,quasar,True,True,1,quasar,0.911993682384491,1,quasar,0.9607308506965637,2,star,0.5933519601821899,1,quasar,0.6400455832481384,1,quasar,0.5221396088600159,2,star,0.48825883865356445
1342,1,quasar,1,quasar,True,1,quasar,True,True,1,quasar,0.8402466177940369,1,quasar,0.8372047543525696,1,quasar,0.7028762698173523,1,quasar,0.66530841588974,1,quasar,0.59873366355896,1,quasar,0.5433709621429443
1343,1,quasar,0,galaxy,False,0,galaxy,False,True,0,galaxy,0.5457597374916077,1,quasar,0.4476551413536072,0,galaxy,0.9696416854858398,0,galaxy,0.9824470281600952,0,galaxy,0.9210206270217896,2,star,0.351374089717865
1344,1,quasar,1,quasar,True,1,quasar,True,True,1,quasar,0.8231381773948669,1,quasar,0.9318026304244995,1,quasar,0.7780576348304749,1,quasar,0.6189978718757629,1,quasar,0.5354619026184082,1,quasar,0.5024797320365906
1345,1,quasar,1,quasar,True,1,quasar,True,True,1,quasar,0.6237832307815552,1,quasar,0.6590333580970764,1,quasar,0.7540847659111023,1,quasar,0.5635886788368225,1,quasar,0.537705659866333,2,star,0.47773799300193787
1346,1,quasar,2,star,False,2,star,False,True,1,quasar,0.6819266080856323,1,quasar,0.692782461643219,2,star,0.6620285511016846,2,star,0.9036915302276611,2,star,0.6982631683349609,2,star,0.4830554723739624
1347,1,quasar,1,quasar,True,1,quasar,True,True,1,quasar,0.9290628433227539,1,quasar,0.9349794983863831,2,star,0.8339876532554626,1,quasar,0.550574779510498,1,quasar,0.5091703534126282,0,galaxy,0.3832170069217682
1348,1,quasar,2,star,False,2,star,False,True,1,quasar,0.554232120513916,1,quasar,0.8738378286361694,2,star,0.6248615980148315,2,star,0.6858526468276978,2,star,0.7857088446617126,2,star,0.7879642844200134
1349,1,quasar,1,quasar,True,1,quasar,True,True,1,quasar,0.7219131588935852,1,quasar,0.9000957608222961,1,quasar,0.7825541496276855,1,quasar,0.5716681480407715,1,quasar,0.8298643827438354,2,star,0.6895228624343872
1350,1,quasar,0,galaxy,False,0,galaxy,False,True,0,galaxy,0.6688833832740784,1,quasar,0.7959080338478088,0,galaxy,0.6352376341819763,0,galaxy,0.9429343342781067,0,galaxy,0.9103891849517822,0,galaxy,0.4274757504463196
1351,1,quasar,1,quasar,True,1,quasar,True,True,1,quasar,0.8424780368804932,1,quasar,0.9720506072044373,1,quasar,0.6648948192596436,1,quasar,0.6633791923522949,1,quasar,0.6504234075546265,2,star,0.37966188788414
1352,1,quasar,2,star,False,2,star,False,True,2,star,0.6017822623252869,2,star,0.9590607285499573,2,star,0.9200307726860046,2,star,0.8656537532806396,2,star,0.8023443222045898,2,star,0.742741048336029
1353,1,quasar,1,quasar,True,1,quasar,True,True,1,quasar,0.7677174806594849,1,quasar,0.8812927603721619,1,quasar,0.5659053325653076,1,quasar,0.5664941668510437,2,star,0.5817829370498657,2,star,0.615111768245697
1354,1,quasar,1,quasar,True,1,quasar,True,True,1,quasar,0.9109547734260559,1,quasar,0.8027952313423157,1,quasar,0.7482545375823975,1,quasar,0.6034968495368958,1,quasar,0.6003630757331848,1,quasar,0.5158108472824097
1355,1,quasar,1,quasar,True,1,quasar,True,True,1,quasar,0.8448597192764282,1,quasar,0.8709555268287659,2,star,0.785997748374939,1,quasar,0.5618519186973572,1,quasar,0.8447163701057434,1,quasar,0.9280466437339783
1356,1,quasar,1,quasar,True,1,quasar,True,True,1,quasar,0.9134271740913391,1,quasar,0.9210556149482727,1,quasar,0.7582906484603882,1,quasar,0.764163076877594,1,quasar,0.682947039604187,2,star,0.46307939291000366
1357,1,quasar,2,star,False,2,star,False,True,2,star,0.6193563342094421,1,quasar,0.7425975799560547,2,star,0.6004416346549988,2,star,0.9743847846984863,2,star,0.9014156460762024,2,star,0.7659218907356262
1358,1,quasar,1,quasar,True,1,quasar,True,True,1,quasar,0.8764496445655823,1,quasar,0.9713356494903564,1,quasar,0.8430962562561035,1,quasar,0.7120581269264221,1,quasar,0.7834280729293823,2,star,0.5517297387123108
1359,1,quasar,1,quasar,True,1,quasar,True,True,1,quasar,0.8891476988792419,1,quasar,0.6548030972480774,1,quasar,0.8168275356292725,1,quasar,0.7107623815536499,1,quasar,0.6309836506843567,2,star,0.551117479801178
1360,1,quasar,1,quasar,True,1,quasar,True,True,1,quasar,0.7318153381347656,1,quasar,0.8617407083511353,1,quasar,0.5154706835746765,2,star,0.5802580118179321,1,quasar,0.5132996439933777,2,star,0.5397566556930542
1361,1,quasar,1,quasar,True,1,quasar,True,True,1,quasar,0.9312586784362793,1,quasar,0.9510790109634399,1,quasar,0.8237113356590271,1,quasar,0.7328372597694397,1,quasar,0.5175672173500061,2,star,0.7218607664108276
1362,1,quasar,2,star,False,2,star,False,True,2,star,0.9127850532531738,2,star,0.7066744565963745,2,star,0.7764654159545898,2,star,0.8084856867790222,2,star,0.7342714071273804,2,star,0.7310619354248047
1363,1,quasar,1,quasar,True,1,quasar,True,True,1,quasar,0.8403787612915039,1,quasar,0.9608239531517029,1,quasar,0.6555585861206055,1,quasar,0.6799583435058594,1,quasar,0.6681776642799377,2,star,0.5863628387451172
1364,1,quasar,1,quasar,True,1,quasar,True,True,1,quasar,0.9312970638275146,1,quasar,0.9551970958709717,1,quasar,0.762435257434845,1,quasar,0.7257288098335266,1,quasar,0.6435027718544006,2,star,0.5374314188957214
1365,1,quasar,1,quasar,True,2,star,False,False,1,quasar,0.7754806280136108,1,quasar,0.5235205292701721,1,quasar,0.4444598853588104,2,star,0.6379124522209167,2,star,0.4776713252067566,2,star,0.5237932205200195
1366,1,quasar,0,galaxy,False,0,galaxy,False,True,0,galaxy,0.8174985647201538,1,quasar,0.7773575186729431,0,galaxy,0.6060477495193481,0,galaxy,0.433117151260376,0,galaxy,0.8570767641067505,2,star,0.42253756523132324
1367,1,quasar,1,quasar,True,1,quasar,True,True,1,quasar,0.5842124223709106,1,quasar,0.9657067656517029,1,quasar,0.555251955986023,1,quasar,0.5519497394561768,2,star,0.5757595300674438,2,star,0.7843102812767029
1368,1,quasar,1,quasar,True,1,quasar,True,True,1,quasar,0.897843062877655,1,quasar,0.83903968334198,1,quasar,0.8479020595550537,1,quasar,0.7123729586601257,1,quasar,0.6391235589981079,2,star,0.5910399556159973
1369,1,quasar,1,quasar,True,1,quasar,True,True,1,quasar,0.8488519787788391,1,quasar,0.8328364491462708,2,star,0.6531919240951538,1,quasar,0.6030392646789551,1,quasar,0.5391674637794495,2,star,0.7126926779747009
1370,1,quasar,1,quasar,True,1,quasar,True,True,1,quasar,0.9553549885749817,1,quasar,0.9331450462341309,2,star,0.8519678115844727,1,quasar,0.6656646728515625,1,quasar,0.5595237016677856,2,star,0.5740943551063538
1371,1,quasar,2,star,False,2,star,False,True,1,quasar,0.6676570177078247,2,star,0.5766835808753967,2,star,0.6243518590927124,2,star,0.6010117530822754,2,star,0.7091240882873535,2,star,0.665776789188385
1372,1,quasar,2,star,False,2,star,False,True,2,star,0.9406613111495972,2,star,0.5043237805366516,2,star,0.7125006318092346,2,star,0.9216914772987366,2,star,0.7025482058525085,2,star,0.5539594292640686
1373,1,quasar,1,quasar,True,1,quasar,True,True,1,quasar,0.7475069165229797,1,quasar,0.9646740555763245,2,star,0.4900335967540741,1,quasar,0.622003972530365,2,star,0.5226979851722717,2,star,0.5186117887496948
1374,1,quasar,1,quasar,True,1,quasar,True,True,1,quasar,0.8687673211097717,1,quasar,0.8476099967956543,1,quasar,0.5974531173706055,1,quasar,0.6290155649185181,1,quasar,0.5731474161148071,2,star,0.4153565764427185
1375,1,quasar,0,galaxy,False,0,galaxy,False,True,0,galaxy,0.8089715838432312,1,quasar,0.3643234968185425,0,galaxy,0.821438729763031,0,galaxy,0.8946707844734192,0,galaxy,0.5199413299560547,0,galaxy,0.6917524933815002
1376,1,quasar,1,quasar,True,1,quasar,True,True,1,quasar,0.8353567123413086,1,quasar,0.9847405552864075,1,quasar,0.7940062284469604,1,quasar,0.7218894958496094,1,quasar,0.6727646589279175,0,galaxy,0.5568452477455139
1377,1,quasar,1,quasar,True,1,quasar,True,True,1,quasar,0.9031676650047302,1,quasar,0.953412652015686,1,quasar,0.8330966234207153,1,quasar,0.7275241017341614,1,quasar,0.6617175936698914,2,star,0.40770354866981506
1378,1,quasar,1,quasar,True,1,quasar,True,True,1,quasar,0.7680739760398865,1,quasar,0.4966365098953247,2,star,0.6795713901519775,1,quasar,0.6119405031204224,1,quasar,0.6313439011573792,2,star,0.6203910708427429
1379,1,quasar,1,quasar,True,1,quasar,True,True,1,quasar,0.996579110622406,1,quasar,0.9668223261833191,1,quasar,0.7871828675270081,2,star,0.5737289190292358,1,quasar,0.5928043723106384,1,quasar,0.6428243517875671
1380,1,quasar,0,galaxy,False,1,quasar,True,False,1,quasar,0.8936108946800232,1,quasar,0.9185399413108826,0,galaxy,0.4786700904369354,0,galaxy,0.3871634900569916,0,galaxy,0.4402512013912201,0,galaxy,0.4661894738674164
1381,1,quasar,1,quasar,True,1,quasar,True,True,1,quasar,0.7226510047912598,1,quasar,0.4651796519756317,2,star,0.8987135887145996,2,star,0.6554350256919861,0,galaxy,0.5087379813194275,1,quasar,0.6334609389305115
1382,1,quasar,1,quasar,True,1,quasar,True,True,1,quasar,0.9065294861793518,1,quasar,0.792965829372406,2,star,0.8679189682006836,2,star,0.5576594471931458,0,galaxy,0.41780558228492737,1,quasar,0.8595765829086304
1383,1,quasar,1,quasar,True,1,quasar,True,True,1,quasar,0.9189893007278442,1,quasar,0.7777742743492126,1,quasar,0.8326773643493652,1,quasar,0.6938086152076721,1,quasar,0.6513376832008362,1,quasar,0.5050458908081055
1384,1,quasar,0,galaxy,False,0,galaxy,False,True,1,quasar,0.547069251537323,1,quasar,0.5863313674926758,0,galaxy,0.6624420881271362,0,galaxy,0.4212813973426819,0,galaxy,0.6251327991485596,1,quasar,0.5023574829101562
1385,1,quasar,1,quasar,True,1,quasar,True,True,1,quasar,0.5773448944091797,1,quasar,0.5274739861488342,1,quasar,0.6826328635215759,1,quasar,0.6775170564651489,1,quasar,0.6975446939468384,2,star,0.5854955315589905
1386,1,quasar,1,quasar,True,1,quasar,True,True,1,quasar,0.7225214838981628,1,quasar,0.6793896555900574,1,quasar,0.5271339416503906,2,star,0.7787253260612488,2,star,0.3946216404438019,1,quasar,0.8153639435768127
1387,1,quasar,0,galaxy,False,0,galaxy,False,True,1,quasar,0.5156009793281555,1,quasar,0.5418179631233215,0,galaxy,0.9467192888259888,0,galaxy,0.7886537313461304,0,galaxy,0.9247463345527649,0,galaxy,0.5082194805145264
1388,1,quasar,1,quasar,True,1,quasar,True,True,1,quasar,0.6589754223823547,1,quasar,0.6050378680229187,0,galaxy,0.7012181282043457,2,star,0.5534890294075012,0,galaxy,0.5329483151435852,1,quasar,0.6004852056503296
1389,1,quasar,1,quasar,True,1,quasar,True,True,1,quasar,0.8716839551925659,1,quasar,0.6518619060516357,1,quasar,0.7035583257675171,1,quasar,0.6778586506843567,1,quasar,0.6557891368865967,2,star,0.5397226810455322
1390,1,quasar,1,quasar,True,1,quasar,True,True,1,quasar,0.9154123663902283,1,quasar,0.773591935634613,1,quasar,0.8284953236579895,1,quasar,0.7313693165779114,1,quasar,0.796534538269043,2,star,0.4741172194480896
1391,1,quasar,1,quasar,True,1,quasar,True,True,1,quasar,0.8952379822731018,1,quasar,0.9969885945320129,1,quasar,0.8649176359176636,1,quasar,0.716426432132721,1,quasar,0.8170193433761597,1,quasar,0.5903251767158508
1392,1,quasar,1,quasar,True,1,quasar,True,True,1,quasar,0.967656672000885,1,quasar,0.8997575640678406,1,quasar,0.7448331117630005,1,quasar,0.6715914607048035,1,quasar,0.6030774712562561,1,quasar,0.6024748682975769
1393,1,quasar,1,quasar,True,1,quasar,True,True,1,quasar,0.8886380195617676,1,quasar,0.7815837860107422,1,quasar,0.8129600286483765,1,quasar,0.5431106686592102,1,quasar,0.56706303358078,1,quasar,0.779082715511322
1394,1,quasar,1,quasar,True,1,quasar,True,True,1,quasar,0.9502326250076294,1,quasar,0.5036608576774597,2,star,0.9348577857017517,2,star,0.6465635895729065,2,star,0.48298242688179016,1,quasar,0.6037344336509705
1395,1,quasar,0,galaxy,False,0,galaxy,False,True,0,galaxy,0.6790704727172852,1,quasar,0.87333083152771,0,galaxy,0.9667012095451355,0,galaxy,0.9787989854812622,0,galaxy,0.908613920211792,1,quasar,0.5203163027763367
1396,1,quasar,0,galaxy,False,0,galaxy,False,True,0,galaxy,0.5252207517623901,0,galaxy,0.46059101819992065,0,galaxy,0.9416364431381226,1,quasar,0.5844847559928894,0,galaxy,0.8596627712249756,0,galaxy,0.5650487542152405
1397,1,quasar,0,galaxy,False,0,galaxy,False,True,1,quasar,0.4485270082950592,1,quasar,0.3742404878139496,0,galaxy,0.41767069697380066,2,star,0.5080218315124512,0,galaxy,0.41166815161705017,0,galaxy,0.6015782952308655
1398,1,quasar,1,quasar,True,1,quasar,True,True,1,quasar,0.9714831113815308,1,quasar,0.9371563196182251,1,quasar,0.7569460868835449,1,quasar,0.6881991624832153,1,quasar,0.6988537907600403,1,quasar,0.780268132686615
1399,1,quasar,0,galaxy,False,0,galaxy,False,True,1,quasar,1.0,0,galaxy,0.4165193438529968,0,galaxy,0.8165695667266846,0,galaxy,0.9663116931915283,0,galaxy,0.947971761226654,2,star,0.5811212658882141
1400,1,quasar,1,quasar,True,1,quasar,True,True,1,quasar,0.8176376819610596,1,quasar,0.6131240725517273,1,quasar,0.6800479888916016,2,star,0.5041412711143494,1,quasar,0.5868728756904602,0,galaxy,0.541277289390564
1401,1,quasar,0,galaxy,False,0,galaxy,False,True,1,quasar,0.4875972867012024,1,quasar,0.7359063029289246,1,quasar,0.5572763085365295,0,galaxy,0.8669012188911438,0,galaxy,0.495468407869339,0,galaxy,0.5387304425239563
1402,1,quasar,1,quasar,True,1,quasar,True,True,1,quasar,0.9797190427780151,1,quasar,0.9813356399536133,1,quasar,0.8789297938346863,1,quasar,0.7058829665184021,1,quasar,0.8517248034477234,1,quasar,0.562209963798523
1403,1,quasar,1,quasar,True,0,galaxy,False,False,1,quasar,0.5987001657485962,1,quasar,0.4306677281856537,2,star,0.6006048321723938,2,star,0.44031545519828796,0,galaxy,0.7849333882331848,1,quasar,0.5054909586906433
1404,1,quasar,1,quasar,True,1,quasar,True,True,1,quasar,0.9842413067817688,1,quasar,0.9640209078788757,1,quasar,0.6898101568222046,1,quasar,0.627890408039093,1,quasar,0.7034755349159241,1,quasar,0.5807357430458069
1405,1,quasar,1,quasar,True,1,quasar,True,True,1,quasar,0.8786153197288513,1,quasar,0.7893688082695007,1,quasar,0.7525503635406494,1,quasar,0.6612148284912109,1,quasar,0.5918751955032349,1,quasar,0.5799782872200012
1406,1,quasar,1,quasar,True,1,quasar,True,True,1,quasar,0.9737232327461243,1,quasar,0.9833917617797852,1,quasar,0.6938148140907288,1,quasar,0.6948965787887573,1,quasar,0.7697781324386597,2,star,0.5102306008338928
1407,1,quasar,1,quasar,True,1,quasar,True,True,1,quasar,0.7847582101821899,1,quasar,0.7411910891532898,2,star,0.5953841805458069,1,quasar,0.7201938629150391,1,quasar,0.7416000366210938,1,quasar,0.47832170128822327
1408,1,quasar,0,galaxy,False,0,galaxy,False,True,0,galaxy,0.5941835045814514,0,galaxy,0.874090313911438,0,galaxy,0.5340921878814697,0,galaxy,0.9382629990577698,0,galaxy,0.9016721844673157,1,quasar,0.4314701557159424
1409,1,quasar,1,quasar,True,1,quasar,True,True,1,quasar,0.9484727382659912,1,quasar,0.9900799989700317,1,quasar,0.8164364695549011,1,quasar,0.7082592844963074,1,quasar,0.5064683556556702,1,quasar,0.5209177136421204
1410,1,quasar,1,quasar,True,1,quasar,True,True,1,quasar,0.9483070969581604,1,quasar,0.9854720234870911,1,quasar,0.8509777784347534,1,quasar,0.6687748432159424,1,quasar,0.8123162388801575,1,quasar,0.6431865096092224
1411,1,quasar,1,quasar,True,1,quasar,True,True,1,quasar,0.9814870357513428,1,quasar,0.9925050735473633,1,quasar,0.8162500858306885,1,quasar,0.7165902853012085,1,quasar,0.7328813672065735,1,quasar,0.846375584602356
1412,1,quasar,1,quasar,True,1,quasar,True,True,1,quasar,0.8409352898597717,1,quasar,0.9812911748886108,1,quasar,0.5182822942733765,1,quasar,0.6060156226158142,1,quasar,0.5755468606948853,1,quasar,0.5583300590515137
1413,1,quasar,1,quasar,True,1,quasar,True,True,1,quasar,0.9910510778427124,1,quasar,0.9689298272132874,1,quasar,0.8272284865379333,1,quasar,0.6298905611038208,1,quasar,0.6438114047050476,1,quasar,0.6968005895614624
1414,1,quasar,1,quasar,True,1,quasar,True,True,1,quasar,0.9777383804321289,1,quasar,0.9770501852035522,1,quasar,0.8554351925849915,1,quasar,0.725811243057251,1,quasar,0.8187485933303833,2,star,0.4676293730735779
1415,1,quasar,1,quasar,True,1,quasar,True,True,1,quasar,0.9034257531166077,1,quasar,0.5706827640533447,1,quasar,0.8030484318733215,1,quasar,0.5460953712463379,1,quasar,0.787775456905365,1,quasar,0.5195744633674622
1416,1,quasar,1,quasar,True,1,quasar,True,True,1,quasar,0.8203584551811218,1,quasar,0.6493746638298035,1,quasar,0.8329895734786987,2,star,0.47807854413986206,1,quasar,0.6770380139350891,1,quasar,0.474129855632782
1417,1,quasar,1,quasar,True,1,quasar,True,True,1,quasar,0.8389802575111389,1,quasar,0.9070125222206116,1,quasar,0.7526475191116333,1,quasar,0.592463493347168,1,quasar,0.81895512342453,1,quasar,0.5242546200752258
1418,1,quasar,1,quasar,True,1,quasar,True,True,1,quasar,0.9597983956336975,1,quasar,0.967906653881073,1,quasar,0.8565810918807983,1,quasar,0.7363224625587463,1,quasar,0.8022623658180237,1,quasar,0.6031396985054016
1419,1,quasar,0,galaxy,False,0,galaxy,False,True,0,galaxy,0.7334617972373962,0,galaxy,0.41065093874931335,0,galaxy,0.9079214930534363,2,star,0.45852458477020264,0,galaxy,0.9288522601127625,0,galaxy,0.5259161591529846
1420,1,quasar,1,quasar,True,1,quasar,True,True,1,quasar,0.4967171549797058,1,quasar,0.7720924019813538,1,quasar,0.5877335667610168,1,quasar,0.6103320121765137,2,star,0.35941627621650696,2,star,0.5546663403511047
1421,1,quasar,1,quasar,True,1,quasar,True,True,1,quasar,0.48126474022865295,2,star,0.36471912264823914,1,quasar,0.5443799495697021,2,star,0.42310357093811035,0,galaxy,0.598518431186676,1,quasar,0.5167520642280579
1422,1,quasar,1,quasar,True,1,quasar,True,True,1,quasar,0.7958254814147949,1,quasar,0.8205073475837708,1,quasar,0.5796217918395996,1,quasar,0.6763628125190735,1,quasar,0.581902801990509,2,star,0.5162670612335205
1423,1,quasar,1,quasar,True,1,quasar,True,True,1,quasar,0.7834537029266357,1,quasar,0.8729172348976135,1,quasar,0.6907934546470642,1,quasar,0.6899248957633972,1,quasar,0.6713528633117676,2,star,0.45002707839012146
1424,1,quasar,1,quasar,True,1,quasar,True,True,1,quasar,0.9470474123954773,1,quasar,0.9743951559066772,1,quasar,0.7451383471488953,1,quasar,0.6290141940116882,1,quasar,0.7151516079902649,0,galaxy,0.382843017578125
1425,1,quasar,1,quasar,True,1,quasar,True,True,1,quasar,0.7692979574203491,1,quasar,0.701982319355011,1,quasar,0.6507574915885925,1,quasar,0.667041540145874,1,quasar,0.5846440196037292,2,star,0.5590203404426575
1426,1,quasar,0,galaxy,False,0,galaxy,False,True,0,galaxy,0.9697984457015991,0,galaxy,0.6794970035552979,0,galaxy,0.9755697250366211,0,galaxy,0.9888309836387634,0,galaxy,0.9412299990653992,0,galaxy,0.5421413779258728
1427,1,quasar,1,quasar,True,1,quasar,True,True,1,quasar,0.9160010814666748,1,quasar,0.9610801339149475,1,quasar,0.6827040910720825,1,quasar,0.7030682563781738,1,quasar,0.5770947933197021,1,quasar,0.4638289511203766
1428,1,quasar,1,quasar,True,1,quasar,True,True,1,quasar,0.7707932591438293,1,quasar,0.9425294995307922,1,quasar,0.7769566178321838,1,quasar,0.6400923728942871,2,star,0.6295029520988464,2,star,0.5937456488609314
1429,1,quasar,1,quasar,True,1,quasar,True,True,1,quasar,0.6357883214950562,1,quasar,0.43079203367233276,1,quasar,0.5622039437294006,0,galaxy,0.6151793003082275,2,star,0.4348107874393463,1,quasar,0.3407983183860779
1430,1,quasar,1,quasar,True,1,quasar,True,True,1,quasar,0.8573113679885864,1,quasar,0.9951707720756531,1,quasar,0.8403486609458923,1,quasar,0.6982855796813965,1,quasar,0.7300163507461548,2,star,0.48692888021469116
1431,1,quasar,1,quasar,True,1,quasar,True,True,1,quasar,0.9563202857971191,1,quasar,0.9093030691146851,1,quasar,0.8285419940948486,1,quasar,0.7258048057556152,1,quasar,0.7703050374984741,2,star,0.5083763003349304
1432,1,quasar,1,quasar,True,1,quasar,True,True,1,quasar,0.7368642687797546,2,star,0.6959314942359924,1,quasar,0.6681864857673645,2,star,0.5254620313644409,1,quasar,0.776366651058197,2,star,0.659563422203064
1433,1,quasar,0,galaxy,False,0,galaxy,False,True,0,galaxy,0.9807981848716736,1,quasar,0.6460793614387512,0,galaxy,0.9678646922111511,0,galaxy,0.9737955331802368,0,galaxy,0.9541050791740417,2,star,0.44535553455352783
1434,1,quasar,1,quasar,True,1,quasar,True,True,1,quasar,0.686735212802887,1,quasar,0.9821469187736511,1,quasar,0.7392075061798096,1,quasar,0.7136472463607788,1,quasar,0.5924575924873352,1,quasar,0.5433037877082825
1435,1,quasar,1,quasar,True,2,star,False,False,1,quasar,0.5458245873451233,1,quasar,0.7842362523078918,1,quasar,0.5153564810752869,2,star,0.7837486863136292,2,star,0.6186197400093079,2,star,0.5485119223594666
1436,1,quasar,1,quasar,True,1,quasar,True,True,2,star,0.6014212369918823,1,quasar,0.942926824092865,1,quasar,0.6105188131332397,1,quasar,0.5398762822151184,2,star,0.5876110196113586,1,quasar,0.4371349811553955
1437,1,quasar,1,quasar,True,1,quasar,True,True,1,quasar,0.9415667057037354,1,quasar,0.9872913956642151,1,quasar,0.6472083330154419,1,quasar,0.649935245513916,1,quasar,0.5606083273887634,1,quasar,0.5499728322029114
1438,1,quasar,1,quasar,True,1,quasar,True,True,1,quasar,0.6929489970207214,1,quasar,0.9999216794967651,1,quasar,0.6245919466018677,1,quasar,0.5053368806838989,1,quasar,0.5839293003082275,2,star,0.4417392611503601
1439,1,quasar,1,quasar,True,1,quasar,True,True,1,quasar,0.7849369645118713,1,quasar,0.7644824385643005,1,quasar,0.7728844881057739,1,quasar,0.6462985873222351,2,star,0.5101478695869446,2,star,0.5929300785064697
1440,1,quasar,2,star,False,2,star,False,True,2,star,0.5402535796165466,1,quasar,0.7064427137374878,2,star,0.6881995797157288,2,star,0.6691034436225891,2,star,0.7069513201713562,2,star,0.6276568174362183
1441,1,quasar,0,galaxy,False,0,galaxy,False,True,0,galaxy,0.9299685955047607,0,galaxy,0.9984861016273499,0,galaxy,0.9851678609848022,0,galaxy,0.9772337675094604,0,galaxy,0.9855631589889526,0,galaxy,0.8721165060997009
1442,1,quasar,0,galaxy,False,0,galaxy,False,True,1,quasar,0.4783019721508026,1,quasar,0.5098649859428406,0,galaxy,0.8525077700614929,0,galaxy,0.4902985394001007,0,galaxy,0.3558371961116791,2,star,0.43006935715675354
1443,1,quasar,0,galaxy,False,0,galaxy,False,True,0,galaxy,0.9211543202400208,1,quasar,0.5265700221061707,0,galaxy,0.9730701446533203,0,galaxy,0.9792989492416382,0,galaxy,0.9372557997703552,0,galaxy,0.44228583574295044
1444,1,quasar,1,quasar,True,1,quasar,True,True,1,quasar,0.6857721209526062,1,quasar,0.9061785340309143,1,quasar,0.7946799397468567,1,quasar,0.7288433313369751,2,star,0.6464263796806335,2,star,0.5284809470176697
1445,1,quasar,1,quasar,True,1,quasar,True,True,2,star,0.6511715054512024,1,quasar,0.9067152738571167,1,quasar,0.7074142098426819,2,star,0.6218509078025818,1,quasar,0.7155612707138062,1,quasar,0.43773773312568665
1446,1,quasar,1,quasar,True,1,quasar,True,True,1,quasar,0.8483700156211853,1,quasar,0.9862418174743652,1,quasar,0.8553690910339355,1,quasar,0.6746190786361694,1,quasar,0.8060775995254517,2,star,0.5162530541419983
1447,1,quasar,2,star,False,2,star,False,True,1,quasar,0.5783239006996155,2,star,0.5764120221138,2,star,0.5247717499732971,2,star,0.6495901942253113,2,star,0.5529651045799255,2,star,0.5825279951095581
1448,1,quasar,1,quasar,True,1,quasar,True,True,1,quasar,0.7950222492218018,1,quasar,0.9725209474563599,1,quasar,0.6847190260887146,1,quasar,0.6705378890037537,1,quasar,0.59100741147995,2,star,0.39773988723754883
1449,1,quasar,1,quasar,True,1,quasar,True,True,1,quasar,0.7133105397224426,1,quasar,0.8054593801498413,1,quasar,0.660628616809845,1,quasar,0.5144169330596924,1,quasar,0.5665614008903503,2,star,0.3725354075431824
1450,1,quasar,1,quasar,True,1,quasar,True,True,1,quasar,0.7316691279411316,1,quasar,0.9295936226844788,1,quasar,0.6342789530754089,1,quasar,0.5188127756118774,1,quasar,0.6206512451171875,2,star,0.5649986267089844
1451,1,quasar,1,quasar,True,1,quasar,True,True,2,star,0.5069709420204163,1,quasar,0.8427926898002625,1,quasar,0.6728639602661133,1,quasar,0.6574387550354004,2,star,0.5528817772865295,1,quasar,0.4777747690677643
1452,1,quasar,1,quasar,True,1,quasar,True,True,1,quasar,0.9317683577537537,2,star,0.8078441619873047,2,star,0.5544517040252686,1,quasar,0.7125247120857239,1,quasar,0.6039441823959351,2,star,0.622140109539032
1453,1,quasar,0,galaxy,False,0,galaxy,False,True,0,galaxy,0.6213023662567139,1,quasar,0.3687581717967987,0,galaxy,0.9544311761856079,0,galaxy,0.9510685205459595,0,galaxy,0.9555744528770447,0,galaxy,0.44175422191619873
1454,1,quasar,1,quasar,True,1,quasar,True,True,1,quasar,0.7775396704673767,1,quasar,0.7087419629096985,1,quasar,0.7335220575332642,1,quasar,0.7041060328483582,1,quasar,0.6487745046615601,2,star,0.39063188433647156
1455,1,quasar,1,quasar,True,1,quasar,True,True,1,quasar,0.8281832933425903,1,quasar,0.8528021574020386,1,quasar,0.7831693291664124,1,quasar,0.7096362113952637,1,quasar,0.7144683003425598,2,star,0.6060542464256287
1456,1,quasar,1,quasar,True,1,quasar,True,True,2,star,0.6798802018165588,1,quasar,0.9839994311332703,1,quasar,0.6277816295623779,1,quasar,0.557318925857544,2,star,0.5455102324485779,2,star,0.5250656008720398
1457,1,quasar,1,quasar,True,1,quasar,True,True,1,quasar,0.8123508095741272,1,quasar,0.8241187334060669,1,quasar,0.6377511620521545,1,quasar,0.6292622089385986,1,quasar,0.6777665019035339,2,star,0.4094600975513458
1458,1,quasar,1,quasar,True,1,quasar,True,True,1,quasar,0.9497108459472656,1,quasar,0.8229498267173767,1,quasar,0.8550007939338684,1,quasar,0.7411671280860901,1,quasar,0.7236161828041077,2,star,0.5086022615432739
1459,1,quasar,2,star,False,2,star,False,True,1,quasar,0.7171595096588135,1,quasar,0.7125512361526489,2,star,0.7814965844154358,2,star,0.8134353160858154,2,star,0.5994211435317993,2,star,0.7550277709960938
1460,1,quasar,1,quasar,True,1,quasar,True,True,1,quasar,0.7967234253883362,1,quasar,0.9987779259681702,1,quasar,0.8393548727035522,2,star,0.511633574962616,1,quasar,0.8293107748031616,2,star,0.6477816700935364
1461,1,quasar,1,quasar,True,1,quasar,True,True,1,quasar,0.9165431261062622,1,quasar,0.8945696949958801,1,quasar,0.7652670741081238,1,quasar,0.7011984586715698,1,quasar,0.6376683115959167,2,star,0.5076329112052917
1462,1,quasar,1,quasar,True,1,quasar,True,True,1,quasar,0.7462745308876038,1,quasar,0.7131767868995667,1,quasar,0.6570150256156921,1,quasar,0.4941430985927582,1,quasar,0.5465351939201355,0,galaxy,0.39740145206451416
1463,1,quasar,1,quasar,True,1,quasar,True,True,1,quasar,0.6132922768592834,1,quasar,0.7822161316871643,1,quasar,0.7255080342292786,1,quasar,0.6713690161705017,1,quasar,0.6505066156387329,2,star,0.5215284824371338
1464,1,quasar,1,quasar,True,1,quasar,True,True,1,quasar,0.8980756998062134,1,quasar,0.8748366236686707,1,quasar,0.8221838474273682,1,quasar,0.5299162268638611,1,quasar,0.8302973508834839,2,star,0.5125470161437988
1465,1,quasar,1,quasar,True,1,quasar,True,True,1,quasar,0.8452860713005066,1,quasar,0.9961389899253845,2,star,0.49769681692123413,1,quasar,0.5289146304130554,2,star,0.6691442131996155,2,star,0.6985899209976196
1466,1,quasar,1,quasar,True,1,quasar,True,True,1,quasar,0.6499277949333191,1,quasar,0.7772228121757507,1,quasar,0.7263357043266296,1,quasar,0.709252655506134,1,quasar,0.6787796020507812,0,galaxy,0.3751770555973053
1467,1,quasar,1,quasar,True,1,quasar,True,True,1,quasar,0.8800196647644043,1,quasar,0.8558076024055481,1,quasar,0.781219482421875,1,quasar,0.6881800889968872,1,quasar,0.6321437954902649,2,star,0.465631365776062
1468,1,quasar,1,quasar,True,1,quasar,True,True,1,quasar,0.5444682240486145,1,quasar,0.6991626620292664,1,quasar,0.6842575073242188,2,star,0.5124095678329468,1,quasar,0.6033292412757874,2,star,0.6094278693199158
1469,1,quasar,2,star,False,2,star,False,True,0,galaxy,0.7624876499176025,1,quasar,0.5088199377059937,1,quasar,0.467815101146698,2,star,0.6695338487625122,2,star,0.675281822681427,2,star,0.6485920548439026
1470,1,quasar,0,galaxy,False,2,star,False,False,1,quasar,0.6045703291893005,1,quasar,0.7781156301498413,2,star,0.7720562219619751,0,galaxy,0.38630354404449463,0,galaxy,0.47678279876708984,2,star,0.5872904658317566
1471,1,quasar,1,quasar,True,1,quasar,True,True,1,quasar,0.4609478712081909,1,quasar,0.7263892292976379,1,quasar,0.5360963344573975,2,star,0.4810630977153778,0,galaxy,0.8469156622886658,0,galaxy,0.4480765759944916
1472,1,quasar,1,quasar,True,1,quasar,True,True,1,quasar,0.5639408826828003,1,quasar,0.9854676127433777,1,quasar,0.530616283416748,1,quasar,0.5490346550941467,2,star,0.5233467817306519,2,star,0.6329240202903748
1473,1,quasar,1,quasar,True,1,quasar,True,True,1,quasar,0.7078650593757629,1,quasar,0.6902793049812317,1,quasar,0.5984310507774353,1,quasar,0.7523435354232788,1,quasar,0.5993321537971497,2,star,0.820085346698761
1474,1,quasar,1,quasar,True,1,quasar,True,True,1,quasar,0.9199512600898743,1,quasar,0.8830533027648926,1,quasar,0.7247269153594971,1,quasar,0.6146019697189331,1,quasar,0.6770615577697754,2,star,0.45384490489959717
1475,1,quasar,1,quasar,True,1,quasar,True,True,1,quasar,0.7755903005599976,1,quasar,0.7687072157859802,1,quasar,0.6232261657714844,1,quasar,0.6015969514846802,1,quasar,0.640044629573822,2,star,0.39790377020835876
1476,1,quasar,1,quasar,True,2,star,False,False,2,star,0.5434572100639343,1,quasar,0.6403642892837524,1,quasar,0.5309498906135559,2,star,0.6009551286697388,1,quasar,0.6025329232215881,2,star,0.6493101119995117
1477,1,quasar,1,quasar,True,1,quasar,True,True,1,quasar,0.8234263062477112,1,quasar,0.8383570313453674,1,quasar,0.731928288936615,1,quasar,0.674602746963501,1,quasar,0.6198428273200989,2,star,0.6084818243980408
1478,1,quasar,1,quasar,True,1,quasar,True,True,1,quasar,0.8469914793968201,1,quasar,0.6738753914833069,2,star,0.5363254547119141,1,quasar,0.5793151259422302,1,quasar,0.6607040762901306,2,star,0.5877988338470459
1479,1,quasar,1,quasar,True,1,quasar,True,True,1,quasar,0.9642465114593506,1,quasar,0.9780358076095581,1,quasar,0.8338563442230225,1,quasar,0.6936547160148621,1,quasar,0.8304634094238281,2,star,0.5325218439102173
1480,1,quasar,1,quasar,True,1,quasar,True,True,1,quasar,0.8426880240440369,1,quasar,0.9689401388168335,1,quasar,0.7731047868728638,1,quasar,0.6502594947814941,1,quasar,0.7726341485977173,2,star,0.7136560082435608
1481,1,quasar,1,quasar,True,1,quasar,True,True,1,quasar,0.6595267653465271,1,quasar,0.812906801700592,1,quasar,0.6668106317520142,1,quasar,0.5161796808242798,1,quasar,0.6448386311531067,2,star,0.5740637183189392
1482,1,quasar,1,quasar,True,1,quasar,True,True,1,quasar,0.7628060579299927,1,quasar,0.9438205361366272,1,quasar,0.8349933624267578,1,quasar,0.7375982999801636,1,quasar,0.770923912525177,2,star,0.6994016170501709
1483,1,quasar,1,quasar,True,1,quasar,True,True,1,quasar,0.8952288627624512,1,quasar,0.9330254793167114,1,quasar,0.8146965503692627,1,quasar,0.7076933979988098,1,quasar,0.7071896195411682,2,star,0.5258932709693909
1484,1,quasar,1,quasar,True,1,quasar,True,True,1,quasar,0.6936214566230774,1,quasar,0.9931685924530029,1,quasar,0.763974130153656,1,quasar,0.6858843564987183,2,star,0.757672905921936,2,star,0.5612913966178894
1485,1,quasar,0,galaxy,False,0,galaxy,False,True,1,quasar,0.5470276474952698,1,quasar,0.7442265748977661,0,galaxy,0.7318524122238159,0,galaxy,0.9525935053825378,0,galaxy,0.9012767672538757,2,star,0.4176928400993347
1486,1,quasar,1,quasar,True,1,quasar,True,True,1,quasar,0.8644829392433167,1,quasar,0.7537524700164795,1,quasar,0.6939347386360168,1,quasar,0.6528745889663696,1,quasar,0.5979645848274231,2,star,0.4417668282985687
1487,1,quasar,2,star,False,2,star,False,True,2,star,0.8520692586898804,1,quasar,0.6373960971832275,1,quasar,0.5109968185424805,2,star,0.5326675176620483,2,star,0.5679225325584412,2,star,0.7846708297729492
1488,1,quasar,1,quasar,True,1,quasar,True,True,1,quasar,0.5979477167129517,1,quasar,0.6832177639007568,1,quasar,0.7604084610939026,1,quasar,0.6930312514305115,1,quasar,0.7197445034980774,0,galaxy,0.42185938358306885
1489,1,quasar,1,quasar,True,1,quasar,True,True,1,quasar,0.9193645119667053,1,quasar,0.7778106927871704,1,quasar,0.7007044553756714,1,quasar,0.7381005883216858,1,quasar,0.6393294334411621,2,star,0.5277075171470642
1490,1,quasar,1,quasar,True,1,quasar,True,True,1,quasar,0.5777408480644226,1,quasar,0.982053279876709,1,quasar,0.6677129864692688,1,quasar,0.5026721954345703,1,quasar,0.7492489814758301,2,star,0.6924191117286682
1491,1,quasar,1,quasar,True,1,quasar,True,True,1,quasar,0.9544897079467773,1,quasar,0.9626451134681702,1,quasar,0.721871018409729,1,quasar,0.7172375321388245,1,quasar,0.6834276914596558,2,star,0.7012143135070801
1492,1,quasar,2,star,False,2,star,False,True,1,quasar,0.7370634078979492,1,quasar,0.4812328815460205,2,star,0.36543017625808716,2,star,0.5880988836288452,2,star,0.6020066738128662,0,galaxy,0.5039132237434387
1493,1,quasar,2,star,False,2,star,False,True,2,star,0.5737058520317078,2,star,0.6377522349357605,2,star,0.5703707337379456,2,star,0.4790976941585541,1,quasar,0.5269487500190735,2,star,0.4636843502521515
1494,1,quasar,1,quasar,True,1,quasar,True,True,1,quasar,0.8942743539810181,1,quasar,0.9887765049934387,1,quasar,0.8600397706031799,1,quasar,0.5925535559654236,1,quasar,0.8426508903503418,1,quasar,0.5259974598884583
1495,1,quasar,2,star,False,2,star,False,True,2,star,0.5967608094215393,1,quasar,0.6156916618347168,2,star,0.9532222151756287,2,star,0.9337810277938843,2,star,0.7766281962394714,2,star,0.6919616460800171
1496,1,quasar,1,quasar,True,1,quasar,True,True,1,quasar,0.6488056182861328,1,quasar,0.6633160710334778,1,quasar,0.7858626246452332,1,quasar,0.7307153940200806,1,quasar,0.6528558731079102,2,star,0.5411447882652283
1497,1,quasar,1,quasar,True,1,quasar,True,True,2,star,0.5479004383087158,1,quasar,0.8999271392822266,1,quasar,0.5905859470367432,1,quasar,0.5813267827033997,2,star,0.5080969929695129,2,star,0.5105547904968262
1498,1,quasar,1,quasar,True,1,quasar,True,True,1,quasar,0.7653969526290894,1,quasar,0.8641270995140076,1,quasar,0.6874284148216248,1,quasar,0.728096604347229,1,quasar,0.6582890748977661,2,star,0.7068465352058411
1499,1,quasar,1,quasar,True,1,quasar,True,True,1,quasar,0.6764594912528992,1,quasar,0.5566387176513672,1,quasar,0.7611662745475769,1,quasar,0.7248632311820984,2,star,0.6172406077384949,2,star,0.83464115858078
1500,1,quasar,1,quasar,True,1,quasar,True,True,1,quasar,0.8022620677947998,1,quasar,0.9361782073974609,1,quasar,0.8425707817077637,1,quasar,0.7122534513473511,1,quasar,0.7083553671836853,2,star,0.4891016483306885
1501,1,quasar,2,star,False,2,star,False,True,0,galaxy,0.37282100319862366,2,star,0.7430691719055176,1,quasar,0.5161361694335938,2,star,0.815314769744873,2,star,0.6186183094978333,2,star,0.644313633441925
1502,1,quasar,1,quasar,True,1,quasar,True,True,1,quasar,0.9092145562171936,1,quasar,0.9207911491394043,1,quasar,0.7712467312812805,1,quasar,0.6838411092758179,2,star,0.5010099411010742,1,quasar,0.5793775916099548
1503,1,quasar,1,quasar,True,2,star,False,False,1,quasar,0.8700222373008728,2,star,0.7608312964439392,2,star,0.7216970324516296,1,quasar,0.6591193675994873,1,quasar,0.5770401358604431,2,star,0.6806920766830444
1504,1,quasar,2,star,False,1,quasar,True,False,1,quasar,0.8973293304443359,1,quasar,0.8158541321754456,2,star,0.6455268859863281,2,star,0.5169122815132141,2,star,0.5184894800186157,2,star,0.7308471202850342
1505,1,quasar,2,star,False,2,star,False,True,2,star,0.6346170902252197,2,star,0.9294629693031311,1,quasar,0.5422101616859436,1,quasar,0.6343515515327454,2,star,0.5106983780860901,2,star,0.5756709575653076
1506,1,quasar,1,quasar,True,1,quasar,True,True,2,star,0.49944356083869934,1,quasar,0.9058383107185364,1,quasar,0.784785270690918,1,quasar,0.6903792023658752,1,quasar,0.5775300860404968,2,star,0.4326139986515045
1507,1,quasar,1,quasar,True,1,quasar,True,True,1,quasar,0.9210689663887024,1,quasar,0.8999269604682922,1,quasar,0.7845706939697266,1,quasar,0.6337848901748657,1,quasar,0.8604377508163452,2,star,0.7380412220954895
1508,1,quasar,1,quasar,True,1,quasar,True,True,1,quasar,0.9062484502792358,1,quasar,0.9982934594154358,1,quasar,0.7651975154876709,2,star,0.6209371089935303,2,star,0.5541254281997681,1,quasar,0.6994601488113403
1509,1,quasar,2,star,False,2,star,False,True,2,star,0.8945738077163696,2,star,0.9389426112174988,2,star,0.7380755543708801,2,star,0.760199248790741,2,star,0.7275050282478333,2,star,0.6910626888275146
1510,1,quasar,1,quasar,True,1,quasar,True,True,1,quasar,0.9616800546646118,1,quasar,0.9978880286216736,1,quasar,0.7328149080276489,1,quasar,0.6848292946815491,1,quasar,0.6042482256889343,1,quasar,0.6544869542121887
1511,1,quasar,1,quasar,True,1,quasar,True,True,1,quasar,0.8766805529594421,1,quasar,0.885543942451477,1,quasar,0.602964460849762,1,quasar,0.6461693644523621,1,quasar,0.6878882050514221,1,quasar,0.4057171642780304
1512,1,quasar,2,star,False,2,star,False,True,1,quasar,0.5674110054969788,2,star,0.518647313117981,2,star,0.870078980922699,2,star,0.9405031204223633,2,star,0.7197443842887878,2,star,0.46640118956565857
1513,1,quasar,1,quasar,True,1,quasar,True,True,1,quasar,0.9770035147666931,1,quasar,0.9967081546783447,1,quasar,0.8529130816459656,1,quasar,0.6021024584770203,1,quasar,0.552151620388031,1,quasar,0.5230993032455444
1514,1,quasar,1,quasar,True,1,quasar,True,True,1,quasar,0.6339701414108276,1,quasar,0.9291839003562927,2,star,0.5604238510131836,1,quasar,0.663425624370575,2,star,0.5382888913154602,1,quasar,0.4101904034614563
1515,1,quasar,1,quasar,True,1,quasar,True,True,1,quasar,0.7214728593826294,1,quasar,0.9986249208450317,1,quasar,0.7731236219406128,1,quasar,0.5189759731292725,1,quasar,0.7904678583145142,1,quasar,0.47096434235572815
1516,1,quasar,1,quasar,True,1,quasar,True,True,1,quasar,0.9534550309181213,1,quasar,0.8936144113540649,1,quasar,0.7980718016624451,1,quasar,0.7069823145866394,1,quasar,0.7951104640960693,0,galaxy,0.5674160718917847
1517,1,quasar,0,galaxy,False,0,galaxy,False,True,0,galaxy,0.9946812987327576,0,galaxy,0.997922956943512,0,galaxy,0.8033779263496399,0,galaxy,0.9834169149398804,0,galaxy,0.9021002054214478,0,galaxy,0.7484186291694641
1518,1,quasar,2,star,False,2,star,False,True,2,star,0.6084663271903992,2,star,0.8312317728996277,2,star,0.6186540722846985,2,star,0.8094832897186279,1,quasar,0.6877314448356628,2,star,0.641961932182312
1519,1,quasar,2,star,False,1,quasar,True,False,1,quasar,0.9105185866355896,1,quasar,0.9946478009223938,2,star,0.5232090353965759,2,star,0.5921143293380737,2,star,0.5257807374000549,2,star,0.5587338805198669
1520,1,quasar,0,galaxy,False,0,galaxy,False,True,0,galaxy,0.957268476486206,0,galaxy,0.7255533337593079,0,galaxy,0.9321091771125793,0,galaxy,0.9482822418212891,0,galaxy,0.94918292760849,0,galaxy,0.4246392250061035
1521,1,quasar,1,quasar,True,1,quasar,True,True,1,quasar,0.7617781162261963,1,quasar,0.8435180187225342,1,quasar,0.6820469498634338,1,quasar,0.6038705706596375,1,quasar,0.6510791182518005,2,star,0.5367835760116577
1522,1,quasar,1,quasar,True,1,quasar,True,True,1,quasar,0.910045862197876,1,quasar,0.9913784265518188,1,quasar,0.8451493978500366,1,quasar,0.6321203112602234,1,quasar,0.5441606640815735,2,star,0.4987848699092865
1523,1,quasar,1,quasar,True,1,quasar,True,True,1,quasar,0.9694687724113464,1,quasar,0.9712507128715515,1,quasar,0.8562679290771484,1,quasar,0.6806163787841797,1,quasar,0.7484753727912903,0,galaxy,0.419629842042923
1524,1,quasar,1,quasar,True,1,quasar,True,True,1,quasar,0.7954632043838501,1,quasar,0.9993172883987427,1,quasar,0.6357327699661255,1,quasar,0.6776635646820068,1,quasar,0.5853191018104553,1,quasar,0.46906131505966187
1525,2,star,2,star,True,2,star,True,True,2,star,0.9413006901741028,2,star,0.9831563830375671,2,star,0.9993645548820496,2,star,0.9906495213508606,2,star,0.940367579460144,1,quasar,0.41708576679229736
1526,2,star,1,quasar,False,1,quasar,False,True,1,quasar,0.7912771105766296,2,star,0.6543809771537781,1,quasar,0.7078720331192017,2,star,0.5575857162475586,1,quasar,0.6207371950149536,1,quasar,0.6148968935012817
1527,2,star,2,star,True,2,star,True,True,2,star,0.8562227487564087,2,star,0.9876943826675415,2,star,0.9606892466545105,2,star,0.859646737575531,2,star,0.8444153666496277,2,star,0.6641345024108887
1528,2,star,1,quasar,False,1,quasar,False,True,1,quasar,0.7798325419425964,1,quasar,0.9823238849639893,2,star,0.6322018504142761,1,quasar,0.5991258025169373,2,star,0.5085221529006958,2,star,0.40534114837646484
1529,2,star,2,star,True,2,star,True,True,2,star,0.9842306971549988,2,star,0.9987143278121948,2,star,0.998022198677063,2,star,0.9927137494087219,2,star,0.9843201637268066,2,star,0.6036853790283203
1530,2,star,2,star,True,2,star,True,True,2,star,0.9912559986114502,2,star,0.9989616870880127,2,star,0.9990838766098022,2,star,0.9940265417098999,2,star,0.9880996346473694,2,star,0.8580396771430969
1531,2,star,2,star,True,2,star,True,True,2,star,0.9956881403923035,2,star,0.9997884631156921,2,star,0.9951856732368469,2,star,0.9939231276512146,2,star,0.986663818359375,2,star,0.6006345152854919
1532,2,star,2,star,True,2,star,True,True,2,star,0.8308459520339966,2,star,0.9990498423576355,2,star,0.9981484413146973,2,star,0.9926226139068604,2,star,0.9791181087493896,2,star,0.7590432167053223
1533,2,star,2,star,True,2,star,True,True,2,star,0.5744643211364746,1,quasar,0.6989560723304749,2,star,0.6308359503746033,2,star,0.660179853439331,2,star,0.635589063167572,1,quasar,0.40202346444129944
1534,2,star,1,quasar,False,1,quasar,False,True,1,quasar,0.8885807394981384,1,quasar,0.9540982246398926,1,quasar,0.6801534295082092,1,quasar,0.5484123826026917,1,quasar,0.581915020942688,1,quasar,0.49019333720207214
1535,2,star,2,star,True,2,star,True,True,2,star,0.9943224191665649,2,star,0.9998169541358948,2,star,0.9984956979751587,2,star,0.9951618313789368,2,star,0.9895373582839966,2,star,0.589097797870636
1536,2,star,2,star,True,2,star,True,True,2,star,0.9798580408096313,2,star,0.9962539672851562,2,star,0.9985547661781311,2,star,0.9956955909729004,2,star,0.9886592030525208,2,star,0.4597027897834778
1537,2,star,2,star,True,2,star,True,True,2,star,0.8943955898284912,2,star,0.974906325340271,2,star,0.9978812336921692,2,star,0.9915522336959839,2,star,0.959408700466156,0,galaxy,0.341935396194458
1538,2,star,2,star,True,2,star,True,True,2,star,0.9732694029808044,2,star,0.9991570711135864,2,star,0.9985760450363159,2,star,0.9950675964355469,2,star,0.9862020611763,2,star,0.39576995372772217
1539,2,star,2,star,True,2,star,True,True,2,star,0.7388812303543091,2,star,0.9816821217536926,2,star,0.9982253909111023,2,star,0.9747225046157837,2,star,0.9792683720588684,2,star,0.41346436738967896
1540,2,star,2,star,True,2,star,True,True,2,star,0.987404465675354,2,star,0.9920918941497803,2,star,0.9914558529853821,2,star,0.9907709360122681,2,star,0.984585702419281,2,star,0.6044543981552124
1541,2,star,2,star,True,2,star,True,True,2,star,0.9795137643814087,2,star,0.9970464110374451,2,star,0.9907508492469788,2,star,0.9427589774131775,2,star,0.9786004424095154,2,star,0.5160938501358032
1542,2,star,2,star,True,2,star,True,True,2,star,0.9874629378318787,2,star,0.9978604912757874,2,star,0.9964250922203064,2,star,0.9919838309288025,2,star,0.9863627552986145,2,star,0.5860503315925598
1543,2,star,1,quasar,False,1,quasar,False,True,1,quasar,0.8240891695022583,1,quasar,0.9756332635879517,1,quasar,0.5381183624267578,1,quasar,0.6143105030059814,1,quasar,0.6236622929573059,2,star,0.516642153263092
1544,2,star,1,quasar,False,1,quasar,False,True,1,quasar,0.6088167428970337,1,quasar,0.9507828950881958,1,quasar,0.6624242663383484,1,quasar,0.6235254406929016,1,quasar,0.6652272939682007,2,star,0.3966139853000641
1545,2,star,2,star,True,2,star,True,True,2,star,0.9846776723861694,2,star,0.9994875192642212,2,star,0.9982169270515442,2,star,0.9942860007286072,2,star,0.9819714426994324,2,star,0.6587538123130798
1546,2,star,2,star,True,2,star,True,True,2,star,0.9940192699432373,2,star,0.9990160465240479,2,star,0.9978641867637634,2,star,0.9929870963096619,2,star,0.9865021705627441,0,galaxy,0.7720054388046265
1547,2,star,2,star,True,2,star,True,True,2,star,0.9968896508216858,2,star,0.998284637928009,2,star,0.9989494681358337,2,star,0.9943140745162964,2,star,0.9876065850257874,2,star,0.7144479155540466
1548,2,star,2,star,True,2,star,True,True,2,star,0.9944766163825989,2,star,0.999312162399292,2,star,0.998271107673645,2,star,0.9940497875213623,2,star,0.9879491329193115,2,star,0.8677716255187988
1549,2,star,2,star,True,2,star,True,True,2,star,0.6719014644622803,2,star,0.5274102091789246,2,star,0.5744128227233887,1,quasar,0.6848664283752441,2,star,0.5702635645866394,2,star,0.4853774309158325
1550,2,star,2,star,True,2,star,True,True,2,star,0.9400959610939026,2,star,0.8046247959136963,2,star,0.9984132051467896,2,star,0.9828006029129028,2,star,0.9248404502868652,2,star,0.7069229483604431
1551,2,star,2,star,True,2,star,True,True,1,quasar,0.8293558955192566,1,quasar,0.5011191964149475,2,star,0.6954233050346375,2,star,0.625805675983429,2,star,0.6741772294044495,2,star,0.6365576982498169
1552,2,star,0,galaxy,False,0,galaxy,False,True,0,galaxy,0.8449870347976685,2,star,0.7870283722877502,0,galaxy,0.6473883986473083,2,star,0.5239779949188232,0,galaxy,0.7125300765037537,0,galaxy,0.5920215249061584
1553,2,star,2,star,True,2,star,True,True,2,star,0.9113447070121765,2,star,0.9792471528053284,2,star,0.8765381574630737,2,star,0.8699375987052917,2,star,0.716449499130249,2,star,0.58702552318573
1554,2,star,1,quasar,False,1,quasar,False,True,1,quasar,0.9808014035224915,1,quasar,0.945213258266449,2,star,0.8201768398284912,2,star,0.6269745826721191,1,quasar,0.43680301308631897,1,quasar,0.7398252487182617
1555,2,star,2,star,True,2,star,True,True,2,star,0.9862087965011597,2,star,0.9983678460121155,2,star,0.9981456995010376,2,star,0.9887290000915527,2,star,0.9846476316452026,2,star,0.8937704563140869
1556,2,star,1,quasar,False,1,quasar,False,True,1,quasar,0.6080470085144043,2,star,0.563848078250885,1,quasar,0.7202005386352539,1,quasar,0.6066740155220032,1,quasar,0.6454250812530518,2,star,0.5881105065345764
1557,2,star,2,star,True,2,star,True,True,2,star,0.8631696701049805,2,star,0.8883191347122192,2,star,0.6877360939979553,2,star,0.8130932450294495,2,star,0.7394797205924988,2,star,0.5939478874206543
1558,2,star,2,star,True,2,star,True,True,2,star,0.9903106689453125,2,star,0.9994718432426453,2,star,0.9968612194061279,2,star,0.9905638694763184,2,star,0.9877017140388489,2,star,0.72544264793396
1559,2,star,2,star,True,2,star,True,True,2,star,0.9309205412864685,2,star,0.996717631816864,2,star,0.9950252175331116,2,star,0.9861461520195007,2,star,0.9872906804084778,2,star,0.8008769750595093
1560,2,star,0,galaxy,False,0,galaxy,False,True,0,galaxy,0.5488373637199402,2,star,0.5071094632148743,2,star,0.4788103401660919,0,galaxy,0.968308687210083,0,galaxy,0.9564161896705627,0,galaxy,0.4863402247428894
1561,2,star,1,quasar,False,1,quasar,False,True,1,quasar,0.6355510354042053,1,quasar,0.49870195984840393,1,quasar,0.5083701014518738,1,quasar,0.5980983376502991,1,quasar,0.6518714427947998,2,star,0.5419848561286926
1562,2,star,2,star,True,2,star,True,True,2,star,0.9654678106307983,2,star,0.9936135411262512,2,star,0.9966158270835876,2,star,0.9779325723648071,2,star,0.9804204702377319,2,star,0.8553484082221985
1563,2,star,2,star,True,2,star,True,True,2,star,0.988754153251648,2,star,0.9991027116775513,2,star,0.998421311378479,2,star,0.9927109479904175,2,star,0.9889912605285645,0,galaxy,0.5401195883750916
1564,2,star,1,quasar,False,1,quasar,False,True,1,quasar,0.8813202381134033,1,quasar,0.9524937868118286,1,quasar,0.769952118396759,1,quasar,0.6790304780006409,1,quasar,0.7287636399269104,0,galaxy,0.37427660822868347
1565,2,star,2,star,True,2,star,True,True,2,star,0.5507554411888123,2,star,0.7450227737426758,2,star,0.6291894316673279,2,star,0.5106850862503052,2,star,0.6817704439163208,2,star,0.5271928906440735
1566,2,star,2,star,True,2,star,True,True,2,star,0.9489547610282898,2,star,0.5624800324440002,2,star,0.8050185441970825,2,star,0.767963707447052,2,star,0.8788564801216125,2,star,0.7427011132240295
1567,2,star,2,star,True,2,star,True,True,2,star,0.9444105625152588,2,star,0.9456893801689148,2,star,0.8896383047103882,2,star,0.8896610736846924,2,star,0.9088765382766724,2,star,0.7333882451057434
1568,2,star,2,star,True,2,star,True,True,2,star,0.9950531125068665,2,star,0.9442390203475952,2,star,0.9785798788070679,2,star,0.8842871785163879,2,star,0.9818634390830994,2,star,0.7107012271881104
1569,2,star,1,quasar,False,1,quasar,False,True,1,quasar,0.8995746374130249,1,quasar,0.9903963804244995,1,quasar,0.6513931155204773,1,quasar,0.7121906876564026,1,quasar,0.7341205477714539,2,star,0.4912446141242981
1570,2,star,2,star,True,2,star,True,True,2,star,0.755695641040802,2,star,0.7580937147140503,2,star,0.6855054497718811,1,quasar,0.5844069719314575,1,quasar,0.5788271427154541,2,star,0.7236812114715576
1571,2,star,2,star,True,2,star,True,True,2,star,0.6872382760047913,2,star,0.6181003451347351,1,quasar,0.5017325282096863,2,star,0.4155469536781311,1,quasar,0.4051571488380432,0,galaxy,0.7873280048370361
1572,2,star,1,quasar,False,1,quasar,False,True,1,quasar,0.7121613025665283,1,quasar,0.8921477794647217,1,quasar,0.5454759001731873,1,quasar,0.5921995043754578,2,star,0.7108258605003357,2,star,0.45795124769210815
1573,2,star,2,star,True,2,star,True,True,2,star,0.5116760730743408,1,quasar,0.8969545960426331,2,star,0.9101377129554749,1,quasar,0.6034258604049683,2,star,0.648608922958374,2,star,0.4799007773399353
1574,2,star,2,star,True,2,star,True,True,2,star,0.9880856275558472,2,star,0.9922695159912109,2,star,0.9985641837120056,2,star,0.9902100563049316,2,star,0.9705454707145691,2,star,0.8973458409309387
1575,2,star,1,quasar,False,1,quasar,False,True,1,quasar,0.80621737241745,1,quasar,0.540177583694458,2,star,0.45056265592575073,1,quasar,0.6318873763084412,2,star,0.582744300365448,2,star,0.6678822636604309
1576,2,star,2,star,True,2,star,True,True,2,star,0.5130329728126526,2,star,0.7950396537780762,1,quasar,0.48266279697418213,2,star,0.49090757966041565,2,star,0.5369153618812561,2,star,0.656337559223175
1577,2,star,2,star,True,2,star,True,True,2,star,0.9321355223655701,2,star,0.6838201284408569,2,star,0.9814810752868652,2,star,0.6398157477378845,2,star,0.9316779971122742,2,star,0.9298627376556396
1578,2,star,2,star,True,2,star,True,True,2,star,0.9869512319564819,2,star,0.995441198348999,2,star,0.9979788661003113,2,star,0.9931166172027588,2,star,0.9861161708831787,2,star,0.7052499055862427
1579,2,star,2,star,True,2,star,True,True,2,star,0.9488636255264282,2,star,0.9927075505256653,2,star,0.9992226362228394,2,star,0.9943200349807739,2,star,0.987250566482544,2,star,0.9119195342063904
1580,2,star,2,star,True,2,star,True,True,2,star,0.9973363280296326,2,star,0.9977502226829529,2,star,0.9991722106933594,2,star,0.993296205997467,2,star,0.9871346354484558,2,star,0.8601721525192261
1581,2,star,1,quasar,False,1,quasar,False,True,1,quasar,0.8167126774787903,1,quasar,0.8446639776229858,2,star,0.5302525758743286,1,quasar,0.6833652257919312,1,quasar,0.5552912950515747,1,quasar,0.5129625201225281
1582,2,star,2,star,True,2,star,True,True,2,star,0.9094398021697998,2,star,0.776343584060669,2,star,0.9023695588111877,2,star,0.7013376355171204,2,star,0.7263706922531128,2,star,0.6221458315849304
1583,2,star,2,star,True,2,star,True,True,2,star,0.9739500284194946,2,star,0.9847992658615112,2,star,0.9960641264915466,2,star,0.633849024772644,2,star,0.93203204870224,2,star,0.8347315788269043
1584,2,star,2,star,True,2,star,True,True,2,star,0.852196216583252,2,star,0.768338143825531,2,star,0.9724876880645752,2,star,0.7540408372879028,2,star,0.9135720729827881,2,star,0.9017625451087952
1585,2,star,2,star,True,1,quasar,False,False,1,quasar,0.7065628170967102,1,quasar,0.8810058236122131,2,star,0.5368894338607788,2,star,0.5757306218147278,2,star,0.7587029933929443,2,star,0.45360681414604187
1586,2,star,2,star,True,2,star,True,True,1,quasar,0.5485520362854004,2,star,0.6707296967506409,2,star,0.5170628428459167,2,star,0.5823039412498474,2,star,0.7728279232978821,0,galaxy,0.42750680446624756
1587,2,star,2,star,True,2,star,True,True,2,star,0.5711457133293152,2,star,0.7113632559776306,2,star,0.555940568447113,2,star,0.5604267716407776,2,star,0.6705377697944641,2,star,0.5718713998794556
1588,2,star,2,star,True,2,star,True,True,2,star,0.897098958492279,2,star,0.9916176199913025,2,star,0.9956703186035156,2,star,0.615782618522644,2,star,0.8262053728103638,2,star,0.6959116458892822
1589,2,star,2,star,True,2,star,True,True,2,star,0.5735834240913391,2,star,0.6635863184928894,2,star,0.9437593817710876,2,star,0.520968496799469,2,star,0.5500677227973938,2,star,0.8145607709884644
1590,2,star,1,quasar,False,2,star,True,False,1,quasar,0.5069110989570618,2,star,0.5566496849060059,1,quasar,0.6051415801048279,1,quasar,0.7175636887550354,2,star,0.5162062048912048,2,star,0.7730712294578552
1591,2,star,2,star,True,2,star,True,True,2,star,0.9867022633552551,2,star,0.9948300719261169,2,star,0.982880175113678,2,star,0.9896466135978699,2,star,0.9397023320198059,2,star,0.697115421295166
1592,2,star,1,quasar,False,2,star,True,False,1,quasar,0.5567034482955933,2,star,0.4959372580051422,1,quasar,0.4939447343349457,1,quasar,0.6129454970359802,2,star,0.5784067511558533,0,galaxy,0.4341583549976349
1593,2,star,1,quasar,False,2,star,True,False,2,star,0.48839062452316284,1,quasar,0.5381800532341003,1,quasar,0.5422731637954712,1,quasar,0.6911879777908325,2,star,0.49757564067840576,2,star,0.7805468440055847
1594,2,star,2,star,True,2,star,True,True,2,star,0.9688296914100647,2,star,0.9906980395317078,2,star,0.9639543294906616,2,star,0.9682813882827759,2,star,0.8737070560455322,2,star,0.7183849215507507
1595,2,star,1,quasar,False,1,quasar,False,True,1,quasar,0.7472821474075317,1,quasar,0.6908077001571655,1,quasar,0.49634137749671936,1,quasar,0.6597067713737488,1,quasar,0.5672140717506409,2,star,0.4319249987602234
1596,2,star,1,quasar,False,2,star,True,False,1,quasar,0.6075092554092407,2,star,0.5411239862442017,1,quasar,0.582245945930481,1,quasar,0.673199474811554,2,star,0.5057681798934937,2,star,0.820527195930481
1597,2,star,2,star,True,2,star,True,True,2,star,0.9744356870651245,2,star,0.9894415140151978,2,star,0.9747255444526672,2,star,0.8793566823005676,2,star,0.8582817316055298,2,star,0.8742616772651672
1598,2,star,1,quasar,False,1,quasar,False,True,1,quasar,0.7137914299964905,1,quasar,0.988822340965271,1,quasar,0.5677499771118164,1,quasar,0.6313878893852234,1,quasar,0.6685399413108826,2,star,0.6231891512870789
1599,2,star,1,quasar,False,1,quasar,False,True,1,quasar,0.7344155311584473,1,quasar,0.6513177752494812,1,quasar,0.6174260377883911,1,quasar,0.6078372001647949,1,quasar,0.6121892929077148,2,star,0.7731267213821411
1600,2,star,2,star,True,2,star,True,True,2,star,0.9728215336799622,2,star,0.8585677742958069,2,star,0.8481535911560059,2,star,0.9331625699996948,2,star,0.9712080955505371,2,star,0.8372434377670288
1601,2,star,1,quasar,False,1,quasar,False,True,2,star,0.4994955360889435,1,quasar,0.6262673139572144,1,quasar,0.7078137397766113,1,quasar,0.5709461569786072,1,quasar,0.5738949179649353,2,star,0.6610062718391418
1602,2,star,2,star,True,2,star,True,True,2,star,0.9433225393295288,2,star,0.9901899695396423,2,star,0.9533462524414062,2,star,0.9272857308387756,2,star,0.9052160382270813,2,star,0.7963447570800781
1603,2,star,2,star,True,2,star,True,True,2,star,0.9663733839988708,2,star,0.99713134765625,2,star,0.9285620450973511,2,star,0.8075976967811584,2,star,0.6159246563911438,2,star,0.7228877544403076
1604,2,star,2,star,True,2,star,True,True,2,star,0.9784142971038818,2,star,0.9808914065361023,2,star,0.9959155917167664,2,star,0.7940301895141602,2,star,0.9129766225814819,0,galaxy,0.8416775465011597
1605,2,star,1,quasar,False,1,quasar,False,True,2,star,0.4995828866958618,1,quasar,0.7584049105644226,1,quasar,0.7908262014389038,1,quasar,0.6873234510421753,1,quasar,0.6857085227966309,2,star,0.5835747122764587
1606,2,star,2,star,True,2,star,True,True,2,star,0.8925350904464722,1,quasar,0.678061306476593,2,star,0.6053991317749023,2,star,0.7053784728050232,2,star,0.5632761716842651,2,star,0.8304649591445923
1607,2,star,2,star,True,2,star,True,True,2,star,0.6932375431060791,2,star,0.592686653137207,1,quasar,0.7556446194648743,1,quasar,0.610943615436554,2,star,0.5735251903533936,2,star,0.42024436593055725
1608,2,star,2,star,True,2,star,True,True,2,star,0.9744505286216736,2,star,0.9998089671134949,2,star,0.9987909197807312,2,star,0.9889745712280273,2,star,0.981664776802063,2,star,0.5450354814529419
1609,2,star,2,star,True,2,star,True,True,2,star,0.6019032597541809,2,star,0.9620261192321777,2,star,0.9308558106422424,2,star,0.7405479550361633,2,star,0.8419256806373596,2,star,0.5221501588821411
1610,2,star,2,star,True,2,star,True,True,2,star,0.9940764904022217,2,star,0.9914003610610962,2,star,0.9805311560630798,2,star,0.9390329718589783,2,star,0.9141011238098145,2,star,0.7130273580551147
1611,2,star,2,star,True,2,star,True,True,2,star,0.6142851710319519,2,star,0.9239110350608826,2,star,0.6849474906921387,2,star,0.6574472784996033,2,star,0.5808486342430115,2,star,0.6065629124641418
1612,2,star,2,star,True,2,star,True,True,2,star,0.993669331073761,2,star,0.9996696710586548,2,star,0.9970604777336121,2,star,0.9924657344818115,2,star,0.9827938079833984,2,star,0.5503872036933899
1613,2,star,2,star,True,2,star,True,True,2,star,0.9688532948493958,2,star,0.9898412823677063,2,star,0.9974226951599121,2,star,0.9936756491661072,2,star,0.9705726504325867,2,star,0.4658240079879761
1614,2,star,2,star,True,2,star,True,True,2,star,0.9353938102722168,2,star,0.9971001744270325,2,star,0.9964308738708496,2,star,0.9818149209022522,2,star,0.9796893000602722,2,star,0.8537614345550537
1615,2,star,2,star,True,2,star,True,True,2,star,0.9953911304473877,2,star,0.9979128241539001,2,star,0.9949888586997986,2,star,0.9779495596885681,2,star,0.9679592847824097,2,star,0.7721551656723022
1616,2,star,2,star,True,2,star,True,True,2,star,0.9035900235176086,2,star,0.9382973313331604,2,star,0.8588506579399109,2,star,0.7548180222511292,2,star,0.8320945501327515,2,star,0.6589986681938171
1617,2,star,2,star,True,2,star,True,True,2,star,0.9361072778701782,2,star,0.9373219609260559,2,star,0.913455069065094,2,star,0.9898848533630371,2,star,0.848099410533905,2,star,0.4983689486980438
1618,2,star,1,quasar,False,2,star,True,False,1,quasar,0.70573490858078,1,quasar,0.5390710234642029,2,star,0.7496154308319092,2,star,0.8518508672714233,2,star,0.9032003879547119,1,quasar,0.45941799879074097
1619,2,star,1,quasar,False,1,quasar,False,True,1,quasar,0.5249366760253906,1,quasar,0.776699960231781,2,star,0.6397963762283325,1,quasar,0.6316052079200745,2,star,0.5105443596839905,0,galaxy,0.4353630244731903
1620,2,star,2,star,True,2,star,True,True,2,star,0.9883806705474854,2,star,0.9990885257720947,2,star,0.9975109100341797,2,star,0.9736399054527283,2,star,0.9816830158233643,2,star,0.7886034250259399
1621,2,star,0,galaxy,False,0,galaxy,False,True,0,galaxy,0.6918176412582397,0,galaxy,0.8836813569068909,0,galaxy,0.9532546997070312,0,galaxy,0.8459170460700989,0,galaxy,0.8965070843696594,0,galaxy,0.5115593671798706
1622,2,star,2,star,True,2,star,True,True,2,star,0.9554393887519836,2,star,0.9779273271560669,2,star,0.9859965443611145,2,star,0.9440653920173645,2,star,0.9577922821044922,2,star,0.7513875365257263
1623,2,star,1,quasar,False,1,quasar,False,True,1,quasar,0.9162696599960327,1,quasar,0.9445675611495972,1,quasar,0.8409984707832336,1,quasar,0.7628769874572754,1,quasar,0.5750361680984497,2,star,0.3701442778110504
1624,2,star,1,quasar,False,1,quasar,False,True,1,quasar,0.7159898281097412,1,quasar,0.8785988688468933,1,quasar,0.6447457671165466,2,star,0.5016475319862366,1,quasar,0.6739076972007751,2,star,0.5226255655288696
1625,2,star,2,star,True,2,star,True,True,2,star,0.8801921606063843,2,star,0.9770520925521851,2,star,0.9294363260269165,2,star,0.9310787320137024,2,star,0.8105988502502441,2,star,0.8230322599411011
1626,2,star,1,quasar,False,2,star,True,False,1,quasar,0.5815667510032654,2,star,0.6496895551681519,1,quasar,0.6505549550056458,1,quasar,0.5815950036048889,2,star,0.514159619808197,2,star,0.554114580154419
1627,2,star,2,star,True,2,star,True,True,2,star,0.6349238157272339,2,star,0.7152554988861084,2,star,0.9977295994758606,0,galaxy,0.7437053322792053,2,star,0.8601197004318237,2,star,0.3681720793247223
1628,2,star,1,quasar,False,1,quasar,False,True,1,quasar,0.905046284198761,1,quasar,0.9028617739677429,1,quasar,0.7714855670928955,1,quasar,0.650199294090271,1,quasar,0.7172398567199707,0,galaxy,0.41349509358406067
1629,2,star,2,star,True,2,star,True,True,2,star,0.8816639184951782,2,star,0.9586783647537231,2,star,0.9297143220901489,2,star,0.4832812249660492,2,star,0.8847231864929199,0,galaxy,0.5495783090591431
1630,2,star,1,quasar,False,2,star,True,False,2,star,0.667448103427887,2,star,0.9994101524353027,1,quasar,0.7161614298820496,1,quasar,0.6617656350135803,1,quasar,0.5773648023605347,2,star,0.9278905987739563
1631,2,star,2,star,True,2,star,True,True,2,star,0.9025699496269226,2,star,0.7387968301773071,2,star,0.5882595181465149,2,star,0.5620388388633728,2,star,0.7037720084190369,2,star,0.5036821365356445
1632,2,star,1,quasar,False,2,star,True,False,2,star,0.5724758505821228,1,quasar,0.5731741786003113,1,quasar,0.532383143901825,2,star,0.4828025698661804,1,quasar,0.4881647825241089,0,galaxy,0.44381991028785706
1633,2,star,2,star,True,2,star,True,True,2,star,0.9267981648445129,2,star,0.9961657524108887,2,star,0.8710503578186035,2,star,0.9813985228538513,2,star,0.9470376968383789,2,star,0.6839168667793274
1634,2,star,2,star,True,2,star,True,True,2,star,0.7551199793815613,2,star,0.7006747722625732,2,star,0.5721544623374939,2,star,0.9224197864532471,2,star,0.6908966302871704,2,star,0.6809379458427429
1635,2,star,2,star,True,2,star,True,True,2,star,0.958277702331543,2,star,0.9959587454795837,2,star,0.889741837978363,2,star,0.9271516799926758,2,star,0.9353021383285522,2,star,0.6804060935974121
1636,2,star,2,star,True,2,star,True,True,2,star,0.9767582416534424,2,star,0.9405072331428528,2,star,0.993513822555542,2,star,0.9391557574272156,2,star,0.9500307440757751,2,star,0.6252723336219788
1637,2,star,2,star,True,2,star,True,True,2,star,0.9725229144096375,2,star,0.9965900182723999,2,star,0.9924885034561157,2,star,0.973541259765625,2,star,0.9781700968742371,2,star,0.7816781401634216
1638,2,star,2,star,True,2,star,True,True,1,quasar,0.5824835896492004,1,quasar,0.7565517425537109,2,star,0.6651902198791504,2,star,0.5680267214775085,2,star,0.6935367584228516,2,star,0.5615119338035583
1639,2,star,2,star,True,2,star,True,True,2,star,0.8231024742126465,2,star,0.6462196707725525,2,star,0.9940261840820312,0,galaxy,0.6039304137229919,2,star,0.9453505873680115,0,galaxy,0.3953522741794586
1640,2,star,0,galaxy,False,0,galaxy,False,True,0,galaxy,0.7691690325737,2,star,0.46821650862693787,0,galaxy,0.6567575931549072,0,galaxy,0.7333602905273438,1,quasar,0.34251073002815247,0,galaxy,0.6062893867492676
1641,2,star,2,star,True,2,star,True,True,2,star,0.968220591545105,2,star,0.9973729848861694,2,star,0.9937724471092224,2,star,0.9698399305343628,2,star,0.9548086524009705,1,quasar,0.5460190773010254
1642,2,star,2,star,True,2,star,True,True,2,star,0.5883710980415344,2,star,0.5520797967910767,2,star,0.8938477039337158,2,star,0.5331142544746399,2,star,0.5184785723686218,1,quasar,0.44928520917892456
1643,2,star,1,quasar,False,1,quasar,False,True,1,quasar,0.6696084141731262,2,star,0.7145035862922668,1,quasar,0.527829110622406,1,quasar,0.5577472448348999,1,quasar,0.5606702566146851,2,star,0.5539500117301941
1644,2,star,2,star,True,2,star,True,True,0,galaxy,0.4886729121208191,2,star,0.9739963412284851,2,star,0.9963586926460266,2,star,0.9880120754241943,2,star,0.9438554644584656,1,quasar,0.4720521867275238
1645,2,star,2,star,True,2,star,True,True,1,quasar,0.6210057735443115,1,quasar,0.561458945274353,2,star,0.6638705730438232,2,star,0.7750967144966125,2,star,0.776242196559906,2,star,0.515812337398529
1646,2,star,2,star,True,2,star,True,True,2,star,0.9602879881858826,1,quasar,0.548068106174469,2,star,0.95682293176651,2,star,0.9594577550888062,2,star,0.8717586398124695,2,star,0.5804200172424316
1647,2,star,2,star,True,2,star,True,True,2,star,0.8528416752815247,2,star,0.9534463882446289,2,star,0.972247838973999,2,star,0.6142428517341614,2,star,0.9265475869178772,2,star,0.5139017701148987
1648,2,star,2,star,True,2,star,True,True,2,star,0.4936453402042389,1,quasar,0.5505531430244446,2,star,0.46140846610069275,2,star,0.4467812180519104,0,galaxy,0.5910750031471252,0,galaxy,0.526818037033081
1649,2,star,2,star,True,2,star,True,True,2,star,0.8936588764190674,2,star,0.9687040448188782,2,star,0.6627028584480286,2,star,0.721824586391449,2,star,0.6624128222465515,0,galaxy,0.6512097716331482
1650,2,star,2,star,True,2,star,True,True,2,star,0.906795084476471,2,star,0.9935480952262878,2,star,0.9935762286186218,2,star,0.988680362701416,2,star,0.9781700968742371,2,star,0.4271092116832733
1651,2,star,2,star,True,2,star,True,True,2,star,0.9760671257972717,2,star,0.9623956084251404,2,star,0.9567197561264038,2,star,0.9406337738037109,2,star,0.7137657403945923,2,star,0.4693719446659088
1652,2,star,2,star,True,2,star,True,True,2,star,0.8406261801719666,2,star,0.9599974155426025,2,star,0.98021000623703,2,star,0.914522647857666,2,star,0.9363415241241455,2,star,0.793283998966217
1653,2,star,2,star,True,2,star,True,True,2,star,0.9646939039230347,2,star,0.9702004194259644,2,star,0.9406540393829346,2,star,0.8636647462844849,2,star,0.7342631816864014,2,star,0.6234502792358398
1654,2,star,1,quasar,False,1,quasar,False,True,1,quasar,0.534129798412323,1,quasar,0.8172900080680847,1,quasar,0.5856148600578308,1,quasar,0.5493122339248657,2,star,0.6577305793762207,2,star,0.7336006760597229
1655,2,star,2,star,True,2,star,True,True,2,star,0.984503984451294,2,star,0.99818354845047,2,star,0.9969366788864136,2,star,0.9926181435585022,2,star,0.979015588760376,2,star,0.5443594455718994
1656,2,star,2,star,True,2,star,True,True,2,star,0.47114184498786926,1,quasar,0.5205473303794861,2,star,0.4985106289386749,2,star,0.6947502493858337,2,star,0.7867491841316223,1,quasar,0.7517923712730408
1657,2,star,2,star,True,2,star,True,True,2,star,0.7317942976951599,2,star,0.9542219638824463,2,star,0.8858850002288818,2,star,0.5673545002937317,2,star,0.9129553437232971,2,star,0.6767853498458862
1658,2,star,2,star,True,2,star,True,True,2,star,0.9478482007980347,2,star,0.9713068604469299,2,star,0.9916041493415833,2,star,0.8927302956581116,2,star,0.8501972556114197,2,star,0.556843638420105
1659,2,star,2,star,True,2,star,True,True,2,star,0.9780592918395996,2,star,0.8742014169692993,2,star,0.8919224143028259,2,star,0.7700013518333435,2,star,0.93879634141922,2,star,0.6696049571037292
1660,2,star,2,star,True,2,star,True,True,2,star,0.9978331923484802,2,star,0.9947605729103088,2,star,0.9992341995239258,2,star,0.9875521659851074,2,star,0.9850666522979736,2,star,0.9402533173561096
1661,2,star,2,star,True,2,star,True,True,2,star,0.98988276720047,2,star,0.987481951713562,2,star,0.9994333386421204,2,star,0.9910325407981873,2,star,0.9850313663482666,2,star,0.9492773413658142
1662,2,star,2,star,True,2,star,True,True,2,star,0.535672128200531,1,quasar,0.6999943852424622,2,star,0.9678173065185547,1,quasar,0.4906620681285858,2,star,0.804520308971405,2,star,0.6011420488357544
1663,2,star,2,star,True,2,star,True,True,2,star,0.7122863531112671,2,star,0.6058599948883057,2,star,0.525282621383667,1,quasar,0.5859987139701843,2,star,0.5025953054428101,2,star,0.5209041833877563
1664,2,star,0,galaxy,False,2,star,True,False,1,quasar,0.582718551158905,2,star,0.6804752349853516,2,star,0.9041667580604553,0,galaxy,0.9101166725158691,0,galaxy,0.49570655822753906,0,galaxy,0.44052132964134216
1665,2,star,2,star,True,2,star,True,True,2,star,0.598096489906311,1,quasar,0.5106859803199768,2,star,0.9810838103294373,2,star,0.8632137179374695,2,star,0.818135142326355,2,star,0.7832251191139221
1666,2,star,1,quasar,False,2,star,True,False,1,quasar,0.5197694897651672,1,quasar,0.5453678369522095,2,star,0.7742660045623779,1,quasar,0.6317650675773621,2,star,0.5971395373344421,2,star,0.5294187068939209
1667,2,star,1,quasar,False,2,star,True,False,1,quasar,0.6772474646568298,1,quasar,0.549321711063385,2,star,0.5204867720603943,1,quasar,0.5594251155853271,2,star,0.642734169960022,2,star,0.5037233829498291
1668,2,star,1,quasar,False,1,quasar,False,True,1,quasar,0.7786223888397217,2,star,0.5435130596160889,1,quasar,0.6096993088722229,1,quasar,0.589760422706604,1,quasar,0.5757986307144165,1,quasar,0.6299895644187927
1669,2,star,2,star,True,2,star,True,True,2,star,0.6304587721824646,1,quasar,0.8832693099975586,2,star,0.9078260064125061,2,star,0.7127641439437866,2,star,0.620538592338562,2,star,0.7997238636016846
1670,2,star,2,star,True,2,star,True,True,2,star,0.5302106738090515,2,star,0.7262566089630127,2,star,0.9442765116691589,1,quasar,0.6477746367454529,2,star,0.5952933430671692,2,star,0.7677133083343506
1671,2,star,2,star,True,2,star,True,True,2,star,0.6874015927314758,2,star,0.5717484951019287,2,star,0.7700841426849365,2,star,0.8370137810707092,2,star,0.7245826125144958,2,star,0.7655838131904602
1672,2,star,1,quasar,False,2,star,True,False,2,star,0.8747149109840393,2,star,0.7046141624450684,1,quasar,0.6744833588600159,1,quasar,0.6750423908233643,1,quasar,0.675078809261322,2,star,0.665765643119812
1673,2,star,1,quasar,False,1,quasar,False,True,1,quasar,0.48991042375564575,1,quasar,0.61626136302948,1,quasar,0.7066939473152161,1,quasar,0.6638785004615784,1,quasar,0.649641215801239,2,star,0.46022289991378784
1674,2,star,1,quasar,False,1,quasar,False,True,1,quasar,0.5453962087631226,1,quasar,0.5681014060974121,1,quasar,0.6996906399726868,1,quasar,0.6916601657867432,1,quasar,0.54964280128479,2,star,0.8460074663162231
1675,2,star,2,star,True,2,star,True,True,2,star,0.9906524419784546,2,star,0.9897266030311584,2,star,0.9947425127029419,2,star,0.9753691554069519,2,star,0.9745818376541138,2,star,0.5245011448860168
1676,2,star,2,star,True,2,star,True,True,2,star,0.9939126372337341,2,star,0.9550333619117737,2,star,0.9966590404510498,2,star,0.9706517457962036,2,star,0.9745365381240845,2,star,0.6775069236755371
1677,2,star,2,star,True,2,star,True,True,2,star,0.992673933506012,2,star,0.9922536015510559,2,star,0.9940140843391418,2,star,0.9862550497055054,2,star,0.958168625831604,2,star,0.7619900107383728
1678,2,star,1,quasar,False,1,quasar,False,True,1,quasar,0.7195722460746765,2,star,0.7398781776428223,1,quasar,0.6120771765708923,1,quasar,0.5927702784538269,1,quasar,0.5750449299812317,2,star,0.5106039643287659
1679,2,star,2,star,True,2,star,True,True,2,star,0.5282321572303772,1,quasar,0.679020881652832,2,star,0.5526048541069031,2,star,0.8154181838035583,2,star,0.500122606754303,2,star,0.7132691740989685
1680,2,star,2,star,True,2,star,True,True,2,star,0.5948965549468994,2,star,0.5723555088043213,2,star,0.6426030397415161,2,star,0.6536089181900024,0,galaxy,0.7644516229629517,2,star,0.505073606967926
1681,2,star,2,star,True,2,star,True,True,2,star,0.9730886220932007,2,star,0.9977918863296509,2,star,0.9964144229888916,2,star,0.9916157126426697,2,star,0.9857289791107178,2,star,0.74351966381073
1682,2,star,2,star,True,2,star,True,True,2,star,0.9843942523002625,2,star,0.9957439303398132,2,star,0.9937794804573059,2,star,0.988401472568512,2,star,0.975074827671051,2,star,0.8311876058578491
1683,2,star,2,star,True,2,star,True,True,2,star,0.9737067222595215,2,star,0.9905507564544678,2,star,0.9956739544868469,2,star,0.9945291876792908,2,star,0.9291009306907654,2,star,0.4558725953102112
1684,2,star,2,star,True,2,star,True,True,2,star,0.9942356944084167,2,star,0.997163712978363,2,star,0.9965674877166748,2,star,0.9905006885528564,2,star,0.9711800813674927,2,star,0.7498371601104736
1685,2,star,2,star,True,2,star,True,True,2,star,0.942048966884613,2,star,0.9904448390007019,2,star,0.9967460632324219,2,star,0.9808010458946228,2,star,0.9835653901100159,2,star,0.8169342279434204
1686,2,star,2,star,True,2,star,True,True,2,star,0.963355541229248,2,star,0.5256490111351013,2,star,0.8243831396102905,2,star,0.6637427806854248,2,star,0.41428616642951965,2,star,0.5808091759681702
1687,2,star,2,star,True,2,star,True,True,2,star,0.8696830868721008,2,star,0.9432361125946045,2,star,0.7159976363182068,2,star,0.5495762825012207,2,star,0.6819148659706116,2,star,0.6831685900688171
1688,2,star,2,star,True,2,star,True,True,2,star,0.9415547847747803,2,star,0.99730384349823,2,star,0.9984571933746338,2,star,0.9948573112487793,2,star,0.9878129363059998,2,star,0.5930507779121399
1689,2,star,2,star,True,2,star,True,True,2,star,0.77886563539505,2,star,0.6056527495384216,2,star,0.660759687423706,1,quasar,0.5414980053901672,2,star,0.5770376920700073,2,star,0.5781078934669495
1690,2,star,2,star,True,2,star,True,True,2,star,0.7746490836143494,2,star,0.6616243124008179,2,star,0.9296013116836548,2,star,0.7645699381828308,2,star,0.8379892110824585,2,star,0.850686252117157
1691,2,star,1,quasar,False,2,star,True,False,1,quasar,0.7069259285926819,2,star,0.6472213864326477,1,quasar,0.6048499941825867,1,quasar,0.5505900979042053,2,star,0.7516580820083618,2,star,0.6829180717468262
1692,2,star,2,star,True,2,star,True,True,2,star,0.9929057359695435,2,star,0.9996936321258545,2,star,0.9962414503097534,2,star,0.9771448969841003,2,star,0.9881060123443604,2,star,0.7281040549278259
1693,2,star,2,star,True,2,star,True,True,2,star,0.9799208045005798,2,star,0.9020304679870605,2,star,0.9973787069320679,2,star,0.8384549617767334,2,star,0.9265977740287781,2,star,0.7827469706535339
1694,2,star,2,star,True,2,star,True,True,2,star,0.9443085193634033,2,star,0.9921005368232727,2,star,0.98091721534729,2,star,0.8342708349227905,2,star,0.910160481929779,0,galaxy,0.42308083176612854
1695,2,star,2,star,True,2,star,True,True,2,star,0.7862323522567749,2,star,0.7080127596855164,2,star,0.605632483959198,1,quasar,0.6521050930023193,1,quasar,0.6783591508865356,2,star,0.41395410895347595
1696,2,star,2,star,True,2,star,True,True,2,star,0.9953019618988037,2,star,0.9834349751472473,2,star,0.9984084963798523,2,star,0.994933545589447,2,star,0.9807500243186951,2,star,0.8232349157333374
1697,2,star,2,star,True,2,star,True,True,2,star,0.8395601511001587,2,star,0.8897472023963928,2,star,0.982012152671814,2,star,0.8216459155082703,2,star,0.637774646282196,2,star,0.7604265213012695
1698,2,star,2,star,True,2,star,True,True,2,star,0.9904798865318298,2,star,0.9977421760559082,2,star,0.9973648190498352,2,star,0.9598333835601807,2,star,0.9838626980781555,2,star,0.7509757876396179
1699,2,star,2,star,True,2,star,True,True,2,star,0.6044692993164062,2,star,0.6950121521949768,2,star,0.9078116416931152,2,star,0.7043592929840088,2,star,0.7488911151885986,2,star,0.8111093640327454
1700,2,star,2,star,True,2,star,True,True,1,quasar,0.691528856754303,2,star,0.6626306176185608,1,quasar,0.5856385231018066,2,star,0.7902870178222656,2,star,0.680814802646637,2,star,0.7308809161186218
1701,2,star,2,star,True,2,star,True,True,2,star,0.9543327689170837,2,star,0.950204074382782,2,star,0.9968846440315247,2,star,0.9867162704467773,2,star,0.9754358530044556,2,star,0.8906040787696838
1702,2,star,2,star,True,2,star,True,True,2,star,0.9793720841407776,2,star,0.9995576739311218,2,star,0.9987265467643738,2,star,0.9705986976623535,2,star,0.8155959248542786,2,star,0.8329956531524658
1703,2,star,2,star,True,2,star,True,True,2,star,0.9782750606536865,2,star,0.9783893823623657,2,star,0.9981497526168823,2,star,0.622569739818573,2,star,0.9752698540687561,2,star,0.5805292129516602
1704,2,star,1,quasar,False,1,quasar,False,True,1,quasar,0.5020276308059692,1,quasar,0.45905566215515137,1,quasar,0.5909969806671143,1,quasar,0.64634108543396,1,quasar,0.647411048412323,2,star,0.4547037184238434
1705,2,star,2,star,True,2,star,True,True,2,star,0.992594301700592,2,star,0.9821609258651733,2,star,0.9965083003044128,2,star,0.9670792818069458,2,star,0.9851568937301636,2,star,0.5173503160476685
1706,2,star,1,quasar,False,2,star,True,False,2,star,0.7278028726577759,2,star,0.6917990446090698,1,quasar,0.5875820517539978,1,quasar,0.6421616077423096,1,quasar,0.5255708694458008,2,star,0.6304858326911926
1707,2,star,2,star,True,2,star,True,True,2,star,0.9627255797386169,2,star,0.9810779690742493,2,star,0.954589307308197,2,star,0.7785083651542664,2,star,0.9021764397621155,2,star,0.6325643658638
1708,2,star,2,star,True,2,star,True,True,2,star,0.9816061854362488,2,star,0.9940955638885498,2,star,0.8252082467079163,2,star,0.7307676672935486,2,star,0.8972377777099609,2,star,0.4492274820804596
1709,2,star,2,star,True,2,star,True,True,2,star,0.9734007716178894,2,star,0.9995678067207336,2,star,0.9989258646965027,2,star,0.9928686022758484,2,star,0.9863634705543518,2,star,0.61318439245224
1710,2,star,1,quasar,False,1,quasar,False,True,1,quasar,0.8712596297264099,1,quasar,0.7689028382301331,1,quasar,0.5242040753364563,1,quasar,0.6519237160682678,1,quasar,0.6299774646759033,0,galaxy,0.38284122943878174
1711,2,star,2,star,True,2,star,True,True,2,star,0.662029504776001,2,star,0.9530484080314636,2,star,0.9679627418518066,2,star,0.9109039902687073,2,star,0.8003520965576172,2,star,0.48186275362968445
1712,2,star,2,star,True,2,star,True,True,2,star,0.9694566130638123,2,star,0.9937678575515747,2,star,0.9906333684921265,2,star,0.9585604667663574,2,star,0.970787763595581,2,star,0.7809776067733765
1713,2,star,1,quasar,False,1,quasar,False,True,1,quasar,0.8944869041442871,1,quasar,0.9870173335075378,1,quasar,0.8070852756500244,1,quasar,0.6853028535842896,2,star,0.6215067505836487,2,star,0.447199285030365
1714,2,star,1,quasar,False,1,quasar,False,True,1,quasar,0.4769810140132904,2,star,0.6559479236602783,2,star,0.492450475692749,1,quasar,0.6510471105575562,1,quasar,0.5635636448860168,2,star,0.5196437239646912
1715,2,star,1,quasar,False,2,star,True,False,2,star,0.8388274908065796,1,quasar,0.9722772836685181,1,quasar,0.503919780254364,2,star,0.6714287400245667,1,quasar,0.5764503479003906,2,star,0.6268191337585449
1716,2,star,2,star,True,2,star,True,True,2,star,0.964364767074585,2,star,0.9834176898002625,2,star,0.9978579878807068,2,star,0.9811123609542847,2,star,0.982994556427002,2,star,0.727555513381958
1717,2,star,2,star,True,2,star,True,True,2,star,0.6051517724990845,1,quasar,0.6383805871009827,2,star,0.6808695197105408,2,star,0.6143189668655396,2,star,0.7287405133247375,2,star,0.5549257397651672
1718,2,star,1,quasar,False,1,quasar,False,True,1,quasar,0.7402464747428894,1,quasar,0.49356621503829956,2,star,0.5850099921226501,1,quasar,0.6950829029083252,1,quasar,0.5627847909927368,0,galaxy,0.4993341565132141
1719,2,star,1,quasar,False,2,star,True,False,2,star,0.7199479937553406,1,quasar,0.793548047542572,1,quasar,0.5656900405883789,1,quasar,0.6611968278884888,2,star,0.708080530166626,2,star,0.7610067129135132
1720,2,star,2,star,True,2,star,True,True,2,star,0.9819791316986084,2,star,0.9985823631286621,2,star,0.9844331741333008,2,star,0.9637198448181152,2,star,0.9392825961112976,2,star,0.7298102974891663
1721,2,star,1,quasar,False,1,quasar,False,True,2,star,0.5083572268486023,1,quasar,0.5728189945220947,1,quasar,0.5945985317230225,1,quasar,0.6262302398681641,1,quasar,0.5686085224151611,2,star,0.823982298374176
1722,2,star,1,quasar,False,2,star,True,False,2,star,0.5279200673103333,1,quasar,0.5732309818267822,1,quasar,0.658780574798584,2,star,0.5597614645957947,1,quasar,0.5301769375801086,2,star,0.80793297290802
1723,2,star,2,star,True,2,star,True,True,2,star,0.9936733245849609,2,star,0.9986051917076111,2,star,0.9992208480834961,2,star,0.9754948616027832,2,star,0.9832363724708557,2,star,0.8828961253166199
1724,2,star,1,quasar,False,1,quasar,False,True,1,quasar,0.5993382334709167,1,quasar,0.6349208354949951,1,quasar,0.6931158900260925,1,quasar,0.6243191957473755,1,quasar,0.6416645646095276,0,galaxy,0.4308159649372101
1725,2,star,2,star,True,2,star,True,True,2,star,0.9983829259872437,2,star,0.9990191459655762,2,star,0.9981800317764282,2,star,0.9889135956764221,2,star,0.9885136485099792,2,star,0.8656857013702393
1726,2,star,2,star,True,2,star,True,True,2,star,0.9699212312698364,2,star,0.8085721135139465,2,star,0.8419917225837708,2,star,0.561791718006134,1,quasar,0.5567331314086914,2,star,0.78374844789505
1727,2,star,0,galaxy,False,0,galaxy,False,True,0,galaxy,0.6250710487365723,0,galaxy,0.4771606922149658,2,star,0.8617234230041504,0,galaxy,0.9580439329147339,0,galaxy,0.8935657143592834,0,galaxy,0.9423149228096008
1728,2,star,2,star,True,2,star,True,True,2,star,0.9080379605293274,2,star,0.8479648232460022,2,star,0.9922245740890503,2,star,0.9776846766471863,2,star,0.9775899052619934,2,star,0.5973642468452454
1729,2,star,2,star,True,2,star,True,True,2,star,0.6420053839683533,2,star,0.7025004029273987,1,quasar,0.6090711951255798,1,quasar,0.5860164165496826,2,star,0.5972654223442078,2,star,0.6137136816978455
1730,2,star,1,quasar,False,1,quasar,False,True,1,quasar,0.7437552809715271,1,quasar,0.9687578678131104,1,quasar,0.7518729567527771,1,quasar,0.6620504260063171,1,quasar,0.6963496208190918,2,star,0.44469305872917175
1731,2,star,2,star,True,2,star,True,True,2,star,0.97722989320755,2,star,0.9415614008903503,2,star,0.8902629017829895,2,star,0.9007495641708374,2,star,0.9255149960517883,2,star,0.8364647626876831
1732,2,star,2,star,True,2,star,True,True,2,star,0.9919090867042542,2,star,0.9750785827636719,2,star,0.9921978116035461,2,star,0.9785022735595703,2,star,0.9819474220275879,2,star,0.7894167900085449
1733,2,star,2,star,True,2,star,True,True,1,quasar,0.5638973712921143,2,star,0.8703756928443909,2,star,0.8947517275810242,0,galaxy,0.6086218357086182,2,star,0.5760848522186279,0,galaxy,0.5907269716262817
1734,2,star,0,galaxy,False,0,galaxy,False,True,2,star,0.7488600015640259,0,galaxy,0.5515462160110474,2,star,0.4429875612258911,0,galaxy,0.7666875123977661,0,galaxy,0.9379525780677795,0,galaxy,0.5510494112968445
1735,2,star,1,quasar,False,1,quasar,False,True,1,quasar,0.6904946565628052,2,star,0.525408923625946,1,quasar,0.7297065854072571,1,quasar,0.7187174558639526,1,quasar,0.6677801609039307,2,star,0.5201349258422852
1736,2,star,1,quasar,False,1,quasar,False,True,1,quasar,0.9297655820846558,1,quasar,0.5609265565872192,1,quasar,0.5214646458625793,1,quasar,0.6514931321144104,1,quasar,0.5766881704330444,2,star,0.5828246474266052
1737,2,star,2,star,True,2,star,True,True,2,star,0.9942962527275085,2,star,0.9995032548904419,2,star,0.9975195527076721,2,star,0.9905751943588257,2,star,0.9857597947120667,2,star,0.760230302810669
1738,2,star,2,star,True,2,star,True,True,2,star,0.7619031071662903,2,star,0.7167820334434509,2,star,0.7094197869300842,2,star,0.631773829460144,2,star,0.4898375868797302,2,star,0.4845584034919739
1739,2,star,2,star,True,2,star,True,True,1,quasar,0.49039462208747864,1,quasar,0.7308136820793152,2,star,0.6733497977256775,2,star,0.7567605376243591,2,star,0.8401577472686768,0,galaxy,0.3969068229198456
1740,2,star,2,star,True,2,star,True,True,2,star,0.812883734703064,2,star,0.8934714794158936,2,star,0.7175515294075012,2,star,0.6469315886497498,2,star,0.8032968640327454,0,galaxy,0.5410492420196533
1741,2,star,2,star,True,2,star,True,True,2,star,0.8305294513702393,2,star,0.8929989337921143,2,star,0.9887363314628601,1,quasar,0.5280234813690186,2,star,0.8294251561164856,2,star,0.48296329379081726
1742,2,star,2,star,True,2,star,True,True,2,star,0.9861487150192261,2,star,0.9975630044937134,2,star,0.998645007610321,2,star,0.9811097383499146,2,star,0.983876645565033,2,star,0.6387057304382324
1743,2,star,2,star,True,2,star,True,True,2,star,0.712498128414154,2,star,0.6076845526695251,2,star,0.6924097537994385,1,quasar,0.5547471046447754,2,star,0.5989068746566772,0,galaxy,0.44729113578796387
1744,2,star,2,star,True,2,star,True,True,2,star,0.6351006627082825,2,star,0.5024608969688416,2,star,0.8628314733505249,2,star,0.8277443647384644,2,star,0.5695716738700867,2,star,0.5169338583946228
1745,2,star,2,star,True,2,star,True,True,2,star,0.8625157475471497,2,star,0.7418322563171387,2,star,0.7738935351371765,2,star,0.7173338532447815,2,star,0.7715827226638794,2,star,0.7466751933097839
1746,2,star,2,star,True,2,star,True,True,2,star,0.5579299926757812,2,star,0.5657214522361755,2,star,0.5405058860778809,2,star,0.6351643800735474,2,star,0.4720666706562042,2,star,0.5194523930549622
1747,2,star,2,star,True,2,star,True,True,2,star,0.446374773979187,2,star,0.8521745800971985,2,star,0.713912308216095,2,star,0.5959572792053223,2,star,0.8796437382698059,2,star,0.7731292247772217
1748,2,star,2,star,True,2,star,True,True,2,star,0.5770236849784851,2,star,0.8252280950546265,2,star,0.9627783894538879,2,star,0.5598034262657166,2,star,0.8488861322402954,2,star,0.47952526807785034
1749,2,star,1,quasar,False,1,quasar,False,True,1,quasar,0.5052233934402466,1,quasar,0.8005399107933044,2,star,0.6726309657096863,1,quasar,0.6045919060707092,2,star,0.6134651899337769,2,star,0.4249648153781891
1750,2,star,2,star,True,2,star,True,True,2,star,0.9480010271072388,2,star,0.9952915906906128,2,star,0.9690902233123779,2,star,0.8156827688217163,2,star,0.8770409226417542,2,star,0.7532579302787781
1751,2,star,1,quasar,False,1,quasar,False,True,1,quasar,0.8008031249046326,1,quasar,0.8082667589187622,2,star,0.664108395576477,1,quasar,0.6954954862594604,1,quasar,0.49693673849105835,2,star,0.4211527407169342
1752,2,star,1,quasar,False,1,quasar,False,True,1,quasar,0.8699003458023071,2,star,0.7640214562416077,1,quasar,0.4883653223514557,1,quasar,0.535393238067627,2,star,0.4951348304748535,1,quasar,0.61017245054245
1753,2,star,0,galaxy,False,0,galaxy,False,True,0,galaxy,0.8774206042289734,2,star,0.5978274941444397,0,galaxy,0.5632634162902832,0,galaxy,0.9676424860954285,0,galaxy,0.8416422605514526,0,galaxy,0.7462811470031738
1754,2,star,2,star,True,2,star,True,True,2,star,0.9671902060508728,2,star,0.9795779585838318,2,star,0.9980186223983765,2,star,0.9826986789703369,2,star,0.9774077534675598,2,star,0.7151455879211426
1755,2,star,2,star,True,2,star,True,True,2,star,0.9627799987792969,2,star,0.5166557431221008,2,star,0.8532479405403137,2,star,0.7519685626029968,2,star,0.9195104241371155,2,star,0.5472698211669922
1756,2,star,2,star,True,2,star,True,True,2,star,0.9429420828819275,1,quasar,0.49715909361839294,2,star,0.9605953097343445,2,star,0.8479088544845581,2,star,0.9390431642532349,0,galaxy,0.347772479057312
1757,2,star,1,quasar,False,1,quasar,False,True,1,quasar,0.512761116027832,2,star,0.625209629535675,1,quasar,0.7742266654968262,1,quasar,0.6610645651817322,1,quasar,0.6257059574127197,2,star,0.4614567458629608
1758,2,star,2,star,True,2,star,True,True,2,star,0.9716802835464478,2,star,0.6641628742218018,2,star,0.9552146196365356,2,star,0.831607460975647,2,star,0.9275080561637878,2,star,0.6496220827102661
1759,2,star,1,quasar,False,1,quasar,False,True,2,star,0.4640570878982544,1,quasar,0.7475665807723999,1,quasar,0.7147747874259949,1,quasar,0.6259578466415405,1,quasar,0.63353431224823,2,star,0.5927655100822449
1760,2,star,2,star,True,2,star,True,True,2,star,0.9586693644523621,2,star,0.9742013216018677,2,star,0.9941225647926331,2,star,0.9616405963897705,2,star,0.9433101415634155,2,star,0.6473226547241211
1761,2,star,2,star,True,2,star,True,True,2,star,0.7976964116096497,2,star,0.7844615578651428,2,star,0.905690610408783,0,galaxy,0.4478171169757843,0,galaxy,0.7581295371055603,2,star,0.5527747869491577
1762,2,star,2,star,True,2,star,True,True,2,star,0.7245074510574341,2,star,0.5000457763671875,2,star,0.753761351108551,1,quasar,0.5367709994316101,1,quasar,0.5188064575195312,2,star,0.4902529716491699
1763,2,star,1,quasar,False,1,quasar,False,True,2,star,0.5776297450065613,1,quasar,0.5020622611045837,1,quasar,0.5451872944831848,1,quasar,0.6938760280609131,1,quasar,0.6352778077125549,1,quasar,0.5903218388557434
1764,2,star,2,star,True,2,star,True,True,2,star,0.9805341362953186,2,star,0.9743883609771729,2,star,0.9863079190254211,2,star,0.9784366488456726,2,star,0.9771923422813416,2,star,0.5181292295455933
1765,2,star,1,quasar,False,2,star,True,False,2,star,0.5633458495140076,1,quasar,0.5788416266441345,1,quasar,0.5495930314064026,1,quasar,0.5913490653038025,2,star,0.5465566515922546,2,star,0.7276634573936462
1766,2,star,2,star,True,2,star,True,True,2,star,0.8261181116104126,2,star,0.9999853372573853,2,star,0.9957503080368042,2,star,0.9070175290107727,2,star,0.9503148794174194,0,galaxy,0.4388205111026764
1767,2,star,2,star,True,2,star,True,True,2,star,0.811886191368103,2,star,0.7812466621398926,2,star,0.978082537651062,2,star,0.9597092270851135,2,star,0.9599275588989258,2,star,0.8823299407958984
1768,2,star,2,star,True,2,star,True,True,2,star,0.9843987226486206,2,star,0.9017802476882935,2,star,0.9984239339828491,2,star,0.9765363931655884,2,star,0.9846000075340271,2,star,0.6195098757743835
1769,2,star,2,star,True,2,star,True,True,2,star,0.9844356179237366,2,star,0.9993579983711243,2,star,0.9966204166412354,2,star,0.9922084808349609,2,star,0.9876459240913391,2,star,0.5040132999420166
1770,2,star,2,star,True,2,star,True,True,2,star,0.5973758101463318,2,star,0.802488386631012,2,star,0.9896278381347656,2,star,0.6032437682151794,2,star,0.8784028887748718,2,star,0.7066315412521362
1771,2,star,1,quasar,False,2,star,True,False,1,quasar,0.5596770644187927,2,star,0.7646498680114746,2,star,0.49181482195854187,1,quasar,0.5252963304519653,1,quasar,0.6425538063049316,0,galaxy,0.5596303939819336
1772,2,star,0,galaxy,False,0,galaxy,False,True,0,galaxy,0.4585497975349426,2,star,0.8985965251922607,2,star,0.9444021582603455,0,galaxy,0.799775242805481,0,galaxy,0.9438137412071228,0,galaxy,0.4451546370983124
1773,2,star,1,quasar,False,1,quasar,False,True,1,quasar,0.6229759454727173,1,quasar,0.8759228587150574,1,quasar,0.5634270310401917,1,quasar,0.5223855972290039,1,quasar,0.564765453338623,2,star,0.6402607560157776
1774,2,star,1,quasar,False,1,quasar,False,True,1,quasar,0.7846816778182983,1,quasar,0.8065416216850281,1,quasar,0.7178976535797119,1,quasar,0.7301816940307617,2,star,0.6267920732498169,2,star,0.7411714196205139
1775,2,star,2,star,True,2,star,True,True,2,star,0.8347697854042053,2,star,0.5644627809524536,1,quasar,0.5300683975219727,2,star,0.5173053741455078,2,star,0.541954517364502,2,star,0.5121475458145142
1776,2,star,1,quasar,False,1,quasar,False,True,1,quasar,0.9380703568458557,1,quasar,0.9973772764205933,1,quasar,0.6364051699638367,1,quasar,0.6037644743919373,1,quasar,0.7137182354927063,2,star,0.3583679497241974
1777,2,star,1,quasar,False,1,quasar,False,True,1,quasar,0.5703569650650024,2,star,0.6622264385223389,1,quasar,0.7894064784049988,1,quasar,0.6649425625801086,1,quasar,0.6781814098358154,2,star,0.4254903197288513
1778,2,star,2,star,True,2,star,True,True,2,star,0.8574584722518921,2,star,0.865336000919342,2,star,0.7990995049476624,2,star,0.7066808938980103,2,star,0.8165254592895508,2,star,0.5202267169952393
1779,2,star,2,star,True,2,star,True,True,2,star,0.9904448390007019,2,star,0.995829164981842,2,star,0.9976110458374023,2,star,0.9950738549232483,2,star,0.9873221516609192,2,star,0.6910985708236694
1780,2,star,2,star,True,2,star,True,True,2,star,0.9969995617866516,2,star,0.9993554949760437,2,star,0.9984514713287354,2,star,0.9940022826194763,2,star,0.989066481590271,2,star,0.5155630707740784
1781,2,star,2,star,True,2,star,True,True,2,star,0.7252373099327087,2,star,0.984377384185791,2,star,0.9917153716087341,2,star,0.9536046981811523,2,star,0.9645048379898071,2,star,0.7953411340713501
1782,2,star,2,star,True,2,star,True,True,2,star,0.9949691891670227,2,star,0.9969750642776489,2,star,0.9983773231506348,2,star,0.9922279715538025,2,star,0.9873338937759399,2,star,0.8777230381965637
1783,2,star,2,star,True,2,star,True,True,2,star,0.548599362373352,2,star,0.7331452369689941,2,star,0.7308776378631592,2,star,0.6980570554733276,2,star,0.6124297976493835,2,star,0.7929518818855286
1784,2,star,2,star,True,2,star,True,True,1,quasar,0.5557248592376709,2,star,0.7688761353492737,2,star,0.8839942812919617,2,star,0.6581869721412659,2,star,0.560815155506134,2,star,0.44592413306236267
1785,2,star,1,quasar,False,2,star,True,False,1,quasar,0.4986667037010193,1,quasar,0.6854062676429749,2,star,0.5020708441734314,2,star,0.6070746779441833,2,star,0.7486534714698792,1,quasar,0.4671781659126282
1786,2,star,1,quasar,False,1,quasar,False,True,1,quasar,0.7020822763442993,1,quasar,0.7494423985481262,1,quasar,0.6179571747779846,1,quasar,0.6136509776115417,1,quasar,0.636845052242279,2,star,0.3580041527748108
1787,2,star,2,star,True,2,star,True,True,2,star,0.995071530342102,2,star,0.9980834722518921,2,star,0.9981639981269836,2,star,0.9898247122764587,2,star,0.9875056743621826,2,star,0.4519643187522888
1788,2,star,1,quasar,False,1,quasar,False,True,1,quasar,0.85389643907547,1,quasar,0.8185266256332397,1,quasar,0.6269989013671875,1,quasar,0.5064457058906555,1,quasar,0.5110794305801392,1,quasar,0.44336941838264465
1789,2,star,2,star,True,2,star,True,True,2,star,0.9724509716033936,2,star,0.9695780277252197,2,star,0.9899547100067139,2,star,0.9835751056671143,2,star,0.9795711040496826,2,star,0.4919789433479309
1790,2,star,2,star,True,2,star,True,True,2,star,0.9986360669136047,2,star,0.9854254126548767,2,star,0.9969364404678345,2,star,0.9902424216270447,2,star,0.9861353635787964,2,star,0.7094866633415222
1791,2,star,2,star,True,2,star,True,True,2,star,0.9285510182380676,2,star,0.9964428544044495,2,star,0.9889861345291138,2,star,0.958712100982666,2,star,0.984177827835083,2,star,0.7043435573577881
1792,2,star,2,star,True,2,star,True,True,2,star,0.9373244047164917,2,star,0.62403804063797,2,star,0.9114381670951843,2,star,0.7652439475059509,2,star,0.5626567006111145,2,star,0.49690258502960205
1793,2,star,1,quasar,False,1,quasar,False,True,1,quasar,0.7886567115783691,1,quasar,0.9372615218162537,1,quasar,0.8290380835533142,1,quasar,0.6418520212173462,2,star,0.5195470452308655,0,galaxy,0.39933153986930847
1794,2,star,2,star,True,2,star,True,True,2,star,0.8972184062004089,2,star,0.48743271827697754,2,star,0.5653315782546997,2,star,0.5300559997558594,2,star,0.5391831994056702,2,star,0.4690606892108917
1795,2,star,2,star,True,2,star,True,True,2,star,0.5818304419517517,2,star,0.9570204615592957,2,star,0.8444803357124329,2,star,0.49794572591781616,2,star,0.7305973768234253,2,star,0.4470541477203369
1796,2,star,2,star,True,2,star,True,True,2,star,0.9630919694900513,2,star,0.9154589176177979,2,star,0.991935133934021,2,star,0.9804095029830933,2,star,0.9767566919326782,2,star,0.6316774487495422
1797,2,star,2,star,True,2,star,True,True,2,star,0.9261852502822876,2,star,0.9971108436584473,2,star,0.9989107847213745,2,star,0.9942796230316162,2,star,0.9792071580886841,2,star,0.661296010017395
1798,2,star,2,star,True,2,star,True,True,2,star,0.9906578063964844,2,star,0.9994575381278992,2,star,0.9982600808143616,2,star,0.9941923022270203,2,star,0.9863160252571106,2,star,0.7473440766334534
1799,2,star,2,star,True,2,star,True,True,2,star,0.9830247163772583,2,star,0.9966115355491638,2,star,0.9970261454582214,2,star,0.9874758124351501,2,star,0.9824928045272827,2,star,0.7509254217147827
1800,2,star,1,quasar,False,1,quasar,False,True,1,quasar,0.6000373363494873,1,quasar,0.7174249887466431,1,quasar,0.6491181254386902,1,quasar,0.6256279349327087,1,quasar,0.6162211298942566,0,galaxy,0.47938793897628784
1801,2,star,2,star,True,2,star,True,True,2,star,0.9421011209487915,2,star,0.9091089367866516,2,star,0.906134307384491,2,star,0.9308923482894897,2,star,0.9552059173583984,2,star,0.5960181355476379
1802,2,star,2,star,True,2,star,True,True,2,star,0.9876430034637451,2,star,0.9993776679039001,2,star,0.9978728294372559,2,star,0.9806839823722839,2,star,0.9873421788215637,2,star,0.9023970365524292
1803,2,star,2,star,True,2,star,True,True,2,star,0.9936347007751465,2,star,0.9993976354598999,2,star,0.9976715445518494,2,star,0.9918598532676697,2,star,0.9870657920837402,2,star,0.6436805725097656
1804,2,star,2,star,True,2,star,True,True,2,star,0.7818058133125305,2,star,0.7084071636199951,2,star,0.6940851211547852,1,quasar,0.6248697638511658,1,quasar,0.5010076761245728,2,star,0.7246724367141724
1805,2,star,2,star,True,2,star,True,True,2,star,0.9946058392524719,2,star,0.9978489875793457,2,star,0.998711347579956,2,star,0.9935383200645447,2,star,0.9861001372337341,2,star,0.6304749846458435
1806,2,star,1,quasar,False,1,quasar,False,True,2,star,0.5379999279975891,1,quasar,0.6054056882858276,1,quasar,0.5230233073234558,1,quasar,0.4978317320346832,2,star,0.48352211713790894,2,star,0.38608238101005554
1807,2,star,2,star,True,2,star,True,True,2,star,0.9887752532958984,2,star,0.9900869727134705,2,star,0.9929381012916565,2,star,0.9644210934638977,2,star,0.9852096438407898,2,star,0.7714760899543762
1808,2,star,1,quasar,False,1,quasar,False,True,1,quasar,0.9394920468330383,1,quasar,0.75553959608078,1,quasar,0.6877623796463013,1,quasar,0.562103271484375,1,quasar,0.651553213596344,2,star,0.5087480545043945
1809,2,star,2,star,True,2,star,True,True,2,star,0.9689614176750183,2,star,0.9623870253562927,2,star,0.986396074295044,2,star,0.955546498298645,2,star,0.86740642786026,0,galaxy,0.4817750155925751
1810,2,star,2,star,True,2,star,True,True,2,star,0.982012927532196,2,star,0.9997473359107971,2,star,0.9958356618881226,2,star,0.9844198822975159,2,star,0.9766606688499451,2,star,0.8082571029663086
1811,2,star,2,star,True,2,star,True,True,2,star,0.5365291833877563,2,star,0.9467270970344543,2,star,0.9936512112617493,2,star,0.9864022135734558,2,star,0.9731377363204956,2,star,0.8784373998641968
1812,2,star,1,quasar,False,1,quasar,False,True,1,quasar,0.8372413516044617,1,quasar,0.9036147594451904,2,star,0.5179237127304077,1,quasar,0.5947296619415283,1,quasar,0.5643438696861267,2,star,0.49018141627311707
1813,2,star,2,star,True,2,star,True,True,2,star,0.995208203792572,2,star,0.9950042366981506,2,star,0.996550440788269,2,star,0.9655218124389648,2,star,0.924605667591095,2,star,0.7692490220069885
1814,2,star,2,star,True,2,star,True,True,2,star,0.9970216155052185,2,star,0.9814141392707825,2,star,0.9964930415153503,2,star,0.988091230392456,2,star,0.9818623661994934,2,star,0.6103887557983398
1815,2,star,2,star,True,2,star,True,True,1,quasar,0.7995794415473938,2,star,0.6422200798988342,2,star,0.8152287602424622,2,star,0.5342700481414795,2,star,0.6062003970146179,2,star,0.6352214217185974
1816,2,star,2,star,True,2,star,True,True,2,star,0.9890921115875244,2,star,0.999204695224762,2,star,0.9963350296020508,2,star,0.9865872263908386,2,star,0.9773618578910828,2,star,0.814179539680481
1817,2,star,1,quasar,False,1,quasar,False,True,1,quasar,0.5044404864311218,2,star,0.588803768157959,1,quasar,0.6576056480407715,1,quasar,0.6685138940811157,1,quasar,0.6055148243904114,2,star,0.6383485794067383
1818,2,star,2,star,True,2,star,True,True,2,star,0.9646623134613037,2,star,0.970649003982544,2,star,0.9141618609428406,2,star,0.6551797389984131,2,star,0.8385665416717529,2,star,0.6524471044540405
1819,2,star,2,star,True,2,star,True,True,2,star,0.9368231892585754,2,star,0.986498236656189,2,star,0.9800271391868591,2,star,0.9398254752159119,2,star,0.9190085530281067,2,star,0.6907032132148743
1820,2,star,2,star,True,2,star,True,True,2,star,0.9979603290557861,2,star,0.9990972280502319,2,star,0.9982701539993286,2,star,0.9875602126121521,2,star,0.9864585995674133,2,star,0.812432587146759
1821,2,star,2,star,True,2,star,True,True,2,star,0.5758477449417114,2,star,0.8167527914047241,2,star,0.9038838744163513,2,star,0.7299654483795166,2,star,0.7941062450408936,2,star,0.7441006302833557
1822,2,star,2,star,True,2,star,True,True,2,star,0.9863582253456116,2,star,0.9914849400520325,2,star,0.9985547661781311,2,star,0.9918754696846008,2,star,0.9861471056938171,2,star,0.6949707269668579
1823,2,star,0,galaxy,False,2,star,True,False,2,star,0.7043895721435547,2,star,0.8761390447616577,0,galaxy,0.46009624004364014,0,galaxy,0.5832292437553406,2,star,0.583824872970581,0,galaxy,0.3930307626724243
1824,2,star,2,star,True,2,star,True,True,2,star,0.9951127171516418,2,star,0.9980369210243225,2,star,0.9984109401702881,2,star,0.9903951287269592,2,star,0.9875481128692627,2,star,0.8172087669372559
1825,2,star,2,star,True,2,star,True,True,2,star,0.9418826103210449,2,star,0.9235835075378418,2,star,0.9969725608825684,2,star,0.9045344591140747,2,star,0.9826985001564026,2,star,0.8202676177024841
1826,2,star,2,star,True,2,star,True,True,2,star,0.8583037853240967,2,star,0.97459477186203,2,star,0.9923498034477234,2,star,0.9814472198486328,2,star,0.9570302963256836,2,star,0.6799041032791138
1827,2,star,2,star,True,2,star,True,True,2,star,0.991119921207428,2,star,0.9961749315261841,2,star,0.996527373790741,2,star,0.9887344241142273,2,star,0.9849897623062134,2,star,0.7552477717399597
1828,2,star,1,quasar,False,1,quasar,False,True,1,quasar,0.7005082964897156,1,quasar,0.6719042062759399,1,quasar,0.7972690463066101,1,quasar,0.6587207913398743,1,quasar,0.5629380941390991,2,star,0.3871923089027405
1829,2,star,2,star,True,2,star,True,True,2,star,0.9986432194709778,2,star,0.9982238411903381,2,star,0.9966981410980225,2,star,0.9829373955726624,2,star,0.9880956411361694,2,star,0.6761233806610107
1830,2,star,0,galaxy,False,0,galaxy,False,True,0,galaxy,0.9450867772102356,0,galaxy,0.4957086741924286,2,star,0.9043216705322266,0,galaxy,0.9859321117401123,0,galaxy,0.5214672684669495,2,star,0.44736289978027344
1831,2,star,2,star,True,2,star,True,True,2,star,0.9925669431686401,2,star,0.9725498557090759,2,star,0.9986937642097473,2,star,0.9914551973342896,2,star,0.9695733189582825,0,galaxy,0.42042121291160583
1832,2,star,1,quasar,False,1,quasar,False,True,2,star,0.5251316428184509,1,quasar,0.9583166837692261,1,quasar,0.5544596314430237,1,quasar,0.636344850063324,2,star,0.6323162913322449,2,star,0.49779000878334045
1833,2,star,2,star,True,2,star,True,True,2,star,0.9944849610328674,2,star,0.9989774227142334,2,star,0.997441291809082,2,star,0.9937945604324341,2,star,0.9866371154785156,2,star,0.5460484027862549
1834,2,star,2,star,True,2,star,True,True,2,star,0.9970394968986511,2,star,0.998371422290802,2,star,0.9984075427055359,2,star,0.9933696985244751,2,star,0.9861904382705688,2,star,0.799345076084137
1835,2,star,2,star,True,2,star,True,True,2,star,0.8939656615257263,2,star,0.9693478941917419,2,star,0.9988030195236206,2,star,0.9943763017654419,2,star,0.9877623319625854,2,star,0.6448180079460144
1836,2,star,2,star,True,2,star,True,True,2,star,0.9736590385437012,2,star,0.9850639700889587,2,star,0.997832715511322,2,star,0.9902750253677368,2,star,0.9775272607803345,2,star,0.7557776570320129
1837,2,star,2,star,True,2,star,True,True,2,star,0.6273363828659058,2,star,0.5723331570625305,2,star,0.917351484298706,1,quasar,0.539186954498291,1,quasar,0.4951402246952057,2,star,0.7189352512359619
1838,2,star,2,star,True,2,star,True,True,2,star,0.5092816352844238,1,quasar,0.8603593111038208,2,star,0.6907925605773926,1,quasar,0.642963707447052,2,star,0.6267804503440857,2,star,0.7832991480827332
1839,2,star,2,star,True,2,star,True,True,2,star,0.9794092774391174,2,star,0.9046869874000549,2,star,0.9923966526985168,2,star,0.982355535030365,2,star,0.8858634829521179,2,star,0.5717615485191345
1840,2,star,2,star,True,2,star,True,True,2,star,0.5020506381988525,1,quasar,0.5979346632957458,2,star,0.5362003445625305,2,star,0.5545886754989624,2,star,0.584868848323822,2,star,0.4510301649570465
1841,2,star,2,star,True,2,star,True,True,2,star,0.9819619059562683,2,star,0.6662442684173584,2,star,0.4825313091278076,2,star,0.9038576483726501,2,star,0.792045533657074,2,star,0.5138459801673889
1842,2,star,2,star,True,2,star,True,True,2,star,0.9055157899856567,2,star,0.9622617363929749,2,star,0.9964323043823242,2,star,0.9706700444221497,2,star,0.9706553220748901,2,star,0.7707864046096802
1843,2,star,2,star,True,2,star,True,True,2,star,0.9962741136550903,2,star,0.9968416690826416,2,star,0.9962286949157715,2,star,0.9923381805419922,2,star,0.9806186556816101,2,star,0.7118239998817444
1844,2,star,1,quasar,False,2,star,True,False,1,quasar,0.6505494713783264,2,star,0.5620118379592896,2,star,0.6043373942375183,1,quasar,0.6064616441726685,1,quasar,0.5920599102973938,2,star,0.6656821966171265
1845,2,star,2,star,True,2,star,True,True,2,star,0.9842205047607422,2,star,0.9940363168716431,2,star,0.9978448152542114,2,star,0.9792110323905945,2,star,0.985722541809082,2,star,0.7692404389381409
1846,2,star,2,star,True,2,star,True,True,2,star,0.6320309638977051,2,star,0.8334435224533081,2,star,0.8304629921913147,2,star,0.7804214358329773,2,star,0.8558887243270874,2,star,0.593305766582489
1847,2,star,2,star,True,2,star,True,True,2,star,0.5476200580596924,2,star,0.7608864903450012,2,star,0.5356667041778564,2,star,0.704167366027832,1,quasar,0.6050271987915039,2,star,0.5854606032371521
1848,2,star,2,star,True,2,star,True,True,2,star,0.7477890253067017,1,quasar,0.7744424343109131,2,star,0.8368464112281799,1,quasar,0.5604687929153442,2,star,0.8626024723052979,2,star,0.6423815488815308
1849,2,star,2,star,True,2,star,True,True,2,star,0.8033276796340942,2,star,0.9595317840576172,2,star,0.9845110177993774,2,star,0.9786707758903503,2,star,0.889164924621582,2,star,0.6771087050437927
1850,2,star,2,star,True,2,star,True,True,2,star,0.9862849712371826,2,star,0.9893080592155457,2,star,0.9902161359786987,2,star,0.9796223640441895,2,star,0.8834079504013062,2,star,0.9734864830970764
1851,2,star,2,star,True,2,star,True,True,2,star,0.7152236104011536,2,star,0.9413357377052307,2,star,0.9890123605728149,2,star,0.9900004863739014,2,star,0.9249595403671265,0,galaxy,0.5834791660308838
1852,2,star,2,star,True,2,star,True,True,2,star,0.8587344884872437,2,star,0.9641149640083313,2,star,0.9258398413658142,2,star,0.8538510799407959,2,star,0.9154970645904541,2,star,0.7837162017822266
1853,2,star,2,star,True,2,star,True,True,2,star,0.9846461415290833,2,star,0.9857882857322693,2,star,0.9975607395172119,2,star,0.9904416799545288,2,star,0.9858308434486389,2,star,0.8070554733276367
1854,2,star,2,star,True,2,star,True,True,2,star,0.9868974685668945,2,star,0.9991388320922852,2,star,0.9969239830970764,2,star,0.9635388851165771,2,star,0.9773381948471069,2,star,0.6712818741798401
1855,2,star,2,star,True,2,star,True,True,2,star,0.9305383563041687,2,star,0.974151074886322,2,star,0.9872323274612427,2,star,0.9885460734367371,2,star,0.9478242993354797,2,star,0.748925507068634
1856,2,star,2,star,True,2,star,True,True,2,star,0.9247444272041321,2,star,0.8129900693893433,2,star,0.7801545858383179,2,star,0.818490207195282,2,star,0.7277536392211914,2,star,0.648059070110321
1857,2,star,2,star,True,2,star,True,True,2,star,0.9274746179580688,2,star,0.9946228265762329,2,star,0.9907925128936768,2,star,0.9547217488288879,2,star,0.9684988260269165,2,star,0.520488977432251
1858,2,star,2,star,True,2,star,True,True,2,star,0.682925820350647,2,star,0.6677859425544739,2,star,0.9336317777633667,2,star,0.7848511934280396,2,star,0.8356937170028687,2,star,0.5840228199958801
1859,2,star,2,star,True,2,star,True,True,2,star,0.9866227507591248,2,star,0.9941980838775635,2,star,0.9881612062454224,2,star,0.9662165641784668,2,star,0.9745249152183533,2,star,0.767782986164093
1860,2,star,2,star,True,2,star,True,True,2,star,0.9784420132637024,2,star,0.993615984916687,2,star,0.9936763644218445,2,star,0.9748001098632812,2,star,0.9035189747810364,2,star,0.851686954498291
1861,2,star,2,star,True,2,star,True,True,2,star,0.9219030737876892,2,star,0.9787541031837463,2,star,0.9938808679580688,2,star,0.7597302794456482,2,star,0.9760324954986572,2,star,0.6772860884666443
1862,2,star,2,star,True,2,star,True,True,2,star,0.8884841799736023,2,star,0.9977588653564453,2,star,0.9902904629707336,2,star,0.6592024564743042,2,star,0.8931436538696289,2,star,0.5519813299179077
1863,2,star,2,star,True,2,star,True,True,2,star,0.989335834980011,2,star,0.9225310683250427,2,star,0.9338247776031494,2,star,0.7091956734657288,2,star,0.8388375043869019,2,star,0.6600175499916077
1864,2,star,2,star,True,2,star,True,True,1,quasar,0.6316075921058655,2,star,0.6560341715812683,2,star,0.6938594579696655,1,quasar,0.6328696012496948,2,star,0.5546978712081909,2,star,0.5600937604904175
1865,2,star,2,star,True,2,star,True,True,1,quasar,0.40752968192100525,2,star,0.6315686702728271,2,star,0.9160420894622803,0,galaxy,0.8384752869606018,2,star,0.5417054891586304,0,galaxy,0.5672422051429749
1866,2,star,2,star,True,2,star,True,True,2,star,0.9874359369277954,2,star,0.9949480295181274,2,star,0.9944334626197815,2,star,0.9747567176818848,2,star,0.9616245627403259,2,star,0.49348899722099304
1867,2,star,2,star,True,2,star,True,True,2,star,0.9403982162475586,2,star,0.976585328578949,2,star,0.9719165563583374,2,star,0.894507646560669,2,star,0.967195451259613,2,star,0.7282267212867737
1868,2,star,2,star,True,2,star,True,True,2,star,0.6631764769554138,2,star,0.742169976234436,1,quasar,0.6113710999488831,2,star,0.7012370228767395,2,star,0.6141774654388428,2,star,0.4258635342121124
1869,2,star,2,star,True,2,star,True,True,2,star,0.9787939786911011,2,star,0.9879351854324341,2,star,0.998443067073822,2,star,0.991909921169281,2,star,0.9877033233642578,2,star,0.7055414319038391
1870,2,star,2,star,True,2,star,True,True,2,star,0.9482775330543518,2,star,0.9967466592788696,2,star,0.9978886246681213,2,star,0.9895604848861694,2,star,0.9830114841461182,2,star,0.6906558275222778
1871,2,star,2,star,True,2,star,True,True,2,star,0.9871082901954651,2,star,0.9866385459899902,2,star,0.9971956014633179,2,star,0.986236572265625,2,star,0.9845475554466248,2,star,0.9109448790550232
1872,2,star,2,star,True,2,star,True,True,2,star,0.8264773488044739,2,star,0.5908002853393555,2,star,0.5806514620780945,2,star,0.5363433957099915,2,star,0.6861797571182251,2,star,0.8223123550415039
1873,2,star,2,star,True,2,star,True,True,2,star,0.947565495967865,2,star,0.9968050718307495,2,star,0.9933244585990906,2,star,0.956075131893158,2,star,0.938136875629425,2,star,0.776287853717804
1874,2,star,2,star,True,2,star,True,True,2,star,0.974683403968811,2,star,0.993040919303894,2,star,0.9932795166969299,2,star,0.9437210559844971,2,star,0.9685154557228088,2,star,0.8429814577102661
1875,2,star,2,star,True,2,star,True,True,2,star,0.8349159955978394,2,star,0.986730694770813,2,star,0.9640740752220154,2,star,0.9540402889251709,2,star,0.847412109375,2,star,0.6526290774345398
1876,2,star,2,star,True,2,star,True,True,2,star,0.997280478477478,2,star,0.9998378753662109,2,star,0.9981188178062439,2,star,0.9939801692962646,2,star,0.9832220673561096,2,star,0.9021475315093994
1877,2,star,2,star,True,2,star,True,True,2,star,0.9507269263267517,2,star,0.875689685344696,2,star,0.9576704502105713,2,star,0.9257330894470215,2,star,0.9407414197921753,2,star,0.8525369167327881
1878,2,star,2,star,True,2,star,True,True,2,star,0.9065624475479126,1,quasar,0.382186621427536,2,star,0.9566965103149414,2,star,0.46694430708885193,2,star,0.8053449392318726,2,star,0.8729760050773621
1879,2,star,2,star,True,2,star,True,True,2,star,0.6256027221679688,2,star,0.5914263725280762,2,star,0.7659949660301208,2,star,0.7115793228149414,2,star,0.7348893880844116,2,star,0.7186083197593689
1880,2,star,2,star,True,2,star,True,True,2,star,0.8597477078437805,2,star,0.9894751310348511,2,star,0.9824365377426147,2,star,0.9498094916343689,2,star,0.9046154618263245,2,star,0.6738260388374329
1881,2,star,2,star,True,2,star,True,True,2,star,0.969471275806427,2,star,0.9825149774551392,2,star,0.9838342666625977,2,star,0.8978525996208191,2,star,0.8339989185333252,2,star,0.7763804793357849
1882,2,star,2,star,True,2,star,True,True,2,star,0.9038732647895813,2,star,0.9720453023910522,2,star,0.9973235726356506,2,star,0.9864308834075928,2,star,0.9547770619392395,2,star,0.4788562059402466
1883,2,star,2,star,True,2,star,True,True,2,star,0.7979357242584229,2,star,0.9225286841392517,2,star,0.9739731550216675,2,star,0.8355904817581177,2,star,0.8668833374977112,2,star,0.5192126035690308
1884,2,star,2,star,True,2,star,True,True,2,star,0.762984573841095,2,star,0.9992388486862183,2,star,0.9980529546737671,2,star,0.9882972836494446,2,star,0.9347692728042603,0,galaxy,0.621431827545166
1885,2,star,2,star,True,2,star,True,True,2,star,0.9552351832389832,2,star,0.9995766282081604,2,star,0.9986546039581299,2,star,0.992077112197876,2,star,0.9197370409965515,2,star,0.5821107029914856
1886,2,star,2,star,True,2,star,True,True,2,star,0.9767533540725708,2,star,0.9989120960235596,2,star,0.999482274055481,2,star,0.9938546419143677,2,star,0.9876580834388733,2,star,0.9753397107124329
1887,2,star,2,star,True,2,star,True,True,2,star,0.9382431507110596,2,star,0.9975759387016296,2,star,0.9978050589561462,2,star,0.9790696501731873,2,star,0.9584466814994812,2,star,0.8342649340629578
1888,2,star,2,star,True,2,star,True,True,2,star,0.5862929224967957,2,star,0.9966601133346558,2,star,0.9946317672729492,2,star,0.9329823851585388,2,star,0.8566434979438782,2,star,0.38691726326942444
1889,2,star,2,star,True,2,star,True,True,0,galaxy,0.7638241648674011,2,star,0.6576269865036011,2,star,0.7840690612792969,2,star,0.7676255106925964,0,galaxy,0.8438360691070557,2,star,0.5072831511497498
1890,2,star,2,star,True,2,star,True,True,2,star,0.6450197100639343,1,quasar,0.603242039680481,2,star,0.9274112582206726,1,quasar,0.6010948419570923,2,star,0.8019095063209534,0,galaxy,0.3579927682876587
1891,2,star,2,star,True,2,star,True,True,2,star,0.563392162322998,0,galaxy,0.7670097351074219,2,star,0.9986683130264282,2,star,0.9833725094795227,2,star,0.9326913952827454,2,star,0.5626208782196045
1892,2,star,2,star,True,2,star,True,True,2,star,0.8113317489624023,2,star,0.8320817351341248,2,star,0.9949315190315247,2,star,0.989651620388031,2,star,0.9238617420196533,0,galaxy,0.7220091819763184
1893,2,star,2,star,True,2,star,True,True,2,star,0.6883680820465088,2,star,0.8908970355987549,2,star,0.9889606833457947,2,star,0.565619945526123,2,star,0.7583579421043396,2,star,0.5154011845588684
1894,2,star,1,quasar,False,2,star,True,False,1,quasar,0.5613610148429871,2,star,0.5557824373245239,1,quasar,0.4906356632709503,1,quasar,0.5559565424919128,2,star,0.44579508900642395,2,star,0.452258825302124
1895,2,star,2,star,True,2,star,True,True,2,star,0.9892247319221497,2,star,0.9997847676277161,2,star,0.9985985159873962,2,star,0.991631805896759,2,star,0.9855090975761414,2,star,0.8498257398605347
1896,2,star,2,star,True,2,star,True,True,2,star,0.8729261159896851,2,star,0.9934495091438293,2,star,0.9947302341461182,2,star,0.810680627822876,2,star,0.7969794273376465,0,galaxy,0.5925937294960022
1897,2,star,2,star,True,2,star,True,True,2,star,0.6894022226333618,2,star,0.9961901903152466,2,star,0.9987863898277283,2,star,0.9896140694618225,2,star,0.9589534997940063,0,galaxy,0.6636882424354553
1898,2,star,2,star,True,2,star,True,True,2,star,0.7201821208000183,2,star,0.9670674204826355,2,star,0.9978004097938538,2,star,0.9015597701072693,2,star,0.42482268810272217,2,star,0.7183420658111572
1899,2,star,2,star,True,2,star,True,True,2,star,0.8979423642158508,2,star,0.9781436920166016,2,star,0.9985278844833374,2,star,0.993340790271759,2,star,0.977003276348114,2,star,0.44145455956459045
1900,2,star,2,star,True,2,star,True,True,2,star,0.9843006730079651,2,star,0.9996347427368164,2,star,0.9987084865570068,2,star,0.9936168193817139,2,star,0.9724118709564209,2,star,0.7460157871246338
1901,2,star,2,star,True,2,star,True,True,2,star,0.9852898716926575,2,star,0.9990971088409424,2,star,0.9983370304107666,2,star,0.986076295375824,2,star,0.9862966537475586,2,star,0.6330883502960205
1902,2,star,2,star,True,2,star,True,True,2,star,0.9355816841125488,2,star,0.9996113181114197,2,star,0.9979549646377563,2,star,0.97513347864151,2,star,0.9850456118583679,2,star,0.6217633485794067
1903,2,star,2,star,True,2,star,True,True,2,star,0.8480048179626465,2,star,0.9956710338592529,2,star,0.99610435962677,2,star,0.9498176574707031,2,star,0.8870978355407715,2,star,0.4816528260707855
1904,2,star,2,star,True,2,star,True,True,1,quasar,0.6981881260871887,2,star,0.7739700675010681,2,star,0.9767340421676636,2,star,0.744723379611969,0,galaxy,0.6655097603797913,2,star,0.8040582537651062
1905,2,star,2,star,True,2,star,True,True,0,galaxy,0.4825344681739807,2,star,0.8184641599655151,2,star,0.9947254061698914,2,star,0.791053056716919,2,star,0.6157363057136536,0,galaxy,0.45655539631843567
1906,2,star,2,star,True,2,star,True,True,2,star,0.567670464515686,2,star,0.48323991894721985,2,star,0.7652084827423096,0,galaxy,0.6730926632881165,0,galaxy,0.9343165755271912,2,star,0.48048633337020874
1907,2,star,2,star,True,2,star,True,True,2,star,0.9846858978271484,2,star,0.9970675110816956,2,star,0.9906259775161743,2,star,0.8989742994308472,2,star,0.8637263774871826,2,star,0.5974529385566711
1908,2,star,2,star,True,2,star,True,True,2,star,0.6173590421676636,2,star,0.7299865484237671,0,galaxy,0.5276006460189819,0,galaxy,0.4309003949165344,2,star,0.6586518287658691,2,star,0.49933725595474243
1909,2,star,2,star,True,2,star,True,True,2,star,0.9713000059127808,2,star,0.9854654669761658,2,star,0.9024709463119507,2,star,0.7648923397064209,2,star,0.8890513181686401,0,galaxy,0.602846622467041
1910,2,star,2,star,True,2,star,True,True,2,star,0.9903454184532166,2,star,0.997550904750824,2,star,0.9966891407966614,2,star,0.7673593163490295,2,star,0.9738654494285583,0,galaxy,0.39920860528945923
1911,2,star,2,star,True,2,star,True,True,2,star,0.9566389322280884,2,star,0.990982711315155,2,star,0.9977193474769592,2,star,0.9833701848983765,2,star,0.9137710332870483,2,star,0.6261152029037476
1912,2,star,2,star,True,2,star,True,True,2,star,0.9761941432952881,2,star,0.9962618947029114,2,star,0.9988388419151306,2,star,0.9935156106948853,2,star,0.9818695187568665,2,star,0.5133737325668335
1913,2,star,2,star,True,2,star,True,True,2,star,0.8031755685806274,2,star,0.9927143454551697,2,star,0.9923398494720459,2,star,0.8812723755836487,2,star,0.9223456382751465,2,star,0.3911861777305603
1914,2,star,2,star,True,2,star,True,True,2,star,0.6621922254562378,2,star,0.9410378336906433,2,star,0.7814193367958069,2,star,0.7287811040878296,2,star,0.7428964376449585,0,galaxy,0.45466551184654236
1915,2,star,2,star,True,2,star,True,True,2,star,0.9408137798309326,2,star,0.9945869445800781,2,star,0.985741138458252,2,star,0.9702353477478027,2,star,0.9729642868041992,2,star,0.8470776081085205
1916,2,star,2,star,True,2,star,True,True,2,star,0.9960311055183411,2,star,0.9996658563613892,2,star,0.9973235726356506,2,star,0.9887261986732483,2,star,0.9871647357940674,2,star,0.7319657206535339
1917,2,star,2,star,True,2,star,True,True,2,star,0.6933730840682983,2,star,0.898516058921814,2,star,0.9200455546379089,2,star,0.7856009602546692,2,star,0.8131064772605896,0,galaxy,0.4301736354827881
1918,2,star,2,star,True,2,star,True,True,2,star,0.943536102771759,2,star,0.9965518712997437,2,star,0.9967988729476929,2,star,0.9826791286468506,2,star,0.967596173286438,2,star,0.5831159949302673
1919,2,star,2,star,True,2,star,True,True,1,quasar,0.5475716590881348,2,star,0.6999815106391907,2,star,0.6066185832023621,1,quasar,0.5195027589797974,0,galaxy,0.38252848386764526,2,star,0.4769260287284851
1920,2,star,2,star,True,2,star,True,True,2,star,0.9733588695526123,2,star,0.9495014548301697,2,star,0.987934947013855,2,star,0.6734919548034668,2,star,0.8971779942512512,0,galaxy,0.6846868395805359
1921,2,star,2,star,True,2,star,True,True,2,star,0.9383531808853149,2,star,0.9981775283813477,2,star,0.9983981251716614,2,star,0.9927107095718384,2,star,0.953496515750885,2,star,0.5955825448036194
1922,2,star,2,star,True,2,star,True,True,2,star,0.99607253074646,2,star,0.9989659786224365,2,star,0.998211145401001,2,star,0.9948368072509766,2,star,0.9869072437286377,0,galaxy,0.4249315559864044
1923,2,star,2,star,True,2,star,True,True,2,star,0.895095944404602,2,star,0.9253507256507874,2,star,0.8558216691017151,2,star,0.849138617515564,2,star,0.884326696395874,2,star,0.44886884093284607
1924,2,star,2,star,True,2,star,True,True,2,star,0.6788318753242493,1,quasar,0.7190014123916626,2,star,0.5622698068618774,2,star,0.5046842694282532,2,star,0.6309676766395569,2,star,0.4673733711242676
1925,2,star,2,star,True,2,star,True,True,2,star,0.7603393197059631,2,star,0.6053256988525391,2,star,0.8655185103416443,2,star,0.7544431686401367,2,star,0.6465707421302795,2,star,0.4178932309150696
1926,2,star,2,star,True,2,star,True,True,2,star,0.9635176062583923,2,star,0.9994801878929138,2,star,0.9981545805931091,2,star,0.9922966361045837,2,star,0.9816664457321167,2,star,0.5103344917297363
1927,2,star,1,quasar,False,1,quasar,False,True,1,quasar,0.8503791093826294,1,quasar,0.919729471206665,2,star,0.5681669116020203,1,quasar,0.6390371918678284,2,star,0.6273584961891174,2,star,0.4248381555080414
1928,2,star,2,star,True,2,star,True,True,2,star,0.9267911314964294,2,star,0.9981268048286438,2,star,0.9989142417907715,2,star,0.9688075184822083,2,star,0.9843832850456238,2,star,0.6117939949035645
1929,2,star,2,star,True,2,star,True,True,2,star,0.6058518886566162,2,star,0.9888217449188232,2,star,0.9802439212799072,2,star,0.888622522354126,2,star,0.8336808085441589,0,galaxy,0.4538559019565582
1930,2,star,1,quasar,False,1,quasar,False,True,1,quasar,0.7768089771270752,1,quasar,0.7131667733192444,2,star,0.5148528814315796,1,quasar,0.6398112177848816,1,quasar,0.5342486500740051,2,star,0.46771240234375
1931,2,star,2,star,True,2,star,True,True,2,star,0.7566350102424622,2,star,0.7737600803375244,1,quasar,0.45024374127388,2,star,0.4263852536678314,2,star,0.6950605511665344,0,galaxy,0.4873421788215637
1932,2,star,2,star,True,2,star,True,True,2,star,0.8827407956123352,2,star,0.7905020117759705,2,star,0.9675233364105225,2,star,0.47592368721961975,2,star,0.9641178250312805,2,star,0.5000837445259094
1933,2,star,2,star,True,2,star,True,True,2,star,0.9671352505683899,2,star,0.9887362122535706,2,star,0.9466687440872192,2,star,0.890160322189331,2,star,0.9600268602371216,2,star,0.6814441084861755
1934,2,star,2,star,True,2,star,True,True,2,star,0.6818296909332275,2,star,0.8569390177726746,2,star,0.728281557559967,1,quasar,0.5726850032806396,2,star,0.694714367389679,2,star,0.6129159927368164
1935,2,star,2,star,True,2,star,True,True,1,quasar,0.7412187457084656,2,star,0.6858227252960205,2,star,0.5827143788337708,1,quasar,0.5596114993095398,2,star,0.5842934250831604,2,star,0.4121696949005127
1936,2,star,2,star,True,2,star,True,True,2,star,0.9809624552726746,2,star,0.9993928670883179,2,star,0.9981028437614441,2,star,0.9860639572143555,2,star,0.9781627058982849,2,star,0.5787492990493774
1937,2,star,2,star,True,2,star,True,True,2,star,0.9896969199180603,2,star,0.999396800994873,2,star,0.9914842247962952,2,star,0.9704223275184631,2,star,0.9401237964630127,2,star,0.7927931547164917
1938,2,star,2,star,True,2,star,True,True,2,star,0.9829893708229065,2,star,0.998530387878418,2,star,0.9988570213317871,2,star,0.9911845326423645,2,star,0.9724597334861755,0,galaxy,0.5233426690101624
1939,2,star,2,star,True,2,star,True,True,2,star,0.9940798282623291,2,star,0.9985774755477905,2,star,0.9986899495124817,2,star,0.9947761297225952,2,star,0.9830508828163147,2,star,0.6190447807312012
1940,2,star,2,star,True,2,star,True,True,1,quasar,0.5323454737663269,2,star,0.9352973699569702,2,star,0.7669994235038757,2,star,0.5898227691650391,2,star,0.7195590138435364,0,galaxy,0.41840243339538574
1941,2,star,2,star,True,2,star,True,True,2,star,0.912617564201355,2,star,0.7187761664390564,2,star,0.7200019359588623,2,star,0.6242320537567139,2,star,0.7702694535255432,2,star,0.5253282785415649
1942,2,star,2,star,True,2,star,True,True,2,star,0.9859625697135925,2,star,0.9979294538497925,2,star,0.999056875705719,2,star,0.9951476454734802,2,star,0.9888899326324463,2,star,0.545464813709259
1943,2,star,1,quasar,False,1,quasar,False,True,1,quasar,0.8886950612068176,1,quasar,0.5716790556907654,1,quasar,0.6146166920661926,1,quasar,0.663945198059082,1,quasar,0.5084607601165771,2,star,0.5178523063659668
1944,2,star,2,star,True,2,star,True,True,2,star,0.4691157639026642,2,star,0.52784264087677,1,quasar,0.5232313275337219,2,star,0.5806114673614502,2,star,0.601036012172699,2,star,0.4285677969455719
1945,2,star,2,star,True,2,star,True,True,2,star,0.6243953704833984,1,quasar,0.5387974381446838,2,star,0.8363015651702881,1,quasar,0.5633075833320618,2,star,0.7108867764472961,2,star,0.7862207889556885
1946,2,star,2,star,True,2,star,True,True,2,star,0.9632684588432312,2,star,0.8316994309425354,2,star,0.8793169260025024,2,star,0.7288340926170349,2,star,0.7568721771240234,2,star,0.7028215527534485
1947,2,star,2,star,True,2,star,True,True,2,star,0.989045262336731,2,star,0.9832056164741516,2,star,0.9915926456451416,2,star,0.8646348714828491,2,star,0.885735034942627,2,star,0.7719900012016296
1948,2,star,2,star,True,2,star,True,True,2,star,0.9910449981689453,2,star,0.9998117089271545,2,star,0.9981997013092041,2,star,0.9944062232971191,2,star,0.988462507724762,2,star,0.6450362205505371
1949,2,star,2,star,True,2,star,True,True,2,star,0.9957291483879089,2,star,0.9997461438179016,2,star,0.9986565113067627,2,star,0.9941184520721436,2,star,0.9891799688339233,2,star,0.6864620447158813
1950,2,star,2,star,True,2,star,True,True,2,star,0.549290657043457,2,star,0.6852743625640869,2,star,0.6454215049743652,2,star,0.4587617516517639,2,star,0.48838236927986145,2,star,0.524040937423706
1951,2,star,2,star,True,2,star,True,True,2,star,0.9912002682685852,2,star,0.9996153116226196,2,star,0.9944288730621338,2,star,0.9738622903823853,2,star,0.9535090327262878,2,star,0.8203499913215637
1952,2,star,2,star,True,2,star,True,True,2,star,0.5777327418327332,2,star,0.5859192609786987,2,star,0.5439331531524658,1,quasar,0.6939833164215088,2,star,0.6141709685325623,2,star,0.523982584476471
1953,2,star,2,star,True,1,quasar,False,False,1,quasar,0.8501243591308594,2,star,0.5538921356201172,2,star,0.6542972922325134,1,quasar,0.6870610117912292,2,star,0.5340397953987122,2,star,0.6350104808807373
1954,2,star,2,star,True,2,star,True,True,2,star,0.9217804670333862,2,star,0.9252886772155762,2,star,0.991586446762085,2,star,0.859756588935852,2,star,0.9749459028244019,2,star,0.873795747756958
1955,2,star,2,star,True,2,star,True,True,2,star,0.6293758153915405,2,star,0.7905777096748352,2,star,0.6498352885246277,2,star,0.47453057765960693,2,star,0.7859087586402893,2,star,0.4596754312515259
1956,2,star,2,star,True,2,star,True,True,2,star,0.7046722173690796,2,star,0.9901504516601562,2,star,0.984679639339447,2,star,0.9898790121078491,2,star,0.9872753620147705,2,star,0.612325131893158
1957,2,star,2,star,True,2,star,True,True,2,star,0.9324238300323486,2,star,0.9977388381958008,2,star,0.9822721481323242,2,star,0.8190963864326477,2,star,0.711368203163147,0,galaxy,0.45141953229904175
1958,2,star,2,star,True,2,star,True,True,2,star,0.7080652117729187,2,star,0.8350043892860413,2,star,0.6457652449607849,1,quasar,0.6944730281829834,2,star,0.8972150087356567,2,star,0.6273735761642456
1959,2,star,2,star,True,2,star,True,True,2,star,0.9836577773094177,2,star,0.9970923662185669,2,star,0.9978699684143066,2,star,0.9829632043838501,2,star,0.9854512214660645,0,galaxy,0.850632905960083
1960,2,star,2,star,True,2,star,True,True,2,star,0.9316338300704956,2,star,0.9355140924453735,2,star,0.9472222924232483,2,star,0.8380327224731445,2,star,0.7887338399887085,0,galaxy,0.7367281913757324
1961,2,star,2,star,True,2,star,True,True,2,star,0.8321177959442139,2,star,0.5889193415641785,2,star,0.765232264995575,2,star,0.8528949022293091,2,star,0.7101556658744812,1,quasar,0.4959028959274292
1962,2,star,1,quasar,False,1,quasar,False,True,1,quasar,0.8509008884429932,1,quasar,0.7652438879013062,1,quasar,0.8019505739212036,1,quasar,0.5701622366905212,2,star,0.5391209125518799,2,star,0.6349801421165466
1963,2,star,2,star,True,2,star,True,True,2,star,0.9969461560249329,2,star,0.9953891038894653,2,star,0.9917054176330566,2,star,0.9366831183433533,2,star,0.9847240447998047,2,star,0.6228238940238953
1964,2,star,2,star,True,2,star,True,True,2,star,0.9662036299705505,2,star,0.9446525573730469,2,star,0.8595870137214661,2,star,0.7713583111763,2,star,0.9127997756004333,2,star,0.739602267742157
1965,2,star,2,star,True,2,star,True,True,2,star,0.9710316061973572,2,star,0.9979661703109741,2,star,0.9980548620223999,2,star,0.9946655035018921,2,star,0.9885237812995911,1,quasar,0.370654433965683
1966,2,star,2,star,True,2,star,True,True,2,star,0.9828683137893677,2,star,0.9950709342956543,2,star,0.9981784820556641,2,star,0.9948564767837524,2,star,0.9847303032875061,0,galaxy,0.7100645303726196
1967,2,star,2,star,True,2,star,True,True,2,star,0.805849552154541,2,star,0.6336340308189392,2,star,0.8817170858383179,2,star,0.5902569890022278,2,star,0.7388989925384521,2,star,0.7185226082801819
1968,2,star,2,star,True,2,star,True,True,2,star,0.9813847541809082,2,star,0.9826142191886902,2,star,0.9915950894355774,2,star,0.9724425077438354,2,star,0.9729993939399719,2,star,0.6991838812828064
1969,2,star,2,star,True,2,star,True,True,2,star,0.9887278079986572,2,star,0.9979165196418762,2,star,0.983746349811554,2,star,0.9694734811782837,2,star,0.9848511815071106,2,star,0.7265010476112366
1970,2,star,1,quasar,False,1,quasar,False,True,2,star,0.5147228240966797,2,star,0.6974800229072571,1,quasar,0.6586027145385742,1,quasar,0.6078259944915771,1,quasar,0.6008219122886658,2,star,0.3867189288139343
1971,2,star,2,star,True,2,star,True,True,2,star,0.9384627342224121,2,star,1.0,2,star,0.9753723740577698,2,star,0.7247859239578247,2,star,0.877240777015686,2,star,0.45087194442749023
1972,2,star,2,star,True,2,star,True,True,2,star,0.9957039952278137,2,star,0.9990284442901611,2,star,0.9927869439125061,2,star,0.9697344303131104,2,star,0.9493728280067444,2,star,0.7514406442642212
1973,2,star,1,quasar,False,1,quasar,False,True,1,quasar,0.6079392433166504,1,quasar,0.7725885510444641,1,quasar,0.5514235496520996,2,star,0.5821037292480469,2,star,0.5570502281188965,2,star,0.5159169435501099
1974,2,star,2,star,True,2,star,True,True,2,star,0.8027011752128601,2,star,0.9422163963317871,2,star,0.9755875468254089,2,star,0.9164750576019287,2,star,0.9230698943138123,2,star,0.7685532569885254
1975,2,star,2,star,True,2,star,True,True,2,star,0.9671726822853088,2,star,0.9974722266197205,2,star,0.9971153736114502,2,star,0.9932181239128113,2,star,0.9690365195274353,2,star,0.7320358157157898
1976,2,star,0,galaxy,False,0,galaxy,False,True,0,galaxy,0.8934527039527893,0,galaxy,0.38302356004714966,2,star,0.6799459457397461,2,star,0.5308212041854858,0,galaxy,0.8516466617584229,0,galaxy,0.4878905713558197
1977,2,star,2,star,True,2,star,True,True,2,star,0.9903503060340881,2,star,0.9911216497421265,2,star,0.9985164999961853,2,star,0.9817756414413452,2,star,0.9845924973487854,2,star,0.5332016944885254
1978,2,star,2,star,True,2,star,True,True,2,star,0.5910014510154724,2,star,0.7385225296020508,2,star,0.8515783548355103,1,quasar,0.6404947638511658,1,quasar,0.472821980714798,2,star,0.6370018124580383
1979,2,star,2,star,True,2,star,True,True,2,star,0.9691408276557922,2,star,0.9811825156211853,2,star,0.9958090782165527,2,star,0.7274324893951416,2,star,0.9135642051696777,0,galaxy,0.49706947803497314
1980,2,star,2,star,True,2,star,True,True,2,star,0.995101809501648,2,star,0.9961820244789124,2,star,0.9922261238098145,2,star,0.9697956442832947,2,star,0.984419047832489,2,star,0.7364440560340881
1981,2,star,2,star,True,2,star,True,True,2,star,0.9619638919830322,2,star,0.9328425526618958,2,star,0.9932993650436401,2,star,0.9883794784545898,2,star,0.9856325387954712,2,star,0.6405903697013855
1982,2,star,2,star,True,2,star,True,True,2,star,0.7663096785545349,1,quasar,0.5775995254516602,2,star,0.5006611347198486,2,star,0.5702198147773743,2,star,0.5578165650367737,2,star,0.6570464372634888
1983,2,star,1,quasar,False,1,quasar,False,True,2,star,0.6102759838104248,1,quasar,0.7783349752426147,1,quasar,0.526188313961029,2,star,0.48173972964286804,1,quasar,0.39897146821022034,2,star,0.3862926959991455
1984,2,star,1,quasar,False,2,star,True,False,1,quasar,0.5292631983757019,2,star,0.5452978610992432,2,star,0.7185958623886108,1,quasar,0.6049538254737854,1,quasar,0.6495329737663269,2,star,0.5360435247421265
1985,2,star,1,quasar,False,2,star,True,False,1,quasar,0.5480903387069702,2,star,0.6236119270324707,2,star,0.6630105972290039,1,quasar,0.7047229409217834,1,quasar,0.6588804125785828,2,star,0.5534445643424988
1986,2,star,1,quasar,False,1,quasar,False,True,1,quasar,0.7054110169410706,1,quasar,0.8658294677734375,1,quasar,0.5744749307632446,1,quasar,0.6129806041717529,1,quasar,0.7252906560897827,1,quasar,0.4173310697078705
1987,2,star,2,star,True,2,star,True,True,2,star,0.990833580493927,2,star,0.9996895790100098,2,star,0.9966385364532471,2,star,0.9938734769821167,2,star,0.9872813820838928,2,star,0.727549135684967
1988,2,star,1,quasar,False,1,quasar,False,True,1,quasar,0.8374696969985962,1,quasar,0.8049758076667786,2,star,0.4998275637626648,1,quasar,0.5275071263313293,1,quasar,0.6799205541610718,1,quasar,0.5488369464874268
1989,2,star,2,star,True,2,star,True,True,2,star,0.9958827495574951,2,star,0.9653043746948242,2,star,0.9976772665977478,2,star,0.9093466401100159,2,star,0.9835897088050842,2,star,0.5911560654640198
1990,2,star,2,star,True,2,star,True,True,2,star,0.6549875140190125,2,star,0.5766131281852722,2,star,0.9812689423561096,2,star,0.9096680879592896,2,star,0.8642996549606323,2,star,0.5329572558403015
1991,2,star,2,star,True,2,star,True,True,2,star,0.9694501757621765,2,star,0.8789500594139099,2,star,0.9890494346618652,2,star,0.6817108988761902,2,star,0.9246586561203003,2,star,0.5904643535614014
1992,2,star,2,star,True,2,star,True,True,2,star,0.9905970692634583,2,star,0.9974748492240906,2,star,0.9930537343025208,2,star,0.9880372285842896,2,star,0.9818419218063354,2,star,0.7523258328437805
1993,2,star,2,star,True,2,star,True,True,2,star,0.9765645265579224,1,quasar,0.9296639561653137,2,star,0.9437549114227295,0,galaxy,0.8973186612129211,2,star,0.921119749546051,0,galaxy,0.39532220363616943
1994,2,star,2,star,True,2,star,True,True,2,star,0.9862678050994873,2,star,0.9889028668403625,2,star,0.9962185025215149,2,star,0.9820168614387512,2,star,0.9568783640861511,2,star,0.7596023678779602
1995,2,star,1,quasar,False,1,quasar,False,True,1,quasar,0.8224690556526184,2,star,0.7496954202651978,1,quasar,0.5043053030967712,1,quasar,0.6143242120742798,1,quasar,0.6465369462966919,2,star,0.5978793501853943
1996,2,star,1,quasar,False,1,quasar,False,True,1,quasar,0.6578654646873474,1,quasar,0.4955102503299713,1,quasar,0.490790456533432,1,quasar,0.7231233716011047,1,quasar,0.5734374523162842,2,star,0.5040320158004761
1997,2,star,1,quasar,False,2,star,True,False,2,star,0.8904873132705688,1,quasar,0.6852251887321472,2,star,0.6731917262077332,1,quasar,0.5378676056861877,1,quasar,0.5357479453086853,2,star,0.4746609032154083
1998,2,star,1,quasar,False,1,quasar,False,True,1,quasar,0.9481995701789856,1,quasar,0.9935293793678284,1,quasar,0.797267496585846,1,quasar,0.6994951963424683,1,quasar,0.7475644946098328,2,star,0.45453885197639465
1999,2,star,1,quasar,False,1,quasar,False,True,1,quasar,0.8064670562744141,1,quasar,0.8273061513900757,1,quasar,0.7746158838272095,1,quasar,0.7161170244216919,1,quasar,0.7059306502342224,0,galaxy,0.3676315248012543
2000,2,star,2,star,True,2,star,True,True,2,star,0.9432483911514282,2,star,0.9978541731834412,2,star,0.9990214109420776,2,star,0.9940430521965027,2,star,0.9819274544715881,0,galaxy,0.5433269739151001
2001,2,star,2,star,True,2,star,True,True,2,star,0.8279894590377808,2,star,0.9827620387077332,2,star,0.9913859367370605,2,star,0.9921404719352722,2,star,0.7785504460334778,2,star,0.49054959416389465
2002,2,star,2,star,True,2,star,True,True,2,star,0.8100820183753967,2,star,0.7922673225402832,2,star,0.9787464737892151,2,star,0.9730355143547058,2,star,0.9569907784461975,2,star,0.6746532917022705
2003,2,star,2,star,True,2,star,True,True,2,star,0.8841280937194824,2,star,0.9179323315620422,2,star,0.9970399737358093,2,star,0.9914378523826599,2,star,0.9725597500801086,2,star,0.6502499580383301
2004,2,star,2,star,True,2,star,True,True,2,star,0.985832929611206,2,star,0.9744179248809814,2,star,0.991717517375946,2,star,0.9797905683517456,2,star,0.9802148342132568,2,star,0.7041494846343994
2005,2,star,2,star,True,2,star,True,True,2,star,0.987701952457428,2,star,0.9983345866203308,2,star,0.997821569442749,2,star,0.9900000691413879,2,star,0.9870885014533997,2,star,0.9110553860664368
2006,2,star,2,star,True,2,star,True,True,2,star,0.8545401692390442,2,star,0.9791405200958252,2,star,0.9993464350700378,2,star,0.987856388092041,2,star,0.9774968028068542,0,galaxy,0.6332154273986816
2007,2,star,2,star,True,2,star,True,True,2,star,0.5590000748634338,1,quasar,0.7007819414138794,1,quasar,0.36733344197273254,2,star,0.6015145182609558,2,star,0.45130178332328796,0,galaxy,0.3902044892311096
2008,2,star,2,star,True,2,star,True,True,2,star,0.723807156085968,2,star,0.6404292583465576,2,star,0.9775562882423401,2,star,0.7155187726020813,2,star,0.8051835894584656,2,star,0.9029924869537354
2009,2,star,1,quasar,False,1,quasar,False,True,1,quasar,0.5768346190452576,1,quasar,0.9236599802970886,2,star,0.5463781356811523,1,quasar,0.7027245163917542,1,quasar,0.70180344581604,2,star,0.45097094774246216
2010,2,star,2,star,True,2,star,True,True,2,star,0.9352331161499023,2,star,0.9972805976867676,2,star,0.9948732256889343,2,star,0.9157658815383911,2,star,0.9505760073661804,0,galaxy,0.5050394535064697
2011,2,star,1,quasar,False,1,quasar,False,True,1,quasar,0.5182003974914551,1,quasar,0.9002470970153809,1,quasar,0.6601746082305908,1,quasar,0.6016224026679993,1,quasar,0.6573998928070068,2,star,0.6137115359306335
2012,2,star,2,star,True,2,star,True,True,2,star,0.9753512740135193,2,star,0.9962984919548035,2,star,0.9386687874794006,2,star,0.9477670788764954,2,star,0.9759703874588013,1,quasar,0.48002249002456665
2013,2,star,2,star,True,2,star,True,True,2,star,0.8343865871429443,0,galaxy,0.641554057598114,2,star,0.6661872863769531,2,star,0.5084409713745117,2,star,0.4875124990940094,0,galaxy,0.42146310210227966
2014,2,star,2,star,True,2,star,True,True,2,star,0.7845924496650696,2,star,0.6842896342277527,1,quasar,0.5356926321983337,2,star,0.5591344237327576,1,quasar,0.4960525631904602,2,star,0.5095658302307129
2015,2,star,2,star,True,2,star,True,True,2,star,0.9906045794487,2,star,0.9834613800048828,2,star,0.9984990358352661,2,star,0.9854527115821838,2,star,0.9437119364738464,2,star,0.6889899969100952
2016,2,star,1,quasar,False,1,quasar,False,True,2,star,0.5479366183280945,1,quasar,0.8178104162216187,1,quasar,0.7452431321144104,1,quasar,0.5945658087730408,1,quasar,0.6644013524055481,2,star,0.41349563002586365
2017,2,star,2,star,True,2,star,True,True,2,star,0.9957752823829651,2,star,0.9919113516807556,2,star,0.9946619868278503,2,star,0.9751701951026917,2,star,0.9542808532714844,2,star,0.661696195602417
2018,2,star,2,star,True,2,star,True,True,1,quasar,0.5043585896492004,1,quasar,0.7562841176986694,2,star,0.7376675605773926,2,star,0.7067970633506775,2,star,0.805070698261261,2,star,0.8270309567451477
2019,2,star,2,star,True,2,star,True,True,2,star,0.9204422831535339,2,star,0.8691344261169434,2,star,0.7005422115325928,2,star,0.9606804847717285,2,star,0.9468544721603394,2,star,0.7436135411262512
2020,2,star,2,star,True,2,star,True,True,2,star,0.8981238603591919,2,star,0.8564443588256836,2,star,0.8069999814033508,2,star,0.6611970663070679,2,star,0.9402260780334473,2,star,0.579189121723175
2021,2,star,1,quasar,False,2,star,True,False,2,star,0.7947938442230225,2,star,0.7929674983024597,1,quasar,0.6436360478401184,1,quasar,0.5143004655838013,1,quasar,0.5208122134208679,0,galaxy,0.3884221911430359
2022,2,star,1,quasar,False,2,star,True,False,1,quasar,0.6711068749427795,1,quasar,0.6464425325393677,1,quasar,0.6851435899734497,1,quasar,0.5546473264694214,2,star,0.7979899644851685,2,star,0.7477213740348816
2023,2,star,1,quasar,False,2,star,True,False,1,quasar,0.5329269170761108,2,star,0.8908784985542297,2,star,0.5756144523620605,1,quasar,0.511104941368103,1,quasar,0.6344572305679321,2,star,0.4532754421234131
2024,2,star,2,star,True,2,star,True,True,2,star,0.9876002073287964,2,star,0.9899082183837891,2,star,0.9840508103370667,2,star,0.9633523225784302,2,star,0.9361615777015686,2,star,0.8286723494529724
2025,2,star,2,star,True,2,star,True,True,2,star,0.9218557476997375,2,star,0.9627297520637512,2,star,0.9987254738807678,2,star,0.9846834540367126,2,star,0.9710436463356018,2,star,0.6267094612121582
2026,2,star,1,quasar,False,1,quasar,False,True,2,star,0.5740412473678589,1,quasar,0.858191728591919,1,quasar,0.707454264163971,1,quasar,0.5927567481994629,2,star,0.636796772480011,2,star,0.588767409324646
2027,2,star,1,quasar,False,2,star,True,False,1,quasar,0.6729277968406677,1,quasar,0.6273394823074341,2,star,0.7237890362739563,1,quasar,0.5417347550392151,2,star,0.6901853084564209,2,star,0.7650206685066223
2028,2,star,1,quasar,False,1,quasar,False,True,1,quasar,0.6850941777229309,1,quasar,0.623566210269928,1,quasar,0.8345885276794434,1,quasar,0.6465680003166199,1,quasar,0.600033700466156,2,star,0.4428119361400604
2029,2,star,2,star,True,2,star,True,True,2,star,0.9914767146110535,2,star,0.9980949759483337,2,star,0.9972672462463379,2,star,0.98387211561203,2,star,0.9836380481719971,2,star,0.7778244018554688
2030,2,star,2,star,True,2,star,True,True,2,star,0.994259238243103,2,star,0.9992850422859192,2,star,0.998279333114624,2,star,0.9929013848304749,2,star,0.987434983253479,2,star,0.6164957284927368
2031,2,star,0,galaxy,False,0,galaxy,False,True,0,galaxy,0.9051427841186523,0,galaxy,0.3918430507183075,0,galaxy,0.9654691219329834,0,galaxy,0.9819130897521973,0,galaxy,0.9620433449745178,0,galaxy,0.5595765709877014
2032,2,star,2,star,True,2,star,True,True,2,star,0.6506461501121521,2,star,0.6412520408630371,2,star,0.5377278923988342,2,star,0.6372377872467041,1,quasar,0.4909753203392029,2,star,0.519070565700531
2033,2,star,1,quasar,False,1,quasar,False,True,1,quasar,0.922914981842041,1,quasar,0.7840670347213745,1,quasar,0.8061264753341675,1,quasar,0.655342698097229,2,star,0.7389006614685059,2,star,0.5277065634727478
2034,2,star,2,star,True,2,star,True,True,2,star,0.6826041340827942,2,star,0.9835489392280579,2,star,0.8631818294525146,1,quasar,0.5246711373329163,2,star,0.6623784303665161,2,star,0.5187873244285583
2035,2,star,2,star,True,2,star,True,True,2,star,0.9963576197624207,2,star,0.9966603517532349,2,star,0.9897863864898682,2,star,0.9641200304031372,2,star,0.9844004511833191,2,star,0.7581284046173096
2036,2,star,1,quasar,False,1,quasar,False,True,1,quasar,0.8359313607215881,1,quasar,0.9921422004699707,2,star,0.5258513689041138,1,quasar,0.6198094487190247,1,quasar,0.6691864132881165,2,star,0.409573495388031
2037,2,star,0,galaxy,False,0,galaxy,False,True,0,galaxy,0.6890315413475037,0,galaxy,0.7482277750968933,0,galaxy,0.8883354067802429,0,galaxy,0.4552461504936218,0,galaxy,0.8817761540412903,0,galaxy,0.9858099818229675
2038,2,star,1,quasar,False,1,quasar,False,True,1,quasar,0.8778281807899475,1,quasar,0.6212862133979797,1,quasar,0.7190261483192444,1,quasar,0.5378590822219849,1,quasar,0.6196914315223694,0,galaxy,0.6371439695358276
2039,2,star,2,star,True,2,star,True,True,2,star,0.8121453523635864,2,star,0.9904018044471741,2,star,0.7721432447433472,2,star,0.7442546486854553,2,star,0.7807092070579529,2,star,0.6576547026634216
2040,2,star,2,star,True,2,star,True,True,2,star,0.9149817228317261,1,quasar,0.5020130276679993,2,star,0.9309075474739075,2,star,0.9669926166534424,2,star,0.9583381414413452,2,star,0.7094586491584778
2041,2,star,1,quasar,False,1,quasar,False,True,1,quasar,0.8092231750488281,2,star,0.626773476600647,1,quasar,0.8116717338562012,1,quasar,0.6968088150024414,1,quasar,0.7590603232383728,2,star,0.4230899512767792
2042,2,star,2,star,True,2,star,True,True,2,star,0.9458116888999939,2,star,0.9654040336608887,2,star,0.9361129999160767,2,star,0.8840515613555908,2,star,0.638563871383667,2,star,0.4878007471561432
2043,2,star,1,quasar,False,1,quasar,False,True,1,quasar,0.848598062992096,1,quasar,0.647899866104126,1,quasar,0.8268494606018066,1,quasar,0.7002390623092651,1,quasar,0.7151066064834595,2,star,0.5218285322189331
2044,2,star,2,star,True,2,star,True,True,2,star,0.9565929770469666,2,star,0.9639783501625061,2,star,0.9894858598709106,2,star,0.9771211743354797,2,star,0.9749928116798401,2,star,0.681936502456665
2045,2,star,2,star,True,2,star,True,True,2,star,0.6691469550132751,2,star,0.8984106779098511,2,star,0.48502275347709656,2,star,0.6600285768508911,2,star,0.6008519530296326,2,star,0.6304454207420349
2046,2,star,1,quasar,False,1,quasar,False,True,1,quasar,0.6585342288017273,1,quasar,0.6813334822654724,1,quasar,0.7039651870727539,1,quasar,0.7053723335266113,1,quasar,0.6627810597419739,2,star,0.6882204413414001
2047,2,star,2,star,True,2,star,True,True,2,star,0.9708168506622314,2,star,0.9932531714439392,2,star,0.9980985522270203,2,star,0.9926252961158752,2,star,0.9832499623298645,2,star,0.813099205493927
2048,2,star,2,star,True,2,star,True,True,1,quasar,0.5912885069847107,2,star,0.6831346154212952,2,star,0.7023151516914368,2,star,0.5058854222297668,2,star,0.7270328402519226,2,star,0.6295158863067627
2049,2,star,2,star,True,2,star,True,True,2,star,0.9876305460929871,2,star,0.953197181224823,2,star,0.9988601207733154,2,star,0.8644872307777405,2,star,0.8211255669593811,2,star,0.9824463129043579
2050,2,star,2,star,True,2,star,True,True,2,star,0.895770251750946,2,star,0.8066489100456238,2,star,0.91915363073349,2,star,0.6993808746337891,2,star,0.6559779047966003,2,star,0.7645646929740906
2051,2,star,2,star,True,2,star,True,True,2,star,0.6670093536376953,2,star,0.8256046175956726,2,star,0.8165580630302429,1,quasar,0.4821814000606537,2,star,0.8313016891479492,2,star,0.6843515634536743
2052,2,star,2,star,True,2,star,True,True,1,quasar,0.8430213928222656,2,star,0.6983140707015991,2,star,0.6132626533508301,2,star,0.5035504102706909,2,star,0.7610634565353394,2,star,0.5482393503189087
2053,2,star,2,star,True,2,star,True,True,2,star,0.5747042894363403,2,star,0.9266648888587952,2,star,0.9525529742240906,2,star,0.4966839849948883,2,star,0.6771633625030518,2,star,0.6990916132926941
2054,2,star,2,star,True,2,star,True,True,2,star,0.871425986289978,2,star,0.9900632500648499,2,star,0.9912698268890381,2,star,0.9768884778022766,2,star,0.9635984301567078,2,star,0.7569428086280823
2055,2,star,2,star,True,2,star,True,True,2,star,0.7142825126647949,2,star,0.5324517488479614,1,quasar,0.44381994009017944,1,quasar,0.4583105444908142,2,star,0.5656284689903259,2,star,0.4780556559562683
2056,2,star,2,star,True,2,star,True,True,2,star,0.9803941249847412,2,star,0.9791598320007324,2,star,0.9329472184181213,2,star,0.9538469314575195,2,star,0.9068537950515747,2,star,0.6526853442192078
2057,2,star,2,star,True,2,star,True,True,2,star,0.7535667419433594,2,star,0.8833023905754089,2,star,0.9911733269691467,2,star,0.6069783568382263,2,star,0.6955162286758423,2,star,0.4590702950954437
2058,2,star,2,star,True,2,star,True,True,2,star,0.7419038414955139,2,star,0.723879873752594,2,star,0.7385194897651672,2,star,0.7807424664497375,2,star,0.8172365427017212,2,star,0.6295821666717529
2059,2,star,1,quasar,False,1,quasar,False,True,1,quasar,0.7269545793533325,1,quasar,0.751716136932373,1,quasar,0.5907644629478455,1,quasar,0.6755883693695068,1,quasar,0.7517077922821045,2,star,0.4373644292354584
2060,2,star,2,star,True,2,star,True,True,2,star,0.6150440573692322,1,quasar,0.7154152989387512,2,star,0.5561802983283997,2,star,0.6715731024742126,2,star,0.542391300201416,2,star,0.4562147557735443
2061,2,star,2,star,True,2,star,True,True,1,quasar,0.549643337726593,2,star,0.7468907833099365,2,star,0.5079774260520935,0,galaxy,0.8754169940948486,0,galaxy,0.46174147725105286,2,star,0.5897124409675598
2062,2,star,2,star,True,2,star,True,True,2,star,0.6763455867767334,2,star,0.9206785559654236,2,star,0.7920047044754028,2,star,0.8649101853370667,2,star,0.7953352332115173,2,star,0.8250970840454102
2063,2,star,1,quasar,False,1,quasar,False,True,1,quasar,0.6668285131454468,1,quasar,0.6881327033042908,1,quasar,0.7980828881263733,1,quasar,0.6036149859428406,2,star,0.6995866298675537,2,star,0.48229900002479553
2064,2,star,2,star,True,2,star,True,True,2,star,0.8458924293518066,2,star,0.9360610842704773,2,star,0.904142439365387,2,star,0.580010175704956,1,quasar,0.5041452646255493,2,star,0.7114386558532715
2065,2,star,2,star,True,2,star,True,True,2,star,0.8671515583992004,2,star,0.8456088304519653,2,star,0.5228967666625977,2,star,0.5121654272079468,2,star,0.5343359112739563,2,star,0.49006447196006775
2066,2,star,1,quasar,False,1,quasar,False,True,1,quasar,0.6115193367004395,2,star,0.570522665977478,1,quasar,0.7565497159957886,1,quasar,0.5603852868080139,1,quasar,0.6444522142410278,1,quasar,0.3502621054649353
2067,2,star,2,star,True,2,star,True,True,2,star,0.9712793827056885,2,star,0.9942268133163452,2,star,0.998175859451294,2,star,0.9937525391578674,2,star,0.9781273603439331,2,star,0.5356233716011047
2068,2,star,2,star,True,2,star,True,True,2,star,0.9947145581245422,2,star,0.9990482926368713,2,star,0.9973794221878052,2,star,0.9864678382873535,2,star,0.9862970113754272,2,star,0.7328169345855713
2069,2,star,1,quasar,False,1,quasar,False,True,2,star,0.6536804437637329,2,star,0.5032876133918762,1,quasar,0.6710672974586487,1,quasar,0.6885204911231995,1,quasar,0.5720987915992737,2,star,0.3877488374710083
2070,2,star,1,quasar,False,1,quasar,False,True,1,quasar,0.6827570796012878,2,star,0.6223469972610474,1,quasar,0.7687879204750061,1,quasar,0.6027188301086426,1,quasar,0.5904578566551208,2,star,0.5891589522361755
2071,2,star,1,quasar,False,2,star,True,False,2,star,0.8796437382698059,1,quasar,0.8211668133735657,2,star,0.6975635886192322,1,quasar,0.5196038484573364,1,quasar,0.5906262993812561,1,quasar,0.47378912568092346
2072,2,star,2,star,True,2,star,True,True,2,star,0.9168031811714172,2,star,0.9054074287414551,2,star,0.9983277916908264,2,star,0.9868725538253784,2,star,0.9812524914741516,2,star,0.7092198133468628
2073,2,star,2,star,True,2,star,True,True,2,star,0.9933176040649414,2,star,0.9961813688278198,2,star,0.9956627488136292,2,star,0.9865859746932983,2,star,0.9831439852714539,2,star,0.6345478296279907
2074,2,star,2,star,True,2,star,True,True,2,star,0.9846420884132385,2,star,0.9987873435020447,2,star,0.9982585310935974,2,star,0.9926013350486755,2,star,0.9862602353096008,2,star,0.6511713862419128
2075,2,star,2,star,True,2,star,True,True,2,star,0.8375107049942017,2,star,0.9294692873954773,2,star,0.6609117388725281,2,star,0.8093810677528381,2,star,0.696067750453949,2,star,0.644176185131073
2076,2,star,2,star,True,2,star,True,True,2,star,0.8675290942192078,2,star,0.98827064037323,2,star,0.8593652844429016,2,star,0.9721572399139404,2,star,0.8185031414031982,2,star,0.6616080403327942
2077,2,star,2,star,True,2,star,True,True,2,star,0.997445821762085,2,star,0.9967631101608276,2,star,0.9984194040298462,2,star,0.9877070784568787,2,star,0.9792075753211975,2,star,0.7002813816070557
2078,2,star,2,star,True,2,star,True,True,2,star,0.9706723690032959,2,star,0.9988235831260681,2,star,0.9948623776435852,2,star,0.9779119491577148,2,star,0.978872537612915,2,star,0.7162301540374756
2079,2,star,2,star,True,2,star,True,True,2,star,0.7418014407157898,2,star,0.9748346209526062,2,star,0.9557103514671326,2,star,0.9171959161758423,2,star,0.7894943952560425,1,quasar,0.5750889778137207
2080,2,star,2,star,True,2,star,True,True,2,star,0.8806873559951782,2,star,0.8320645689964294,2,star,0.9978585839271545,2,star,0.9425654411315918,2,star,0.9264162182807922,2,star,0.4131401479244232
2081,2,star,1,quasar,False,1,quasar,False,True,1,quasar,0.7240406274795532,2,star,0.6262141466140747,1,quasar,0.5893441438674927,1,quasar,0.665900707244873,1,quasar,0.6219168901443481,2,star,0.5035219788551331
2082,2,star,2,star,True,2,star,True,True,2,star,0.669106662273407,2,star,0.7192720174789429,2,star,0.5226123929023743,1,quasar,0.6602959036827087,1,quasar,0.5499425530433655,2,star,0.672982394695282
2083,2,star,2,star,True,2,star,True,True,2,star,0.9774971604347229,2,star,0.9971363544464111,2,star,0.9958265423774719,2,star,0.9893054962158203,2,star,0.9840883016586304,2,star,0.6279768943786621
2084,2,star,0,galaxy,False,0,galaxy,False,True,0,galaxy,0.9867078065872192,0,galaxy,0.7413181662559509,0,galaxy,0.9591967463493347,0,galaxy,0.6681228280067444,0,galaxy,0.9820871353149414,0,galaxy,0.7267827391624451
2085,2,star,2,star,True,2,star,True,True,2,star,0.7328966856002808,2,star,0.9859906435012817,2,star,0.9712179899215698,2,star,0.8855785131454468,2,star,0.86347895860672,2,star,0.5741755366325378
2086,2,star,2,star,True,2,star,True,True,2,star,0.9916505217552185,2,star,0.9863477945327759,2,star,0.9970085024833679,2,star,0.9783452153205872,2,star,0.9476299285888672,2,star,0.8902783989906311
2087,2,star,2,star,True,2,star,True,True,1,quasar,0.515387773513794,2,star,0.6426514983177185,2,star,0.6580639481544495,2,star,0.5176827907562256,1,quasar,0.5179860591888428,2,star,0.5585180521011353
2088,2,star,2,star,True,2,star,True,True,2,star,0.908979058265686,1,quasar,0.8172612190246582,2,star,0.6271569728851318,2,star,0.6863718032836914,2,star,0.6860130429267883,1,quasar,0.5006524920463562
2089,2,star,2,star,True,2,star,True,True,2,star,0.9330151677131653,2,star,0.9641560912132263,0,galaxy,0.49063658714294434,2,star,0.7718520760536194,2,star,0.8468586206436157,0,galaxy,0.4234425127506256
2090,2,star,2,star,True,2,star,True,True,2,star,0.9968286156654358,2,star,0.9895654916763306,2,star,0.9920116066932678,2,star,0.9720752835273743,2,star,0.9477502703666687,1,quasar,0.5915575623512268
2091,2,star,2,star,True,2,star,True,True,2,star,0.9860652685165405,2,star,0.9880643486976624,2,star,0.9898466467857361,2,star,0.7475908398628235,2,star,0.9463114142417908,2,star,0.6678488254547119
2092,2,star,1,quasar,False,1,quasar,False,True,1,quasar,0.7070338129997253,1,quasar,0.48155221343040466,1,quasar,0.7189856171607971,1,quasar,0.7075771689414978,1,quasar,0.6847392916679382,2,star,0.4989973306655884
2093,2,star,2,star,True,2,star,True,True,2,star,0.6133466362953186,1,quasar,0.49910563230514526,2,star,0.6568320393562317,2,star,0.5501251816749573,2,star,0.5131763815879822,2,star,0.6741093993186951
2094,2,star,2,star,True,1,quasar,False,False,1,quasar,0.87450110912323,1,quasar,0.8272092342376709,2,star,0.5796413421630859,2,star,0.530007004737854,2,star,0.544691801071167,2,star,0.6104856729507446
2095,2,star,1,quasar,False,1,quasar,False,True,1,quasar,0.8304919600486755,1,quasar,0.9807199835777283,1,quasar,0.7959301471710205,1,quasar,0.7462182641029358,1,quasar,0.5826301574707031,2,star,0.6865966320037842
2096,2,star,2,star,True,2,star,True,True,2,star,0.36873161792755127,1,quasar,0.7107991576194763,2,star,0.8280865550041199,0,galaxy,0.6319722533226013,0,galaxy,0.7153606414794922,2,star,0.40231236815452576
2097,2,star,2,star,True,2,star,True,True,2,star,0.9840350151062012,2,star,0.9842697381973267,2,star,0.9643446803092957,2,star,0.9375205039978027,2,star,0.9477314352989197,2,star,0.8166382908821106
2098,2,star,2,star,True,2,star,True,True,2,star,0.9842404127120972,2,star,0.9979243278503418,2,star,0.9852629899978638,2,star,0.9504263997077942,2,star,0.9857867956161499,2,star,0.6747486591339111
2099,2,star,1,quasar,False,1,quasar,False,True,2,star,0.5430259704589844,1,quasar,0.6278891563415527,1,quasar,0.7140304446220398,1,quasar,0.6056267619132996,1,quasar,0.6258034110069275,2,star,0.4675012230873108
2100,2,star,1,quasar,False,1,quasar,False,True,1,quasar,0.7293993830680847,1,quasar,0.5998261570930481,1,quasar,0.7034299969673157,1,quasar,0.6936293840408325,1,quasar,0.6437008380889893,2,star,0.5089713335037231
2101,2,star,1,quasar,False,1,quasar,False,True,1,quasar,0.7317870259284973,1,quasar,0.5777223110198975,1,quasar,0.5830147862434387,1,quasar,0.7130483984947205,1,quasar,0.6738956570625305,2,star,0.8200287818908691
2102,2,star,2,star,True,2,star,True,True,2,star,0.5858280062675476,2,star,0.6395471096038818,2,star,0.6769971251487732,2,star,0.6734920144081116,2,star,0.6449636816978455,2,star,0.5300345420837402
2103,2,star,2,star,True,2,star,True,True,2,star,0.9493370652198792,2,star,0.9728766083717346,2,star,0.9943559765815735,2,star,0.9727584719657898,2,star,0.9627780318260193,2,star,0.7633421421051025
2104,2,star,1,quasar,False,1,quasar,False,True,1,quasar,0.7369846701622009,1,quasar,0.5004618167877197,1,quasar,0.8183929324150085,1,quasar,0.7228957414627075,1,quasar,0.6396784782409668,1,quasar,0.4353692829608917
2105,2,star,1,quasar,False,2,star,True,False,2,star,0.6847699880599976,1,quasar,0.7480531930923462,1,quasar,0.6990174651145935,1,quasar,0.5936331748962402,2,star,0.6259242296218872,2,star,0.7269985675811768
2106,2,star,2,star,True,2,star,True,True,2,star,0.9699956774711609,2,star,0.9973202347755432,2,star,0.9966291785240173,2,star,0.9828658699989319,2,star,0.9709599018096924,2,star,0.7908364534378052
2107,2,star,2,star,True,2,star,True,True,2,star,0.9049169421195984,2,star,0.7332804799079895,2,star,0.9932651519775391,2,star,0.8681268095970154,2,star,0.9668859839439392,2,star,0.5950231552124023
2108,2,star,1,quasar,False,1,quasar,False,True,1,quasar,0.604636549949646,1,quasar,0.5156111121177673,1,quasar,0.7242909669876099,1,quasar,0.6281093955039978,1,quasar,0.5899673104286194,2,star,0.4790195822715759
2109,2,star,1,quasar,False,1,quasar,False,True,1,quasar,0.7054360508918762,1,quasar,0.5119579434394836,1,quasar,0.7380881309509277,1,quasar,0.5905942320823669,1,quasar,0.6416597366333008,2,star,0.5966394543647766
2110,2,star,2,star,True,2,star,True,True,2,star,0.9735957384109497,2,star,0.9911606907844543,2,star,0.9959335923194885,2,star,0.9772167205810547,2,star,0.9739462733268738,2,star,0.677103579044342
2111,2,star,2,star,True,2,star,True,True,2,star,0.9671785235404968,2,star,0.9846685528755188,2,star,0.9921628832817078,2,star,0.9705743193626404,2,star,0.9746785759925842,2,star,0.8616828322410583
2112,2,star,2,star,True,2,star,True,True,2,star,0.9553188681602478,2,star,0.9988179802894592,2,star,0.997769832611084,2,star,0.9908146262168884,2,star,0.980961263179779,2,star,0.7970870733261108
2113,2,star,2,star,True,2,star,True,True,2,star,0.7661671042442322,2,star,0.9201463460922241,2,star,0.9381640553474426,2,star,0.9188894629478455,2,star,0.8627621531486511,2,star,0.7245917320251465
2114,2,star,2,star,True,2,star,True,True,2,star,0.8333974480628967,2,star,0.847650408744812,2,star,0.9849331974983215,2,star,0.7695391774177551,2,star,0.8769460320472717,0,galaxy,0.4280551075935364
2115,2,star,2,star,True,2,star,True,True,2,star,0.6334885358810425,1,quasar,0.6997200846672058,2,star,0.7447616457939148,2,star,0.5146470665931702,2,star,0.5136915445327759,2,star,0.720258891582489
2116,2,star,2,star,True,2,star,True,True,2,star,0.9989346861839294,2,star,0.9957376718521118,2,star,0.9588685631752014,2,star,0.9666517972946167,2,star,0.9192423820495605,2,star,0.6475790143013
2117,2,star,2,star,True,2,star,True,True,1,quasar,0.8040727376937866,2,star,0.8191037178039551,2,star,0.9471006989479065,2,star,0.5063429474830627,2,star,0.562670886516571,2,star,0.3871125876903534
2118,2,star,2,star,True,1,quasar,False,False,2,star,0.5147072672843933,2,star,0.5935608744621277,1,quasar,0.5869794487953186,2,star,0.5276601910591125,1,quasar,0.5809240937232971,2,star,0.3757111430168152
2119,2,star,2,star,True,2,star,True,True,2,star,0.6507927179336548,2,star,0.9366594552993774,2,star,0.5823800563812256,2,star,0.6781931519508362,2,star,0.7662445902824402,2,star,0.8353676199913025
2120,2,star,2,star,True,2,star,True,True,2,star,0.7169151306152344,2,star,0.9100225567817688,2,star,0.6600936055183411,2,star,0.5413603186607361,1,quasar,0.5214201807975769,2,star,0.7220978736877441
2121,2,star,2,star,True,2,star,True,True,2,star,0.6855502128601074,2,star,0.9115157127380371,2,star,0.9937825798988342,2,star,0.8384590148925781,2,star,0.9213899970054626,1,quasar,0.47996342182159424
2122,2,star,2,star,True,2,star,True,True,2,star,0.5425295829772949,1,quasar,0.7493230104446411,2,star,0.793730616569519,2,star,0.5805313587188721,2,star,0.6268310546875,2,star,0.651389479637146
2123,2,star,2,star,True,2,star,True,True,2,star,0.8849022388458252,2,star,0.7506812810897827,2,star,0.9255704879760742,2,star,0.7665451765060425,2,star,0.9169600009918213,2,star,0.5854848623275757
2124,2,star,2,star,True,2,star,True,True,2,star,0.6861183643341064,2,star,0.6491272449493408,2,star,0.9984784722328186,2,star,0.9008397459983826,2,star,0.981930673122406,0,galaxy,0.7952184081077576
2125,2,star,2,star,True,2,star,True,True,2,star,0.8507529497146606,2,star,0.7749547958374023,2,star,0.9280357360839844,2,star,0.9064228534698486,2,star,0.9523888826370239,2,star,0.7077141404151917
2126,2,star,2,star,True,2,star,True,True,2,star,0.6098940968513489,1,quasar,0.9707022309303284,2,star,0.5060388445854187,1,quasar,0.5507346987724304,2,star,0.8063589930534363,2,star,0.6915378570556641
2127,2,star,2,star,True,2,star,True,True,0,galaxy,0.43139225244522095,2,star,0.7979140281677246,2,star,0.9453510046005249,2,star,0.637920618057251,2,star,0.7261443138122559,2,star,0.7472422122955322
2128,2,star,1,quasar,False,2,star,True,False,1,quasar,0.4084232449531555,1,quasar,0.6431708335876465,2,star,0.6627447605133057,2,star,0.8436739444732666,2,star,0.5164052844047546,1,quasar,0.4126516878604889
2129,2,star,2,star,True,2,star,True,True,2,star,0.729346513748169,1,quasar,0.3667560815811157,2,star,0.9642844200134277,2,star,0.9574804902076721,2,star,0.7439080476760864,0,galaxy,0.46275031566619873
2130,2,star,2,star,True,2,star,True,True,2,star,0.7589564323425293,2,star,0.904599666595459,2,star,0.9641422033309937,2,star,0.9510530233383179,2,star,0.7887636423110962,2,star,0.9548434615135193
2131,2,star,2,star,True,2,star,True,True,2,star,0.7339891195297241,2,star,0.8739562630653381,2,star,0.9396674633026123,2,star,0.9538378715515137,2,star,0.8355216979980469,2,star,0.5698066353797913
2132,2,star,2,star,True,2,star,True,True,0,galaxy,0.466638445854187,0,galaxy,0.3858474791049957,2,star,0.7881726026535034,2,star,0.9810667037963867,2,star,0.7018504738807678,2,star,0.724616527557373
2133,2,star,2,star,True,2,star,True,True,2,star,0.49071624875068665,2,star,0.6141139268875122,2,star,0.9571053385734558,2,star,0.9620936512947083,2,star,0.874561607837677,2,star,0.7196593284606934
2134,2,star,2,star,True,2,star,True,True,2,star,0.9915783405303955,2,star,0.9947450160980225,2,star,0.9976898431777954,2,star,0.9882603883743286,2,star,0.9811721444129944,2,star,0.7024306058883667
2135,2,star,2,star,True,2,star,True,True,2,star,0.987275242805481,2,star,0.9913369417190552,2,star,0.9984657764434814,2,star,0.9511795043945312,2,star,0.9863259792327881,2,star,0.5845687389373779
2136,2,star,2,star,True,2,star,True,True,2,star,0.977936327457428,2,star,0.9990273714065552,2,star,0.9958875775337219,2,star,0.9880573749542236,2,star,0.9807100296020508,2,star,0.8052307367324829
2137,2,star,2,star,True,2,star,True,True,2,star,0.7987550497055054,2,star,0.947754442691803,2,star,0.8258197903633118,2,star,0.731359601020813,2,star,0.6523788571357727,2,star,0.5821059942245483
2138,2,star,2,star,True,2,star,True,True,2,star,0.9093989729881287,2,star,0.9962213039398193,2,star,0.9915571212768555,2,star,0.9726932644844055,2,star,0.9535079002380371,2,star,0.7844135761260986
2139,2,star,2,star,True,2,star,True,True,2,star,0.9749036431312561,2,star,0.9902163743972778,2,star,0.9848263263702393,2,star,0.9758711457252502,2,star,0.9695990085601807,2,star,0.8784308433532715
2140,2,star,2,star,True,2,star,True,True,2,star,0.618793785572052,2,star,0.5573089122772217,2,star,0.8705337047576904,2,star,0.7587717175483704,2,star,0.6622071862220764,2,star,0.6756203770637512
2141,2,star,2,star,True,2,star,True,True,2,star,0.7939740419387817,2,star,0.9073364734649658,2,star,0.5895852446556091,2,star,0.5199411511421204,2,star,0.6418181657791138,2,star,0.8466714024543762
2142,2,star,2,star,True,2,star,True,True,2,star,0.9899367094039917,2,star,0.9981168508529663,2,star,0.9984429478645325,2,star,0.9951536655426025,2,star,0.9788984060287476,2,star,0.5039743185043335
2143,2,star,2,star,True,2,star,True,True,2,star,0.9765476584434509,2,star,0.9996553659439087,2,star,0.9989873766899109,2,star,0.9929816722869873,2,star,0.9848847389221191,2,star,0.7716504335403442
2144,2,star,2,star,True,2,star,True,True,2,star,0.8377777934074402,2,star,0.9943874478340149,2,star,0.9982278943061829,2,star,0.9935291409492493,2,star,0.9778473377227783,2,star,0.4877850413322449
2145,2,star,1,quasar,False,1,quasar,False,True,1,quasar,0.6592538952827454,1,quasar,0.6001307368278503,1,quasar,0.6106994152069092,1,quasar,0.5629062652587891,1,quasar,0.5545434355735779,2,star,0.5837702751159668
2146,2,star,2,star,True,2,star,True,True,2,star,0.9070990681648254,2,star,0.9537645578384399,2,star,0.9787089228630066,2,star,0.9348857402801514,2,star,0.9282030463218689,2,star,0.7929579615592957
2147,2,star,2,star,True,2,star,True,True,2,star,0.9886104464530945,2,star,0.9996029734611511,2,star,0.9943329095840454,2,star,0.9562830924987793,2,star,0.982642650604248,2,star,0.6803451180458069
2148,2,star,2,star,True,2,star,True,True,2,star,0.9718317985534668,2,star,0.9749891757965088,2,star,0.9952671527862549,2,star,0.9138807058334351,2,star,0.7171633839607239,2,star,0.49725404381752014
2149,2,star,2,star,True,2,star,True,True,2,star,0.9432384371757507,2,star,0.9787570834159851,2,star,0.996100664138794,2,star,0.9938682913780212,2,star,0.9795395135879517,0,galaxy,0.39183181524276733
2150,2,star,2,star,True,2,star,True,True,2,star,0.9467735886573792,2,star,0.9672971367835999,2,star,0.9878295660018921,2,star,0.9804584980010986,2,star,0.9735115766525269,2,star,0.7805644869804382
2151,2,star,2,star,True,2,star,True,True,2,star,0.9634371995925903,2,star,0.9971970319747925,2,star,0.9968208074569702,2,star,0.98763507604599,2,star,0.98468416929245,2,star,0.7344484925270081
2152,2,star,2,star,True,2,star,True,True,2,star,0.9945440292358398,2,star,0.9963996410369873,2,star,0.9967809915542603,2,star,0.9917218089103699,2,star,0.9834480285644531,2,star,0.5650076270103455
2153,2,star,2,star,True,2,star,True,True,2,star,0.9879845380783081,2,star,0.9985390901565552,2,star,0.9894507527351379,2,star,0.9654285907745361,2,star,0.9787896275520325,2,star,0.770796537399292
2154,2,star,2,star,True,2,star,True,True,2,star,0.7109705209732056,2,star,0.8831832408905029,2,star,0.9283135533332825,2,star,0.9451252222061157,2,star,0.8955705761909485,2,star,0.755512535572052
2155,2,star,2,star,True,2,star,True,True,2,star,0.8040531277656555,1,quasar,0.646767795085907,2,star,0.7583928108215332,2,star,0.6851745247840881,2,star,0.7622674107551575,2,star,0.7173686623573303
2156,2,star,1,quasar,False,2,star,True,False,1,quasar,0.5952858924865723,1,quasar,0.6992688179016113,2,star,0.6018047332763672,1,quasar,0.583188533782959,2,star,0.7837466597557068,2,star,0.6987763047218323
2157,2,star,2,star,True,2,star,True,True,2,star,0.9921486377716064,2,star,0.9995154142379761,2,star,0.9947082996368408,2,star,0.988453209400177,2,star,0.9869630932807922,2,star,0.7101780772209167
2158,2,star,0,galaxy,False,0,galaxy,False,True,0,galaxy,0.9441045522689819,0,galaxy,0.996394693851471,0,galaxy,0.9541643857955933,0,galaxy,0.9932536482810974,0,galaxy,0.8338955640792847,0,galaxy,0.6363726258277893
2159,2,star,2,star,True,2,star,True,True,2,star,0.9822873473167419,2,star,0.9997138381004333,2,star,0.9940404295921326,2,star,0.9942190647125244,2,star,0.9858677983283997,2,star,0.5922749638557434
2160,2,star,2,star,True,2,star,True,True,1,quasar,0.563571035861969,1,quasar,0.9286684393882751,2,star,0.624061107635498,2,star,0.7349892258644104,2,star,0.5691679120063782,2,star,0.6675172448158264
2161,2,star,2,star,True,2,star,True,True,2,star,0.8156132102012634,2,star,0.6779110431671143,2,star,0.9177355766296387,1,quasar,0.5266178846359253,2,star,0.6218015551567078,2,star,0.9097983241081238
2162,2,star,2,star,True,2,star,True,True,2,star,0.8606698513031006,2,star,0.9828741550445557,2,star,0.9985237717628479,2,star,0.9915488958358765,2,star,0.7741137742996216,1,quasar,0.3718051612377167
2163,2,star,2,star,True,2,star,True,True,2,star,0.9877508878707886,2,star,0.9937453269958496,2,star,0.9982092380523682,2,star,0.994513988494873,2,star,0.9854782819747925,2,star,0.7194721698760986
2164,2,star,2,star,True,2,star,True,True,2,star,0.6944687962532043,2,star,0.9698082804679871,2,star,0.9955156445503235,2,star,0.9896010756492615,2,star,0.9458789825439453,2,star,0.35486552119255066
2165,2,star,2,star,True,2,star,True,True,2,star,0.9025157690048218,2,star,0.6468720436096191,2,star,0.7716533541679382,2,star,0.7109324932098389,2,star,0.8738072514533997,2,star,0.5112975835800171
2166,2,star,1,quasar,False,1,quasar,False,True,1,quasar,0.6847817897796631,1,quasar,0.870937705039978,1,quasar,0.7014362215995789,1,quasar,0.7417358160018921,1,quasar,0.6826594471931458,2,star,0.520548939704895
2167,2,star,1,quasar,False,1,quasar,False,True,1,quasar,0.8690152168273926,1,quasar,0.6982283592224121,1,quasar,0.5099195837974548,1,quasar,0.6860705614089966,2,star,0.6136206984519958,2,star,0.7305742502212524
2168,2,star,2,star,True,2,star,True,True,2,star,0.9962931275367737,2,star,0.9978786706924438,2,star,0.9959654808044434,2,star,0.9783239960670471,2,star,0.976540744304657,2,star,0.8675693869590759
2169,2,star,2,star,True,2,star,True,True,2,star,0.8829250931739807,2,star,0.9137466549873352,2,star,0.9122933149337769,2,star,0.6912704110145569,2,star,0.554060161113739,2,star,0.7043023109436035
2170,2,star,1,quasar,False,1,quasar,False,True,2,star,0.5092232823371887,1,quasar,0.7982871532440186,1,quasar,0.6257345080375671,1,quasar,0.5632447004318237,1,quasar,0.8245760798454285,2,star,0.5942184925079346
2171,2,star,2,star,True,2,star,True,True,2,star,0.8718345165252686,2,star,0.9887123107910156,2,star,0.9213303923606873,2,star,0.7730772495269775,2,star,0.7174562811851501,2,star,0.8547747135162354
2172,2,star,2,star,True,2,star,True,True,2,star,0.8758028745651245,2,star,0.9524696469306946,2,star,0.9349805116653442,2,star,0.8057504296302795,2,star,0.8769078850746155,2,star,0.584503173828125
2173,2,star,2,star,True,2,star,True,True,2,star,0.9892696738243103,2,star,0.9971252083778381,2,star,0.997613787651062,2,star,0.9897305965423584,2,star,0.9823249578475952,2,star,0.5096443295478821
2174,2,star,2,star,True,2,star,True,True,2,star,0.9640306234359741,2,star,0.997829020023346,2,star,0.9623050093650818,2,star,0.9300385117530823,2,star,0.9647005796432495,2,star,0.6511085629463196
2175,2,star,1,quasar,False,1,quasar,False,True,1,quasar,0.9538577795028687,1,quasar,0.9311237931251526,1,quasar,0.7655577063560486,1,quasar,0.7070340514183044,1,quasar,0.8160152435302734,2,star,0.42879098653793335
2176,2,star,2,star,True,2,star,True,True,2,star,0.9963666200637817,2,star,0.9932036399841309,2,star,0.8905016779899597,2,star,0.9546145796775818,2,star,0.8195355534553528,2,star,0.6738511919975281
2177,2,star,2,star,True,2,star,True,True,2,star,0.942643404006958,1,quasar,0.6693372130393982,2,star,0.7812684178352356,2,star,0.5355704426765442,2,star,0.6047582030296326,2,star,0.5965617895126343
2178,2,star,1,quasar,False,2,star,True,False,1,quasar,0.5444348454475403,2,star,0.7435545325279236,1,quasar,0.528268039226532,1,quasar,0.6346715688705444,1,quasar,0.6674178838729858,2,star,0.5282057523727417
2179,2,star,2,star,True,2,star,True,True,2,star,0.9721763134002686,2,star,0.997577965259552,2,star,0.998110294342041,2,star,0.9929890632629395,2,star,0.9854496717453003,0,galaxy,0.4307953715324402
2180,2,star,1,quasar,False,1,quasar,False,True,1,quasar,0.8826621174812317,1,quasar,0.7074542045593262,1,quasar,0.7208396196365356,1,quasar,0.7198721766471863,1,quasar,0.6488275527954102,2,star,0.542086660861969
2181,2,star,2,star,True,2,star,True,True,2,star,0.7129553556442261,2,star,0.7483437061309814,1,quasar,0.5617918968200684,1,quasar,0.5359658002853394,2,star,0.6126245260238647,2,star,0.7511866092681885
2182,2,star,2,star,True,2,star,True,True,2,star,0.9515568017959595,2,star,0.9222710132598877,2,star,0.919551432132721,2,star,0.9343744516372681,2,star,0.9117464423179626,2,star,0.7474896907806396
2183,2,star,2,star,True,2,star,True,True,2,star,0.6903854012489319,2,star,0.46278008818626404,2,star,0.9540209770202637,2,star,0.5741533637046814,2,star,0.673706591129303,2,star,0.5225341320037842
2184,2,star,1,quasar,False,1,quasar,False,True,2,star,0.6515900492668152,2,star,0.5970914959907532,1,quasar,0.7539999485015869,1,quasar,0.6859556436538696,1,quasar,0.6660584807395935,2,star,0.7630958557128906
2185,2,star,2,star,True,2,star,True,True,2,star,0.9513260126113892,2,star,0.8964584469795227,2,star,0.9815056920051575,2,star,0.968959629535675,2,star,0.9784708619117737,2,star,0.7540488243103027
2186,2,star,2,star,True,2,star,True,True,2,star,0.6005732417106628,2,star,0.9192818999290466,2,star,0.9529513716697693,2,star,0.8660926818847656,2,star,0.840492844581604,2,star,0.6452010273933411
2187,2,star,2,star,True,2,star,True,True,2,star,0.9993630051612854,2,star,0.9944756627082825,2,star,0.9981020092964172,2,star,0.9945521950721741,2,star,0.9866635799407959,2,star,0.7727498412132263
2188,2,star,1,quasar,False,1,quasar,False,True,1,quasar,0.6836298108100891,2,star,0.6370298862457275,1,quasar,0.5424063205718994,2,star,0.5786968469619751,1,quasar,0.5368683338165283,2,star,0.4221232831478119
2189,2,star,2,star,True,2,star,True,True,2,star,0.9821608066558838,2,star,0.9979089498519897,2,star,0.998891294002533,2,star,0.9943485856056213,2,star,0.9776296615600586,2,star,0.4627994894981384
2190,2,star,2,star,True,2,star,True,True,2,star,0.9796922206878662,2,star,0.9938229322433472,2,star,0.9841451048851013,2,star,0.9587883353233337,2,star,0.982134222984314,2,star,0.592424750328064
2191,2,star,2,star,True,2,star,True,True,2,star,0.979362964630127,2,star,0.998565137386322,2,star,0.9965307116508484,2,star,0.9934020638465881,2,star,0.9732687473297119,2,star,0.6399350166320801
2192,2,star,2,star,True,2,star,True,True,2,star,0.992365300655365,2,star,0.9988493919372559,2,star,0.997632622718811,2,star,0.9924426078796387,2,star,0.9876817464828491,2,star,0.802998960018158
2193,2,star,2,star,True,2,star,True,True,2,star,0.9887099862098694,2,star,0.9872423410415649,2,star,0.9952646493911743,2,star,0.9885459542274475,2,star,0.9823894500732422,2,star,0.7247664332389832
2194,2,star,2,star,True,2,star,True,True,2,star,0.9745762944221497,2,star,0.9995086193084717,2,star,0.9963424801826477,2,star,0.9870790243148804,2,star,0.9813267588615417,2,star,0.5896385312080383
2195,2,star,2,star,True,2,star,True,True,2,star,0.9949777722358704,2,star,0.9997751116752625,2,star,0.9976054430007935,2,star,0.9914737939834595,2,star,0.978369414806366,2,star,0.7904214859008789
2196,2,star,2,star,True,2,star,True,True,2,star,0.989428699016571,2,star,0.9962728023529053,2,star,0.9979573488235474,2,star,0.9924507737159729,2,star,0.984602689743042,2,star,0.7271572351455688
2197,2,star,2,star,True,2,star,True,True,2,star,0.9448297023773193,2,star,0.9644691944122314,2,star,0.9921087622642517,2,star,0.9633429050445557,2,star,0.9422688484191895,1,quasar,0.46578577160835266
2198,2,star,2,star,True,2,star,True,True,0,galaxy,1.0,2,star,0.9957048296928406,2,star,0.9985231757164001,2,star,0.9946317672729492,2,star,0.9456477165222168,0,galaxy,0.41756489872932434
2199,2,star,2,star,True,2,star,True,True,2,star,0.9959555864334106,2,star,0.9971747398376465,2,star,0.9982292056083679,2,star,0.9903833270072937,2,star,0.9712523818016052,2,star,0.5434853434562683
2200,2,star,2,star,True,2,star,True,True,2,star,0.987552285194397,2,star,0.9956329464912415,2,star,0.9952411651611328,2,star,0.9900792837142944,2,star,0.9849448800086975,2,star,0.821003794670105
2201,2,star,2,star,True,2,star,True,True,2,star,0.9527764916419983,2,star,0.9921022057533264,2,star,0.9922463297843933,2,star,0.9735082983970642,2,star,0.9804598689079285,2,star,0.8561674356460571
2202,2,star,2,star,True,2,star,True,True,2,star,0.7098855376243591,2,star,0.9878023266792297,2,star,0.9970443844795227,2,star,0.856370210647583,2,star,0.7508767247200012,2,star,0.8769143223762512
2203,2,star,2,star,True,2,star,True,True,2,star,0.722573459148407,2,star,0.8241239786148071,2,star,0.9506130814552307,2,star,0.9511138200759888,2,star,0.9218286275863647,2,star,0.6562054753303528
2204,2,star,1,quasar,False,1,quasar,False,True,1,quasar,0.6138631105422974,1,quasar,0.8210198879241943,1,quasar,0.6930333375930786,1,quasar,0.5528422594070435,1,quasar,0.6296784281730652,2,star,0.5527430176734924
2205,2,star,2,star,True,2,star,True,True,2,star,0.9909852743148804,2,star,0.9973046779632568,2,star,0.9971303343772888,2,star,0.9913867115974426,2,star,0.9830145835876465,2,star,0.552911639213562
2206,2,star,2,star,True,2,star,True,True,2,star,0.9658217430114746,2,star,0.9722288250923157,2,star,0.9964218139648438,2,star,0.9899302124977112,2,star,0.9855735898017883,2,star,0.6331164240837097
2207,2,star,2,star,True,2,star,True,True,2,star,0.9898632764816284,2,star,0.848362386226654,2,star,0.9256113171577454,2,star,0.7812374234199524,2,star,0.7687426209449768,2,star,0.5277641415596008
2208,2,star,2,star,True,2,star,True,True,2,star,0.9924706220626831,2,star,0.9922083020210266,2,star,0.9945542812347412,2,star,0.9685497283935547,2,star,0.9843817353248596,2,star,0.6214679479598999
2209,2,star,2,star,True,2,star,True,True,2,star,0.9825147986412048,2,star,0.9969044327735901,2,star,0.9849788546562195,2,star,0.9672853350639343,2,star,0.9754981398582458,2,star,0.6459183692932129
2210,2,star,2,star,True,2,star,True,True,2,star,0.9833108186721802,2,star,0.9980571866035461,2,star,0.9939455389976501,2,star,0.9630382061004639,2,star,0.984373927116394,0,galaxy,0.557892382144928
2211,2,star,2,star,True,2,star,True,True,2,star,0.660555362701416,2,star,0.6186281442642212,2,star,0.6976105570793152,2,star,0.6313735842704773,2,star,0.5807532072067261,2,star,0.7392869591712952
2212,2,star,2,star,True,2,star,True,True,2,star,0.8364410400390625,2,star,0.9270332455635071,2,star,0.8309919834136963,2,star,0.899116039276123,2,star,0.9728631377220154,2,star,0.7622095942497253
2213,2,star,2,star,True,2,star,True,True,2,star,0.4388974905014038,2,star,0.6581298112869263,2,star,0.9423180818557739,1,quasar,0.527420699596405,2,star,0.8678202033042908,2,star,0.7341151833534241
2214,2,star,2,star,True,2,star,True,True,1,quasar,0.5761768221855164,1,quasar,0.8152351379394531,2,star,0.7625685334205627,2,star,0.5835956931114197,2,star,0.5577719807624817,2,star,0.3840446472167969
2215,2,star,2,star,True,2,star,True,True,2,star,0.9660005569458008,2,star,0.9070518016815186,2,star,0.7471557855606079,2,star,0.6690608263015747,2,star,0.6706141829490662,2,star,0.5574162602424622
2216,2,star,1,quasar,False,1,quasar,False,True,1,quasar,0.7478781342506409,1,quasar,0.54142165184021,1,quasar,0.7491530776023865,1,quasar,0.7224847078323364,1,quasar,0.7017508149147034,2,star,0.38641345500946045
2217,2,star,2,star,True,2,star,True,True,2,star,0.9867634177207947,2,star,0.8706286549568176,2,star,0.9217878580093384,2,star,0.9695104956626892,2,star,0.9745606780052185,2,star,0.5994351506233215
2218,2,star,2,star,True,2,star,True,True,2,star,0.9740739464759827,2,star,0.9957107305526733,2,star,0.9711541533470154,2,star,0.9801989197731018,2,star,0.9808529019355774,2,star,0.5116978287696838
2219,2,star,2,star,True,2,star,True,True,2,star,0.6695931553840637,1,quasar,0.932441771030426,2,star,0.690083920955658,2,star,0.6443681716918945,2,star,0.7170420289039612,2,star,0.7447629570960999
2220,2,star,2,star,True,2,star,True,True,2,star,0.9492295384407043,2,star,0.9446683526039124,2,star,0.9978222846984863,2,star,0.9865820407867432,2,star,0.894468367099762,0,galaxy,0.43694353103637695
2221,2,star,2,star,True,2,star,True,True,2,star,0.9029890298843384,2,star,0.9992097616195679,2,star,0.9947999715805054,2,star,0.9936618804931641,2,star,0.984091579914093,2,star,0.6887376308441162
2222,2,star,2,star,True,2,star,True,True,2,star,0.9714611768722534,2,star,0.980670690536499,2,star,0.9886731505393982,2,star,0.982891321182251,2,star,0.9784131646156311,2,star,0.6417636275291443
2223,2,star,2,star,True,2,star,True,True,2,star,0.6306281089782715,2,star,0.5330529808998108,2,star,0.8851515054702759,2,star,0.5632217526435852,2,star,0.7240574359893799,2,star,0.717205822467804
2224,2,star,2,star,True,2,star,True,True,2,star,0.9872817397117615,2,star,0.9984042048454285,2,star,0.994992196559906,2,star,0.9847203493118286,2,star,0.9831407070159912,2,star,0.7793052792549133
2225,2,star,2,star,True,2,star,True,True,2,star,0.6501033902168274,2,star,0.7721253633499146,2,star,0.5148670077323914,2,star,0.5893019437789917,2,star,0.6105279922485352,1,quasar,0.45227888226509094
2226,2,star,2,star,True,2,star,True,True,2,star,0.9096203446388245,2,star,0.9498856067657471,2,star,0.988088071346283,2,star,0.9597177505493164,2,star,0.9576780796051025,2,star,0.5770242810249329
2227,2,star,2,star,True,2,star,True,True,2,star,0.7504012584686279,2,star,0.9898967742919922,2,star,0.9880700707435608,2,star,0.6184603571891785,2,star,0.932427704334259,0,galaxy,0.4058958888053894
2228,2,star,2,star,True,2,star,True,True,2,star,0.9705995917320251,2,star,0.9998965263366699,2,star,0.998451828956604,2,star,0.9953404664993286,2,star,0.9861524105072021,2,star,0.4830094575881958
2229,2,star,2,star,True,2,star,True,True,2,star,0.9964814186096191,2,star,0.9991683959960938,2,star,0.9981821775436401,2,star,0.9932664632797241,2,star,0.9859636425971985,2,star,0.5451279878616333
2230,2,star,2,star,True,2,star,True,True,2,star,0.9955096244812012,2,star,0.9754844307899475,2,star,0.8714672923088074,2,star,0.7632615566253662,2,star,0.7385766506195068,2,star,0.6961088180541992
2231,2,star,1,quasar,False,1,quasar,False,True,2,star,0.7601470351219177,1,quasar,0.5689915418624878,1,quasar,0.6691403985023499,1,quasar,0.67243492603302,2,star,0.504143476486206,2,star,0.42352956533432007
2232,2,star,1,quasar,False,1,quasar,False,True,1,quasar,0.9276489615440369,1,quasar,0.80548495054245,1,quasar,0.600445568561554,1,quasar,0.629378080368042,1,quasar,0.6711775660514832,0,galaxy,0.408044695854187
2233,2,star,2,star,True,2,star,True,True,2,star,0.6693126559257507,1,quasar,0.5062493681907654,2,star,0.9408807754516602,2,star,0.6423507332801819,2,star,0.5786064267158508,2,star,0.63385409116745
2234,2,star,1,quasar,False,1,quasar,False,True,1,quasar,0.7336452603340149,1,quasar,0.7275882363319397,1,quasar,0.679168164730072,1,quasar,0.584924042224884,1,quasar,0.537119448184967,2,star,0.5485931634902954
2235,2,star,2,star,True,2,star,True,True,2,star,0.789762020111084,2,star,0.764854907989502,2,star,0.9313669800758362,2,star,0.8862124681472778,2,star,0.8852857351303101,1,quasar,0.45348700881004333
2236,2,star,2,star,True,2,star,True,True,2,star,0.9943175911903381,2,star,0.999703586101532,2,star,0.997722327709198,2,star,0.9946080446243286,2,star,0.9874201416969299,2,star,0.708678126335144
2237,2,star,2,star,True,2,star,True,True,2,star,0.9940201044082642,2,star,0.9983752965927124,2,star,0.9943470358848572,2,star,0.9470106363296509,2,star,0.9665165543556213,1,quasar,0.4424135684967041
2238,2,star,2,star,True,2,star,True,True,2,star,0.8322399258613586,2,star,0.884541928768158,2,star,0.9960786700248718,2,star,0.9288901090621948,2,star,0.9772629141807556,0,galaxy,0.5320435166358948
2239,2,star,2,star,True,2,star,True,True,2,star,0.9784389138221741,2,star,0.9951124787330627,2,star,0.9956148862838745,2,star,0.9772391319274902,2,star,0.9851155877113342,2,star,0.6528908610343933
2240,2,star,1,quasar,False,2,star,True,False,1,quasar,0.6356533765792847,1,quasar,0.6122401356697083,1,quasar,0.5103170275688171,2,star,0.5776238441467285,2,star,0.5428233742713928,2,star,0.7639914751052856
2241,2,star,1,quasar,False,1,quasar,False,True,1,quasar,0.7407643795013428,1,quasar,0.6264722943305969,1,quasar,0.7085755467414856,2,star,0.5263828039169312,1,quasar,0.61893630027771,2,star,0.5616287589073181
2242,2,star,1,quasar,False,1,quasar,False,True,1,quasar,0.7463198304176331,2,star,0.671383261680603,1,quasar,0.6210384368896484,1,quasar,0.6223036646842957,1,quasar,0.6124987006187439,2,star,0.7297770977020264
2243,2,star,2,star,True,2,star,True,True,2,star,0.965773344039917,2,star,0.9963414072990417,2,star,0.9952746629714966,2,star,0.9913265109062195,2,star,0.9807888865470886,2,star,0.7688125371932983
2244,2,star,2,star,True,2,star,True,True,2,star,0.741562008857727,1,quasar,0.5773648619651794,2,star,0.5259549617767334,2,star,0.6988314390182495,2,star,0.5247471332550049,2,star,0.5223057866096497
2245,2,star,2,star,True,2,star,True,True,2,star,0.9795371294021606,2,star,0.9912170171737671,2,star,0.9193233847618103,2,star,0.9374611973762512,2,star,0.7294836044311523,2,star,0.6660895347595215
2246,2,star,2,star,True,2,star,True,True,2,star,0.6199641227722168,2,star,0.9581525921821594,2,star,0.990139901638031,2,star,0.5497982501983643,2,star,0.7604480385780334,2,star,0.39019426703453064
2247,2,star,1,quasar,False,1,quasar,False,True,2,star,0.8304292559623718,2,star,0.6256257891654968,1,quasar,0.701530396938324,1,quasar,0.7456343173980713,1,quasar,0.6890596747398376,2,star,0.4616139829158783
2248,2,star,2,star,True,2,star,True,True,2,star,0.7177921533584595,2,star,0.6427596211433411,2,star,0.8434997200965881,2,star,0.8642599582672119,2,star,0.6213439702987671,2,star,0.6136173605918884
2249,2,star,1,quasar,False,1,quasar,False,True,1,quasar,0.8715629577636719,1,quasar,0.8533509373664856,2,star,0.7449259757995605,0,galaxy,0.41621407866477966,1,quasar,0.3769564926624298,2,star,0.5698685646057129
2250,2,star,1,quasar,False,1,quasar,False,True,1,quasar,0.8537973761558533,1,quasar,0.943107545375824,1,quasar,0.7192125916481018,1,quasar,0.7101760506629944,1,quasar,0.6565293669700623,2,star,0.5122911930084229
2251,2,star,2,star,True,2,star,True,True,2,star,0.9957707524299622,2,star,0.9984468817710876,2,star,0.9958809614181519,2,star,0.9780900478363037,2,star,0.9855718612670898,2,star,0.8576434254646301
2252,2,star,2,star,True,2,star,True,True,2,star,0.6384813189506531,2,star,0.7533774971961975,2,star,0.9216669797897339,0,galaxy,0.7193775177001953,2,star,0.5563863515853882,2,star,0.5721617937088013
2253,2,star,2,star,True,2,star,True,True,2,star,0.7917041778564453,2,star,0.6687134504318237,2,star,0.7009304761886597,2,star,0.7484340071678162,2,star,0.5948481559753418,2,star,0.6556655764579773
2254,2,star,1,quasar,False,1,quasar,False,True,1,quasar,0.7473229765892029,1,quasar,0.8077568411827087,2,star,0.6624184846878052,1,quasar,0.5666506886482239,2,star,0.6021906733512878,2,star,0.6113243103027344
2255,2,star,1,quasar,False,1,quasar,False,True,1,quasar,0.8664446473121643,1,quasar,0.8728412985801697,1,quasar,0.6520015001296997,1,quasar,0.7352966666221619,1,quasar,0.6412416100502014,2,star,0.5007136464118958
2256,2,star,1,quasar,False,1,quasar,False,True,1,quasar,0.8162595629692078,1,quasar,0.7540153861045837,1,quasar,0.7713272571563721,1,quasar,0.7114823460578918,1,quasar,0.7669617533683777,2,star,0.45693448185920715
2257,2,star,0,galaxy,False,0,galaxy,False,True,0,galaxy,0.8978620171546936,1,quasar,0.3922433853149414,2,star,0.7950294613838196,0,galaxy,0.9179359078407288,0,galaxy,0.940843403339386,0,galaxy,0.5191187858581543
2258,2,star,1,quasar,False,1,quasar,False,True,1,quasar,0.48000308871269226,1,quasar,0.7149731516838074,1,quasar,0.6613747477531433,1,quasar,0.6478807330131531,1,quasar,0.6314405202865601,2,star,0.5514262914657593
2259,2,star,2,star,True,2,star,True,True,2,star,0.9837911128997803,2,star,0.9966378211975098,2,star,0.9979568719863892,2,star,0.9914422631263733,2,star,0.9872692823410034,2,star,0.7772501707077026
2260,2,star,1,quasar,False,1,quasar,False,True,1,quasar,0.5565198659896851,1,quasar,0.5702405571937561,1,quasar,0.819675087928772,1,quasar,0.6840338706970215,1,quasar,0.7253103256225586,2,star,0.5394797325134277
2261,2,star,2,star,True,2,star,True,True,2,star,0.9436176419258118,2,star,0.9388427734375,2,star,0.9856300950050354,2,star,0.9341492652893066,2,star,0.9752388000488281,2,star,0.7327069044113159
2262,2,star,1,quasar,False,1,quasar,False,True,1,quasar,0.815579354763031,2,star,0.6058156490325928,1,quasar,0.7154629230499268,1,quasar,0.5551897287368774,1,quasar,0.7267013788223267,2,star,0.6843692064285278
2263,2,star,2,star,True,2,star,True,True,2,star,0.9022470116615295,2,star,0.9941924214363098,2,star,0.9857387542724609,2,star,0.9267013072967529,2,star,0.8897220492362976,2,star,0.5667767524719238
2264,2,star,0,galaxy,False,0,galaxy,False,True,0,galaxy,0.8870546817779541,0,galaxy,0.9244775176048279,0,galaxy,0.9507120847702026,0,galaxy,0.9478592872619629,0,galaxy,0.9169113039970398,0,galaxy,0.631270706653595
2265,2,star,2,star,True,2,star,True,True,1,quasar,0.5221498012542725,1,quasar,0.8368893265724182,2,star,0.6232039332389832,2,star,0.7325303554534912,2,star,0.7871634364128113,2,star,0.8289868235588074
2266,2,star,2,star,True,2,star,True,True,2,star,0.8409342169761658,2,star,0.9635530710220337,2,star,0.9800747632980347,2,star,0.9726994633674622,2,star,0.9228183627128601,2,star,0.5257211923599243
2267,2,star,2,star,True,2,star,True,True,2,star,0.6470341682434082,2,star,0.8466067314147949,2,star,0.9133231043815613,0,galaxy,0.8331260681152344,2,star,0.9056461453437805,2,star,0.5687242150306702
2268,2,star,1,quasar,False,1,quasar,False,True,1,quasar,0.7806175947189331,1,quasar,0.9140793681144714,2,star,0.6267818212509155,1,quasar,0.6691097021102905,2,star,0.7362006902694702,2,star,0.631206214427948
2269,2,star,2,star,True,2,star,True,True,2,star,0.9689757227897644,2,star,0.995593249797821,2,star,0.9932443499565125,2,star,0.9683066606521606,2,star,0.9847725629806519,2,star,0.6641045808792114
2270,2,star,1,quasar,False,1,quasar,False,True,1,quasar,0.9343343377113342,1,quasar,0.8389788269996643,1,quasar,0.6251233816146851,1,quasar,0.6696705222129822,1,quasar,0.5893445611000061,2,star,0.39435839653015137
2271,2,star,2,star,True,2,star,True,True,1,quasar,0.5759799480438232,2,star,0.892562747001648,2,star,0.6696845293045044,2,star,0.7567304372787476,2,star,0.8377864956855774,2,star,0.49336591362953186
2272,2,star,1,quasar,False,1,quasar,False,True,1,quasar,0.8894972801208496,1,quasar,0.5150005221366882,1,quasar,0.7905307412147522,1,quasar,0.5409977436065674,1,quasar,0.68239426612854,2,star,0.49135902523994446
2273,2,star,2,star,True,2,star,True,True,2,star,0.8258772492408752,1,quasar,0.9428579211235046,2,star,0.635026216506958,2,star,0.6443095803260803,2,star,0.7509875297546387,2,star,0.6206665635108948
2274,2,star,2,star,True,2,star,True,True,2,star,0.9961762428283691,2,star,0.9996360540390015,2,star,0.9955743551254272,2,star,0.9856047034263611,2,star,0.9876402020454407,2,star,0.8214178085327148
2275,2,star,2,star,True,2,star,True,True,2,star,0.5055853724479675,2,star,0.6528866291046143,2,star,0.49551716446876526,1,quasar,0.5849852561950684,1,quasar,0.547912061214447,2,star,0.41662001609802246
2276,2,star,0,galaxy,False,0,galaxy,False,True,0,galaxy,0.8978925943374634,1,quasar,0.42018812894821167,0,galaxy,0.4740956127643585,0,galaxy,0.9717202186584473,0,galaxy,0.612903356552124,0,galaxy,0.45017239451408386
2277,2,star,2,star,True,2,star,True,True,2,star,0.749734103679657,2,star,0.9333364963531494,2,star,0.917140781879425,2,star,0.7033112049102783,2,star,0.7966354489326477,2,star,0.5869489908218384
2278,2,star,2,star,True,2,star,True,True,2,star,0.6699356436729431,2,star,0.9791668057441711,2,star,0.9497129917144775,2,star,0.8141290545463562,2,star,0.8240755796432495,2,star,0.5641335248947144
2279,2,star,2,star,True,2,star,True,True,2,star,0.8377319574356079,2,star,0.9991089701652527,2,star,0.9940341114997864,2,star,0.949978768825531,2,star,0.7596867680549622,2,star,0.38882318139076233
2280,2,star,2,star,True,2,star,True,True,2,star,0.9340730309486389,2,star,0.4980227053165436,2,star,0.5630803108215332,1,quasar,0.6840215921401978,2,star,0.642863392829895,2,star,0.4398004710674286
2281,2,star,2,star,True,2,star,True,True,2,star,0.9375652074813843,2,star,0.49399319291114807,2,star,0.6668069958686829,2,star,0.5620632171630859,2,star,0.6410471200942993,2,star,0.5553423166275024
2282,2,star,1,quasar,False,2,star,True,False,1,quasar,0.642482340335846,2,star,0.49318596720695496,1,quasar,0.4989161193370819,2,star,0.4966760277748108,1,quasar,0.5305502414703369,2,star,0.6681125164031982
2283,2,star,2,star,True,2,star,True,True,2,star,0.49193161725997925,2,star,0.9945830702781677,2,star,0.9944213032722473,2,star,0.9651867747306824,2,star,0.9021646976470947,2,star,0.5045894384384155
2284,2,star,2,star,True,2,star,True,True,2,star,0.5217671990394592,2,star,0.6720983982086182,2,star,0.9438104629516602,1,quasar,0.6387204527854919,1,quasar,0.5416985154151917,2,star,0.5487869381904602
2285,2,star,1,quasar,False,1,quasar,False,True,1,quasar,0.7729808688163757,1,quasar,0.6141767501831055,2,star,0.5903180241584778,1,quasar,0.5087767243385315,2,star,0.5085662007331848,2,star,0.6215565800666809
2286,2,star,2,star,True,2,star,True,True,2,star,0.6887204051017761,2,star,0.7320927381515503,2,star,0.9907515048980713,1,quasar,0.628369927406311,2,star,0.6196854114532471,2,star,0.734053909778595
2287,2,star,1,quasar,False,2,star,True,False,1,quasar,0.6473066806793213,1,quasar,0.5917832255363464,2,star,0.9201162457466125,1,quasar,0.6418836712837219,2,star,0.5218604803085327,2,star,0.5711920261383057
2288,2,star,1,quasar,False,1,quasar,False,True,1,quasar,0.8416172862052917,1,quasar,0.5190087556838989,2,star,0.8678520917892456,1,quasar,0.6995317935943604,2,star,0.5503313541412354,2,star,0.6008052825927734
2289,2,star,2,star,True,2,star,True,True,2,star,0.901877224445343,2,star,0.8857260942459106,2,star,0.9793718457221985,2,star,0.6942311525344849,2,star,0.4997411072254181,2,star,0.8200592398643494
2290,2,star,0,galaxy,False,0,galaxy,False,True,0,galaxy,0.7168787717819214,2,star,0.5807344317436218,0,galaxy,0.921538770198822,0,galaxy,0.9884400367736816,0,galaxy,0.9227527976036072,0,galaxy,0.4218258559703827
2291,2,star,2,star,True,2,star,True,True,2,star,0.7481499314308167,2,star,0.5218446850776672,2,star,0.5517565608024597,2,star,0.506708562374115,2,star,0.5180354714393616,2,star,0.5377057194709778
2292,2,star,1,quasar,False,1,quasar,False,True,1,quasar,0.927253782749176,1,quasar,0.8643342852592468,1,quasar,0.5621234774589539,1,quasar,0.6116615533828735,1,quasar,0.6813437342643738,2,star,0.42166680097579956
2293,2,star,2,star,True,2,star,True,True,2,star,0.994231104850769,2,star,0.9882833957672119,2,star,0.9989778995513916,2,star,0.9911381602287292,2,star,0.9839357137680054,2,star,0.6782581210136414
2294,2,star,2,star,True,2,star,True,True,2,star,0.9061896800994873,2,star,0.9192772507667542,2,star,0.8703488111495972,2,star,0.7621193528175354,2,star,0.6208824515342712,2,star,0.8014879822731018
2295,2,star,2,star,True,2,star,True,True,2,star,0.9925349950790405,2,star,0.9989830851554871,2,star,0.9934179782867432,2,star,0.9776279330253601,2,star,0.9840691685676575,2,star,0.762921154499054
2296,2,star,2,star,True,2,star,True,True,2,star,0.9923385381698608,2,star,0.9985515475273132,2,star,0.9959716200828552,2,star,0.9706277847290039,2,star,0.9833869338035583,2,star,0.8989789485931396
2297,2,star,2,star,True,2,star,True,True,2,star,0.824215292930603,2,star,0.7999886870384216,2,star,0.5500683784484863,2,star,0.5990397334098816,2,star,0.6740778684616089,2,star,0.5997323989868164
2298,2,star,2,star,True,2,star,True,True,2,star,0.9855731129646301,2,star,0.9990274906158447,2,star,0.9980632662773132,2,star,0.9920252561569214,2,star,0.9822935461997986,2,star,0.7972574830055237
2299,2,star,2,star,True,2,star,True,True,2,star,0.9672874808311462,2,star,0.9929463267326355,2,star,0.996442973613739,2,star,0.9631978869438171,2,star,0.9614742398262024,2,star,0.6225219964981079
2300,2,star,2,star,True,2,star,True,True,2,star,0.9303475618362427,2,star,0.5906728506088257,2,star,0.6138278245925903,1,quasar,0.5304463505744934,2,star,0.7015450596809387,2,star,0.5538743138313293
2301,2,star,2,star,True,2,star,True,True,2,star,0.6649742126464844,2,star,0.9872702360153198,2,star,0.9471385478973389,2,star,0.7711265683174133,2,star,0.7618141174316406,2,star,0.5137383341789246
2302,2,star,2,star,True,2,star,True,True,2,star,0.9960352778434753,2,star,0.9988052845001221,2,star,0.994942843914032,2,star,0.9917102456092834,2,star,0.9762292504310608,2,star,0.6732951402664185
2303,2,star,2,star,True,2,star,True,True,2,star,0.9958308339118958,2,star,0.9793701767921448,2,star,0.9979462027549744,2,star,0.9898648858070374,2,star,0.9877124428749084,2,star,0.8817352652549744
2304,2,star,2,star,True,2,star,True,True,2,star,0.9363759160041809,2,star,0.9982401132583618,2,star,0.9951314926147461,2,star,0.9663556814193726,2,star,0.9676142334938049,2,star,0.765861988067627
2305,2,star,2,star,True,2,star,True,True,2,star,0.6329199075698853,1,quasar,0.808824896812439,1,quasar,0.559520959854126,2,star,0.5987747311592102,2,star,0.5549572706222534,2,star,0.7314059138298035
2306,2,star,2,star,True,2,star,True,True,2,star,0.8136904239654541,2,star,0.8787014484405518,2,star,0.5375173687934875,1,quasar,0.542098879814148,1,quasar,0.5487808585166931,2,star,0.4649306535720825
2307,2,star,2,star,True,2,star,True,True,2,star,0.9989657402038574,2,star,0.9996077418327332,2,star,0.9957031607627869,2,star,0.9928365349769592,2,star,0.9851865172386169,2,star,0.8261916637420654
2308,2,star,2,star,True,2,star,True,True,2,star,0.9611397981643677,2,star,0.9601078033447266,2,star,0.9903303384780884,2,star,0.9909873604774475,2,star,0.9550601840019226,2,star,0.7970618605613708
2309,2,star,2,star,True,2,star,True,True,2,star,0.991973876953125,2,star,0.9982895255088806,2,star,0.9968434572219849,2,star,0.992904007434845,2,star,0.9857805371284485,2,star,0.7450730800628662
2310,2,star,2,star,True,2,star,True,True,2,star,0.5495225787162781,1,quasar,0.5115789175033569,2,star,0.49546071887016296,2,star,0.5447723269462585,1,quasar,0.5176055431365967,2,star,0.6196713447570801
2311,2,star,1,quasar,False,1,quasar,False,True,2,star,0.5143058896064758,1,quasar,0.8691758513450623,1,quasar,0.7173409461975098,2,star,0.5392320156097412,1,quasar,0.6379415392875671,2,star,0.7241085767745972
2312,2,star,2,star,True,2,star,True,True,2,star,0.980176568031311,2,star,0.9942063093185425,2,star,0.995353102684021,2,star,0.8026754856109619,2,star,0.8893461227416992,2,star,0.621335506439209
2313,2,star,2,star,True,2,star,True,True,2,star,0.9808624982833862,2,star,0.741997241973877,2,star,0.7196608781814575,1,quasar,0.5500040054321289,2,star,0.5427847504615784,2,star,0.7900474071502686
2314,2,star,2,star,True,2,star,True,True,2,star,0.9455679655075073,2,star,0.7866193056106567,2,star,0.8529464602470398,2,star,0.6572338342666626,2,star,0.735344409942627,2,star,0.5354406833648682
2315,2,star,2,star,True,2,star,True,True,2,star,0.9821478128433228,2,star,0.9995793700218201,2,star,0.9967051148414612,2,star,0.9871075749397278,2,star,0.9879779815673828,2,star,0.8512309789657593
2316,2,star,2,star,True,2,star,True,True,2,star,0.9133146405220032,2,star,0.991778552532196,2,star,0.9549837708473206,2,star,0.9444968104362488,2,star,0.6514378786087036,2,star,0.5911077857017517
2317,2,star,1,quasar,False,1,quasar,False,True,1,quasar,0.5535508394241333,1,quasar,0.6445092558860779,1,quasar,0.6415644884109497,1,quasar,0.7056466937065125,1,quasar,0.6029837131500244,2,star,0.705802857875824
2318,2,star,2,star,True,2,star,True,True,2,star,0.9745071530342102,2,star,0.9995633959770203,2,star,0.9962515234947205,2,star,0.9908813238143921,2,star,0.97988361120224,2,star,0.6041884422302246
2319,2,star,1,quasar,False,1,quasar,False,True,0,galaxy,0.580115795135498,2,star,0.5247512459754944,1,quasar,0.76107257604599,1,quasar,0.5090501308441162,1,quasar,0.6531416773796082,0,galaxy,0.6356555223464966
2320,2,star,2,star,True,2,star,True,True,2,star,0.9859007000923157,2,star,0.9978931546211243,2,star,0.9969319105148315,2,star,0.9932379722595215,2,star,0.983873188495636,2,star,0.747200608253479
2321,2,star,2,star,True,2,star,True,True,2,star,0.9877482652664185,2,star,0.9994314312934875,2,star,0.9909831285476685,2,star,0.9867434501647949,2,star,0.9072732925415039,2,star,0.6903286576271057
2322,2,star,2,star,True,2,star,True,True,2,star,0.9036458730697632,2,star,0.9380510449409485,2,star,0.8852806687355042,2,star,0.5296837091445923,2,star,0.4984474778175354,1,quasar,0.6208582520484924
2323,2,star,2,star,True,2,star,True,True,2,star,0.9935903549194336,2,star,0.9991469383239746,2,star,0.9929801821708679,2,star,0.9815219640731812,2,star,0.9728370904922485,2,star,0.9141777157783508
2324,2,star,2,star,True,2,star,True,True,2,star,0.9944177865982056,2,star,0.9993597865104675,2,star,0.9977858066558838,2,star,0.984671413898468,2,star,0.9832249879837036,2,star,0.8454146385192871
2325,2,star,2,star,True,2,star,True,True,2,star,0.9950293898582458,2,star,0.9912846088409424,2,star,0.9988442659378052,2,star,0.9930220246315002,2,star,0.9635716080665588,2,star,0.8533636331558228
2326,2,star,2,star,True,2,star,True,True,2,star,0.9600135684013367,2,star,0.9982805252075195,2,star,0.9953931570053101,2,star,0.9654581546783447,2,star,0.9738025665283203,2,star,0.6606225967407227
2327,2,star,2,star,True,2,star,True,True,2,star,0.7539498209953308,2,star,0.9893665909767151,2,star,0.9658063650131226,2,star,0.691138505935669,2,star,0.9293802976608276,2,star,0.7583005428314209
2328,2,star,1,quasar,False,1,quasar,False,True,1,quasar,0.7337009906768799,1,quasar,0.9364352822303772,2,star,0.6334763765335083,2,star,0.5765547156333923,2,star,0.9100939631462097,1,quasar,0.5151846408843994
2329,2,star,2,star,True,2,star,True,True,2,star,0.6966171264648438,2,star,0.5484052300453186,1,quasar,0.5396518707275391,1,quasar,0.5758995413780212,2,star,0.6303277015686035,2,star,0.5738827586174011
2330,2,star,2,star,True,2,star,True,True,2,star,0.7368295788764954,2,star,0.9843258261680603,2,star,0.9542936682701111,2,star,0.7923120856285095,2,star,0.5596043467521667,2,star,0.7642267346382141
2331,2,star,2,star,True,2,star,True,True,2,star,0.8598766922950745,2,star,0.681786835193634,2,star,0.9590557217597961,2,star,0.6406477689743042,2,star,0.7872801423072815,0,galaxy,0.513691782951355
2332,2,star,2,star,True,2,star,True,True,2,star,0.7233744859695435,2,star,0.7074350118637085,2,star,0.9587108492851257,0,galaxy,0.5681170225143433,2,star,0.767318844795227,2,star,0.475504994392395
2333,2,star,2,star,True,2,star,True,True,1,quasar,0.4961468577384949,2,star,0.7956247329711914,2,star,0.8593260049819946,2,star,0.7685009837150574,2,star,0.9456116557121277,2,star,0.8528702855110168
2334,2,star,2,star,True,2,star,True,True,2,star,0.6649203300476074,2,star,0.9498759508132935,2,star,0.9280537366867065,2,star,0.7723698616027832,2,star,0.5421837568283081,2,star,0.7152240872383118
2335,2,star,2,star,True,2,star,True,True,2,star,0.7743544578552246,2,star,0.7476752400398254,2,star,0.998689591884613,2,star,0.9728944301605225,2,star,0.848118245601654,2,star,0.5350086092948914
2336,2,star,2,star,True,2,star,True,True,2,star,0.958782970905304,2,star,0.9970138072967529,2,star,0.9967509508132935,2,star,0.9941297769546509,2,star,0.9793580174446106,2,star,0.5044152140617371
2337,2,star,1,quasar,False,1,quasar,False,True,1,quasar,0.8144862651824951,1,quasar,0.5082018375396729,1,quasar,0.5011104345321655,1,quasar,0.6650074124336243,1,quasar,0.5624328851699829,2,star,0.4147565960884094
2338,2,star,0,galaxy,False,0,galaxy,False,True,0,galaxy,0.4378695785999298,0,galaxy,0.5010247826576233,0,galaxy,0.957196831703186,0,galaxy,0.8077038526535034,0,galaxy,0.9108575582504272,0,galaxy,0.43107762932777405
2339,2,star,2,star,True,2,star,True,True,2,star,0.5612435340881348,2,star,0.9336026310920715,2,star,0.6307050585746765,2,star,0.886542022228241,2,star,0.8278980851173401,2,star,0.4710824191570282
2340,2,star,2,star,True,2,star,True,True,2,star,0.49640727043151855,2,star,0.6499766111373901,1,quasar,0.4761335253715515,1,quasar,0.5676328539848328,2,star,0.5233175754547119,2,star,0.552482008934021
2341,2,star,2,star,True,2,star,True,True,2,star,0.9318000078201294,2,star,0.9275436997413635,2,star,0.9880862236022949,2,star,0.9650232195854187,2,star,0.9389775991439819,2,star,0.7526577711105347
2342,2,star,2,star,True,2,star,True,True,2,star,0.9798778891563416,2,star,0.99897301197052,2,star,0.9985688924789429,2,star,0.9953729510307312,2,star,0.9889870285987854,2,star,0.5778668522834778
2343,2,star,2,star,True,2,star,True,True,2,star,0.724480152130127,2,star,0.562850296497345,2,star,0.9886360168457031,2,star,0.5780981779098511,2,star,0.8612282872200012,0,galaxy,0.3711458146572113
2344,2,star,2,star,True,2,star,True,True,2,star,0.9379501938819885,1,quasar,0.662017285823822,2,star,0.869041383266449,2,star,0.6601006388664246,2,star,0.7623188495635986,0,galaxy,0.5785813331604004
2345,2,star,1,quasar,False,1,quasar,False,True,1,quasar,0.7750048637390137,1,quasar,0.5967919230461121,1,quasar,0.6130085587501526,1,quasar,0.6332715153694153,1,quasar,0.6728712916374207,1,quasar,0.35530874133110046
2346,2,star,2,star,True,2,star,True,True,2,star,0.8645268082618713,2,star,0.9003742933273315,2,star,0.9644969701766968,2,star,0.48755669593811035,2,star,0.6424439549446106,2,star,0.5132012963294983
2347,2,star,2,star,True,2,star,True,True,2,star,0.9959166646003723,2,star,0.9996981620788574,2,star,0.9987227320671082,2,star,0.9937997460365295,2,star,0.9842425584793091,2,star,0.791633665561676
2348,2,star,2,star,True,2,star,True,True,1,quasar,0.572121798992157,2,star,0.7334272861480713,2,star,0.52696692943573,1,quasar,0.6965797543525696,2,star,0.5760865211486816,0,galaxy,0.5008995532989502
2349,2,star,2,star,True,2,star,True,True,2,star,0.9945513606071472,2,star,0.9952825903892517,2,star,0.9965722560882568,2,star,0.9923304319381714,2,star,0.9844551086425781,2,star,0.5147696137428284
2350,2,star,2,star,True,2,star,True,True,2,star,0.9949418902397156,2,star,0.9997949004173279,2,star,0.9982944130897522,2,star,0.9925354719161987,2,star,0.987307608127594,2,star,0.8235465288162231
2351,2,star,2,star,True,2,star,True,True,2,star,0.7644509077072144,2,star,0.8056657314300537,2,star,0.9621284008026123,1,quasar,0.5176717638969421,2,star,0.6411466598510742,2,star,0.7745060324668884
2352,2,star,2,star,True,2,star,True,True,2,star,0.8999417424201965,2,star,0.928629457950592,2,star,0.9201374650001526,2,star,0.7205811142921448,2,star,0.5501465201377869,1,quasar,0.39011621475219727
2353,2,star,2,star,True,2,star,True,True,1,quasar,0.4730098247528076,2,star,0.9498609900474548,2,star,0.8092220425605774,2,star,0.48675623536109924,2,star,0.3703813850879669,1,quasar,0.6447457671165466
