star_id,objID,specObjID,object_dir,spectrum_path,spectrum_metadata_path,target_path,spectral_subclass_raw,spectral_parent_label,spectral_leaf_label,input_pixels,valid_pixels,nan_fraction,coverage_fraction,wavelength_min,wavelength_max,split
STAR_003126,1237648702968889406,3287664913035585536,C:\Users\phvna\Faculdade\TCC\dataset\star_objects\STAR_003126,C:\Users\phvna\Faculdade\TCC\dataset\spectra\star\3287664913035585536.fits,C:\Users\phvna\Faculdade\TCC\dataset\metadata\spectra\star\3287664913035585536.json,C:\Users\phvna\Faculdade\TCC\dataset\star_objects\STAR_003126\Target\target.json,F2,F,F2,3819,3819,0.0,0.9936976462454351,3808.9042601321803,9174.87154985753,train
STAR_001442,1237646381543063904,1417642722063312896,C:\Users\phvna\Faculdade\TCC\dataset\star_objects\STAR_001442,C:\Users\phvna\Faculdade\TCC\dataset\spectra\star\1417642722063312896.fits,C:\Users\phvna\Faculdade\TCC\dataset\metadata\spectra\star\1417642722063312896.json,C:\Users\phvna\Faculdade\TCC\dataset\star_objects\STAR_001442\Target\target.json,A0,A,A0,3844,3840,0.0,0.999629312764019,3800.142571433285,9198.140860358988,train
STAR_004511,1237648703503597690,364795446058575872,C:\Users\phvna\Faculdade\TCC\dataset\star_objects\STAR_004511,C:\Users\phvna\Faculdade\TCC\dataset\spectra\star\364795446058575872.fits,C:\Users\phvna\Faculdade\TCC\dataset\metadata\spectra\star\364795446058575872.json,C:\Users\phvna\Faculdade\TCC\dataset\star_objects\STAR_004511\Target\target.json,M0,M,M0,3827,3826,0.0,0.9973571044390466,3812.412496388137,9198.140860358988,train
STAR_000040,1237648702983570193,1035993156367181824,C:\Users\phvna\Faculdade\TCC\dataset\star_objects\STAR_000040,C:\Users\phvna\Faculdade\TCC\dataset\spectra\star\1035993156367181824.fits,C:\Users\phvna\Faculdade\TCC\dataset\metadata\spectra\star\1035993156367181824.json,C:\Users\phvna\Faculdade\TCC\dataset\star_objects\STAR_000040\Target\target.json,Carbon_lines,CARBON,CARBON,3826,3826,0.0,0.9962095984991642,3808.0261377153843,9187.55796961087,test
STAR_004510,1237648703503597733,364795171180668928,C:\Users\phvna\Faculdade\TCC\dataset\star_objects\STAR_004510,C:\Users\phvna\Faculdade\TCC\dataset\spectra\star\364795171180668928.fits,C:\Users\phvna\Faculdade\TCC\dataset\metadata\spectra\star\364795171180668928.json,C:\Users\phvna\Faculdade\TCC\dataset\star_objects\STAR_004510\Target\target.json,F5,F,F5,3827,3826,0.0,0.9973571044390466,3812.412496388137,9198.140860358988,train
STAR_001600,1237645943979049605,1721595839597537280,C:\Users\phvna\Faculdade\TCC\dataset\star_objects\STAR_001600,C:\Users\phvna\Faculdade\TCC\dataset\spectra\star\1721595839597537280.fits,C:\Users\phvna\Faculdade\TCC\dataset\metadata\spectra\star\1721595839597537280.json,C:\Users\phvna\Faculdade\TCC\dataset\star_objects\STAR_001600\Target\target.json,L5.5,L,L5.5,3829,3821,0.0,0.9965434921163618,3816.8060029306343,9198.140860358988,train
STAR_007364,1237648703512183640,4555474954884503552,C:\Users\phvna\Faculdade\TCC\dataset\star_objects\STAR_007364,C:\Users\phvna\Faculdade\TCC\dataset\spectra\star\4555474954884503552.fits,C:\Users\phvna\Faculdade\TCC\dataset\metadata\spectra\star\4555474954884503552.json,C:\Users\phvna\Faculdade\TCC\dataset\star_objects\STAR_007364\Target\target.json,A6IV (28527),A,A6,4635,3840,0.0,0.999629312764019,3800.142571433285,9198.140860358988,train
STAR_009952,1237646587169669798,897499219005302784,C:\Users\phvna\Faculdade\TCC\dataset\star_objects\STAR_009952,C:\Users\phvna\Faculdade\TCC\dataset\spectra\star\897499219005302784.fits,C:\Users\phvna\Faculdade\TCC\dataset\metadata\spectra\star\897499219005302784.json,C:\Users\phvna\Faculdade\TCC\dataset\star_objects\STAR_009952\Target\target.json,F5,F,F5,3830,3827,0.0,0.9975194819888815,3811.5356576190284,9198.140860358988,train
STAR_000501,1237646586639614621,1404004100693059584,C:\Users\phvna\Faculdade\TCC\dataset\star_objects\STAR_000501,C:\Users\phvna\Faculdade\TCC\dataset\spectra\star\1404004100693059584.fits,C:\Users\phvna\Faculdade\TCC\dataset\metadata\spectra\star\1404004100693059584.json,C:\Users\phvna\Faculdade\TCC\dataset\star_objects\STAR_000501\Target\target.json,M5,M,M5,3840,3837,0.0,0.9991427512680918,3802.7700035112916,9198.140860358988,train
STAR_004848,1237648703510675490,3723387084317237248,C:\Users\phvna\Faculdade\TCC\dataset\star_objects\STAR_004848,C:\Users\phvna\Faculdade\TCC\dataset\spectra\star\3723387084317237248.fits,C:\Users\phvna\Faculdade\TCC\dataset\metadata\spectra\star\3723387084317237248.json,C:\Users\phvna\Faculdade\TCC\dataset\star_objects\STAR_004848\Target\target.json,G2,G,G2,3834,3834,0.0,0.997736714802509,3801.8932953144076,9189.671555247956,train
STAR_004569,1237648704040206533,364834478721361920,C:\Users\phvna\Faculdade\TCC\dataset\star_objects\STAR_004569,C:\Users\phvna\Faculdade\TCC\dataset\spectra\star\364834478721361920.fits,C:\Users\phvna\Faculdade\TCC\dataset\metadata\spectra\star\364834478721361920.json,C:\Users\phvna\Faculdade\TCC\dataset\star_objects\STAR_004569\Target\target.json,K3,K,K3,3845,3839,0.0,0.9992366124000388,3800.142571433285,9196.020278393495,train
STAR_002759,1237648703509692463,3266272816315525120,C:\Users\phvna\Faculdade\TCC\dataset\star_objects\STAR_002759,C:\Users\phvna\Faculdade\TCC\dataset\spectra\star\3266272816315525120.fits,C:\Users\phvna\Faculdade\TCC\dataset\metadata\spectra\star\3266272816315525120.json,C:\Users\phvna\Faculdade\TCC\dataset\star_objects\STAR_002759\Target\target.json,G2,G,G2,3828,3828,0.0,0.996763193973651,3807.1503077902407,9189.671555247956,train
STAR_006221,1237648705115586830,4331581676713170944,C:\Users\phvna\Faculdade\TCC\dataset\star_objects\STAR_006221,C:\Users\phvna\Faculdade\TCC\dataset\spectra\star\4331581676713170944.fits,C:\Users\phvna\Faculdade\TCC\dataset\metadata\spectra\star\4331581676713170944.json,C:\Users\phvna\Faculdade\TCC\dataset\star_objects\STAR_006221\Target\target.json,A9V (154660),A,A9,4624,3840,0.0,0.999629312764019,3800.142571433285,9198.140860358988,test
STAR_007730,1237646586638566390,8170772833649317888,C:\Users\phvna\Faculdade\TCC\dataset\star_objects\STAR_007730,C:\Users\phvna\Faculdade\TCC\dataset\spectra\star\8170772833649317888.fits,C:\Users\phvna\Faculdade\TCC\dataset\metadata\spectra\star\8170772833649317888.json,C:\Users\phvna\Faculdade\TCC\dataset\star_objects\STAR_007730\Target\target.json,F8V (G_243-63),F,F8,4624,3840,0.0,0.999629312764019,3800.142571433285,9198.140860358988,validation
STAR_000714,1237646647841391301,1404147586960484352,C:\Users\phvna\Faculdade\TCC\dataset\star_objects\STAR_000714,C:\Users\phvna\Faculdade\TCC\dataset\spectra\star\1404147586960484352.fits,C:\Users\phvna\Faculdade\TCC\dataset\metadata\spectra\star\1404147586960484352.json,C:\Users\phvna\Faculdade\TCC\dataset\star_objects\STAR_000714\Target\target.json,M4,M,M4,3839,3838,0.0,0.9993051046378852,3801.8932953144076,9198.140860358988,train
STAR_003298,1237648703507333163,328801282699585536,C:\Users\phvna\Faculdade\TCC\dataset\star_objects\STAR_003298,C:\Users\phvna\Faculdade\TCC\dataset\spectra\star\328801282699585536.fits,C:\Users\phvna\Faculdade\TCC\dataset\metadata\spectra\star\328801282699585536.json,C:\Users\phvna\Faculdade\TCC\dataset\star_objects\STAR_003298\Target\target.json,F5,F,F5,3847,3837,0.0,0.9984524177183993,3800.142571433285,9191.785627112642,train
STAR_006753,1237648702984815835,4526359332645001216,C:\Users\phvna\Faculdade\TCC\dataset\star_objects\STAR_006753,C:\Users\phvna\Faculdade\TCC\dataset\spectra\star\4526359332645001216.fits,C:\Users\phvna\Faculdade\TCC\dataset\metadata\spectra\star\4526359332645001216.json,C:\Users\phvna\Faculdade\TCC\dataset\star_objects\STAR_006753\Target\target.json,M5III (221615),M,M5,4625,3840,0.0,0.999629312764019,3800.142571433285,9198.140860358988,train
STAR_006532,1237648704062161432,4515094561442519040,C:\Users\phvna\Faculdade\TCC\dataset\star_objects\STAR_006532,C:\Users\phvna\Faculdade\TCC\dataset\spectra\star\4515094561442519040.fits,C:\Users\phvna\Faculdade\TCC\dataset\metadata\spectra\star\4515094561442519040.json,C:\Users\phvna\Faculdade\TCC\dataset\star_objects\STAR_006532\Target\target.json,A4V (136729),A,A4,4626,3840,0.0,0.999629312764019,3800.142571433285,9198.140860358988,validation
STAR_002040,1237648704578191376,2880179024754141184,C:\Users\phvna\Faculdade\TCC\dataset\star_objects\STAR_002040,C:\Users\phvna\Faculdade\TCC\dataset\spectra\star\2880179024754141184.fits,C:\Users\phvna\Faculdade\TCC\dataset\metadata\spectra\star\2880179024754141184.json,C:\Users\phvna\Faculdade\TCC\dataset\star_objects\STAR_002040\Target\target.json,F5,F,F5,3843,3833,0.0,0.998494124189121,3806.272589737735,9198.140860358988,train
STAR_004029,1237648704054362186,342288167203792896,C:\Users\phvna\Faculdade\TCC\dataset\star_objects\STAR_004029,C:\Users\phvna\Faculdade\TCC\dataset\spectra\star\342288167203792896.fits,C:\Users\phvna\Faculdade\TCC\dataset\metadata\spectra\star\342288167203792896.json,C:\Users\phvna\Faculdade\TCC\dataset\star_objects\STAR_004029\Target\target.json,F9,F,F9,3845,3840,0.0,0.999629312764019,3800.142571433285,9198.140860358988,test
STAR_003119,1237648703505760388,3287662988890236928,C:\Users\phvna\Faculdade\TCC\dataset\star_objects\STAR_003119,C:\Users\phvna\Faculdade\TCC\dataset\spectra\star\3287662988890236928.fits,C:\Users\phvna\Faculdade\TCC\dataset\metadata\spectra\star\3287662988890236928.json,C:\Users\phvna\Faculdade\TCC\dataset\star_objects\STAR_003119\Target\target.json,F9,F,F9,3818,3818,0.0,0.9933068718568487,3808.9042601321803,9172.761368159163,validation
STAR_000669,1237646587713094665,1404122298193045504,C:\Users\phvna\Faculdade\TCC\dataset\star_objects\STAR_000669,C:\Users\phvna\Faculdade\TCC\dataset\spectra\star\1404122298193045504.fits,C:\Users\phvna\Faculdade\TCC\dataset\metadata\spectra\star\1404122298193045504.json,C:\Users\phvna\Faculdade\TCC\dataset\star_objects\STAR_000669\Target\target.json,M2,M,M2,3847,3840,0.0,0.999629312764019,3800.142571433285,9198.140860358988,test
STAR_004904,1237648702973542431,3723420894299791360,C:\Users\phvna\Faculdade\TCC\dataset\star_objects\STAR_004904,C:\Users\phvna\Faculdade\TCC\dataset\spectra\star\3723420894299791360.fits,C:\Users\phvna\Faculdade\TCC\dataset\metadata\spectra\star\3723420894299791360.json,C:\Users\phvna\Faculdade\TCC\dataset\star_objects\STAR_004904\Target\target.json,F5,F,F5,3816,3816,0.0,0.993667921952121,3813.291630289555,9179.098408831009,train
STAR_003051,1237648705131380923,3275416629906794496,C:\Users\phvna\Faculdade\TCC\dataset\star_objects\STAR_003051,C:\Users\phvna\Faculdade\TCC\dataset\spectra\star\3275416629906794496.fits,C:\Users\phvna\Faculdade\TCC\dataset\metadata\spectra\star\3275416629906794496.json,C:\Users\phvna\Faculdade\TCC\dataset\star_objects\STAR_003051\Target\target.json,F5,F,F5,3813,3807,0.0,0.9942613202736899,3829.129730881063,9198.140860358988,train
STAR_003059,1237648703506153657,3287629178907682816,C:\Users\phvna\Faculdade\TCC\dataset\star_objects\STAR_003059,C:\Users\phvna\Faculdade\TCC\dataset\spectra\star\3287629178907682816.fits,C:\Users\phvna\Faculdade\TCC\dataset\metadata\spectra\star\3287629178907682816.json,C:\Users\phvna\Faculdade\TCC\dataset\star_objects\STAR_003059\Target\target.json,F9,F,F9,3802,3802,0.0,0.9907034198344883,3822.962901052926,9172.761368159163,train
STAR_000108,1237645943973609570,1202606554776365056,C:\Users\phvna\Faculdade\TCC\dataset\star_objects\STAR_000108,C:\Users\phvna\Faculdade\TCC\dataset\spectra\star\1202606554776365056.fits,C:\Users\phvna\Faculdade\TCC\dataset\metadata\spectra\star\1202606554776365056.json,C:\Users\phvna\Faculdade\TCC\dataset\star_objects\STAR_000108\Target\target.json,L1,L,L1,3844,3840,0.0,0.999629312764019,3800.142571433285,9198.140860358988,train
STAR_003743,1237648705119125528,331111088076646400,C:\Users\phvna\Faculdade\TCC\dataset\star_objects\STAR_003743,C:\Users\phvna\Faculdade\TCC\dataset\spectra\star\331111088076646400.fits,C:\Users\phvna\Faculdade\TCC\dataset\metadata\spectra\star\331111088076646400.json,C:\Users\phvna\Faculdade\TCC\dataset\star_objects\STAR_003743\Target\target.json,G2,G,G2,3828,3820,0.0,0.9963808900413392,3817.6840541357556,9198.140860358988,train
STAR_004769,1237648705651146765,3722382404762050560,C:\Users\phvna\Faculdade\TCC\dataset\star_objects\STAR_004769,C:\Users\phvna\Faculdade\TCC\dataset\spectra\star\3722382404762050560.fits,C:\Users\phvna\Faculdade\TCC\dataset\metadata\spectra\star\3722382404762050560.json,C:\Users\phvna\Faculdade\TCC\dataset\star_objects\STAR_004769\Target\target.json,K3,K,K3,3831,3824,0.0,0.9970318495076147,3814.168873017869,9198.140860358988,test
STAR_005324,1237648704064325287,386259287858505728,C:\Users\phvna\Faculdade\TCC\dataset\star_objects\STAR_005324,C:\Users\phvna\Faculdade\TCC\dataset\spectra\star\386259287858505728.fits,C:\Users\phvna\Faculdade\TCC\dataset\metadata\spectra\star\386259287858505728.json,C:\Users\phvna\Faculdade\TCC\dataset\star_objects\STAR_005324\Target\target.json,M7,M,M7,3821,3821,0.0,0.9951674388620297,3811.5356576190284,9185.439827473989,train
STAR_000734,1237646587713356349,1404157207687227392,C:\Users\phvna\Faculdade\TCC\dataset\star_objects\STAR_000734,C:\Users\phvna\Faculdade\TCC\dataset\spectra\star\1404157207687227392.fits,C:\Users\phvna\Faculdade\TCC\dataset\metadata\spectra\star\1404157207687227392.json,C:\Users\phvna\Faculdade\TCC\dataset\star_objects\STAR_000734\Target\target.json,G5,G,G5,3831,3831,0.0,0.997938883445047,3807.1503077902407,9196.020278393495,train
STAR_008965,1237646798133068838,8388216102522738688,C:\Users\phvna\Faculdade\TCC\dataset\star_objects\STAR_008965,C:\Users\phvna\Faculdade\TCC\dataset\spectra\star\8388216102522738688.fits,C:\Users\phvna\Faculdade\TCC\dataset\metadata\spectra\star\8388216102522738688.json,C:\Users\phvna\Faculdade\TCC\dataset\star_objects\STAR_008965\Target\target.json,K5 (G_19-24),K,K5,4594,3840,0.0,0.999629312764019,3800.142571433285,9198.140860358988,train
STAR_004823,1237648703511134249,3723371141398634496,C:\Users\phvna\Faculdade\TCC\dataset\star_objects\STAR_004823,C:\Users\phvna\Faculdade\TCC\dataset\spectra\star\3723371141398634496.fits,C:\Users\phvna\Faculdade\TCC\dataset\metadata\spectra\star\3723371141398634496.json,C:\Users\phvna\Faculdade\TCC\dataset\star_objects\STAR_004823\Target\target.json,G0,G,G0,3827,3827,0.0,0.9968298827741596,3808.9042601321803,9191.785627112642,train
STAR_007135,1237648702980424371,4539813231817152512,C:\Users\phvna\Faculdade\TCC\dataset\star_objects\STAR_007135,C:\Users\phvna\Faculdade\TCC\dataset\spectra\star\4539813231817152512.fits,C:\Users\phvna\Faculdade\TCC\dataset\metadata\spectra\star\4539813231817152512.json,C:\Users\phvna\Faculdade\TCC\dataset\star_objects\STAR_007135\Target\target.json,F2V (33256),F,F2,4624,3840,0.0,0.999629312764019,3800.142571433285,9198.140860358988,train
STAR_008519,1237646796521932999,8388051175778572288,C:\Users\phvna\Faculdade\TCC\dataset\star_objects\STAR_008519,C:\Users\phvna\Faculdade\TCC\dataset\spectra\star\8388051175778572288.fits,C:\Users\phvna\Faculdade\TCC\dataset\metadata\spectra\star\8388051175778572288.json,C:\Users\phvna\Faculdade\TCC\dataset\star_objects\STAR_008519\Target\target.json,K0IV (191026),K,K0,4627,3840,0.0,0.999629312764019,3800.142571433285,9198.140860358988,test
STAR_009405,1237648702972952590,8394776888489564160,C:\Users\phvna\Faculdade\TCC\dataset\star_objects\STAR_009405,C:\Users\phvna\Faculdade\TCC\dataset\spectra\star\8394776888489564160.fits,C:\Users\phvna\Faculdade\TCC\dataset\metadata\spectra\star\8394776888489564160.json,C:\Users\phvna\Faculdade\TCC\dataset\star_objects\STAR_009405\Target\target.json,F0IV (81937),F,F0,4625,3840,0.0,0.999629312764019,3800.142571433285,9198.140860358988,test
STAR_008053,1237646793309946401,8171966627509983232,C:\Users\phvna\Faculdade\TCC\dataset\star_objects\STAR_008053,C:\Users\phvna\Faculdade\TCC\dataset\spectra\star\8171966627509983232.fits,C:\Users\phvna\Faculdade\TCC\dataset\metadata\spectra\star\8171966627509983232.json,C:\Users\phvna\Faculdade\TCC\dataset\star_objects\STAR_008053\Target\target.json,G1V (95128),G,G1,3852,3840,0.0,0.999629312764019,3800.142571433285,9198.140860358988,test
STAR_000036,1237648702982914291,1035932133471840256,C:\Users\phvna\Faculdade\TCC\dataset\star_objects\STAR_000036,C:\Users\phvna\Faculdade\TCC\dataset\spectra\star\1035932133471840256.fits,C:\Users\phvna\Faculdade\TCC\dataset\metadata\spectra\star\1035932133471840256.json,C:\Users\phvna\Faculdade\TCC\dataset\star_objects\STAR_000036\Target\target.json,K7,K,K7,3845,3839,0.0,0.9994670341559035,3801.0188759171087,9198.140860358988,train
STAR_006743,1237648703521489679,4526321674371749888,C:\Users\phvna\Faculdade\TCC\dataset\star_objects\STAR_006743,C:\Users\phvna\Faculdade\TCC\dataset\spectra\star\4526321674371749888.fits,C:\Users\phvna\Faculdade\TCC\dataset\metadata\spectra\star\4526321674371749888.json,C:\Users\phvna\Faculdade\TCC\dataset\star_objects\STAR_006743\Target\target.json,WDmagnetic,WD,WD,4623,3840,0.0,0.999629312764019,3800.142571433285,9198.140860358988,train
STAR_001878,1237648702967906462,2880063301155317760,C:\Users\phvna\Faculdade\TCC\dataset\star_objects\STAR_001878,C:\Users\phvna\Faculdade\TCC\dataset\spectra\star\2880063301155317760.fits,C:\Users\phvna\Faculdade\TCC\dataset\metadata\spectra\star\2880063301155317760.json,C:\Users\phvna\Faculdade\TCC\dataset\star_objects\STAR_001878\Target\target.json,K1,K,K1,3823,3818,0.0,0.9960551853683972,3819.442859369643,9198.140860358988,validation
STAR_009240,1237646798137000549,8389286752255498240,C:\Users\phvna\Faculdade\TCC\dataset\star_objects\STAR_009240,C:\Users\phvna\Faculdade\TCC\dataset\spectra\star\8389286752255498240.fits,C:\Users\phvna\Faculdade\TCC\dataset\metadata\spectra\star\8389286752255498240.json,C:\Users\phvna\Faculdade\TCC\dataset\star_objects\STAR_009240\Target\target.json,K3V (32147),K,K3,4597,3840,0.0,0.999629312764019,3800.142571433285,9198.140860358988,train
STAR_006120,1237648705114472687,4330410967328643072,C:\Users\phvna\Faculdade\TCC\dataset\star_objects\STAR_006120,C:\Users\phvna\Faculdade\TCC\dataset\spectra\star\4330410967328643072.fits,C:\Users\phvna\Faculdade\TCC\dataset\metadata\spectra\star\4330410967328643072.json,C:\Users\phvna\Faculdade\TCC\dataset\star_objects\STAR_006120\Target\target.json,F3/F5V (30743),F,F3,4627,3840,0.0,0.999629312764019,3800.142571433285,9198.140860358988,train
STAR_002288,1237648704577732720,2891418782587185152,C:\Users\phvna\Faculdade\TCC\dataset\star_objects\STAR_002288,C:\Users\phvna\Faculdade\TCC\dataset\spectra\star\2891418782587185152.fits,C:\Users\phvna\Faculdade\TCC\dataset\metadata\spectra\star\2891418782587185152.json,C:\Users\phvna\Faculdade\TCC\dataset\star_objects\STAR_002288\Target\target.json,A0,A,A0,3830,3822,0.0,0.99670644473139,3815.9260588094817,9198.140860358988,test
STAR_002996,1237648705130790988,3275369350906800128,C:\Users\phvna\Faculdade\TCC\dataset\star_objects\STAR_002996,C:\Users\phvna\Faculdade\TCC\dataset\spectra\star\3275369350906800128.fits,C:\Users\phvna\Faculdade\TCC\dataset\metadata\spectra\star\3275369350906800128.json,C:\Users\phvna\Faculdade\TCC\dataset\star_objects\STAR_002996\Target\target.json,F5,F,F5,3841,3831,0.0,0.9981693930821489,3808.0261377153843,9198.140860358988,train
STAR_009044,1237646796526715411,8389118252098541568,C:\Users\phvna\Faculdade\TCC\dataset\star_objects\STAR_009044,C:\Users\phvna\Faculdade\TCC\dataset\spectra\star\8389118252098541568.fits,C:\Users\phvna\Faculdade\TCC\dataset\metadata\spectra\star\8389118252098541568.json,C:\Users\phvna\Faculdade\TCC\dataset\star_objects\STAR_009044\Target\target.json,K3V (32147),K,K3,4627,3840,0.0,0.999629312764019,3800.142571433285,9198.140860358988,train
STAR_001727,1237646587711390430,2310505820208523264,C:\Users\phvna\Faculdade\TCC\dataset\star_objects\STAR_001727,C:\Users\phvna\Faculdade\TCC\dataset\spectra\star\2310505820208523264.fits,C:\Users\phvna\Faculdade\TCC\dataset\metadata\spectra\star\2310505820208523264.json,C:\Users\phvna\Faculdade\TCC\dataset\star_objects\STAR_001727\Target\target.json,K1,K,K1,3828,3822,0.0,0.99670644473139,3815.9260588094817,9198.140860358988,train
STAR_004923,1237648705120829673,3723449481602113536,C:\Users\phvna\Faculdade\TCC\dataset\star_objects\STAR_004923,C:\Users\phvna\Faculdade\TCC\dataset\spectra\star\3723449481602113536.fits,C:\Users\phvna\Faculdade\TCC\dataset\metadata\spectra\star\3723449481602113536.json,C:\Users\phvna\Faculdade\TCC\dataset\star_objects\STAR_004923\Target\target.json,M1,M,M1,3822,3814,0.0,0.9954033257974189,3822.962901052926,9198.140860358988,train
STAR_000361,1237646588248851663,1401904326699411456,C:\Users\phvna\Faculdade\TCC\dataset\star_objects\STAR_000361,C:\Users\phvna\Faculdade\TCC\dataset\spectra\star\1401904326699411456.fits,C:\Users\phvna\Faculdade\TCC\dataset\metadata\spectra\star\1401904326699411456.json,C:\Users\phvna\Faculdade\TCC\dataset\star_objects\STAR_000361\Target\target.json,M2,M,M2,3825,3819,0.0,0.9962182505599231,3818.562307335403,9198.140860358988,train
STAR_002907,1237648704057049252,3275296508261459968,C:\Users\phvna\Faculdade\TCC\dataset\star_objects\STAR_002907,C:\Users\phvna\Faculdade\TCC\dataset\spectra\star\3275296508261459968.fits,C:\Users\phvna\Faculdade\TCC\dataset\metadata\spectra\star\3275296508261459968.json,C:\Users\phvna\Faculdade\TCC\dataset\star_objects\STAR_002907\Target\target.json,F9,F,F9,3827,3827,0.0,0.9954543672366327,3803.644825753192,9179.098408831009,validation
STAR_008799,1237646797595805112,8388154529871583232,C:\Users\phvna\Faculdade\TCC\dataset\star_objects\STAR_008799,C:\Users\phvna\Faculdade\TCC\dataset\spectra\star\8388154529871583232.fits,C:\Users\phvna\Faculdade\TCC\dataset\metadata\spectra\star\8388154529871583232.json,C:\Users\phvna\Faculdade\TCC\dataset\star_objects\STAR_008799\Target\target.json,K5 (G_19-24),K,K5,4592,3840,0.0,0.999629312764019,3800.142571433285,9198.140860358988,train
STAR_003413,1237648705120370835,3294517620312664064,C:\Users\phvna\Faculdade\TCC\dataset\star_objects\STAR_003413,C:\Users\phvna\Faculdade\TCC\dataset\spectra\star\3294517620312664064.fits,C:\Users\phvna\Faculdade\TCC\dataset\metadata\spectra\star\3294517620312664064.json,C:\Users\phvna\Faculdade\TCC\dataset\star_objects\STAR_003413\Target\target.json,F9,F,F9,3839,3831,0.0,0.9981693930821489,3808.0261377153843,9198.140860358988,train
STAR_002493,1237648703506284580,3259484155221665792,C:\Users\phvna\Faculdade\TCC\dataset\star_objects\STAR_002493,C:\Users\phvna\Faculdade\TCC\dataset\spectra\star\3259484155221665792.fits,C:\Users\phvna\Faculdade\TCC\dataset\metadata\spectra\star\3259484155221665792.json,C:\Users\phvna\Faculdade\TCC\dataset\star_objects\STAR_002493\Target\target.json,F9,F,F9,3806,3806,0.0,0.9913552794054666,3819.442859369643,9172.761368159163,train
STAR_002992,1237648704593723466,3275363303592847360,C:\Users\phvna\Faculdade\TCC\dataset\star_objects\STAR_002992,C:\Users\phvna\Faculdade\TCC\dataset\spectra\star\3275363303592847360.fits,C:\Users\phvna\Faculdade\TCC\dataset\metadata\spectra\star\3275363303592847360.json,C:\Users\phvna\Faculdade\TCC\dataset\star_objects\STAR_002992\Target\target.json,F5,F,F5,3838,3830,0.0,0.9980067778197793,3808.9042601321803,9198.140860358988,train
STAR_007200,1237648703515525638,4545283582042855424,C:\Users\phvna\Faculdade\TCC\dataset\star_objects\STAR_007200,C:\Users\phvna\Faculdade\TCC\dataset\spectra\star\4545283582042855424.fits,C:\Users\phvna\Faculdade\TCC\dataset\metadata\spectra\star\4545283582042855424.json,C:\Users\phvna\Faculdade\TCC\dataset\star_objects\STAR_007200\Target\target.json,M4.5:III (123657),M,M4.5,4635,3840,0.0,0.999629312764019,3800.142571433285,9198.140860358988,train
STAR_004402,1237648702966333652,363687962115860480,C:\Users\phvna\Faculdade\TCC\dataset\star_objects\STAR_004402,C:\Users\phvna\Faculdade\TCC\dataset\spectra\star\363687962115860480.fits,C:\Users\phvna\Faculdade\TCC\dataset\metadata\spectra\star\363687962115860480.json,C:\Users\phvna\Faculdade\TCC\dataset\star_objects\STAR_004402\Target\target.json,K1,K,K1,3843,3840,0.0,0.999629312764019,3800.142571433285,9198.140860358988,test
STAR_006888,1237648705128104690,4534067463894358016,C:\Users\phvna\Faculdade\TCC\dataset\star_objects\STAR_006888,C:\Users\phvna\Faculdade\TCC\dataset\spectra\star\4534067463894358016.fits,C:\Users\phvna\Faculdade\TCC\dataset\metadata\spectra\star\4534067463894358016.json,C:\Users\phvna\Faculdade\TCC\dataset\star_objects\STAR_006888\Target\target.json,M5III (221615),M,M5,4638,3840,0.0,0.999629312764019,3800.142571433285,9198.140860358988,test
STAR_005995,1237648703508316371,4271916672410212352,C:\Users\phvna\Faculdade\TCC\dataset\star_objects\STAR_005995,C:\Users\phvna\Faculdade\TCC\dataset\spectra\star\4271916672410212352.fits,C:\Users\phvna\Faculdade\TCC\dataset\metadata\spectra\star\4271916672410212352.json,C:\Users\phvna\Faculdade\TCC\dataset\star_objects\STAR_005995\Target\target.json,A8V (155514),A,A8,4620,3840,0.0,0.999629312764019,3800.142571433285,9198.140860358988,train
STAR_007671,1237646586102219242,8170701640271419392,C:\Users\phvna\Faculdade\TCC\dataset\star_objects\STAR_007671,C:\Users\phvna\Faculdade\TCC\dataset\spectra\star\8170701640271419392.fits,C:\Users\phvna\Faculdade\TCC\dataset\metadata\spectra\star\8170701640271419392.json,C:\Users\phvna\Faculdade\TCC\dataset\star_objects\STAR_007671\Target\target.json,K4Iab: (34255),K,K4,4624,3840,0.0,0.999629312764019,3800.142571433285,9198.140860358988,test
STAR_005507,1237648673996080659,389569917386516480,C:\Users\phvna\Faculdade\TCC\dataset\star_objects\STAR_005507,C:\Users\phvna\Faculdade\TCC\dataset\spectra\star\389569917386516480.fits,C:\Users\phvna\Faculdade\TCC\dataset\metadata\spectra\star\389569917386516480.json,C:\Users\phvna\Faculdade\TCC\dataset\star_objects\STAR_005507\Target\target.json,M5,M,M5,3841,3837,0.0,0.9991427512680918,3802.7700035112916,9198.140860358988,train
STAR_000624,1237646587712700822,1404089312844212224,C:\Users\phvna\Faculdade\TCC\dataset\star_objects\STAR_000624,C:\Users\phvna\Faculdade\TCC\dataset\spectra\star\1404089312844212224.fits,C:\Users\phvna\Faculdade\TCC\dataset\metadata\spectra\star\1404089312844212224.json,C:\Users\phvna\Faculdade\TCC\dataset\star_objects\STAR_000624\Target\target.json,T2,T,T2,3830,3823,0.0,0.9968689719302091,3815.048411935859,9198.140860358988,train
STAR_008441,1237646795985324111,8388022863354157056,C:\Users\phvna\Faculdade\TCC\dataset\star_objects\STAR_008441,C:\Users\phvna\Faculdade\TCC\dataset\spectra\star\8388022863354157056.fits,C:\Users\phvna\Faculdade\TCC\dataset\metadata\spectra\star\8388022863354157056.json,C:\Users\phvna\Faculdade\TCC\dataset\star_objects\STAR_008441\Target\target.json,F3/F5V (30743),F,F3,4626,3840,0.0,0.999629312764019,3800.142571433285,9198.140860358988,train
STAR_001958,1237648703504318527,2880121025515776000,C:\Users\phvna\Faculdade\TCC\dataset\star_objects\STAR_001958,C:\Users\phvna\Faculdade\TCC\dataset\spectra\star\2880121025515776000.fits,C:\Users\phvna\Faculdade\TCC\dataset\metadata\spectra\star\2880121025515776000.json,C:\Users\phvna\Faculdade\TCC\dataset\star_objects\STAR_001958\Target\target.json,F9,F,F9,3816,3816,0.0,0.9941257042926955,3815.048411935859,9183.327215116415,train
STAR_002890,1237648702983438360,3275280565342857216,C:\Users\phvna\Faculdade\TCC\dataset\star_objects\STAR_002890,C:\Users\phvna\Faculdade\TCC\dataset\spectra\star\3275280565342857216.fits,C:\Users\phvna\Faculdade\TCC\dataset\metadata\spectra\star\3275280565342857216.json,C:\Users\phvna\Faculdade\TCC\dataset\star_objects\STAR_002890\Target\target.json,F2,F,F2,3830,3830,0.0,0.9963994836305783,3802.7700035112916,9183.327215116415,test
STAR_004124,1237648703519719450,345656796859361280,C:\Users\phvna\Faculdade\TCC\dataset\star_objects\STAR_004124,C:\Users\phvna\Faculdade\TCC\dataset\spectra\star\345656796859361280.fits,C:\Users\phvna\Faculdade\TCC\dataset\metadata\spectra\star\345656796859361280.json,C:\Users\phvna\Faculdade\TCC\dataset\star_objects\STAR_004124\Target\target.json,F9,F,F9,3836,3828,0.0,0.9976818221925657,3810.659020519133,9198.140860358988,validation
STAR_006138,1237648705114734967,4330467317299566592,C:\Users\phvna\Faculdade\TCC\dataset\star_objects\STAR_006138,C:\Users\phvna\Faculdade\TCC\dataset\spectra\star\4330467317299566592.fits,C:\Users\phvna\Faculdade\TCC\dataset\metadata\spectra\star\4330467317299566592.json,C:\Users\phvna\Faculdade\TCC\dataset\star_objects\STAR_006138\Target\target.json,F3/F5V (30743),F,F3,4631,3840,0.0,0.999629312764019,3800.142571433285,9198.140860358988,train
STAR_000533,1237646585565807745,1404022242634917888,C:\Users\phvna\Faculdade\TCC\dataset\star_objects\STAR_000533,C:\Users\phvna\Faculdade\TCC\dataset\spectra\star\1404022242634917888.fits,C:\Users\phvna\Faculdade\TCC\dataset\metadata\spectra\star\1404022242634917888.json,C:\Users\phvna\Faculdade\TCC\dataset\star_objects\STAR_000533\Target\target.json,M5,M,M5,3846,3838,0.0,0.9988449372488183,3800.142571433285,9193.905232576904,train
STAR_005685,1237648704605716609,391948985302018048,C:\Users\phvna\Faculdade\TCC\dataset\star_objects\STAR_005685,C:\Users\phvna\Faculdade\TCC\dataset\spectra\star\391948985302018048.fits,C:\Users\phvna\Faculdade\TCC\dataset\metadata\spectra\star\391948985302018048.json,C:\Users\phvna\Faculdade\TCC\dataset\star_objects\STAR_005685\Target\target.json,A0,A,A0,3843,3833,0.0,0.998494124189121,3806.272589737735,9198.140860358988,validation
STAR_009960,1237646587169800753,897502517540186112,C:\Users\phvna\Faculdade\TCC\dataset\star_objects\STAR_009960,C:\Users\phvna\Faculdade\TCC\dataset\spectra\star\897502517540186112.fits,C:\Users\phvna\Faculdade\TCC\dataset\metadata\spectra\star\897502517540186112.json,C:\Users\phvna\Faculdade\TCC\dataset\star_objects\STAR_009960\Target\target.json,F5,F,F5,3827,3824,0.0,0.9970318495076147,3814.168873017869,9198.140860358988,validation
STAR_007310,1237648704050758185,4552016716356671488,C:\Users\phvna\Faculdade\TCC\dataset\star_objects\STAR_007310,C:\Users\phvna\Faculdade\TCC\dataset\spectra\star\4552016716356671488.fits,C:\Users\phvna\Faculdade\TCC\dataset\metadata\spectra\star\4552016716356671488.json,C:\Users\phvna\Faculdade\TCC\dataset\star_objects\STAR_007310\Target\target.json,WDmagnetic,WD,WD,4634,3840,0.0,0.999629312764019,3800.142571433285,9198.140860358988,validation
STAR_000440,1237646587175634148,1403004674839177216,C:\Users\phvna\Faculdade\TCC\dataset\star_objects\STAR_000440,C:\Users\phvna\Faculdade\TCC\dataset\spectra\star\1403004674839177216.fits,C:\Users\phvna\Faculdade\TCC\dataset\metadata\spectra\star\1403004674839177216.json,C:\Users\phvna\Faculdade\TCC\dataset\star_objects\STAR_000440\Target\target.json,M3,M,M3,3840,3832,0.0,0.9983315838090273,3807.1503077902407,9198.140860358988,test
STAR_004925,1237648704584155355,3723460201840484352,C:\Users\phvna\Faculdade\TCC\dataset\star_objects\STAR_004925,C:\Users\phvna\Faculdade\TCC\dataset\spectra\star\3723460201840484352.fits,C:\Users\phvna\Faculdade\TCC\dataset\metadata\spectra\star\3723460201840484352.json,C:\Users\phvna\Faculdade\TCC\dataset\star_objects\STAR_004925\Target\target.json,A0,A,A0,3833,3823,0.0,0.9968689719302091,3815.048411935859,9198.140860358988,train
STAR_002827,1237648705120894993,3266405582344579072,C:\Users\phvna\Faculdade\TCC\dataset\star_objects\STAR_002827,C:\Users\phvna\Faculdade\TCC\dataset\spectra\star\3266405582344579072.fits,C:\Users\phvna\Faculdade\TCC\dataset\metadata\spectra\star\3266405582344579072.json,C:\Users\phvna\Faculdade\TCC\dataset\star_objects\STAR_002827\Target\target.json,F5,F,F5,3818,3812,0.0,0.995077170761093,3824.7241382490856,9198.140860358988,validation
STAR_007460,1237648704045515002,4561200382311946240,C:\Users\phvna\Faculdade\TCC\dataset\star_objects\STAR_007460,C:\Users\phvna\Faculdade\TCC\dataset\spectra\star\4561200382311946240.fits,C:\Users\phvna\Faculdade\TCC\dataset\metadata\spectra\star\4561200382311946240.json,C:\Users\phvna\Faculdade\TCC\dataset\star_objects\STAR_007460\Target\target.json,F3/F5V (30743),F,F3,4622,3840,0.0,0.999629312764019,3800.142571433285,9198.140860358988,train
STAR_005837,1237648675070541876,409995550046316544,C:\Users\phvna\Faculdade\TCC\dataset\star_objects\STAR_005837,C:\Users\phvna\Faculdade\TCC\dataset\spectra\star\409995550046316544.fits,C:\Users\phvna\Faculdade\TCC\dataset\metadata\spectra\star\409995550046316544.json,C:\Users\phvna\Faculdade\TCC\dataset\star_objects\STAR_005837\Target\target.json,WD,WD,WD,3819,3816,0.0,0.9957293306434666,3821.202474884268,9198.140860358988,train
STAR_003888,1237648702977081388,337793094395127808,C:\Users\phvna\Faculdade\TCC\dataset\star_objects\STAR_003888,C:\Users\phvna\Faculdade\TCC\dataset\spectra\star\337793094395127808.fits,C:\Users\phvna\Faculdade\TCC\dataset\metadata\spectra\star\337793094395127808.json,C:\Users\phvna\Faculdade\TCC\dataset\star_objects\STAR_003888\Target\target.json,A0,A,A0,3840,3835,0.0,0.9988183189833076,3804.5219378491265,9198.140860358988,train
STAR_001982,1237648705114538063,2880140816725075968,C:\Users\phvna\Faculdade\TCC\dataset\star_objects\STAR_001982,C:\Users\phvna\Faculdade\TCC\dataset\spectra\star\2880140816725075968.fits,C:\Users\phvna\Faculdade\TCC\dataset\metadata\spectra\star\2880140816725075968.json,C:\Users\phvna\Faculdade\TCC\dataset\star_objects\STAR_001982\Target\target.json,F9,F,F9,3813,3803,0.0,0.9936081970950466,3832.6565960457365,9198.140860358988,train
STAR_002292,1237648705651802274,2891421806244161536,C:\Users\phvna\Faculdade\TCC\dataset\star_objects\STAR_002292,C:\Users\phvna\Faculdade\TCC\dataset\spectra\star\2891421806244161536.fits,C:\Users\phvna\Faculdade\TCC\dataset\metadata\spectra\star\2891421806244161536.json,C:\Users\phvna\Faculdade\TCC\dataset\star_objects\STAR_002292\Target\target.json,G2,G,G2,3832,3824,0.0,0.9970318495076147,3814.168873017869,9198.140860358988,train
STAR_001517,1237646794381526043,1417670484731914240,C:\Users\phvna\Faculdade\TCC\dataset\star_objects\STAR_001517,C:\Users\phvna\Faculdade\TCC\dataset\spectra\star\1417670484731914240.fits,C:\Users\phvna\Faculdade\TCC\dataset\metadata\spectra\star\1417670484731914240.json,C:\Users\phvna\Faculdade\TCC\dataset\star_objects\STAR_001517\Target\target.json,K3,K,K3,3827,3826,0.0,0.9973571044390466,3812.412496388137,9198.140860358988,train
STAR_003379,1237648705119846606,3294487933498714112,C:\Users\phvna\Faculdade\TCC\dataset\star_objects\STAR_003379,C:\Users\phvna\Faculdade\TCC\dataset\spectra\star\3294487933498714112.fits,C:\Users\phvna\Faculdade\TCC\dataset\metadata\spectra\star\3294487933498714112.json,C:\Users\phvna\Faculdade\TCC\dataset\star_objects\STAR_003379\Target\target.json,G2,G,G2,3830,3820,0.0,0.9963808900413392,3817.6840541357556,9198.140860358988,test
STAR_001609,1237645943979180313,1721620853487069184,C:\Users\phvna\Faculdade\TCC\dataset\star_objects\STAR_001609,C:\Users\phvna\Faculdade\TCC\dataset\spectra\star\1721620853487069184.fits,C:\Users\phvna\Faculdade\TCC\dataset\metadata\spectra\star\1721620853487069184.json,C:\Users\phvna\Faculdade\TCC\dataset\star_objects\STAR_001609\Target\target.json,M1,M,M1,3847,3837,0.0,0.9991427512680918,3802.7700035112916,9198.140860358988,train
STAR_007533,1237646797600981036,5342415222908147712,C:\Users\phvna\Faculdade\TCC\dataset\star_objects\STAR_007533,C:\Users\phvna\Faculdade\TCC\dataset\spectra\star\5342415222908147712.fits,C:\Users\phvna\Faculdade\TCC\dataset\metadata\spectra\star\5342415222908147712.json,C:\Users\phvna\Faculdade\TCC\dataset\star_objects\STAR_007533\Target\target.json,F8V (G_243-63),F,F8,4641,3840,0.0,0.999629312764019,3800.142571433285,9198.140860358988,train
STAR_002228,1237648704041124047,2891374802122074112,C:\Users\phvna\Faculdade\TCC\dataset\star_objects\STAR_002228,C:\Users\phvna\Faculdade\TCC\dataset\spectra\star\2891374802122074112.fits,C:\Users\phvna\Faculdade\TCC\dataset\metadata\spectra\star\2891374802122074112.json,C:\Users\phvna\Faculdade\TCC\dataset\star_objects\STAR_002228\Target\target.json,M1,M,M1,3820,3820,0.0,0.9945464866366893,3810.659020519133,9181.210048357256,train
STAR_006855,1237648704592216387,4531914340568422400,C:\Users\phvna\Faculdade\TCC\dataset\star_objects\STAR_006855,C:\Users\phvna\Faculdade\TCC\dataset\spectra\star\4531914340568422400.fits,C:\Users\phvna\Faculdade\TCC\dataset\metadata\spectra\star\4531914340568422400.json,C:\Users\phvna\Faculdade\TCC\dataset\star_objects\STAR_006855\Target\target.json,G4V (32923),G,G4,4616,3840,0.0,0.999629312764019,3800.142571433285,9198.140860358988,validation
STAR_009874,1237646647297245678,897459636586702848,C:\Users\phvna\Faculdade\TCC\dataset\star_objects\STAR_009874,C:\Users\phvna\Faculdade\TCC\dataset\spectra\star\897459636586702848.fits,C:\Users\phvna\Faculdade\TCC\dataset\metadata\spectra\star\897459636586702848.json,C:\Users\phvna\Faculdade\TCC\dataset\star_objects\STAR_009874\Target\target.json,F5,F,F5,3845,3835,0.0,0.9988183189833076,3804.5219378491265,9198.140860358988,train
STAR_000674,1237646587176092489,1404126696239556608,C:\Users\phvna\Faculdade\TCC\dataset\star_objects\STAR_000674,C:\Users\phvna\Faculdade\TCC\dataset\spectra\star\1404126696239556608.fits,C:\Users\phvna\Faculdade\TCC\dataset\metadata\spectra\star\1404126696239556608.json,C:\Users\phvna\Faculdade\TCC\dataset\star_objects\STAR_000674\Target\target.json,M0,M,M0,3845,3840,0.0,0.999629312764019,3800.142571433285,9198.140860358988,train
STAR_007220,1237648704588350163,4545405902711445504,C:\Users\phvna\Faculdade\TCC\dataset\star_objects\STAR_007220,C:\Users\phvna\Faculdade\TCC\dataset\spectra\star\4545405902711445504.fits,C:\Users\phvna\Faculdade\TCC\dataset\metadata\spectra\star\4545405902711445504.json,C:\Users\phvna\Faculdade\TCC\dataset\star_objects\STAR_007220\Target\target.json,A8V (155514),A,A8,4621,3840,0.0,0.999629312764019,3800.142571433285,9198.140860358988,validation
STAR_008366,1237646796522324929,8387994550929741824,C:\Users\phvna\Faculdade\TCC\dataset\star_objects\STAR_008366,C:\Users\phvna\Faculdade\TCC\dataset\spectra\star\8387994550929741824.fits,C:\Users\phvna\Faculdade\TCC\dataset\metadata\spectra\star\8387994550929741824.json,C:\Users\phvna\Faculdade\TCC\dataset\star_objects\STAR_008366\Target\target.json,K3V (32147),K,K3,4623,3840,0.0,0.999629312764019,3800.142571433285,9198.140860358988,train
STAR_004550,1237648703503335560,364817711169038336,C:\Users\phvna\Faculdade\TCC\dataset\star_objects\STAR_004550,C:\Users\phvna\Faculdade\TCC\dataset\spectra\star\364817711169038336.fits,C:\Users\phvna\Faculdade\TCC\dataset\metadata\spectra\star\364817711169038336.json,C:\Users\phvna\Faculdade\TCC\dataset\star_objects\STAR_004550\Target\target.json,M2,M,M2,3843,3840,0.0,0.999629312764019,3800.142571433285,9198.140860358988,train
STAR_002151,1237648703504777294,2891324499465103360,C:\Users\phvna\Faculdade\TCC\dataset\star_objects\STAR_002151,C:\Users\phvna\Faculdade\TCC\dataset\spectra\star\2891324499465103360.fits,C:\Users\phvna\Faculdade\TCC\dataset\metadata\spectra\star\2891324499465103360.json,C:\Users\phvna\Faculdade\TCC\dataset\star_objects\STAR_002151\Target\target.json,OB,OB,OB,3825,3823,0.0,0.9968689719302091,3815.048411935859,9198.140860358988,train
STAR_006572,1237648705134789648,4517319697713354752,C:\Users\phvna\Faculdade\TCC\dataset\star_objects\STAR_006572,C:\Users\phvna\Faculdade\TCC\dataset\spectra\star\4517319697713354752.fits,C:\Users\phvna\Faculdade\TCC\dataset\metadata\spectra\star\4517319697713354752.json,C:\Users\phvna\Faculdade\TCC\dataset\star_objects\STAR_006572\Target\target.json,K5 (G_19-24),K,K5,4626,3840,0.0,0.999629312764019,3800.142571433285,9198.140860358988,train
STAR_003313,1237648703510085953,3294388152818493440,C:\Users\phvna\Faculdade\TCC\dataset\star_objects\STAR_003313,C:\Users\phvna\Faculdade\TCC\dataset\spectra\star\3294388152818493440.fits,C:\Users\phvna\Faculdade\TCC\dataset\metadata\spectra\star\3294388152818493440.json,C:\Users\phvna\Faculdade\TCC\dataset\star_objects\STAR_003313\Target\target.json,G0,G,G0,3817,3817,0.0,0.995662485004417,3819.442859369643,9196.020278393495,validation
STAR_001156,1237646381004620721,1406382374660368384,C:\Users\phvna\Faculdade\TCC\dataset\star_objects\STAR_001156,C:\Users\phvna\Faculdade\TCC\dataset\spectra\star\1406382374660368384.fits,C:\Users\phvna\Faculdade\TCC\dataset\metadata\spectra\star\1406382374660368384.json,C:\Users\phvna\Faculdade\TCC\dataset\star_objects\STAR_001156\Target\target.json,M2,M,M2,3842,3835,0.0,0.9988183189833076,3804.5219378491265,9198.140860358988,train
STAR_004705,1237648702966333656,3722260084093460480,C:\Users\phvna\Faculdade\TCC\dataset\star_objects\STAR_004705,C:\Users\phvna\Faculdade\TCC\dataset\spectra\star\3722260084093460480.fits,C:\Users\phvna\Faculdade\TCC\dataset\metadata\spectra\star\3722260084093460480.json,C:\Users\phvna\Faculdade\TCC\dataset\star_objects\STAR_004705\Target\target.json,F5,F,F5,3832,3832,0.0,0.9976414239376881,3804.5219378491265,9191.785627112642,train
STAR_008865,1237646798669677316,8388180093516929024,C:\Users\phvna\Faculdade\TCC\dataset\star_objects\STAR_008865,C:\Users\phvna\Faculdade\TCC\dataset\spectra\star\8388180093516929024.fits,C:\Users\phvna\Faculdade\TCC\dataset\metadata\spectra\star\8388180093516929024.json,C:\Users\phvna\Faculdade\TCC\dataset\star_objects\STAR_008865\Target\target.json,K5 (G_19-24),K,K5,4595,3840,0.0,0.999629312764019,3800.142571433285,9198.140860358988,train
STAR_000762,1237646585566922195,1405123708607031296,C:\Users\phvna\Faculdade\TCC\dataset\star_objects\STAR_000762,C:\Users\phvna\Faculdade\TCC\dataset\spectra\star\1405123708607031296.fits,C:\Users\phvna\Faculdade\TCC\dataset\metadata\spectra\star\1405123708607031296.json,C:\Users\phvna\Faculdade\TCC\dataset\star_objects\STAR_000762\Target\target.json,M4,M,M4,3815,3812,0.0,0.995077170761093,3824.7241382490856,9198.140860358988,test
STAR_007568,1237646798673936860,5342561183076734976,C:\Users\phvna\Faculdade\TCC\dataset\star_objects\STAR_007568,C:\Users\phvna\Faculdade\TCC\dataset\spectra\star\5342561183076734976.fits,C:\Users\phvna\Faculdade\TCC\dataset\metadata\spectra\star\5342561183076734976.json,C:\Users\phvna\Faculdade\TCC\dataset\star_objects\STAR_007568\Target\target.json,F8V (G_243-63),F,F8,4622,3840,0.0,0.999629312764019,3800.142571433285,9198.140860358988,train
STAR_001570,1237645943978394188,1709226608780404736,C:\Users\phvna\Faculdade\TCC\dataset\star_objects\STAR_001570,C:\Users\phvna\Faculdade\TCC\dataset\spectra\star\1709226608780404736.fits,C:\Users\phvna\Faculdade\TCC\dataset\metadata\spectra\star\1709226608780404736.json,C:\Users\phvna\Faculdade\TCC\dataset\star_objects\STAR_001570\Target\target.json,M2V,M,M2,3848,3838,0.0,0.9993051046378852,3801.8932953144076,9198.140860358988,train
STAR_000260,1237646587174060539,1400752569881487360,C:\Users\phvna\Faculdade\TCC\dataset\star_objects\STAR_000260,C:\Users\phvna\Faculdade\TCC\dataset\spectra\star\1400752569881487360.fits,C:\Users\phvna\Faculdade\TCC\dataset\metadata\spectra\star\1400752569881487360.json,C:\Users\phvna\Faculdade\TCC\dataset\star_objects\STAR_000260\Target\target.json,M5,M,M5,3844,3840,0.0,0.999629312764019,3800.142571433285,9198.140860358988,train
STAR_007826,1237646587712831544,8170888282370234368,C:\Users\phvna\Faculdade\TCC\dataset\star_objects\STAR_007826,C:\Users\phvna\Faculdade\TCC\dataset\spectra\star\8170888282370234368.fits,C:\Users\phvna\Faculdade\TCC\dataset\metadata\spectra\star\8170888282370234368.json,C:\Users\phvna\Faculdade\TCC\dataset\star_objects\STAR_007826\Target\target.json,F9IV (136064),F,F9,4595,3840,0.0,0.999629312764019,3800.142571433285,9198.140860358988,train
STAR_001189,1237646381006324805,1417519576761001984,C:\Users\phvna\Faculdade\TCC\dataset\star_objects\STAR_001189,C:\Users\phvna\Faculdade\TCC\dataset\spectra\star\1417519576761001984.fits,C:\Users\phvna\Faculdade\TCC\dataset\metadata\spectra\star\1417519576761001984.json,C:\Users\phvna\Faculdade\TCC\dataset\star_objects\STAR_001189\Target\target.json,F2,F,F2,3832,3832,0.0,0.9981014238251407,3806.272589737735,9196.020278393495,train
STAR_007423,1237648703510872577,4560022259998414848,C:\Users\phvna\Faculdade\TCC\dataset\star_objects\STAR_007423,C:\Users\phvna\Faculdade\TCC\dataset\spectra\star\4560022259998414848.fits,C:\Users\phvna\Faculdade\TCC\dataset\metadata\spectra\star\4560022259998414848.json,C:\Users\phvna\Faculdade\TCC\dataset\star_objects\STAR_007423\Target\target.json,F9IV (136064),F,F9,4636,3840,0.0,0.999629312764019,3800.142571433285,9198.140860358988,test
STAR_005555,1237648704066355643,389645233933019136,C:\Users\phvna\Faculdade\TCC\dataset\star_objects\STAR_005555,C:\Users\phvna\Faculdade\TCC\dataset\spectra\star\389645233933019136.fits,C:\Users\phvna\Faculdade\TCC\dataset\metadata\spectra\star\389645233933019136.json,C:\Users\phvna\Faculdade\TCC\dataset\star_objects\STAR_005555\Target\target.json,M0,M,M0,3811,3811,0.0,0.9930829150040467,3818.562307335403,9181.210048357256,test
STAR_001898,1237648702967775293,2880077045050664960,C:\Users\phvna\Faculdade\TCC\dataset\star_objects\STAR_001898,C:\Users\phvna\Faculdade\TCC\dataset\spectra\star\2880077045050664960.fits,C:\Users\phvna\Faculdade\TCC\dataset\metadata\spectra\star\2880077045050664960.json,C:\Users\phvna\Faculdade\TCC\dataset\star_objects\STAR_001898\Target\target.json,F9,F,F9,3829,3828,0.0,0.9976818221925657,3810.659020519133,9198.140860358988,train
STAR_004962,1237648704584745172,3723489338898620416,C:\Users\phvna\Faculdade\TCC\dataset\star_objects\STAR_004962,C:\Users\phvna\Faculdade\TCC\dataset\spectra\star\3723489338898620416.fits,C:\Users\phvna\Faculdade\TCC\dataset\metadata\spectra\star\3723489338898620416.json,C:\Users\phvna\Faculdade\TCC\dataset\star_objects\STAR_004962\Target\target.json,F9,F,F9,3838,3830,0.0,0.9980067778197793,3808.9042601321803,9198.140860358988,train
STAR_006885,1237648705128169626,4534066639260637184,C:\Users\phvna\Faculdade\TCC\dataset\star_objects\STAR_006885,C:\Users\phvna\Faculdade\TCC\dataset\spectra\star\4534066639260637184.fits,C:\Users\phvna\Faculdade\TCC\dataset\metadata\spectra\star\4534066639260637184.json,C:\Users\phvna\Faculdade\TCC\dataset\star_objects\STAR_006885\Target\target.json,G8V (101501),G,G8,4638,3840,0.0,0.999629312764019,3800.142571433285,9198.140860358988,train
STAR_007475,1237648674512044078,4562150914342017024,C:\Users\phvna\Faculdade\TCC\dataset\star_objects\STAR_007475,C:\Users\phvna\Faculdade\TCC\dataset\spectra\star\4562150914342017024.fits,C:\Users\phvna\Faculdade\TCC\dataset\metadata\spectra\star\4562150914342017024.json,C:\Users\phvna\Faculdade\TCC\dataset\star_objects\STAR_007475\Target\target.json,F3/F5V (30743),F,F3,4634,3840,0.0,0.999629312764019,3800.142571433285,9198.140860358988,train
STAR_007502,1237648705120043795,4562393356655941632,C:\Users\phvna\Faculdade\TCC\dataset\star_objects\STAR_007502,C:\Users\phvna\Faculdade\TCC\dataset\spectra\star\4562393356655941632.fits,C:\Users\phvna\Faculdade\TCC\dataset\metadata\spectra\star\4562393356655941632.json,C:\Users\phvna\Faculdade\TCC\dataset\star_objects\STAR_007502\Target\target.json,M5III (221615),M,M5,4619,3840,0.0,0.999629312764019,3800.142571433285,9198.140860358988,train
STAR_009808,1237646646760046645,897427200993683456,C:\Users\phvna\Faculdade\TCC\dataset\star_objects\STAR_009808,C:\Users\phvna\Faculdade\TCC\dataset\spectra\star\897427200993683456.fits,C:\Users\phvna\Faculdade\TCC\dataset\metadata\spectra\star\897427200993683456.json,C:\Users\phvna\Faculdade\TCC\dataset\star_objects\STAR_009808\Target\target.json,F2,F,F2,3807,3807,0.0,0.9933458415253935,3825.6040110108315,9189.671555247956,train
STAR_003252,1237648704579436626,3287764143959992320,C:\Users\phvna\Faculdade\TCC\dataset\star_objects\STAR_003252,C:\Users\phvna\Faculdade\TCC\dataset\spectra\star\3287764143959992320.fits,C:\Users\phvna\Faculdade\TCC\dataset\metadata\spectra\star\3287764143959992320.json,C:\Users\phvna\Faculdade\TCC\dataset\star_objects\STAR_003252\Target\target.json,F9,F,F9,3841,3835,0.0,0.9988183189833076,3804.5219378491265,9198.140860358988,train
STAR_000312,1237646585563775329,1401823512594769920,C:\Users\phvna\Faculdade\TCC\dataset\star_objects\STAR_000312,C:\Users\phvna\Faculdade\TCC\dataset\spectra\star\1401823512594769920.fits,C:\Users\phvna\Faculdade\TCC\dataset\metadata\spectra\star\1401823512594769920.json,C:\Users\phvna\Faculdade\TCC\dataset\star_objects\STAR_000312\Target\target.json,M4,M,M4,3812,3812,0.0,0.9934749829224094,3818.562307335403,9183.327215116415,train
STAR_009670,1237646585559253377,897343912987879424,C:\Users\phvna\Faculdade\TCC\dataset\star_objects\STAR_009670,C:\Users\phvna\Faculdade\TCC\dataset\spectra\star\897343912987879424.fits,C:\Users\phvna\Faculdade\TCC\dataset\metadata\spectra\star\897343912987879424.json,C:\Users\phvna\Faculdade\TCC\dataset\star_objects\STAR_009670\Target\target.json,L9,L,L9,3828,3820,0.0,0.9963808900413392,3817.6840541357556,9198.140860358988,test
STAR_000305,1237646646765879472,1401793001147099136,C:\Users\phvna\Faculdade\TCC\dataset\star_objects\STAR_000305,C:\Users\phvna\Faculdade\TCC\dataset\spectra\star\1401793001147099136.fits,C:\Users\phvna\Faculdade\TCC\dataset\metadata\spectra\star\1401793001147099136.json,C:\Users\phvna\Faculdade\TCC\dataset\star_objects\STAR_000305\Target\target.json,F9,F,F9,3834,3834,0.0,0.9975072395729189,3801.0188759171087,9187.55796961087,train
STAR_005172,1237648704594837812,3731347548502335488,C:\Users\phvna\Faculdade\TCC\dataset\star_objects\STAR_005172,C:\Users\phvna\Faculdade\TCC\dataset\spectra\star\3731347548502335488.fits,C:\Users\phvna\Faculdade\TCC\dataset\metadata\spectra\star\3731347548502335488.json,C:\Users\phvna\Faculdade\TCC\dataset\star_objects\STAR_005172\Target\target.json,F5,F,F5,3840,3832,0.0,0.9983315838090273,3807.1503077902407,9198.140860358988,train
STAR_004066,1237648705128104047,342419283965405184,C:\Users\phvna\Faculdade\TCC\dataset\star_objects\STAR_004066,C:\Users\phvna\Faculdade\TCC\dataset\spectra\star\342419283965405184.fits,C:\Users\phvna\Faculdade\TCC\dataset\metadata\spectra\star\342419283965405184.json,C:\Users\phvna\Faculdade\TCC\dataset\star_objects\STAR_004066\Target\target.json,K7,K,K7,3841,3839,0.0,0.9994670341559035,3801.0188759171087,9198.140860358988,test
STAR_004000,1237648704590053446,341244181013882880,C:\Users\phvna\Faculdade\TCC\dataset\star_objects\STAR_004000,C:\Users\phvna\Faculdade\TCC\dataset\spectra\star\341244181013882880.fits,C:\Users\phvna\Faculdade\TCC\dataset\metadata\spectra\star\341244181013882880.json,C:\Users\phvna\Faculdade\TCC\dataset\star_objects\STAR_004000\Target\target.json,G0,G,G0,3834,3824,0.0,0.9970318495076147,3814.168873017869,9198.140860358988,train
STAR_008230,1237645943978524767,8254201851819612160,C:\Users\phvna\Faculdade\TCC\dataset\star_objects\STAR_008230,C:\Users\phvna\Faculdade\TCC\dataset\spectra\star\8254201851819612160.fits,C:\Users\phvna\Faculdade\TCC\dataset\metadata\spectra\star\8254201851819612160.json,C:\Users\phvna\Faculdade\TCC\dataset\star_objects\STAR_008230\Target\target.json,A8V (155514),A,A8,4596,3840,0.0,0.999629312764019,3800.142571433285,9198.140860358988,train
STAR_009407,1237648703509758001,8394779637268633600,C:\Users\phvna\Faculdade\TCC\dataset\star_objects\STAR_009407,C:\Users\phvna\Faculdade\TCC\dataset\spectra\star\8394779637268633600.fits,C:\Users\phvna\Faculdade\TCC\dataset\metadata\spectra\star\8394779637268633600.json,C:\Users\phvna\Faculdade\TCC\dataset\star_objects\STAR_009407\Target\target.json,G0 (63791),G,G0,4626,3840,0.0,0.999629312764019,3800.142571433285,9198.140860358988,test
STAR_004683,1237648704040534094,3722243866296950784,C:\Users\phvna\Faculdade\TCC\dataset\star_objects\STAR_004683,C:\Users\phvna\Faculdade\TCC\dataset\spectra\star\3722243866296950784.fits,C:\Users\phvna\Faculdade\TCC\dataset\metadata\spectra\star\3722243866296950784.json,C:\Users\phvna\Faculdade\TCC\dataset\star_objects\STAR_004683\Target\target.json,K5,K,K5,3829,3828,0.0,0.9976818221925657,3810.659020519133,9198.140860358988,train
STAR_008790,1237646798132676372,8388152055970420736,C:\Users\phvna\Faculdade\TCC\dataset\star_objects\STAR_008790,C:\Users\phvna\Faculdade\TCC\dataset\spectra\star\8388152055970420736.fits,C:\Users\phvna\Faculdade\TCC\dataset\metadata\spectra\star\8388152055970420736.json,C:\Users\phvna\Faculdade\TCC\dataset\star_objects\STAR_008790\Target\target.json,K0V (10780),K,K0,4594,3840,0.0,0.999629312764019,3800.142571433285,9198.140860358988,train
STAR_005550,1237648673995030751,389633689060927488,C:\Users\phvna\Faculdade\TCC\dataset\star_objects\STAR_005550,C:\Users\phvna\Faculdade\TCC\dataset\spectra\star\389633689060927488.fits,C:\Users\phvna\Faculdade\TCC\dataset\metadata\spectra\star\389633689060927488.json,C:\Users\phvna\Faculdade\TCC\dataset\star_objects\STAR_005550\Target\target.json,CV,CV,CV,3825,3825,0.0,0.9953587886332446,3806.272589737735,9181.210048357256,test
STAR_003310,1237648703510151486,3294385678917330944,C:\Users\phvna\Faculdade\TCC\dataset\star_objects\STAR_003310,C:\Users\phvna\Faculdade\TCC\dataset\spectra\star\3294385678917330944.fits,C:\Users\phvna\Faculdade\TCC\dataset\metadata\spectra\star\3294385678917330944.json,C:\Users\phvna\Faculdade\TCC\dataset\star_objects\STAR_003310\Target\target.json,L5.5,L,L5.5,3814,3814,0.0,0.995173840907687,3822.081537491985,9196.020278393495,validation
STAR_004985,1237648704585007232,3723511604009082880,C:\Users\phvna\Faculdade\TCC\dataset\star_objects\STAR_004985,C:\Users\phvna\Faculdade\TCC\dataset\spectra\star\3723511604009082880.fits,C:\Users\phvna\Faculdade\TCC\dataset\metadata\spectra\star\3723511604009082880.json,C:\Users\phvna\Faculdade\TCC\dataset\star_objects\STAR_004985\Target\target.json,F9,F,F9,3827,3820,0.0,0.9963808900413392,3817.6840541357556,9198.140860358988,validation
STAR_009005,1237646797596328273,8388229021784365056,C:\Users\phvna\Faculdade\TCC\dataset\star_objects\STAR_009005,C:\Users\phvna\Faculdade\TCC\dataset\spectra\star\8388229021784365056.fits,C:\Users\phvna\Faculdade\TCC\dataset\metadata\spectra\star\8388229021784365056.json,C:\Users\phvna\Faculdade\TCC\dataset\star_objects\STAR_009005\Target\target.json,K5Ve (118100),K,K5,4594,3840,0.0,0.999629312764019,3800.142571433285,9198.140860358988,train
STAR_000583,1237646586102285058,1404050280181426176,C:\Users\phvna\Faculdade\TCC\dataset\star_objects\STAR_000583,C:\Users\phvna\Faculdade\TCC\dataset\spectra\star\1404050280181426176.fits,C:\Users\phvna\Faculdade\TCC\dataset\metadata\spectra\star\1404050280181426176.json,C:\Users\phvna\Faculdade\TCC\dataset\star_objects\STAR_000583\Target\target.json,M0,M,M0,3838,3831,0.0,0.9961029328514303,3800.142571433285,9179.098408831009,train
STAR_009738,1237646646223765776,897380196871596032,C:\Users\phvna\Faculdade\TCC\dataset\star_objects\STAR_009738,C:\Users\phvna\Faculdade\TCC\dataset\spectra\star\897380196871596032.fits,C:\Users\phvna\Faculdade\TCC\dataset\metadata\spectra\star\897380196871596032.json,C:\Users\phvna\Faculdade\TCC\dataset\star_objects\STAR_009738\Target\target.json,G0,G,G0,3841,3840,0.0,0.999629312764019,3800.142571433285,9198.140860358988,train
STAR_006251,1237648703505957531,4332512414295939072,C:\Users\phvna\Faculdade\TCC\dataset\star_objects\STAR_006251,C:\Users\phvna\Faculdade\TCC\dataset\spectra\star\4332512414295939072.fits,C:\Users\phvna\Faculdade\TCC\dataset\metadata\spectra\star\4332512414295939072.json,C:\Users\phvna\Faculdade\TCC\dataset\star_objects\STAR_006251\Target\target.json,G1V (95128),G,G1,4629,3840,0.0,0.999629312764019,3800.142571433285,9198.140860358988,train
STAR_001761,1237646585563710575,2332902872552859648,C:\Users\phvna\Faculdade\TCC\dataset\star_objects\STAR_001761,C:\Users\phvna\Faculdade\TCC\dataset\spectra\star\2332902872552859648.fits,C:\Users\phvna\Faculdade\TCC\dataset\metadata\spectra\star\2332902872552859648.json,C:\Users\phvna\Faculdade\TCC\dataset\star_objects\STAR_001761\Target\target.json,T2,T,T2,3844,3835,0.0,0.9976695181810343,3800.142571433285,9187.55796961087,test
STAR_008411,1237646795985388760,8388011043604158464,C:\Users\phvna\Faculdade\TCC\dataset\star_objects\STAR_008411,C:\Users\phvna\Faculdade\TCC\dataset\spectra\star\8388011043604158464.fits,C:\Users\phvna\Faculdade\TCC\dataset\metadata\spectra\star\8388011043604158464.json,C:\Users\phvna\Faculdade\TCC\dataset\star_objects\STAR_008411\Target\target.json,K0IV (191026),K,K0,4624,3840,0.0,0.999629312764019,3800.142571433285,9198.140860358988,train
STAR_007363,1237648702975377893,4555470556837992448,C:\Users\phvna\Faculdade\TCC\dataset\star_objects\STAR_007363,C:\Users\phvna\Faculdade\TCC\dataset\spectra\star\4555470556837992448.fits,C:\Users\phvna\Faculdade\TCC\dataset\metadata\spectra\star\4555470556837992448.json,C:\Users\phvna\Faculdade\TCC\dataset\star_objects\STAR_007363\Target\target.json,B9III (15318),B,B9,4635,3840,0.0,0.999629312764019,3800.142571433285,9198.140860358988,train
STAR_008118,1237646793847145775,8172019404068116480,C:\Users\phvna\Faculdade\TCC\dataset\star_objects\STAR_008118,C:\Users\phvna\Faculdade\TCC\dataset\spectra\star\8172019404068116480.fits,C:\Users\phvna\Faculdade\TCC\dataset\metadata\spectra\star\8172019404068116480.json,C:\Users\phvna\Faculdade\TCC\dataset\star_objects\STAR_008118\Target\target.json,K1IVa (142091),K,K1,3853,3840,0.0,0.999629312764019,3800.142571433285,9198.140860358988,train
STAR_005651,1237648704605061353,391898132889233408,C:\Users\phvna\Faculdade\TCC\dataset\star_objects\STAR_005651,C:\Users\phvna\Faculdade\TCC\dataset\spectra\star\391898132889233408.fits,C:\Users\phvna\Faculdade\TCC\dataset\metadata\spectra\star\391898132889233408.json,C:\Users\phvna\Faculdade\TCC\dataset\star_objects\STAR_005651\Target\target.json,G2,G,G2,3809,3809,0.0,0.9934435312144342,3822.962901052926,9187.55796961087,train
STAR_004618,1237648704577273934,364942780616697856,C:\Users\phvna\Faculdade\TCC\dataset\star_objects\STAR_004618,C:\Users\phvna\Faculdade\TCC\dataset\spectra\star\364942780616697856.fits,C:\Users\phvna\Faculdade\TCC\dataset\metadata\spectra\star\364942780616697856.json,C:\Users\phvna\Faculdade\TCC\dataset\star_objects\STAR_004618\Target\target.json,M3,M,M3,3839,3833,0.0,0.998494124189121,3806.272589737735,9198.140860358988,validation
STAR_000097,1237645943978787200,1195829440064546816,C:\Users\phvna\Faculdade\TCC\dataset\star_objects\STAR_000097,C:\Users\phvna\Faculdade\TCC\dataset\spectra\star\1195829440064546816.fits,C:\Users\phvna\Faculdade\TCC\dataset\metadata\spectra\star\1195829440064546816.json,C:\Users\phvna\Faculdade\TCC\dataset\star_objects\STAR_000097\Target\target.json,M3,M,M3,3840,3836,0.0,0.9989807471492215,3803.644825753192,9198.140860358988,train
STAR_009984,1237646647834771694,897512413144836096,C:\Users\phvna\Faculdade\TCC\dataset\star_objects\STAR_009984,C:\Users\phvna\Faculdade\TCC\dataset\spectra\star\897512413144836096.fits,C:\Users\phvna\Faculdade\TCC\dataset\metadata\spectra\star\897512413144836096.json,C:\Users\phvna\Faculdade\TCC\dataset\star_objects\STAR_009984\Target\target.json,F5,F,F5,3817,3814,0.0,0.9954033257974189,3822.962901052926,9198.140860358988,test
STAR_005609,1237648702995235816,391826114877614080,C:\Users\phvna\Faculdade\TCC\dataset\star_objects\STAR_005609,C:\Users\phvna\Faculdade\TCC\dataset\spectra\star\391826114877614080.fits,C:\Users\phvna\Faculdade\TCC\dataset\metadata\spectra\star\391826114877614080.json,C:\Users\phvna\Faculdade\TCC\dataset\star_objects\STAR_005609\Target\target.json,K7,K,K7,3842,3834,0.0,0.9986562402292165,3805.397163121219,9198.140860358988,train
STAR_007598,1237648705129021468,602390568558946304,C:\Users\phvna\Faculdade\TCC\dataset\star_objects\STAR_007598,C:\Users\phvna\Faculdade\TCC\dataset\spectra\star\602390568558946304.fits,C:\Users\phvna\Faculdade\TCC\dataset\metadata\spectra\star\602390568558946304.json,C:\Users\phvna\Faculdade\TCC\dataset\star_objects\STAR_007598\Target\target.json,F2,F,F2,3844,3840,0.0,0.999629312764019,3800.142571433285,9198.140860358988,validation
STAR_000120,1237646798138245833,1293761297925564416,C:\Users\phvna\Faculdade\TCC\dataset\star_objects\STAR_000120,C:\Users\phvna\Faculdade\TCC\dataset\spectra\star\1293761297925564416.fits,C:\Users\phvna\Faculdade\TCC\dataset\metadata\spectra\star\1293761297925564416.json,C:\Users\phvna\Faculdade\TCC\dataset\star_objects\STAR_000120\Target\target.json,F5,F,F5,3837,3815,0.0,0.9955665412716672,3822.081537491985,9198.140860358988,train
STAR_000252,1237646587173864308,1400747347201255424,C:\Users\phvna\Faculdade\TCC\dataset\star_objects\STAR_000252,C:\Users\phvna\Faculdade\TCC\dataset\spectra\star\1400747347201255424.fits,C:\Users\phvna\Faculdade\TCC\dataset\metadata\spectra\star\1400747347201255424.json,C:\Users\phvna\Faculdade\TCC\dataset\star_objects\STAR_000252\Target\target.json,M5,M,M5,3845,3840,0.0,0.999629312764019,3800.142571433285,9198.140860358988,train
STAR_006796,1237648704593593054,4528567702084933632,C:\Users\phvna\Faculdade\TCC\dataset\star_objects\STAR_006796,C:\Users\phvna\Faculdade\TCC\dataset\spectra\star\4528567702084933632.fits,C:\Users\phvna\Faculdade\TCC\dataset\metadata\spectra\star\4528567702084933632.json,C:\Users\phvna\Faculdade\TCC\dataset\star_objects\STAR_006796\Target\target.json,M4.5:III (123657),M,M4.5,4623,3840,0.0,0.999629312764019,3800.142571433285,9198.140860358988,validation
STAR_000034,1237648702982783056,1035916740309051392,C:\Users\phvna\Faculdade\TCC\dataset\star_objects\STAR_000034,C:\Users\phvna\Faculdade\TCC\dataset\spectra\star\1035916740309051392.fits,C:\Users\phvna\Faculdade\TCC\dataset\metadata\spectra\star\1035916740309051392.json,C:\Users\phvna\Faculdade\TCC\dataset\star_objects\STAR_000034\Target\target.json,F5,F,F5,3830,3822,0.0,0.99670644473139,3815.9260588094817,9198.140860358988,validation
STAR_005736,1237648702994448469,409828424278894592,C:\Users\phvna\Faculdade\TCC\dataset\star_objects\STAR_005736,C:\Users\phvna\Faculdade\TCC\dataset\spectra\star\409828424278894592.fits,C:\Users\phvna\Faculdade\TCC\dataset\metadata\spectra\star\409828424278894592.json,C:\Users\phvna\Faculdade\TCC\dataset\star_objects\STAR_005736\Target\target.json,OB,OB,OB,3829,3822,0.0,0.99670644473139,3815.9260588094817,9198.140860358988,test
STAR_003661,1237648704593723671,3303520971293485056,C:\Users\phvna\Faculdade\TCC\dataset\star_objects\STAR_003661,C:\Users\phvna\Faculdade\TCC\dataset\spectra\star\3303520971293485056.fits,C:\Users\phvna\Faculdade\TCC\dataset\metadata\spectra\star\3303520971293485056.json,C:\Users\phvna\Faculdade\TCC\dataset\star_objects\STAR_003661\Target\target.json,F9,F,F9,3839,3831,0.0,0.9981693930821489,3808.0261377153843,9198.140860358988,train
STAR_005246,1237648702973607988,384034426046146560,C:\Users\phvna\Faculdade\TCC\dataset\star_objects\STAR_005246,C:\Users\phvna\Faculdade\TCC\dataset\spectra\star\384034426046146560.fits,C:\Users\phvna\Faculdade\TCC\dataset\metadata\spectra\star\384034426046146560.json,C:\Users\phvna\Faculdade\TCC\dataset\star_objects\STAR_005246\Target\target.json,K7,K,K7,3837,3811,0.0,0.9949142313607697,3825.6040110108315,9198.140860358988,validation
STAR_006673,1237648704595297279,4521746061765924864,C:\Users\phvna\Faculdade\TCC\dataset\star_objects\STAR_006673,C:\Users\phvna\Faculdade\TCC\dataset\spectra\star\4521746061765924864.fits,C:\Users\phvna\Faculdade\TCC\dataset\metadata\spectra\star\4521746061765924864.json,C:\Users\phvna\Faculdade\TCC\dataset\star_objects\STAR_006673\Target\target.json,F3/F5V (30743),F,F3,4635,3840,0.0,0.999629312764019,3800.142571433285,9198.140860358988,test
STAR_000322,1237646587711259207,1401838356001744896,C:\Users\phvna\Faculdade\TCC\dataset\star_objects\STAR_000322,C:\Users\phvna\Faculdade\TCC\dataset\spectra\star\1401838356001744896.fits,C:\Users\phvna\Faculdade\TCC\dataset\metadata\spectra\star\1401838356001744896.json,C:\Users\phvna\Faculdade\TCC\dataset\star_objects\STAR_000322\Target\target.json,M3,M,M3,3817,3807,0.0,0.9942613202736899,3829.129730881063,9198.140860358988,train
STAR_005121,1237648702984159455,3731308515839549440,C:\Users\phvna\Faculdade\TCC\dataset\star_objects\STAR_005121,C:\Users\phvna\Faculdade\TCC\dataset\spectra\star\3731308515839549440.fits,C:\Users\phvna\Faculdade\TCC\dataset\metadata\spectra\star\3731308515839549440.json,C:\Users\phvna\Faculdade\TCC\dataset\star_objects\STAR_005121\Target\target.json,A0,A,A0,3810,3810,0.0,0.9924626227527164,3817.6840541357556,9176.982217000424,validation
STAR_000972,1237646587176944881,1405251801711667200,C:\Users\phvna\Faculdade\TCC\dataset\star_objects\STAR_000972,C:\Users\phvna\Faculdade\TCC\dataset\spectra\star\1405251801711667200.fits,C:\Users\phvna\Faculdade\TCC\dataset\metadata\spectra\star\1405251801711667200.json,C:\Users\phvna\Faculdade\TCC\dataset\star_objects\STAR_000972\Target\target.json,M5,M,M5,3837,3829,0.0,0.9978445123717098,3809.780493551755,9198.140860358988,test
STAR_009800,1237646748744024282,897421428557637632,C:\Users\phvna\Faculdade\TCC\dataset\star_objects\STAR_009800,C:\Users\phvna\Faculdade\TCC\dataset\spectra\star\897421428557637632.fits,C:\Users\phvna\Faculdade\TCC\dataset\metadata\spectra\star\897421428557637632.json,C:\Users\phvna\Faculdade\TCC\dataset\star_objects\STAR_009800\Target\target.json,A0,A,A0,3814,3814,0.0,0.994486795533021,3819.442859369643,9189.671555247956,validation
STAR_006250,1237648702969086296,4332508566005241856,C:\Users\phvna\Faculdade\TCC\dataset\star_objects\STAR_006250,C:\Users\phvna\Faculdade\TCC\dataset\spectra\star\4332508566005241856.fits,C:\Users\phvna\Faculdade\TCC\dataset\metadata\spectra\star\4332508566005241856.json,C:\Users\phvna\Faculdade\TCC\dataset\star_objects\STAR_006250\Target\target.json,CV,CV,CV,4629,3840,0.0,0.999629312764019,3800.142571433285,9198.140860358988,train
STAR_001072,1237646585567119187,1406317778352236544,C:\Users\phvna\Faculdade\TCC\dataset\star_objects\STAR_001072,C:\Users\phvna\Faculdade\TCC\dataset\spectra\star\1406317778352236544.fits,C:\Users\phvna\Faculdade\TCC\dataset\metadata\spectra\star\1406317778352236544.json,C:\Users\phvna\Faculdade\TCC\dataset\star_objects\STAR_001072\Target\target.json,M4,M,M4,3814,3814,0.0,0.9942584559769384,3818.562307335403,9187.55796961087,train
STAR_006028,1237648705113882793,4329328223186081792,C:\Users\phvna\Faculdade\TCC\dataset\star_objects\STAR_006028,C:\Users\phvna\Faculdade\TCC\dataset\spectra\star\4329328223186081792.fits,C:\Users\phvna\Faculdade\TCC\dataset\metadata\spectra\star\4329328223186081792.json,C:\Users\phvna\Faculdade\TCC\dataset\star_objects\STAR_006028\Target\target.json,A1III (225180),A,A1,4629,3840,0.0,0.999629312764019,3800.142571433285,9198.140860358988,test
STAR_002359,1237648705115455601,2891460014273226752,C:\Users\phvna\Faculdade\TCC\dataset\star_objects\STAR_002359,C:\Users\phvna\Faculdade\TCC\dataset\spectra\star\2891460014273226752.fits,C:\Users\phvna\Faculdade\TCC\dataset\metadata\spectra\star\2891460014273226752.json,C:\Users\phvna\Faculdade\TCC\dataset\star_objects\STAR_002359\Target\target.json,K7,K,K7,3836,3828,0.0,0.9976818221925657,3810.659020519133,9198.140860358988,train
STAR_005823,1237648675070214903,409976033714923520,C:\Users\phvna\Faculdade\TCC\dataset\star_objects\STAR_005823,C:\Users\phvna\Faculdade\TCC\dataset\spectra\star\409976033714923520.fits,C:\Users\phvna\Faculdade\TCC\dataset\metadata\spectra\star\409976033714923520.json,C:\Users\phvna\Faculdade\TCC\dataset\star_objects\STAR_005823\Target\target.json,F9,F,F9,3837,3832,0.0,0.9983315838090273,3807.1503077902407,9198.140860358988,train
STAR_000032,1237648702982521375,1034867256426784768,C:\Users\phvna\Faculdade\TCC\dataset\star_objects\STAR_000032,C:\Users\phvna\Faculdade\TCC\dataset\spectra\star\1034867256426784768.fits,C:\Users\phvna\Faculdade\TCC\dataset\metadata\spectra\star\1034867256426784768.json,C:\Users\phvna\Faculdade\TCC\dataset\star_objects\STAR_000032\Target\target.json,L9,L,L9,3834,3831,0.0,0.9981693930821489,3808.0261377153843,9198.140860358988,train
STAR_005665,1237648675070869801,391917374342719488,C:\Users\phvna\Faculdade\TCC\dataset\star_objects\STAR_005665,C:\Users\phvna\Faculdade\TCC\dataset\spectra\star\391917374342719488.fits,C:\Users\phvna\Faculdade\TCC\dataset\metadata\spectra\star\391917374342719488.json,C:\Users\phvna\Faculdade\TCC\dataset\star_objects\STAR_005665\Target\target.json,F9,F,F9,3840,3822,0.0,0.99670644473139,3815.9260588094817,9198.140860358988,train
STAR_001618,1237645942906028249,1721648616155670528,C:\Users\phvna\Faculdade\TCC\dataset\star_objects\STAR_001618,C:\Users\phvna\Faculdade\TCC\dataset\spectra\star\1721648616155670528.fits,C:\Users\phvna\Faculdade\TCC\dataset\metadata\spectra\star\1721648616155670528.json,C:\Users\phvna\Faculdade\TCC\dataset\star_objects\STAR_001618\Target\target.json,M4,M,M4,3839,3834,0.0,0.9986562402292165,3805.397163121219,9198.140860358988,train
STAR_000030,1237648703519064074,1034849389362833408,C:\Users\phvna\Faculdade\TCC\dataset\star_objects\STAR_000030,C:\Users\phvna\Faculdade\TCC\dataset\spectra\star\1034849389362833408.fits,C:\Users\phvna\Faculdade\TCC\dataset\metadata\spectra\star\1034849389362833408.json,C:\Users\phvna\Faculdade\TCC\dataset\star_objects\STAR_000030\Target\target.json,A0,A,A0,3843,3839,0.0,0.9994670341559035,3801.0188759171087,9198.140860358988,test
STAR_001672,1237646588247671575,2310434901708531712,C:\Users\phvna\Faculdade\TCC\dataset\star_objects\STAR_001672,C:\Users\phvna\Faculdade\TCC\dataset\spectra\star\2310434901708531712.fits,C:\Users\phvna\Faculdade\TCC\dataset\metadata\spectra\star\2310434901708531712.json,C:\Users\phvna\Faculdade\TCC\dataset\star_objects\STAR_001672\Target\target.json,F9,F,F9,3819,3809,0.0,0.9945878509988688,3827.366464965097,9198.140860358988,validation
STAR_007999,1237646792772749464,8171926495335569408,C:\Users\phvna\Faculdade\TCC\dataset\star_objects\STAR_007999,C:\Users\phvna\Faculdade\TCC\dataset\spectra\star\8171926495335569408.fits,C:\Users\phvna\Faculdade\TCC\dataset\metadata\spectra\star\8171926495335569408.json,C:\Users\phvna\Faculdade\TCC\dataset\star_objects\STAR_007999\Target\target.json,G9IV (100030),G,G9,3853,3840,0.0,0.999629312764019,3800.142571433285,9198.140860358988,test
STAR_001598,1237645943978983864,1709286257286211584,C:\Users\phvna\Faculdade\TCC\dataset\star_objects\STAR_001598,C:\Users\phvna\Faculdade\TCC\dataset\spectra\star\1709286257286211584.fits,C:\Users\phvna\Faculdade\TCC\dataset\metadata\spectra\star\1709286257286211584.json,C:\Users\phvna\Faculdade\TCC\dataset\star_objects\STAR_001598\Target\target.json,K3,K,K3,3820,3820,0.0,0.9963808900413392,3817.6840541357556,9198.140860358988,test
STAR_005506,1237648704067535433,389568542996981760,C:\Users\phvna\Faculdade\TCC\dataset\star_objects\STAR_005506,C:\Users\phvna\Faculdade\TCC\dataset\spectra\star\389568542996981760.fits,C:\Users\phvna\Faculdade\TCC\dataset\metadata\spectra\star\389568542996981760.json,C:\Users\phvna\Faculdade\TCC\dataset\star_objects\STAR_005506\Target\target.json,F9,F,F9,3840,3836,0.0,0.9989807471492215,3803.644825753192,9198.140860358988,test
STAR_000107,1237645943976493329,1199248645795375104,C:\Users\phvna\Faculdade\TCC\dataset\star_objects\STAR_000107,C:\Users\phvna\Faculdade\TCC\dataset\spectra\star\1199248645795375104.fits,C:\Users\phvna\Faculdade\TCC\dataset\metadata\spectra\star\1199248645795375104.json,C:\Users\phvna\Faculdade\TCC\dataset\star_objects\STAR_000107\Target\target.json,K7,K,K7,3825,3825,0.0,0.9971943018647097,3813.291630289555,9198.140860358988,train
STAR_001881,1237648702967971990,2880065500178573312,C:\Users\phvna\Faculdade\TCC\dataset\star_objects\STAR_001881,C:\Users\phvna\Faculdade\TCC\dataset\spectra\star\2880065500178573312.fits,C:\Users\phvna\Faculdade\TCC\dataset\metadata\spectra\star\2880065500178573312.json,C:\Users\phvna\Faculdade\TCC\dataset\star_objects\STAR_001881\Target\target.json,F9,F,F9,3824,3819,0.0,0.9962182505599231,3818.562307335403,9198.140860358988,train
STAR_004864,1237648704584482948,3723393956264910848,C:\Users\phvna\Faculdade\TCC\dataset\star_objects\STAR_004864,C:\Users\phvna\Faculdade\TCC\dataset\spectra\star\3723393956264910848.fits,C:\Users\phvna\Faculdade\TCC\dataset\metadata\spectra\star\3723393956264910848.json,C:\Users\phvna\Faculdade\TCC\dataset\star_objects\STAR_004864\Target\target.json,F9,F,F9,3831,3831,0.0,0.9967907081412402,3802.7700035112916,9185.439827473989,train
STAR_001278,1237646381542605880,1417553936499369984,C:\Users\phvna\Faculdade\TCC\dataset\star_objects\STAR_001278,C:\Users\phvna\Faculdade\TCC\dataset\spectra\star\1417553936499369984.fits,C:\Users\phvna\Faculdade\TCC\dataset\metadata\spectra\star\1417553936499369984.json,C:\Users\phvna\Faculdade\TCC\dataset\star_objects\STAR_001278\Target\target.json,A0,A,A0,3842,3839,0.0,0.9992366124000388,3800.142571433285,9196.020278393495,test
STAR_006015,1237648703503270084,4329101998668666880,C:\Users\phvna\Faculdade\TCC\dataset\star_objects\STAR_006015,C:\Users\phvna\Faculdade\TCC\dataset\spectra\star\4329101998668666880.fits,C:\Users\phvna\Faculdade\TCC\dataset\metadata\spectra\star\4329101998668666880.json,C:\Users\phvna\Faculdade\TCC\dataset\star_objects\STAR_006015\Target\target.json,A5II (34578),A,A5,4615,3840,0.0,0.999629312764019,3800.142571433285,9198.140860358988,train
STAR_004773,1237648704040730756,3722386527930654720,C:\Users\phvna\Faculdade\TCC\dataset\star_objects\STAR_004773,C:\Users\phvna\Faculdade\TCC\dataset\spectra\star\3722386527930654720.fits,C:\Users\phvna\Faculdade\TCC\dataset\metadata\spectra\star\3722386527930654720.json,C:\Users\phvna\Faculdade\TCC\dataset\star_objects\STAR_004773\Target\target.json,F9,F,F9,3828,3821,0.0,0.9965434921163618,3816.8060029306343,9198.140860358988,validation
STAR_002749,1237648704046956635,3266253025106225152,C:\Users\phvna\Faculdade\TCC\dataset\star_objects\STAR_002749,C:\Users\phvna\Faculdade\TCC\dataset\spectra\star\3266253025106225152.fits,C:\Users\phvna\Faculdade\TCC\dataset\metadata\spectra\star\3266253025106225152.json,C:\Users\phvna\Faculdade\TCC\dataset\star_objects\STAR_002749\Target\target.json,F9,F,F9,3826,3824,0.0,0.9970318495076147,3814.168873017869,9198.140860358988,train
STAR_005365,1237648674530066755,386320035875940352,C:\Users\phvna\Faculdade\TCC\dataset\star_objects\STAR_005365,C:\Users\phvna\Faculdade\TCC\dataset\spectra\star\386320035875940352.fits,C:\Users\phvna\Faculdade\TCC\dataset\metadata\spectra\star\386320035875940352.json,C:\Users\phvna\Faculdade\TCC\dataset\star_objects\STAR_005365\Target\target.json,A0,A,A0,3838,3819,0.0,0.9962182505599231,3818.562307335403,9198.140860358988,train
STAR_006464,1237648704599426152,4512751777142298624,C:\Users\phvna\Faculdade\TCC\dataset\star_objects\STAR_006464,C:\Users\phvna\Faculdade\TCC\dataset\spectra\star\4512751777142298624.fits,C:\Users\phvna\Faculdade\TCC\dataset\metadata\spectra\star\4512751777142298624.json,C:\Users\phvna\Faculdade\TCC\dataset\star_objects\STAR_006464\Target\target.json,M4.5:III (123657),M,M4.5,4606,3840,0.0,0.999629312764019,3800.142571433285,9198.140860358988,test
STAR_009353,1237648703510085681,8394737306070964224,C:\Users\phvna\Faculdade\TCC\dataset\star_objects\STAR_009353,C:\Users\phvna\Faculdade\TCC\dataset\spectra\star\8394737306070964224.fits,C:\Users\phvna\Faculdade\TCC\dataset\metadata\spectra\star\8394737306070964224.json,C:\Users\phvna\Faculdade\TCC\dataset\star_objects\STAR_009353\Target\target.json,G8V (101501),G,G8,4620,3840,0.0,0.999629312764019,3800.142571433285,9198.140860358988,test
STAR_001069,1237646585567184720,1406315579328980992,C:\Users\phvna\Faculdade\TCC\dataset\star_objects\STAR_001069,C:\Users\phvna\Faculdade\TCC\dataset\spectra\star\1406315579328980992.fits,C:\Users\phvna\Faculdade\TCC\dataset\metadata\spectra\star\1406315579328980992.json,C:\Users\phvna\Faculdade\TCC\dataset\star_objects\STAR_001069\Target\target.json,M1,M,M1,3815,3815,0.0,0.9941914489895101,3816.8060029306343,9185.439827473989,validation
STAR_009766,1237646586632471125,897396964423919616,C:\Users\phvna\Faculdade\TCC\dataset\star_objects\STAR_009766,C:\Users\phvna\Faculdade\TCC\dataset\spectra\star\897396964423919616.fits,C:\Users\phvna\Faculdade\TCC\dataset\metadata\spectra\star\897396964423919616.json,C:\Users\phvna\Faculdade\TCC\dataset\star_objects\STAR_009766\Target\target.json,F5,F,F5,3836,3836,0.0,0.9985207291226846,3801.8932953144076,9193.905232576904,validation
STAR_001361,1237646382079476040,1417609186958665728,C:\Users\phvna\Faculdade\TCC\dataset\star_objects\STAR_001361,C:\Users\phvna\Faculdade\TCC\dataset\spectra\star\1417609186958665728.fits,C:\Users\phvna\Faculdade\TCC\dataset\metadata\spectra\star\1417609186958665728.json,C:\Users\phvna\Faculdade\TCC\dataset\star_objects\STAR_001361\Target\target.json,A0,A,A0,3837,3829,0.0,0.9978445123717098,3809.780493551755,9198.140860358988,train
STAR_005263,1237648704063733940,385100402586052608,C:\Users\phvna\Faculdade\TCC\dataset\star_objects\STAR_005263,C:\Users\phvna\Faculdade\TCC\dataset\spectra\star\385100402586052608.fits,C:\Users\phvna\Faculdade\TCC\dataset\metadata\spectra\star\385100402586052608.json,C:\Users\phvna\Faculdade\TCC\dataset\star_objects\STAR_005263\Target\target.json,WD,WD,WD,3845,3838,0.0,0.9988449372488183,3800.142571433285,9193.905232576904,train
STAR_004316,1237648702987632866,352420167927490560,C:\Users\phvna\Faculdade\TCC\dataset\star_objects\STAR_004316,C:\Users\phvna\Faculdade\TCC\dataset\spectra\star\352420167927490560.fits,C:\Users\phvna\Faculdade\TCC\dataset\metadata\spectra\star\352420167927490560.json,C:\Users\phvna\Faculdade\TCC\dataset\star_objects\STAR_004316\Target\target.json,K5,K,K5,3841,3838,0.0,0.9993051046378852,3801.8932953144076,9198.140860358988,validation
STAR_009440,1237648703509561579,8394803276768630784,C:\Users\phvna\Faculdade\TCC\dataset\star_objects\STAR_009440,C:\Users\phvna\Faculdade\TCC\dataset\spectra\star\8394803276768630784.fits,C:\Users\phvna\Faculdade\TCC\dataset\metadata\spectra\star\8394803276768630784.json,C:\Users\phvna\Faculdade\TCC\dataset\star_objects\STAR_009440\Target\target.json,K3V (32147),K,K3,4627,3840,0.0,0.999629312764019,3800.142571433285,9198.140860358988,train
STAR_003972,1237648703515721908,340073202355038208,C:\Users\phvna\Faculdade\TCC\dataset\star_objects\STAR_003972,C:\Users\phvna\Faculdade\TCC\dataset\spectra\star\340073202355038208.fits,C:\Users\phvna\Faculdade\TCC\dataset\metadata\spectra\star\340073202355038208.json,C:\Users\phvna\Faculdade\TCC\dataset\star_objects\STAR_003972\Target\target.json,A0,A,A0,3840,3835,0.0,0.9976695181810343,3800.142571433285,9187.55796961087,train
STAR_001254,1237646381542867245,1417545415284254720,C:\Users\phvna\Faculdade\TCC\dataset\star_objects\STAR_001254,C:\Users\phvna\Faculdade\TCC\dataset\spectra\star\1417545415284254720.fits,C:\Users\phvna\Faculdade\TCC\dataset\metadata\spectra\star\1417545415284254720.json,C:\Users\phvna\Faculdade\TCC\dataset\star_objects\STAR_001254\Target\target.json,A0,A,A0,3842,3839,0.0,0.9992366124000388,3800.142571433285,9196.020278393495,train
STAR_006734,1237648705131971631,4525257347636156416,C:\Users\phvna\Faculdade\TCC\dataset\star_objects\STAR_006734,C:\Users\phvna\Faculdade\TCC\dataset\spectra\star\4525257347636156416.fits,C:\Users\phvna\Faculdade\TCC\dataset\metadata\spectra\star\4525257347636156416.json,C:\Users\phvna\Faculdade\TCC\dataset\star_objects\STAR_006734\Target\target.json,WDcooler,WD,WD,4615,3840,0.0,0.999629312764019,3800.142571433285,9198.140860358988,test
STAR_000656,1237646587712963348,1404112127710488576,C:\Users\phvna\Faculdade\TCC\dataset\star_objects\STAR_000656,C:\Users\phvna\Faculdade\TCC\dataset\spectra\star\1404112127710488576.fits,C:\Users\phvna\Faculdade\TCC\dataset\metadata\spectra\star\1404112127710488576.json,C:\Users\phvna\Faculdade\TCC\dataset\star_objects\STAR_000656\Target\target.json,K3,K,K3,3847,3840,0.0,0.999629312764019,3800.142571433285,9198.140860358988,train
STAR_009607,1237648704583565434,8394933843774429184,C:\Users\phvna\Faculdade\TCC\dataset\star_objects\STAR_009607,C:\Users\phvna\Faculdade\TCC\dataset\spectra\star\8394933843774429184.fits,C:\Users\phvna\Faculdade\TCC\dataset\metadata\spectra\star\8394933843774429184.json,C:\Users\phvna\Faculdade\TCC\dataset\star_objects\STAR_009607\Target\target.json,A4V (97603),A,A4,4592,3840,0.0,0.999629312764019,3800.142571433285,9198.140860358988,train
STAR_009137,1237646797599670805,8389218032778762240,C:\Users\phvna\Faculdade\TCC\dataset\star_objects\STAR_009137,C:\Users\phvna\Faculdade\TCC\dataset\spectra\star\8389218032778762240.fits,C:\Users\phvna\Faculdade\TCC\dataset\metadata\spectra\star\8389218032778762240.json,C:\Users\phvna\Faculdade\TCC\dataset\star_objects\STAR_009137\Target\target.json,K3V (32147),K,K3,4597,3840,0.0,0.999629312764019,3800.142571433285,9198.140860358988,test
STAR_006260,1237648703505826383,4332532755261052928,C:\Users\phvna\Faculdade\TCC\dataset\star_objects\STAR_006260,C:\Users\phvna\Faculdade\TCC\dataset\spectra\star\4332532755261052928.fits,C:\Users\phvna\Faculdade\TCC\dataset\metadata\spectra\star\4332532755261052928.json,C:\Users\phvna\Faculdade\TCC\dataset\star_objects\STAR_006260\Target\target.json,F3/F5V (30743),F,F3,4630,3840,0.0,0.999629312764019,3800.142571433285,9198.140860358988,train
STAR_009691,1237646586633060409,897352709080901632,C:\Users\phvna\Faculdade\TCC\dataset\star_objects\STAR_009691,C:\Users\phvna\Faculdade\TCC\dataset\spectra\star\897352709080901632.fits,C:\Users\phvna\Faculdade\TCC\dataset\metadata\spectra\star\897352709080901632.json,C:\Users\phvna\Faculdade\TCC\dataset\star_objects\STAR_009691\Target\target.json,F5,F,F5,3836,3828,0.0,0.9976818221925657,3810.659020519133,9198.140860358988,train
STAR_008540,1237646796521866518,8388058047726245888,C:\Users\phvna\Faculdade\TCC\dataset\star_objects\STAR_008540,C:\Users\phvna\Faculdade\TCC\dataset\spectra\star\8388058047726245888.fits,C:\Users\phvna\Faculdade\TCC\dataset\metadata\spectra\star\8388058047726245888.json,C:\Users\phvna\Faculdade\TCC\dataset\star_objects\STAR_008540\Target\target.json,K5Ve (118100),K,K5,4627,3840,0.0,0.999629312764019,3800.142571433285,9198.140860358988,train
STAR_008720,1237646798669416343,8388126217447168000,C:\Users\phvna\Faculdade\TCC\dataset\star_objects\STAR_008720,C:\Users\phvna\Faculdade\TCC\dataset\spectra\star\8388126217447168000.fits,C:\Users\phvna\Faculdade\TCC\dataset\metadata\spectra\star\8388126217447168000.json,C:\Users\phvna\Faculdade\TCC\dataset\star_objects\STAR_008720\Target\target.json,K5 (G_19-24),K,K5,4594,3840,0.0,0.999629312764019,3800.142571433285,9198.140860358988,test
STAR_006005,1237648704560431306,4307922934843070464,C:\Users\phvna\Faculdade\TCC\dataset\star_objects\STAR_006005,C:\Users\phvna\Faculdade\TCC\dataset\spectra\star\4307922934843070464.fits,C:\Users\phvna\Faculdade\TCC\dataset\metadata\spectra\star\4307922934843070464.json,C:\Users\phvna\Faculdade\TCC\dataset\star_objects\STAR_006005\Target\target.json,A4V (97603),A,A4,4623,3840,0.0,0.999629312764019,3800.142571433285,9198.140860358988,train
STAR_000591,1237646585565610837,1404056052617472000,C:\Users\phvna\Faculdade\TCC\dataset\star_objects\STAR_000591,C:\Users\phvna\Faculdade\TCC\dataset\spectra\star\1404056052617472000.fits,C:\Users\phvna\Faculdade\TCC\dataset\metadata\spectra\star\1404056052617472000.json,C:\Users\phvna\Faculdade\TCC\dataset\star_objects\STAR_000591\Target\target.json,M4,M,M4,3835,3831,0.0,0.9961029328514303,3800.142571433285,9179.098408831009,train
STAR_008431,1237646797059064639,8388020114575087616,C:\Users\phvna\Faculdade\TCC\dataset\star_objects\STAR_008431,C:\Users\phvna\Faculdade\TCC\dataset\spectra\star\8388020114575087616.fits,C:\Users\phvna\Faculdade\TCC\dataset\metadata\spectra\star\8388020114575087616.json,C:\Users\phvna\Faculdade\TCC\dataset\star_objects\STAR_008431\Target\target.json,K3V (32147),K,K3,4626,3840,0.0,0.999629312764019,3800.142571433285,9198.140860358988,train
STAR_001370,1237646794381131927,1417613310127269888,C:\Users\phvna\Faculdade\TCC\dataset\star_objects\STAR_001370,C:\Users\phvna\Faculdade\TCC\dataset\spectra\star\1417613310127269888.fits,C:\Users\phvna\Faculdade\TCC\dataset\metadata\spectra\star\1417613310127269888.json,C:\Users\phvna\Faculdade\TCC\dataset\star_objects\STAR_001370\Target\target.json,F9,F,F9,3840,3832,0.0,0.9983315838090273,3807.1503077902407,9198.140860358988,train
STAR_009193,1237646797599933316,8389257615197362176,C:\Users\phvna\Faculdade\TCC\dataset\star_objects\STAR_009193,C:\Users\phvna\Faculdade\TCC\dataset\spectra\star\8389257615197362176.fits,C:\Users\phvna\Faculdade\TCC\dataset\metadata\spectra\star\8389257615197362176.json,C:\Users\phvna\Faculdade\TCC\dataset\star_objects\STAR_009193\Target\target.json,F3/F5V (30743),F,F3,4596,3840,0.0,0.999629312764019,3800.142571433285,9198.140860358988,train
STAR_007373,1237648704585794315,4555569238006585344,C:\Users\phvna\Faculdade\TCC\dataset\star_objects\STAR_007373,C:\Users\phvna\Faculdade\TCC\dataset\spectra\star\4555569238006585344.fits,C:\Users\phvna\Faculdade\TCC\dataset\metadata\spectra\star\4555569238006585344.json,C:\Users\phvna\Faculdade\TCC\dataset\star_objects\STAR_007373\Target\target.json,A8V (155514),A,A8,4606,3840,0.0,0.999629312764019,3800.142571433285,9198.140860358988,train
STAR_009050,1237646796526649661,8389124299412494336,C:\Users\phvna\Faculdade\TCC\dataset\star_objects\STAR_009050,C:\Users\phvna\Faculdade\TCC\dataset\spectra\star\8389124299412494336.fits,C:\Users\phvna\Faculdade\TCC\dataset\metadata\spectra\star\8389124299412494336.json,C:\Users\phvna\Faculdade\TCC\dataset\star_objects\STAR_009050\Target\target.json,G5III+... (157910),G,G5,4628,3840,0.0,0.999629312764019,3800.142571433285,9198.140860358988,test
STAR_008689,1237646798132479841,8388114672575076352,C:\Users\phvna\Faculdade\TCC\dataset\star_objects\STAR_008689,C:\Users\phvna\Faculdade\TCC\dataset\spectra\star\8388114672575076352.fits,C:\Users\phvna\Faculdade\TCC\dataset\metadata\spectra\star\8388114672575076352.json,C:\Users\phvna\Faculdade\TCC\dataset\star_objects\STAR_008689\Target\target.json,K3V (32147),K,K3,4595,3840,0.0,0.999629312764019,3800.142571433285,9198.140860358988,train
STAR_005490,1237648675605446841,388592176621185024,C:\Users\phvna\Faculdade\TCC\dataset\star_objects\STAR_005490,C:\Users\phvna\Faculdade\TCC\dataset\spectra\star\388592176621185024.fits,C:\Users\phvna\Faculdade\TCC\dataset\metadata\spectra\star\388592176621185024.json,C:\Users\phvna\Faculdade\TCC\dataset\star_objects\STAR_005490\Target\target.json,F9,F,F9,3839,3822,0.0,0.99670644473139,3815.9260588094817,9198.140860358988,train
STAR_000857,1237646585566397950,1405180883211675648,C:\Users\phvna\Faculdade\TCC\dataset\star_objects\STAR_000857,C:\Users\phvna\Faculdade\TCC\dataset\spectra\star\1405180883211675648.fits,C:\Users\phvna\Faculdade\TCC\dataset\metadata\spectra\star\1405180883211675648.json,C:\Users\phvna\Faculdade\TCC\dataset\star_objects\STAR_000857\Target\target.json,M5,M,M5,3825,3825,0.0,0.9949000516946848,3804.5219378491265,9176.982217000424,train
STAR_008557,1237646795984863893,8388065194551826432,C:\Users\phvna\Faculdade\TCC\dataset\star_objects\STAR_008557,C:\Users\phvna\Faculdade\TCC\dataset\spectra\star\8388065194551826432.fits,C:\Users\phvna\Faculdade\TCC\dataset\metadata\spectra\star\8388065194551826432.json,C:\Users\phvna\Faculdade\TCC\dataset\star_objects\STAR_008557\Target\target.json,K5Ve (118100),K,K5,4626,3840,0.0,0.999629312764019,3800.142571433285,9198.140860358988,train
STAR_000800,1237646585566594912,1405150371764004864,C:\Users\phvna\Faculdade\TCC\dataset\star_objects\STAR_000800,C:\Users\phvna\Faculdade\TCC\dataset\spectra\star\1405150371764004864.fits,C:\Users\phvna\Faculdade\TCC\dataset\metadata\spectra\star\1405150371764004864.json,C:\Users\phvna\Faculdade\TCC\dataset\star_objects\STAR_000800\Target\target.json,M1,M,M1,3831,3831,0.0,0.9972499291479314,3804.5219378491265,9189.671555247956,train
STAR_002222,1237648703504384121,2891370678953469952,C:\Users\phvna\Faculdade\TCC\dataset\star_objects\STAR_002222,C:\Users\phvna\Faculdade\TCC\dataset\spectra\star\2891370678953469952.fits,C:\Users\phvna\Faculdade\TCC\dataset\metadata\spectra\star\2891370678953469952.json,C:\Users\phvna\Faculdade\TCC\dataset\star_objects\STAR_002222\Target\target.json,A0,A,A0,3821,3821,0.0,0.9944803979071906,3808.9042601321803,9179.098408831009,train
STAR_004246,1237648704058753120,349094700327659520,C:\Users\phvna\Faculdade\TCC\dataset\star_objects\STAR_004246,C:\Users\phvna\Faculdade\TCC\dataset\spectra\star\349094700327659520.fits,C:\Users\phvna\Faculdade\TCC\dataset\metadata\spectra\star\349094700327659520.json,C:\Users\phvna\Faculdade\TCC\dataset\star_objects\STAR_004246\Target\target.json,A0,A,A0,3827,3827,0.0,0.9968298827741596,3808.9042601321803,9191.785627112642,test
STAR_008237,1237645943978655754,8254211197668448256,C:\Users\phvna\Faculdade\TCC\dataset\star_objects\STAR_008237,C:\Users\phvna\Faculdade\TCC\dataset\spectra\star\8254211197668448256.fits,C:\Users\phvna\Faculdade\TCC\dataset\metadata\spectra\star\8254211197668448256.json,C:\Users\phvna\Faculdade\TCC\dataset\star_objects\STAR_008237\Target\target.json,G4V (32923),G,G4,4595,3840,0.0,0.999629312764019,3800.142571433285,9198.140860358988,train
STAR_006949,1237648703517360859,4535247514614650880,C:\Users\phvna\Faculdade\TCC\dataset\star_objects\STAR_006949,C:\Users\phvna\Faculdade\TCC\dataset\spectra\star\4535247514614650880.fits,C:\Users\phvna\Faculdade\TCC\dataset\metadata\spectra\star\4535247514614650880.json,C:\Users\phvna\Faculdade\TCC\dataset\star_objects\STAR_006949\Target\target.json,K3V (32147),K,K3,4635,3840,0.0,0.999629312764019,3800.142571433285,9198.140860358988,train
STAR_007201,1237648704052330639,4545288254967273472,C:\Users\phvna\Faculdade\TCC\dataset\star_objects\STAR_007201,C:\Users\phvna\Faculdade\TCC\dataset\spectra\star\4545288254967273472.fits,C:\Users\phvna\Faculdade\TCC\dataset\metadata\spectra\star\4545288254967273472.json,C:\Users\phvna\Faculdade\TCC\dataset\star_objects\STAR_007201\Target\target.json,F3/F5V (30743),F,F3,4636,3840,0.0,0.999629312764019,3800.142571433285,9198.140860358988,validation
STAR_007205,1237648704051937367,4545345979327731712,C:\Users\phvna\Faculdade\TCC\dataset\star_objects\STAR_007205,C:\Users\phvna\Faculdade\TCC\dataset\spectra\star\4545345979327731712.fits,C:\Users\phvna\Faculdade\TCC\dataset\metadata\spectra\star\4545345979327731712.json,C:\Users\phvna\Faculdade\TCC\dataset\star_objects\STAR_007205\Target\target.json,F3/F5V (30743),F,F3,4635,3840,0.0,0.999629312764019,3800.142571433285,9198.140860358988,train
STAR_000484,1237646587176158148,1403046731158939648,C:\Users\phvna\Faculdade\TCC\dataset\star_objects\STAR_000484,C:\Users\phvna\Faculdade\TCC\dataset\spectra\star\1403046731158939648.fits,C:\Users\phvna\Faculdade\TCC\dataset\metadata\spectra\star\1403046731158939648.json,C:\Users\phvna\Faculdade\TCC\dataset\star_objects\STAR_000484\Target\target.json,M0,M,M0,3811,3803,0.0,0.9936081970950466,3832.6565960457365,9198.140860358988,train
STAR_009652,1237648705120829517,8394978373995354112,C:\Users\phvna\Faculdade\TCC\dataset\star_objects\STAR_009652,C:\Users\phvna\Faculdade\TCC\dataset\spectra\star\8394978373995354112.fits,C:\Users\phvna\Faculdade\TCC\dataset\metadata\spectra\star\8394978373995354112.json,C:\Users\phvna\Faculdade\TCC\dataset\star_objects\STAR_009652\Target\target.json,K3V (32147),K,K3,4592,3840,0.0,0.999629312764019,3800.142571433285,9198.140860358988,train
STAR_001447,1237646382079869702,1417645195964475392,C:\Users\phvna\Faculdade\TCC\dataset\star_objects\STAR_001447,C:\Users\phvna\Faculdade\TCC\dataset\spectra\star\1417645195964475392.fits,C:\Users\phvna\Faculdade\TCC\dataset\metadata\spectra\star\1417645195964475392.json,C:\Users\phvna\Faculdade\TCC\dataset\star_objects\STAR_001447\Target\target.json,F5,F,F5,3844,3840,0.0,0.999629312764019,3800.142571433285,9198.140860358988,train
STAR_004318,1237648704598376931,352425390607722496,C:\Users\phvna\Faculdade\TCC\dataset\star_objects\STAR_004318,C:\Users\phvna\Faculdade\TCC\dataset\spectra\star\352425390607722496.fits,C:\Users\phvna\Faculdade\TCC\dataset\metadata\spectra\star\352425390607722496.json,C:\Users\phvna\Faculdade\TCC\dataset\star_objects\STAR_004318\Target\target.json,M1,M,M1,3845,3840,0.0,0.999629312764019,3800.142571433285,9198.140860358988,validation
STAR_008061,1237646792236270409,8171973224579749888,C:\Users\phvna\Faculdade\TCC\dataset\star_objects\STAR_008061,C:\Users\phvna\Faculdade\TCC\dataset\spectra\star\8171973224579749888.fits,C:\Users\phvna\Faculdade\TCC\dataset\metadata\spectra\star\8171973224579749888.json,C:\Users\phvna\Faculdade\TCC\dataset\star_objects\STAR_008061\Target\target.json,K0IV (191026),K,K0,3853,3840,0.0,0.999629312764019,3800.142571433285,9198.140860358988,train
STAR_004956,1237648704584483037,3723486590119550976,C:\Users\phvna\Faculdade\TCC\dataset\star_objects\STAR_004956,C:\Users\phvna\Faculdade\TCC\dataset\spectra\star\3723486590119550976.fits,C:\Users\phvna\Faculdade\TCC\dataset\metadata\spectra\star\3723486590119550976.json,C:\Users\phvna\Faculdade\TCC\dataset\star_objects\STAR_004956\Target\target.json,K1,K,K1,3839,3831,0.0,0.9981693930821489,3808.0261377153843,9198.140860358988,train
STAR_003778,1237648702974001173,333268329856788480,C:\Users\phvna\Faculdade\TCC\dataset\star_objects\STAR_003778,C:\Users\phvna\Faculdade\TCC\dataset\spectra\star\333268329856788480.fits,C:\Users\phvna\Faculdade\TCC\dataset\metadata\spectra\star\333268329856788480.json,C:\Users\phvna\Faculdade\TCC\dataset\star_objects\STAR_003778\Target\target.json,F2,F,F2,3828,3820,0.0,0.9963808900413392,3817.6840541357556,9198.140860358988,train
STAR_006890,1237648705128103980,4534077634376914944,C:\Users\phvna\Faculdade\TCC\dataset\star_objects\STAR_006890,C:\Users\phvna\Faculdade\TCC\dataset\spectra\star\4534077634376914944.fits,C:\Users\phvna\Faculdade\TCC\dataset\metadata\spectra\star\4534077634376914944.json,C:\Users\phvna\Faculdade\TCC\dataset\star_objects\STAR_006890\Target\target.json,F3/F5V (30743),F,F3,4638,3840,0.0,0.999629312764019,3800.142571433285,9198.140860358988,train
STAR_001200,1237646381006389691,1417524249685420032,C:\Users\phvna\Faculdade\TCC\dataset\star_objects\STAR_001200,C:\Users\phvna\Faculdade\TCC\dataset\spectra\star\1417524249685420032.fits,C:\Users\phvna\Faculdade\TCC\dataset\metadata\spectra\star\1417524249685420032.json,C:\Users\phvna\Faculdade\TCC\dataset\star_objects\STAR_001200\Target\target.json,A0,A,A0,3836,3836,0.0,0.9987500509041116,3802.7700035112916,9196.020278393495,test
STAR_004666,1237648704040599586,3722233695814393856,C:\Users\phvna\Faculdade\TCC\dataset\star_objects\STAR_004666,C:\Users\phvna\Faculdade\TCC\dataset\spectra\star\3722233695814393856.fits,C:\Users\phvna\Faculdade\TCC\dataset\metadata\spectra\star\3722233695814393856.json,C:\Users\phvna\Faculdade\TCC\dataset\star_objects\STAR_004666\Target\target.json,G2,G,G2,3824,3819,0.0,0.9962182505599231,3818.562307335403,9198.140860358988,train
STAR_003064,1237648703506284678,3287631103053031424,C:\Users\phvna\Faculdade\TCC\dataset\star_objects\STAR_003064,C:\Users\phvna\Faculdade\TCC\dataset\spectra\star\3287631103053031424.fits,C:\Users\phvna\Faculdade\TCC\dataset\metadata\spectra\star\3287631103053031424.json,C:\Users\phvna\Faculdade\TCC\dataset\star_objects\STAR_003064\Target\target.json,A0,A,A0,3805,3805,0.0,0.9911925649961185,3820.321517180123,9172.761368159163,train
STAR_001146,1237646587177731721,1406366981497579520,C:\Users\phvna\Faculdade\TCC\dataset\star_objects\STAR_001146,C:\Users\phvna\Faculdade\TCC\dataset\spectra\star\1406366981497579520.fits,C:\Users\phvna\Faculdade\TCC\dataset\metadata\spectra\star\1406366981497579520.json,C:\Users\phvna\Faculdade\TCC\dataset\star_objects\STAR_001146\Target\target.json,M3,M,M3,3843,3833,0.0,0.998494124189121,3806.272589737735,9198.140860358988,train
STAR_004882,1237648702973739022,3723407975038164992,C:\Users\phvna\Faculdade\TCC\dataset\star_objects\STAR_004882,C:\Users\phvna\Faculdade\TCC\dataset\spectra\star\3723407975038164992.fits,C:\Users\phvna\Faculdade\TCC\dataset\metadata\spectra\star\3723407975038164992.json,C:\Users\phvna\Faculdade\TCC\dataset\star_objects\STAR_004882\Target\target.json,F5,F,F5,3825,3825,0.0,0.9953587886332446,3806.272589737735,9181.210048357256,train
STAR_004240,1237648704058949831,349079582042777600,C:\Users\phvna\Faculdade\TCC\dataset\star_objects\STAR_004240,C:\Users\phvna\Faculdade\TCC\dataset\spectra\star\349079582042777600.fits,C:\Users\phvna\Faculdade\TCC\dataset\metadata\spectra\star\349079582042777600.json,C:\Users\phvna\Faculdade\TCC\dataset\star_objects\STAR_004240\Target\target.json,A0,A,A0,3839,3839,0.0,0.9992366124000388,3800.142571433285,9196.020278393495,test
STAR_005282,1237648705137344786,385185339859298304,C:\Users\phvna\Faculdade\TCC\dataset\star_objects\STAR_005282,C:\Users\phvna\Faculdade\TCC\dataset\spectra\star\385185339859298304.fits,C:\Users\phvna\Faculdade\TCC\dataset\metadata\spectra\star\385185339859298304.json,C:\Users\phvna\Faculdade\TCC\dataset\star_objects\STAR_005282\Target\target.json,WD,WD,WD,3841,3822,0.0,0.99670644473139,3815.9260588094817,9198.140860358988,train
STAR_003280,1237648705116766320,3287789432727431168,C:\Users\phvna\Faculdade\TCC\dataset\star_objects\STAR_003280,C:\Users\phvna\Faculdade\TCC\dataset\spectra\star\3287789432727431168.fits,C:\Users\phvna\Faculdade\TCC\dataset\metadata\spectra\star\3287789432727431168.json,C:\Users\phvna\Faculdade\TCC\dataset\star_objects\STAR_003280\Target\target.json,F5,F,F5,3826,3821,0.0,0.9965434921163618,3816.8060029306343,9198.140860358988,test
STAR_004979,1237648704584745215,3723503357671874560,C:\Users\phvna\Faculdade\TCC\dataset\star_objects\STAR_004979,C:\Users\phvna\Faculdade\TCC\dataset\spectra\star\3723503357671874560.fits,C:\Users\phvna\Faculdade\TCC\dataset\metadata\spectra\star\3723503357671874560.json,C:\Users\phvna\Faculdade\TCC\dataset\star_objects\STAR_004979\Target\target.json,K5,K,K5,3833,3826,0.0,0.9973571044390466,3812.412496388137,9198.140860358988,validation
STAR_001916,1237648702967578671,2880087490411128832,C:\Users\phvna\Faculdade\TCC\dataset\star_objects\STAR_001916,C:\Users\phvna\Faculdade\TCC\dataset\spectra\star\2880087490411128832.fits,C:\Users\phvna\Faculdade\TCC\dataset\metadata\spectra\star\2880087490411128832.json,C:\Users\phvna\Faculdade\TCC\dataset\star_objects\STAR_001916\Target\target.json,F5,F,F5,3830,3830,0.0,0.9975472082938266,3807.1503077902407,9193.905232576904,train
STAR_005400,1237648704064847937,387396457776310272,C:\Users\phvna\Faculdade\TCC\dataset\star_objects\STAR_005400,C:\Users\phvna\Faculdade\TCC\dataset\spectra\star\387396457776310272.fits,C:\Users\phvna\Faculdade\TCC\dataset\metadata\spectra\star\387396457776310272.json,C:\Users\phvna\Faculdade\TCC\dataset\star_objects\STAR_005400\Target\target.json,A0,A,A0,3806,3806,0.0,0.9927251276342414,3824.7241382490856,9185.439827473989,train
STAR_004077,1237648705128169648,342440449564239872,C:\Users\phvna\Faculdade\TCC\dataset\star_objects\STAR_004077,C:\Users\phvna\Faculdade\TCC\dataset\spectra\star\342440449564239872.fits,C:\Users\phvna\Faculdade\TCC\dataset\metadata\spectra\star\342440449564239872.json,C:\Users\phvna\Faculdade\TCC\dataset\star_objects\STAR_004077\Target\target.json,K1,K,K1,3826,3826,0.0,0.9971267816249012,3811.5356576190284,9196.020278393495,train
STAR_005804,1237648704604471436,409948271046322176,C:\Users\phvna\Faculdade\TCC\dataset\star_objects\STAR_005804,C:\Users\phvna\Faculdade\TCC\dataset\spectra\star\409948271046322176.fits,C:\Users\phvna\Faculdade\TCC\dataset\metadata\spectra\star\409948271046322176.json,C:\Users\phvna\Faculdade\TCC\dataset\star_objects\STAR_005804\Target\target.json,A0,A,A0,3845,3834,0.0,0.9986562402292165,3805.397163121219,9198.140860358988,train
STAR_004047,1237648705127514174,342373379354945536,C:\Users\phvna\Faculdade\TCC\dataset\star_objects\STAR_004047,C:\Users\phvna\Faculdade\TCC\dataset\spectra\star\342373379354945536.fits,C:\Users\phvna\Faculdade\TCC\dataset\metadata\spectra\star\342373379354945536.json,C:\Users\phvna\Faculdade\TCC\dataset\star_objects\STAR_004047\Target\target.json,A0,A,A0,3842,3834,0.0,0.9986562402292165,3805.397163121219,9198.140860358988,train
STAR_006715,1237648702983831953,4525097368694315008,C:\Users\phvna\Faculdade\TCC\dataset\star_objects\STAR_006715,C:\Users\phvna\Faculdade\TCC\dataset\spectra\star\4525097368694315008.fits,C:\Users\phvna\Faculdade\TCC\dataset\metadata\spectra\star\4525097368694315008.json,C:\Users\phvna\Faculdade\TCC\dataset\star_objects\STAR_006715\Target\target.json,F3/F5V (30743),F,F3,4610,3840,0.0,0.999629312764019,3800.142571433285,9198.140860358988,train
STAR_005709,1237648675071525071,391981695772944384,C:\Users\phvna\Faculdade\TCC\dataset\star_objects\STAR_005709,C:\Users\phvna\Faculdade\TCC\dataset\spectra\star\391981695772944384.fits,C:\Users\phvna\Faculdade\TCC\dataset\metadata\spectra\star\391981695772944384.json,C:\Users\phvna\Faculdade\TCC\dataset\star_objects\STAR_005709\Target\target.json,F9,F,F9,3818,3811,0.0,0.9949142313607697,3825.6040110108315,9198.140860358988,train
STAR_006506,1237648703525225164,4514912592268122112,C:\Users\phvna\Faculdade\TCC\dataset\star_objects\STAR_006506,C:\Users\phvna\Faculdade\TCC\dataset\spectra\star\4514912592268122112.fits,C:\Users\phvna\Faculdade\TCC\dataset\metadata\spectra\star\4514912592268122112.json,C:\Users\phvna\Faculdade\TCC\dataset\star_objects\STAR_006506\Target\target.json,F3/F5V (30743),F,F3,4616,3840,0.0,0.999629312764019,3800.142571433285,9198.140860358988,validation
STAR_009786,1237646748744155592,897410158563452928,C:\Users\phvna\Faculdade\TCC\dataset\star_objects\STAR_009786,C:\Users\phvna\Faculdade\TCC\dataset\spectra\star\897410158563452928.fits,C:\Users\phvna\Faculdade\TCC\dataset\metadata\spectra\star\897410158563452928.json,C:\Users\phvna\Faculdade\TCC\dataset\star_objects\STAR_009786\Target\target.json,F5,F,F5,3826,3826,0.0,0.9964383879844031,3808.9042601321803,9189.671555247956,train
STAR_003456,1237648703507660857,329970339779995648,C:\Users\phvna\Faculdade\TCC\dataset\star_objects\STAR_003456,C:\Users\phvna\Faculdade\TCC\dataset\spectra\star\329970339779995648.fits,C:\Users\phvna\Faculdade\TCC\dataset\metadata\spectra\star\329970339779995648.json,C:\Users\phvna\Faculdade\TCC\dataset\star_objects\STAR_003456\Target\target.json,F9,F,F9,3815,3815,0.0,0.993505469595026,3814.168873017869,9179.098408831009,train
STAR_006461,1237648703525946294,4512703948386490368,C:\Users\phvna\Faculdade\TCC\dataset\star_objects\STAR_006461,C:\Users\phvna\Faculdade\TCC\dataset\spectra\star\4512703948386490368.fits,C:\Users\phvna\Faculdade\TCC\dataset\metadata\spectra\star\4512703948386490368.json,C:\Users\phvna\Faculdade\TCC\dataset\star_objects\STAR_006461\Target\target.json,G8V (101501),G,G8,4608,3840,0.0,0.999629312764019,3800.142571433285,9198.140860358988,validation
STAR_002019,1237648705651867663,2880167205004142592,C:\Users\phvna\Faculdade\TCC\dataset\star_objects\STAR_002019,C:\Users\phvna\Faculdade\TCC\dataset\spectra\star\2880167205004142592.fits,C:\Users\phvna\Faculdade\TCC\dataset\metadata\spectra\star\2880167205004142592.json,C:\Users\phvna\Faculdade\TCC\dataset\star_objects\STAR_002019\Target\target.json,A0,A,A0,3838,3828,0.0,0.9976818221925657,3810.659020519133,9198.140860358988,train
STAR_004170,1237648703520505962,346807160883144704,C:\Users\phvna\Faculdade\TCC\dataset\star_objects\STAR_004170,C:\Users\phvna\Faculdade\TCC\dataset\spectra\star\346807160883144704.fits,C:\Users\phvna\Faculdade\TCC\dataset\metadata\spectra\star\346807160883144704.json,C:\Users\phvna\Faculdade\TCC\dataset\star_objects\STAR_004170\Target\target.json,A0,A,A0,3845,3840,0.0,0.999629312764019,3800.142571433285,9198.140860358988,train
STAR_007597,1237646798138769951,5393199191026849792,C:\Users\phvna\Faculdade\TCC\dataset\star_objects\STAR_007597,C:\Users\phvna\Faculdade\TCC\dataset\spectra\star\5393199191026849792.fits,C:\Users\phvna\Faculdade\TCC\dataset\metadata\spectra\star\5393199191026849792.json,C:\Users\phvna\Faculdade\TCC\dataset\star_objects\STAR_007597\Target\target.json,F3/F5V (30743),F,F3,4624,3840,0.0,0.999629312764019,3800.142571433285,9198.140860358988,train
STAR_000081,1237648702987698271,1040499229862160384,C:\Users\phvna\Faculdade\TCC\dataset\star_objects\STAR_000081,C:\Users\phvna\Faculdade\TCC\dataset\spectra\star\1040499229862160384.fits,C:\Users\phvna\Faculdade\TCC\dataset\metadata\spectra\star\1040499229862160384.json,C:\Users\phvna\Faculdade\TCC\dataset\star_objects\STAR_000081\Target\target.json,F5,F,F5,3831,3827,0.0,0.9975194819888815,3811.5356576190284,9198.140860358988,train
STAR_007586,1237646796527239540,5390934197090408448,C:\Users\phvna\Faculdade\TCC\dataset\star_objects\STAR_007586,C:\Users\phvna\Faculdade\TCC\dataset\spectra\star\5390934197090408448.fits,C:\Users\phvna\Faculdade\TCC\dataset\metadata\spectra\star\5390934197090408448.json,C:\Users\phvna\Faculdade\TCC\dataset\star_objects\STAR_007586\Target\target.json,K5Ve (118100),K,K5,4638,3840,0.0,0.999629312764019,3800.142571433285,9198.140860358988,train
STAR_009898,1237646586632340035,897472280970422272,C:\Users\phvna\Faculdade\TCC\dataset\star_objects\STAR_009898,C:\Users\phvna\Faculdade\TCC\dataset\spectra\star\897472280970422272.fits,C:\Users\phvna\Faculdade\TCC\dataset\metadata\spectra\star\897472280970422272.json,C:\Users\phvna\Faculdade\TCC\dataset\star_objects\STAR_009898\Target\target.json,F9,F,F9,3844,3837,0.0,0.9991427512680918,3802.7700035112916,9198.140860358988,train
STAR_008830,1237646797595936294,8388166899377395712,C:\Users\phvna\Faculdade\TCC\dataset\star_objects\STAR_008830,C:\Users\phvna\Faculdade\TCC\dataset\spectra\star\8388166899377395712.fits,C:\Users\phvna\Faculdade\TCC\dataset\metadata\spectra\star\8388166899377395712.json,C:\Users\phvna\Faculdade\TCC\dataset\star_objects\STAR_008830\Target\target.json,K0IV (191026),K,K0,4595,3840,0.0,0.999629312764019,3800.142571433285,9198.140860358988,train
STAR_009489,1237648704045973573,8394845607966300160,C:\Users\phvna\Faculdade\TCC\dataset\star_objects\STAR_009489,C:\Users\phvna\Faculdade\TCC\dataset\spectra\star\8394845607966300160.fits,C:\Users\phvna\Faculdade\TCC\dataset\metadata\spectra\star\8394845607966300160.json,C:\Users\phvna\Faculdade\TCC\dataset\star_objects\STAR_009489\Target\target.json,G0 (63791),G,G0,4627,3840,0.0,0.999629312764019,3800.142571433285,9198.140860358988,train
STAR_001311,1237646379931993137,1417570154295879680,C:\Users\phvna\Faculdade\TCC\dataset\star_objects\STAR_001311,C:\Users\phvna\Faculdade\TCC\dataset\spectra\star\1417570154295879680.fits,C:\Users\phvna\Faculdade\TCC\dataset\metadata\spectra\star\1417570154295879680.json,C:\Users\phvna\Faculdade\TCC\dataset\star_objects\STAR_001311\Target\target.json,A0,A,A0,3832,3832,0.0,0.9976414239376881,3804.5219378491265,9191.785627112642,train
STAR_006712,1237648702983897498,4525086923333851136,C:\Users\phvna\Faculdade\TCC\dataset\star_objects\STAR_006712,C:\Users\phvna\Faculdade\TCC\dataset\spectra\star\4525086923333851136.fits,C:\Users\phvna\Faculdade\TCC\dataset\metadata\spectra\star\4525086923333851136.json,C:\Users\phvna\Faculdade\TCC\dataset\star_objects\STAR_006712\Target\target.json,K3V (32147),K,K3,4610,3840,0.0,0.999629312764019,3800.142571433285,9198.140860358988,train
STAR_001394,1237646382079541699,1417623205731919872,C:\Users\phvna\Faculdade\TCC\dataset\star_objects\STAR_001394,C:\Users\phvna\Faculdade\TCC\dataset\spectra\star\1417623205731919872.fits,C:\Users\phvna\Faculdade\TCC\dataset\metadata\spectra\star\1417623205731919872.json,C:\Users\phvna\Faculdade\TCC\dataset\star_objects\STAR_001394\Target\target.json,A0,A,A0,3846,3838,0.0,0.9993051046378852,3801.8932953144076,9198.140860358988,train
STAR_009717,1237646646223765916,897365903220434944,C:\Users\phvna\Faculdade\TCC\dataset\star_objects\STAR_009717,C:\Users\phvna\Faculdade\TCC\dataset\spectra\star\897365903220434944.fits,C:\Users\phvna\Faculdade\TCC\dataset\metadata\spectra\star\897365903220434944.json,C:\Users\phvna\Faculdade\TCC\dataset\star_objects\STAR_009717\Target\target.json,F5,F,F5,3842,3837,0.0,0.9991427512680918,3802.7700035112916,9198.140860358988,train
STAR_000093,1237645942904586466,1195813772023851008,C:\Users\phvna\Faculdade\TCC\dataset\star_objects\STAR_000093,C:\Users\phvna\Faculdade\TCC\dataset\spectra\star\1195813772023851008.fits,C:\Users\phvna\Faculdade\TCC\dataset\metadata\spectra\star\1195813772023851008.json,C:\Users\phvna\Faculdade\TCC\dataset\star_objects\STAR_000093\Target\target.json,F9,F,F9,3844,3836,0.0,0.9989807471492215,3803.644825753192,9198.140860358988,train
STAR_000795,1237646586640531757,1405144599327959040,C:\Users\phvna\Faculdade\TCC\dataset\star_objects\STAR_000795,C:\Users\phvna\Faculdade\TCC\dataset\spectra\star\1405144599327959040.fits,C:\Users\phvna\Faculdade\TCC\dataset\metadata\spectra\star\1405144599327959040.json,C:\Users\phvna\Faculdade\TCC\dataset\star_objects\STAR_000795\Target\target.json,M1,M,M1,3830,3830,0.0,0.9975472082938266,3807.1503077902407,9193.905232576904,test
STAR_004529,1237648703503466655,364806441174853632,C:\Users\phvna\Faculdade\TCC\dataset\star_objects\STAR_004529,C:\Users\phvna\Faculdade\TCC\dataset\spectra\star\364806441174853632.fits,C:\Users\phvna\Faculdade\TCC\dataset\metadata\spectra\star\364806441174853632.json,C:\Users\phvna\Faculdade\TCC\dataset\star_objects\STAR_004529\Target\target.json,M3,M,M3,3837,3836,0.0,0.9989807471492215,3803.644825753192,9198.140860358988,train
STAR_002216,1237648703504384087,2891367380418586624,C:\Users\phvna\Faculdade\TCC\dataset\star_objects\STAR_002216,C:\Users\phvna\Faculdade\TCC\dataset\spectra\star\2891367380418586624.fits,C:\Users\phvna\Faculdade\TCC\dataset\metadata\spectra\star\2891367380418586624.json,C:\Users\phvna\Faculdade\TCC\dataset\star_objects\STAR_002216\Target\target.json,B6,B,B6,3825,3825,0.0,0.9955883161715137,3807.1503077902407,9183.327215116415,train
STAR_000622,1237646587712831555,1404088488210491392,C:\Users\phvna\Faculdade\TCC\dataset\star_objects\STAR_000622,C:\Users\phvna\Faculdade\TCC\dataset\spectra\star\1404088488210491392.fits,C:\Users\phvna\Faculdade\TCC\dataset\metadata\spectra\star\1404088488210491392.json,C:\Users\phvna\Faculdade\TCC\dataset\star_objects\STAR_000622\Target\target.json,F9,F,F9,3829,3822,0.0,0.99670644473139,3815.9260588094817,9198.140860358988,validation
STAR_003816,1237648704049578281,335523977474631680,C:\Users\phvna\Faculdade\TCC\dataset\star_objects\STAR_003816,C:\Users\phvna\Faculdade\TCC\dataset\spectra\star\335523977474631680.fits,C:\Users\phvna\Faculdade\TCC\dataset\metadata\spectra\star\335523977474631680.json,C:\Users\phvna\Faculdade\TCC\dataset\star_objects\STAR_003816\Target\target.json,A0,A,A0,3832,3824,0.0,0.9970318495076147,3814.168873017869,9198.140860358988,train
STAR_009891,1237646587169276299,897468982435538944,C:\Users\phvna\Faculdade\TCC\dataset\star_objects\STAR_009891,C:\Users\phvna\Faculdade\TCC\dataset\spectra\star\897468982435538944.fits,C:\Users\phvna\Faculdade\TCC\dataset\metadata\spectra\star\897468982435538944.json,C:\Users\phvna\Faculdade\TCC\dataset\star_objects\STAR_009891\Target\target.json,F5,F,F5,3846,3838,0.0,0.9993051046378852,3801.8932953144076,9198.140860358988,validation
STAR_005327,1237648675066413896,386272481998039040,C:\Users\phvna\Faculdade\TCC\dataset\star_objects\STAR_005327,C:\Users\phvna\Faculdade\TCC\dataset\spectra\star\386272481998039040.fits,C:\Users\phvna\Faculdade\TCC\dataset\metadata\spectra\star\386272481998039040.json,C:\Users\phvna\Faculdade\TCC\dataset\star_objects\STAR_005327\Target\target.json,L5.5,L,L5.5,3824,3791,0.0,0.9916440437918188,3843.2630238831666,9198.140860358988,test
STAR_005392,1237648702991696110,387334060491433984,C:\Users\phvna\Faculdade\TCC\dataset\star_objects\STAR_005392,C:\Users\phvna\Faculdade\TCC\dataset\spectra\star\387334060491433984.fits,C:\Users\phvna\Faculdade\TCC\dataset\metadata\spectra\star\387334060491433984.json,C:\Users\phvna\Faculdade\TCC\dataset\star_objects\STAR_005392\Target\target.json,F9,F,F9,3847,3840,0.0,0.999629312764019,3800.142571433285,9198.140860358988,train
STAR_005494,1237648675068576279,388594925400254464,C:\Users\phvna\Faculdade\TCC\dataset\star_objects\STAR_005494,C:\Users\phvna\Faculdade\TCC\dataset\spectra\star\388594925400254464.fits,C:\Users\phvna\Faculdade\TCC\dataset\metadata\spectra\star\388594925400254464.json,C:\Users\phvna\Faculdade\TCC\dataset\star_objects\STAR_005494\Target\target.json,K1,K,K1,3837,3820,0.0,0.9963808900413392,3817.6840541357556,9198.140860358988,test
STAR_009780,1237646586632274168,897407409784383488,C:\Users\phvna\Faculdade\TCC\dataset\star_objects\STAR_009780,C:\Users\phvna\Faculdade\TCC\dataset\spectra\star\897407409784383488.fits,C:\Users\phvna\Faculdade\TCC\dataset\metadata\spectra\star\897407409784383488.json,C:\Users\phvna\Faculdade\TCC\dataset\star_objects\STAR_009780\Target\target.json,K5,K,K5,3829,3829,0.0,0.9971546887634076,3807.1503077902407,9191.785627112642,train
STAR_002971,1237648704593395771,3275341588238198784,C:\Users\phvna\Faculdade\TCC\dataset\star_objects\STAR_002971,C:\Users\phvna\Faculdade\TCC\dataset\spectra\star\3275341588238198784.fits,C:\Users\phvna\Faculdade\TCC\dataset\metadata\spectra\star\3275341588238198784.json,C:\Users\phvna\Faculdade\TCC\dataset\star_objects\STAR_002971\Target\target.json,F5,F,F5,3824,3814,0.0,0.9954033257974189,3822.962901052926,9198.140860358988,train
STAR_008639,1237646797058475545,8388096255755311104,C:\Users\phvna\Faculdade\TCC\dataset\star_objects\STAR_008639,C:\Users\phvna\Faculdade\TCC\dataset\spectra\star\8388096255755311104.fits,C:\Users\phvna\Faculdade\TCC\dataset\metadata\spectra\star\8388096255755311104.json,C:\Users\phvna\Faculdade\TCC\dataset\star_objects\STAR_008639\Target\target.json,K5 (G_19-24),K,K5,4595,3840,0.0,0.999629312764019,3800.142571433285,9198.140860358988,train
STAR_006533,1237648704599097369,4515101158512285696,C:\Users\phvna\Faculdade\TCC\dataset\star_objects\STAR_006533,C:\Users\phvna\Faculdade\TCC\dataset\spectra\star\4515101158512285696.fits,C:\Users\phvna\Faculdade\TCC\dataset\metadata\spectra\star\4515101158512285696.json,C:\Users\phvna\Faculdade\TCC\dataset\star_objects\STAR_006533\Target\target.json,F8V (G_243-63),F,F8,4625,3840,0.0,0.999629312764019,3800.142571433285,9198.140860358988,train
STAR_004933,1237648704584286329,3723470647200948224,C:\Users\phvna\Faculdade\TCC\dataset\star_objects\STAR_004933,C:\Users\phvna\Faculdade\TCC\dataset\spectra\star\3723470647200948224.fits,C:\Users\phvna\Faculdade\TCC\dataset\metadata\spectra\star\3723470647200948224.json,C:\Users\phvna\Faculdade\TCC\dataset\star_objects\STAR_004933\Target\target.json,K1,K,K1,3837,3829,0.0,0.9978445123717098,3809.780493551755,9198.140860358988,train
STAR_000569,1237646586102481837,1404043957989566464,C:\Users\phvna\Faculdade\TCC\dataset\star_objects\STAR_000569,C:\Users\phvna\Faculdade\TCC\dataset\spectra\star\1404043957989566464.fits,C:\Users\phvna\Faculdade\TCC\dataset\metadata\spectra\star\1404043957989566464.json,C:\Users\phvna\Faculdade\TCC\dataset\star_objects\STAR_000569\Target\target.json,M4,M,M4,3843,3833,0.0,0.9968860451265055,3800.142571433285,9183.327215116415,validation
STAR_008029,1237646707428426100,8171948210690217984,C:\Users\phvna\Faculdade\TCC\dataset\star_objects\STAR_008029,C:\Users\phvna\Faculdade\TCC\dataset\spectra\star\8171948210690217984.fits,C:\Users\phvna\Faculdade\TCC\dataset\metadata\spectra\star\8171948210690217984.json,C:\Users\phvna\Faculdade\TCC\dataset\star_objects\STAR_008029\Target\target.json,K1III (18322),K,K1,3852,3840,0.0,0.999629312764019,3800.142571433285,9198.140860358988,train
STAR_008274,1237646796522653276,8387960191191373824,C:\Users\phvna\Faculdade\TCC\dataset\star_objects\STAR_008274,C:\Users\phvna\Faculdade\TCC\dataset\spectra\star\8387960191191373824.fits,C:\Users\phvna\Faculdade\TCC\dataset\metadata\spectra\star\8387960191191373824.json,C:\Users\phvna\Faculdade\TCC\dataset\star_objects\STAR_008274\Target\target.json,K5Ve (118100),K,K5,4622,3840,0.0,0.999629312764019,3800.142571433285,9198.140860358988,train
STAR_009586,1237648705120370839,8394920099879081984,C:\Users\phvna\Faculdade\TCC\dataset\star_objects\STAR_009586,C:\Users\phvna\Faculdade\TCC\dataset\spectra\star\8394920099879081984.fits,C:\Users\phvna\Faculdade\TCC\dataset\metadata\spectra\star\8394920099879081984.json,C:\Users\phvna\Faculdade\TCC\dataset\star_objects\STAR_009586\Target\target.json,F8V (G_243-63),F,F8,4593,3840,0.0,0.999629312764019,3800.142571433285,9198.140860358988,train
STAR_000389,1237646586102218815,1402891425141516288,C:\Users\phvna\Faculdade\TCC\dataset\star_objects\STAR_000389,C:\Users\phvna\Faculdade\TCC\dataset\spectra\star\1402891425141516288.fits,C:\Users\phvna\Faculdade\TCC\dataset\metadata\spectra\star\1402891425141516288.json,C:\Users\phvna\Faculdade\TCC\dataset\star_objects\STAR_000389\Target\target.json,K5,K,K5,3821,3821,0.0,0.9960845964150085,3815.048411935859,9193.905232576904,train
STAR_004835,1237648702973935624,3723378288224215040,C:\Users\phvna\Faculdade\TCC\dataset\star_objects\STAR_004835,C:\Users\phvna\Faculdade\TCC\dataset\spectra\star\3723378288224215040.fits,C:\Users\phvna\Faculdade\TCC\dataset\metadata\spectra\star\3723378288224215040.json,C:\Users\phvna\Faculdade\TCC\dataset\star_objects\STAR_004835\Target\target.json,F5,F,F5,3831,3831,0.0,0.9974793451835968,3805.397163121219,9191.785627112642,train
STAR_001863,1237648703504908390,2880052580916946944,C:\Users\phvna\Faculdade\TCC\dataset\star_objects\STAR_001863,C:\Users\phvna\Faculdade\TCC\dataset\spectra\star\2880052580916946944.fits,C:\Users\phvna\Faculdade\TCC\dataset\metadata\spectra\star\2880052580916946944.json,C:\Users\phvna\Faculdade\TCC\dataset\star_objects\STAR_001863\Target\target.json,G2,G,G2,3816,3806,0.0,0.9940981931880342,3830.010617143604,9198.140860358988,validation
STAR_001685,1237646587173667800,2310444522435274752,C:\Users\phvna\Faculdade\TCC\dataset\star_objects\STAR_001685,C:\Users\phvna\Faculdade\TCC\dataset\spectra\star\2310444522435274752.fits,C:\Users\phvna\Faculdade\TCC\dataset\metadata\spectra\star\2310444522435274752.json,C:\Users\phvna\Faculdade\TCC\dataset\star_objects\STAR_001685\Target\target.json,K3,K,K3,3828,3820,0.0,0.9963808900413392,3817.6840541357556,9198.140860358988,train
STAR_000519,1237646586102678460,1404015370687244288,C:\Users\phvna\Faculdade\TCC\dataset\star_objects\STAR_000519,C:\Users\phvna\Faculdade\TCC\dataset\spectra\star\1404015370687244288.fits,C:\Users\phvna\Faculdade\TCC\dataset\metadata\spectra\star\1404015370687244288.json,C:\Users\phvna\Faculdade\TCC\dataset\star_objects\STAR_000519\Target\target.json,M4,M,M4,3844,3839,0.0,0.9992366124000388,3800.142571433285,9196.020278393495,train
STAR_009126,1237646795989058131,8389206762784577536,C:\Users\phvna\Faculdade\TCC\dataset\star_objects\STAR_009126,C:\Users\phvna\Faculdade\TCC\dataset\spectra\star\8389206762784577536.fits,C:\Users\phvna\Faculdade\TCC\dataset\metadata\spectra\star\8389206762784577536.json,C:\Users\phvna\Faculdade\TCC\dataset\star_objects\STAR_009126\Target\target.json,K0IV (191026),K,K0,4631,3840,0.0,0.999629312764019,3800.142571433285,9198.140860358988,train
STAR_004234,1237648703521947963,349065838147430400,C:\Users\phvna\Faculdade\TCC\dataset\star_objects\STAR_004234,C:\Users\phvna\Faculdade\TCC\dataset\spectra\star\349065838147430400.fits,C:\Users\phvna\Faculdade\TCC\dataset\metadata\spectra\star\349065838147430400.json,C:\Users\phvna\Faculdade\TCC\dataset\star_objects\STAR_004234\Target\target.json,A0,A,A0,3841,3839,0.0,0.9994670341559035,3801.0188759171087,9198.140860358988,train
STAR_002543,1237648702968889416,3259516041058871296,C:\Users\phvna\Faculdade\TCC\dataset\star_objects\STAR_002543,C:\Users\phvna\Faculdade\TCC\dataset\spectra\star\3259516041058871296.fits,C:\Users\phvna\Faculdade\TCC\dataset\metadata\spectra\star\3259516041058871296.json,C:\Users\phvna\Faculdade\TCC\dataset\star_objects\STAR_002543\Target\target.json,F9,F,F9,3806,3806,0.0,0.9913552794054666,3819.442859369643,9172.761368159163,test
STAR_003915,1237648705124237390,337897547999766528,C:\Users\phvna\Faculdade\TCC\dataset\star_objects\STAR_003915,C:\Users\phvna\Faculdade\TCC\dataset\spectra\star\337897547999766528.fits,C:\Users\phvna\Faculdade\TCC\dataset\metadata\spectra\star\337897547999766528.json,C:\Users\phvna\Faculdade\TCC\dataset\star_objects\STAR_003915\Target\target.json,F2,F,F2,3838,3830,0.0,0.9980067778197793,3808.9042601321803,9198.140860358988,train
STAR_004346,1237648704062882117,354702479021074432,C:\Users\phvna\Faculdade\TCC\dataset\star_objects\STAR_004346,C:\Users\phvna\Faculdade\TCC\dataset\spectra\star\354702479021074432.fits,C:\Users\phvna\Faculdade\TCC\dataset\metadata\spectra\star\354702479021074432.json,C:\Users\phvna\Faculdade\TCC\dataset\star_objects\STAR_004346\Target\target.json,M0,M,M0,3844,3836,0.0,0.9980609229286428,3800.142571433285,9189.671555247956,train
STAR_008591,1237646795984798766,8388077564057638912,C:\Users\phvna\Faculdade\TCC\dataset\star_objects\STAR_008591,C:\Users\phvna\Faculdade\TCC\dataset\spectra\star\8388077564057638912.fits,C:\Users\phvna\Faculdade\TCC\dataset\metadata\spectra\star\8388077564057638912.json,C:\Users\phvna\Faculdade\TCC\dataset\star_objects\STAR_008591\Target\target.json,K5Ve (118100),K,K5,4627,3840,0.0,0.999629312764019,3800.142571433285,9198.140860358988,train
STAR_003945,1237648705125023883,339002282290997248,C:\Users\phvna\Faculdade\TCC\dataset\star_objects\STAR_003945,C:\Users\phvna\Faculdade\TCC\dataset\spectra\star\339002282290997248.fits,C:\Users\phvna\Faculdade\TCC\dataset\metadata\spectra\star\339002282290997248.json,C:\Users\phvna\Faculdade\TCC\dataset\star_objects\STAR_003945\Target\target.json,A0,A,A0,3840,3822,0.0,0.99670644473139,3815.9260588094817,9198.140860358988,validation
STAR_000766,1237646585566856539,1405126182508193792,C:\Users\phvna\Faculdade\TCC\dataset\star_objects\STAR_000766,C:\Users\phvna\Faculdade\TCC\dataset\spectra\star\1405126182508193792.fits,C:\Users\phvna\Faculdade\TCC\dataset\metadata\spectra\star\1405126182508193792.json,C:\Users\phvna\Faculdade\TCC\dataset\star_objects\STAR_000766\Target\target.json,M2,M,M2,3818,3815,0.0,0.9955665412716672,3822.081537491985,9198.140860358988,validation
STAR_002341,1237648705115193451,2891450118668576768,C:\Users\phvna\Faculdade\TCC\dataset\star_objects\STAR_002341,C:\Users\phvna\Faculdade\TCC\dataset\spectra\star\2891450118668576768.fits,C:\Users\phvna\Faculdade\TCC\dataset\metadata\spectra\star\2891450118668576768.json,C:\Users\phvna\Faculdade\TCC\dataset\star_objects\STAR_002341\Target\target.json,F9,F,F9,3838,3830,0.0,0.9980067778197793,3808.9042601321803,9198.140860358988,test
STAR_003461,1237648704581402787,329987107332319232,C:\Users\phvna\Faculdade\TCC\dataset\star_objects\STAR_003461,C:\Users\phvna\Faculdade\TCC\dataset\spectra\star\329987107332319232.fits,C:\Users\phvna\Faculdade\TCC\dataset\metadata\spectra\star\329987107332319232.json,C:\Users\phvna\Faculdade\TCC\dataset\star_objects\STAR_003461\Target\target.json,WD,WD,WD,3832,3807,0.0,0.9942613202736899,3829.129730881063,9198.140860358988,train
STAR_000089,1237648704062947445,1042707049277843456,C:\Users\phvna\Faculdade\TCC\dataset\star_objects\STAR_000089,C:\Users\phvna\Faculdade\TCC\dataset\spectra\star\1042707049277843456.fits,C:\Users\phvna\Faculdade\TCC\dataset\metadata\spectra\star\1042707049277843456.json,C:\Users\phvna\Faculdade\TCC\dataset\star_objects\STAR_000089\Target\target.json,F5,F,F5,3849,3840,0.0,0.999629312764019,3800.142571433285,9198.140860358988,train
STAR_004535,1237648704040534084,364809189953923072,C:\Users\phvna\Faculdade\TCC\dataset\star_objects\STAR_004535,C:\Users\phvna\Faculdade\TCC\dataset\spectra\star\364809189953923072.fits,C:\Users\phvna\Faculdade\TCC\dataset\metadata\spectra\star\364809189953923072.json,C:\Users\phvna\Faculdade\TCC\dataset\star_objects\STAR_004535\Target\target.json,K3,K,K3,3839,3838,0.0,0.9993051046378852,3801.8932953144076,9198.140860358988,train
STAR_002770,1237648702972756030,3266293157280638976,C:\Users\phvna\Faculdade\TCC\dataset\star_objects\STAR_002770,C:\Users\phvna\Faculdade\TCC\dataset\spectra\star\3266293157280638976.fits,C:\Users\phvna\Faculdade\TCC\dataset\metadata\spectra\star\3266293157280638976.json,C:\Users\phvna\Faculdade\TCC\dataset\star_objects\STAR_002770\Target\target.json,F9,F,F9,3822,3822,0.0,0.994871442263903,3808.9042601321803,9181.210048357256,train
STAR_002520,1237648703505825981,3259503671553058816,C:\Users\phvna\Faculdade\TCC\dataset\star_objects\STAR_002520,C:\Users\phvna\Faculdade\TCC\dataset\spectra\star\3259503671553058816.fits,C:\Users\phvna\Faculdade\TCC\dataset\metadata\spectra\star\3259503671553058816.json,C:\Users\phvna\Faculdade\TCC\dataset\star_objects\STAR_002520\Target\target.json,F9,F,F9,3806,3806,0.0,0.9913552794054666,3819.442859369643,9172.761368159163,train
STAR_005251,1237648704064127147,385063568946522112,C:\Users\phvna\Faculdade\TCC\dataset\star_objects\STAR_005251,C:\Users\phvna\Faculdade\TCC\dataset\spectra\star\385063568946522112.fits,C:\Users\phvna\Faculdade\TCC\dataset\metadata\spectra\star\385063568946522112.json,C:\Users\phvna\Faculdade\TCC\dataset\star_objects\STAR_005251\Target\target.json,A0,A,A0,3836,3829,0.0,0.9978445123717098,3809.780493551755,9198.140860358988,train
STAR_006612,1237648703522931940,4519454679500085248,C:\Users\phvna\Faculdade\TCC\dataset\star_objects\STAR_006612,C:\Users\phvna\Faculdade\TCC\dataset\spectra\star\4519454679500085248.fits,C:\Users\phvna\Faculdade\TCC\dataset\metadata\spectra\star\4519454679500085248.json,C:\Users\phvna\Faculdade\TCC\dataset\star_objects\STAR_006612\Target\target.json,F3/F5V (30743),F,F3,4634,3840,0.0,0.999629312764019,3800.142571433285,9198.140860358988,test
STAR_009822,1237646647833854191,897434897575077888,C:\Users\phvna\Faculdade\TCC\dataset\star_objects\STAR_009822,C:\Users\phvna\Faculdade\TCC\dataset\spectra\star\897434897575077888.fits,C:\Users\phvna\Faculdade\TCC\dataset\metadata\spectra\star\897434897575077888.json,C:\Users\phvna\Faculdade\TCC\dataset\star_objects\STAR_009822\Target\target.json,F5,F,F5,3824,3814,0.0,0.9954033257974189,3822.962901052926,9198.140860358988,validation
STAR_001577,1237645943978590317,1709237878774589440,C:\Users\phvna\Faculdade\TCC\dataset\star_objects\STAR_001577,C:\Users\phvna\Faculdade\TCC\dataset\spectra\star\1709237878774589440.fits,C:\Users\phvna\Faculdade\TCC\dataset\metadata\spectra\star\1709237878774589440.json,C:\Users\phvna\Faculdade\TCC\dataset\star_objects\STAR_001577\Target\target.json,G0,G,G0,3850,3840,0.0,0.999629312764019,3800.142571433285,9198.140860358988,train
STAR_004908,1237648702973673574,3723422543567233024,C:\Users\phvna\Faculdade\TCC\dataset\star_objects\STAR_004908,C:\Users\phvna\Faculdade\TCC\dataset\spectra\star\3723422543567233024.fits,C:\Users\phvna\Faculdade\TCC\dataset\metadata\spectra\star\3723422543567233024.json,C:\Users\phvna\Faculdade\TCC\dataset\star_objects\STAR_004908\Target\target.json,A0,A,A0,3814,3814,0.0,0.9933425920176203,3815.048411935859,9179.098408831009,train
STAR_008533,1237646795984996849,8388055848702990336,C:\Users\phvna\Faculdade\TCC\dataset\star_objects\STAR_008533,C:\Users\phvna\Faculdade\TCC\dataset\spectra\star\8388055848702990336.fits,C:\Users\phvna\Faculdade\TCC\dataset\metadata\spectra\star\8388055848702990336.json,C:\Users\phvna\Faculdade\TCC\dataset\star_objects\STAR_008533\Target\target.json,K5 (G_19-24),K,K5,4628,3840,0.0,0.999629312764019,3800.142571433285,9198.140860358988,train
STAR_003354,1237648703509626909,3294442028888254464,C:\Users\phvna\Faculdade\TCC\dataset\star_objects\STAR_003354,C:\Users\phvna\Faculdade\TCC\dataset\spectra\star\3294442028888254464.fits,C:\Users\phvna\Faculdade\TCC\dataset\metadata\spectra\star\3294442028888254464.json,C:\Users\phvna\Faculdade\TCC\dataset\star_objects\STAR_003354\Target\target.json,K5,K,K5,3823,3823,0.0,0.9945758569004981,3806.272589737735,9176.982217000424,train
STAR_000765,1237646585566987801,1405125907630286848,C:\Users\phvna\Faculdade\TCC\dataset\star_objects\STAR_000765,C:\Users\phvna\Faculdade\TCC\dataset\spectra\star\1405125907630286848.fits,C:\Users\phvna\Faculdade\TCC\dataset\metadata\spectra\star\1405125907630286848.json,C:\Users\phvna\Faculdade\TCC\dataset\star_objects\STAR_000765\Target\target.json,M4,M,M4,3818,3815,0.0,0.9955665412716672,3822.081537491985,9198.140860358988,train
STAR_002681,1237648705116373006,3259617196128626688,C:\Users\phvna\Faculdade\TCC\dataset\star_objects\STAR_002681,C:\Users\phvna\Faculdade\TCC\dataset\spectra\star\3259617196128626688.fits,C:\Users\phvna\Faculdade\TCC\dataset\metadata\spectra\star\3259617196128626688.json,C:\Users\phvna\Faculdade\TCC\dataset\star_objects\STAR_002681\Target\target.json,M4,M,M4,3842,3835,0.0,0.9988183189833076,3804.5219378491265,9198.140860358988,test
STAR_009079,1237646795989451725,8389159483784583168,C:\Users\phvna\Faculdade\TCC\dataset\star_objects\STAR_009079,C:\Users\phvna\Faculdade\TCC\dataset\spectra\star\8389159483784583168.fits,C:\Users\phvna\Faculdade\TCC\dataset\metadata\spectra\star\8389159483784583168.json,C:\Users\phvna\Faculdade\TCC\dataset\star_objects\STAR_009079\Target\target.json,K5Ve (118100),K,K5,4631,3840,0.0,0.999629312764019,3800.142571433285,9198.140860358988,train
STAR_005816,1237648705141736046,409965863232366592,C:\Users\phvna\Faculdade\TCC\dataset\star_objects\STAR_005816,C:\Users\phvna\Faculdade\TCC\dataset\spectra\star\409965863232366592.fits,C:\Users\phvna\Faculdade\TCC\dataset\metadata\spectra\star\409965863232366592.json,C:\Users\phvna\Faculdade\TCC\dataset\star_objects\STAR_005816\Target\target.json,M5,M,M5,3840,3834,0.0,0.9986562402292165,3805.397163121219,9198.140860358988,train
STAR_001079,1237646586640861254,1406323550788282368,C:\Users\phvna\Faculdade\TCC\dataset\star_objects\STAR_001079,C:\Users\phvna\Faculdade\TCC\dataset\spectra\star\1406323550788282368.fits,C:\Users\phvna\Faculdade\TCC\dataset\metadata\spectra\star\1406323550788282368.json,C:\Users\phvna\Faculdade\TCC\dataset\star_objects\STAR_001079\Target\target.json,M4,M,M4,3808,3808,0.0,0.9930512826705672,3822.962901052926,9185.439827473989,train
STAR_001085,1237646585567053304,1406326299567351808,C:\Users\phvna\Faculdade\TCC\dataset\star_objects\STAR_001085,C:\Users\phvna\Faculdade\TCC\dataset\spectra\star\1406326299567351808.fits,C:\Users\phvna\Faculdade\TCC\dataset\metadata\spectra\star\1406326299567351808.json,C:\Users\phvna\Faculdade\TCC\dataset\star_objects\STAR_001085\Target\target.json,M5,M,M5,3806,3806,0.0,0.9927251276342414,3824.7241382490856,9185.439827473989,validation
STAR_001673,1237646587710800079,2310435451464345600,C:\Users\phvna\Faculdade\TCC\dataset\star_objects\STAR_001673,C:\Users\phvna\Faculdade\TCC\dataset\spectra\star\2310435451464345600.fits,C:\Users\phvna\Faculdade\TCC\dataset\metadata\spectra\star\2310435451464345600.json,C:\Users\phvna\Faculdade\TCC\dataset\star_objects\STAR_001673\Target\target.json,F5,F,F5,3818,3810,0.0,0.9947512544764514,3826.48408618615,9198.140860358988,train
STAR_003144,1237648703505563850,3287684429366978560,C:\Users\phvna\Faculdade\TCC\dataset\star_objects\STAR_003144,C:\Users\phvna\Faculdade\TCC\dataset\spectra\star\3287684429366978560.fits,C:\Users\phvna\Faculdade\TCC\dataset\metadata\spectra\star\3287684429366978560.json,C:\Users\phvna\Faculdade\TCC\dataset\star_objects\STAR_003144\Target\target.json,F9,F,F9,3819,3819,0.0,0.9936976462454351,3808.9042601321803,9174.87154985753,train
STAR_003860,1237648704049578142,336707596977203200,C:\Users\phvna\Faculdade\TCC\dataset\star_objects\STAR_003860,C:\Users\phvna\Faculdade\TCC\dataset\spectra\star\336707596977203200.fits,C:\Users\phvna\Faculdade\TCC\dataset\metadata\spectra\star\336707596977203200.json,C:\Users\phvna\Faculdade\TCC\dataset\star_objects\STAR_003860\Target\target.json,A0,A,A0,3833,3833,0.0,0.9971149910290519,3801.0188759171087,9185.439827473989,train
STAR_008238,1237645943978655932,8254213396691703808,C:\Users\phvna\Faculdade\TCC\dataset\star_objects\STAR_008238,C:\Users\phvna\Faculdade\TCC\dataset\spectra\star\8254213396691703808.fits,C:\Users\phvna\Faculdade\TCC\dataset\metadata\spectra\star\8254213396691703808.json,C:\Users\phvna\Faculdade\TCC\dataset\star_objects\STAR_008238\Target\target.json,F8V (30562),F,F8,4596,3840,0.0,0.999629312764019,3800.142571433285,9198.140860358988,train
STAR_009248,1237646797063259133,8389294173958985728,C:\Users\phvna\Faculdade\TCC\dataset\star_objects\STAR_009248,C:\Users\phvna\Faculdade\TCC\dataset\spectra\star\8389294173958985728.fits,C:\Users\phvna\Faculdade\TCC\dataset\metadata\spectra\star\8389294173958985728.json,C:\Users\phvna\Faculdade\TCC\dataset\star_objects\STAR_009248\Target\target.json,K5 (G_19-24),K,K5,4596,3840,0.0,0.999629312764019,3800.142571433285,9198.140860358988,test
STAR_005004,1237648704048202018,3723526172538150912,C:\Users\phvna\Faculdade\TCC\dataset\star_objects\STAR_005004,C:\Users\phvna\Faculdade\TCC\dataset\spectra\star\3723526172538150912.fits,C:\Users\phvna\Faculdade\TCC\dataset\metadata\spectra\star\3723526172538150912.json,C:\Users\phvna\Faculdade\TCC\dataset\star_objects\STAR_005004\Target\target.json,M1,M,M1,3812,3805,0.0,0.9939346391159606,3830.893809132801,9198.140860358988,train
STAR_000109,1237645943973675213,1202617275014735872,C:\Users\phvna\Faculdade\TCC\dataset\star_objects\STAR_000109,C:\Users\phvna\Faculdade\TCC\dataset\spectra\star\1202617275014735872.fits,C:\Users\phvna\Faculdade\TCC\dataset\metadata\spectra\star\1202617275014735872.json,C:\Users\phvna\Faculdade\TCC\dataset\star_objects\STAR_000109\Target\target.json,K3,K,K3,3837,3836,0.0,0.9989807471492215,3803.644825753192,9198.140860358988,validation
STAR_001748,1237646798138638592,2316093820141332480,C:\Users\phvna\Faculdade\TCC\dataset\star_objects\STAR_001748,C:\Users\phvna\Faculdade\TCC\dataset\spectra\star\2316093820141332480.fits,C:\Users\phvna\Faculdade\TCC\dataset\metadata\spectra\star\2316093820141332480.json,C:\Users\phvna\Faculdade\TCC\dataset\star_objects\STAR_001748\Target\target.json,K3,K,K3,3839,3829,0.0,0.9978445123717098,3809.780493551755,9198.140860358988,test
STAR_000796,1237646585566594517,1405145973717493760,C:\Users\phvna\Faculdade\TCC\dataset\star_objects\STAR_000796,C:\Users\phvna\Faculdade\TCC\dataset\spectra\star\1405145973717493760.fits,C:\Users\phvna\Faculdade\TCC\dataset\metadata\spectra\star\1405145973717493760.json,C:\Users\phvna\Faculdade\TCC\dataset\star_objects\STAR_000796\Target\target.json,M4,M,M4,3831,3831,0.0,0.9974793451835968,3805.397163121219,9191.785627112642,test
STAR_001262,1237646381542736879,1417548713819138048,C:\Users\phvna\Faculdade\TCC\dataset\star_objects\STAR_001262,C:\Users\phvna\Faculdade\TCC\dataset\spectra\star\1417548713819138048.fits,C:\Users\phvna\Faculdade\TCC\dataset\metadata\spectra\star\1417548713819138048.json,C:\Users\phvna\Faculdade\TCC\dataset\star_objects\STAR_001262\Target\target.json,F5,F,F5,3842,3839,0.0,0.9992366124000388,3800.142571433285,9196.020278393495,test
STAR_006439,1237648705120633151,4508292432270743552,C:\Users\phvna\Faculdade\TCC\dataset\star_objects\STAR_006439,C:\Users\phvna\Faculdade\TCC\dataset\spectra\star\4508292432270743552.fits,C:\Users\phvna\Faculdade\TCC\dataset\metadata\spectra\star\4508292432270743552.json,C:\Users\phvna\Faculdade\TCC\dataset\star_objects\STAR_006439\Target\target.json,A1V (95418),A,A1,4619,3840,0.0,0.999629312764019,3800.142571433285,9198.140860358988,train
STAR_007431,1237648704585203874,4560128912626309120,C:\Users\phvna\Faculdade\TCC\dataset\star_objects\STAR_007431,C:\Users\phvna\Faculdade\TCC\dataset\spectra\star\4560128912626309120.fits,C:\Users\phvna\Faculdade\TCC\dataset\metadata\spectra\star\4560128912626309120.json,C:\Users\phvna\Faculdade\TCC\dataset\star_objects\STAR_007431\Target\target.json,F3/F5V (30743),F,F3,4623,3840,0.0,0.999629312764019,3800.142571433285,9198.140860358988,train
STAR_002555,1237648704042631176,3259527311053056000,C:\Users\phvna\Faculdade\TCC\dataset\star_objects\STAR_002555,C:\Users\phvna\Faculdade\TCC\dataset\spectra\star\3259527311053056000.fits,C:\Users\phvna\Faculdade\TCC\dataset\metadata\spectra\star\3259527311053056000.json,C:\Users\phvna\Faculdade\TCC\dataset\star_objects\STAR_002555\Target\target.json,F2,F,F2,3806,3806,0.0,0.9913552794054666,3819.442859369643,9172.761368159163,train
STAR_004302,1237648704060064057,351363812399540224,C:\Users\phvna\Faculdade\TCC\dataset\star_objects\STAR_004302,C:\Users\phvna\Faculdade\TCC\dataset\spectra\star\351363812399540224.fits,C:\Users\phvna\Faculdade\TCC\dataset\metadata\spectra\star\351363812399540224.json,C:\Users\phvna\Faculdade\TCC\dataset\star_objects\STAR_004302\Target\target.json,A0,A,A0,3812,3812,0.0,0.9937031422415455,3819.442859369643,9185.439827473989,train
STAR_000417,1237646587712308503,1402984608751970304,C:\Users\phvna\Faculdade\TCC\dataset\star_objects\STAR_000417,C:\Users\phvna\Faculdade\TCC\dataset\spectra\star\1402984608751970304.fits,C:\Users\phvna\Faculdade\TCC\dataset\metadata\spectra\star\1402984608751970304.json,C:\Users\phvna\Faculdade\TCC\dataset\star_objects\STAR_000417\Target\target.json,M3,M,M3,3836,3826,0.0,0.9973571044390466,3812.412496388137,9198.140860358988,train
STAR_008016,1237646707428425749,8171937490451847168,C:\Users\phvna\Faculdade\TCC\dataset\star_objects\STAR_008016,C:\Users\phvna\Faculdade\TCC\dataset\spectra\star\8171937490451847168.fits,C:\Users\phvna\Faculdade\TCC\dataset\metadata\spectra\star\8171937490451847168.json,C:\Users\phvna\Faculdade\TCC\dataset\star_objects\STAR_008016\Target\target.json,G9IV (100030),G,G9,3849,3840,0.0,0.999629312764019,3800.142571433285,9198.140860358988,validation
STAR_006153,1237648702968234322,4331362599021336576,C:\Users\phvna\Faculdade\TCC\dataset\star_objects\STAR_006153,C:\Users\phvna\Faculdade\TCC\dataset\spectra\star\4331362599021336576.fits,C:\Users\phvna\Faculdade\TCC\dataset\metadata\spectra\star\4331362599021336576.json,C:\Users\phvna\Faculdade\TCC\dataset\star_objects\STAR_006153\Target\target.json,F6V (16673),F,F6,4635,3840,0.0,0.999629312764019,3800.142571433285,9198.140860358988,test
STAR_008092,1237646792236401381,8171994665056491520,C:\Users\phvna\Faculdade\TCC\dataset\star_objects\STAR_008092,C:\Users\phvna\Faculdade\TCC\dataset\spectra\star\8171994665056491520.fits,C:\Users\phvna\Faculdade\TCC\dataset\metadata\spectra\star\8171994665056491520.json,C:\Users\phvna\Faculdade\TCC\dataset\star_objects\STAR_008092\Target\target.json,K1III (18322),K,K1,3852,3840,0.0,0.999629312764019,3800.142571433285,9198.140860358988,train
STAR_007708,1237646586638762070,8170740123178391552,C:\Users\phvna\Faculdade\TCC\dataset\star_objects\STAR_007708,C:\Users\phvna\Faculdade\TCC\dataset\spectra\star\8170740123178391552.fits,C:\Users\phvna\Faculdade\TCC\dataset\metadata\spectra\star\8170740123178391552.json,C:\Users\phvna\Faculdade\TCC\dataset\star_objects\STAR_007708\Target\target.json,F8Ibvar (45412),F,F8,4625,3840,0.0,0.999629312764019,3800.142571433285,9198.140860358988,train
STAR_001077,1237646586103989956,1406322726154561536,C:\Users\phvna\Faculdade\TCC\dataset\star_objects\STAR_001077,C:\Users\phvna\Faculdade\TCC\dataset\spectra\star\1406322726154561536.fits,C:\Users\phvna\Faculdade\TCC\dataset\metadata\spectra\star\1406322726154561536.json,C:\Users\phvna\Faculdade\TCC\dataset\star_objects\STAR_001077\Target\target.json,M3,M,M3,3810,3810,0.0,0.9936067466886825,3822.081537491985,9187.55796961087,train
STAR_003096,1237648703505891391,3287650344506517504,C:\Users\phvna\Faculdade\TCC\dataset\star_objects\STAR_003096,C:\Users\phvna\Faculdade\TCC\dataset\spectra\star\3287650344506517504.fits,C:\Users\phvna\Faculdade\TCC\dataset\metadata\spectra\star\3287650344506517504.json,C:\Users\phvna\Faculdade\TCC\dataset\star_objects\STAR_003096\Target\target.json,F2,F,F2,3819,3819,0.0,0.9936976462454351,3808.9042601321803,9174.87154985753,train
STAR_004002,1237648704589856806,341246654915045376,C:\Users\phvna\Faculdade\TCC\dataset\star_objects\STAR_004002,C:\Users\phvna\Faculdade\TCC\dataset\spectra\star\341246654915045376.fits,C:\Users\phvna\Faculdade\TCC\dataset\metadata\spectra\star\341246654915045376.json,C:\Users\phvna\Faculdade\TCC\dataset\star_objects\STAR_004002\Target\target.json,F5,F,F5,3835,3827,0.0,0.9975194819888815,3811.5356576190284,9198.140860358988,train
STAR_001651,1237646585563513044,2310384049295747072,C:\Users\phvna\Faculdade\TCC\dataset\star_objects\STAR_001651,C:\Users\phvna\Faculdade\TCC\dataset\spectra\star\2310384049295747072.fits,C:\Users\phvna\Faculdade\TCC\dataset\metadata\spectra\star\2310384049295747072.json,C:\Users\phvna\Faculdade\TCC\dataset\star_objects\STAR_001651\Target\target.json,K3,K,K3,3847,3837,0.0,0.9984524177183993,3800.142571433285,9191.785627112642,train
STAR_006205,1237648705115128409,4331513506992248832,C:\Users\phvna\Faculdade\TCC\dataset\star_objects\STAR_006205,C:\Users\phvna\Faculdade\TCC\dataset\spectra\star\4331513506992248832.fits,C:\Users\phvna\Faculdade\TCC\dataset\metadata\spectra\star\4331513506992248832.json,C:\Users\phvna\Faculdade\TCC\dataset\star_objects\STAR_006205\Target\target.json,A9V (154660),A,A9,4624,3840,0.0,0.999629312764019,3800.142571433285,9198.140860358988,train
STAR_004154,1237648704592806031,345769221923301376,C:\Users\phvna\Faculdade\TCC\dataset\star_objects\STAR_004154,C:\Users\phvna\Faculdade\TCC\dataset\spectra\star\345769221923301376.fits,C:\Users\phvna\Faculdade\TCC\dataset\metadata\spectra\star\345769221923301376.json,C:\Users\phvna\Faculdade\TCC\dataset\star_objects\STAR_004154\Target\target.json,WD,WD,WD,3846,3838,0.0,0.9993051046378852,3801.8932953144076,9198.140860358988,train
STAR_009329,1237648704047153319,8394718064617478144,C:\Users\phvna\Faculdade\TCC\dataset\star_objects\STAR_009329,C:\Users\phvna\Faculdade\TCC\dataset\spectra\star\8394718064617478144.fits,C:\Users\phvna\Faculdade\TCC\dataset\metadata\spectra\star\8394718064617478144.json,C:\Users\phvna\Faculdade\TCC\dataset\star_objects\STAR_009329\Target\target.json,K3V (32147),K,K3,4620,3840,0.0,0.999629312764019,3800.142571433285,9198.140860358988,train
STAR_003025,1237648705130987723,3275385293825402880,C:\Users\phvna\Faculdade\TCC\dataset\star_objects\STAR_003025,C:\Users\phvna\Faculdade\TCC\dataset\spectra\star\3275385293825402880.fits,C:\Users\phvna\Faculdade\TCC\dataset\metadata\spectra\star\3275385293825402880.json,C:\Users\phvna\Faculdade\TCC\dataset\star_objects\STAR_003025\Target\target.json,F9,F,F9,3838,3831,0.0,0.9981693930821489,3808.0261377153843,9198.140860358988,test
STAR_005166,1237648704594903046,3731345074601172992,C:\Users\phvna\Faculdade\TCC\dataset\star_objects\STAR_005166,C:\Users\phvna\Faculdade\TCC\dataset\spectra\star\3731345074601172992.fits,C:\Users\phvna\Faculdade\TCC\dataset\metadata\spectra\star\3731345074601172992.json,C:\Users\phvna\Faculdade\TCC\dataset\star_objects\STAR_005166\Target\target.json,G2,G,G2,3838,3830,0.0,0.9980067778197793,3808.9042601321803,9198.140860358988,train
STAR_001786,1237646791691338577,2332946578140063744,C:\Users\phvna\Faculdade\TCC\dataset\star_objects\STAR_001786,C:\Users\phvna\Faculdade\TCC\dataset\spectra\star\2332946578140063744.fits,C:\Users\phvna\Faculdade\TCC\dataset\metadata\spectra\star\2332946578140063744.json,C:\Users\phvna\Faculdade\TCC\dataset\star_objects\STAR_001786\Target\target.json,K3,K,K3,3818,3818,0.0,0.9942217688831702,3812.412496388137,9181.210048357256,train
STAR_007151,1237648703517557233,4539856112770635776,C:\Users\phvna\Faculdade\TCC\dataset\star_objects\STAR_007151,C:\Users\phvna\Faculdade\TCC\dataset\spectra\star\4539856112770635776.fits,C:\Users\phvna\Faculdade\TCC\dataset\metadata\spectra\star\4539856112770635776.json,C:\Users\phvna\Faculdade\TCC\dataset\star_objects\STAR_007151\Target\target.json,K3V (32147),K,K3,4625,3840,0.0,0.999629312764019,3800.142571433285,9198.140860358988,train
STAR_004939,1237648704584417460,3723478893538156544,C:\Users\phvna\Faculdade\TCC\dataset\star_objects\STAR_004939,C:\Users\phvna\Faculdade\TCC\dataset\spectra\star\3723478893538156544.fits,C:\Users\phvna\Faculdade\TCC\dataset\metadata\spectra\star\3723478893538156544.json,C:\Users\phvna\Faculdade\TCC\dataset\star_objects\STAR_004939\Target\target.json,G2,G,G2,3838,3830,0.0,0.9980067778197793,3808.9042601321803,9198.140860358988,train
STAR_006429,1237648704046694502,4508220414259124224,C:\Users\phvna\Faculdade\TCC\dataset\star_objects\STAR_006429,C:\Users\phvna\Faculdade\TCC\dataset\spectra\star\4508220414259124224.fits,C:\Users\phvna\Faculdade\TCC\dataset\metadata\spectra\star\4508220414259124224.json,C:\Users\phvna\Faculdade\TCC\dataset\star_objects\STAR_006429\Target\target.json,F3/F5V (30743),F,F3,4598,3840,0.0,0.999629312764019,3800.142571433285,9198.140860358988,train
STAR_005260,1237648703526928829,385084459667449856,C:\Users\phvna\Faculdade\TCC\dataset\star_objects\STAR_005260,C:\Users\phvna\Faculdade\TCC\dataset\spectra\star\385084459667449856.fits,C:\Users\phvna\Faculdade\TCC\dataset\metadata\spectra\star\385084459667449856.json,C:\Users\phvna\Faculdade\TCC\dataset\star_objects\STAR_005260\Target\target.json,WD,WD,WD,3846,3840,0.0,0.999629312764019,3800.142571433285,9198.140860358988,train
STAR_007131,1237648703517294661,4539810757915990016,C:\Users\phvna\Faculdade\TCC\dataset\star_objects\STAR_007131,C:\Users\phvna\Faculdade\TCC\dataset\spectra\star\4539810757915990016.fits,C:\Users\phvna\Faculdade\TCC\dataset\metadata\spectra\star\4539810757915990016.json,C:\Users\phvna\Faculdade\TCC\dataset\star_objects\STAR_007131\Target\target.json,K0IV (191026),K,K0,4623,3840,0.0,0.999629312764019,3800.142571433285,9198.140860358988,train
STAR_007477,1237648704046498601,4562157511411783680,C:\Users\phvna\Faculdade\TCC\dataset\star_objects\STAR_007477,C:\Users\phvna\Faculdade\TCC\dataset\spectra\star\4562157511411783680.fits,C:\Users\phvna\Faculdade\TCC\dataset\metadata\spectra\star\4562157511411783680.json,C:\Users\phvna\Faculdade\TCC\dataset\star_objects\STAR_007477\Target\target.json,sd:F0 (G_84-29),F,F0,4634,3840,0.0,0.999629312764019,3800.142571433285,9198.140860358988,train
STAR_004788,1237648704040796259,3722396698413211648,C:\Users\phvna\Faculdade\TCC\dataset\star_objects\STAR_004788,C:\Users\phvna\Faculdade\TCC\dataset\spectra\star\3722396698413211648.fits,C:\Users\phvna\Faculdade\TCC\dataset\metadata\spectra\star\3722396698413211648.json,C:\Users\phvna\Faculdade\TCC\dataset\star_objects\STAR_004788\Target\target.json,G2,G,G2,3818,3810,0.0,0.9947512544764514,3826.48408618615,9198.140860358988,train
STAR_008041,1237646707965362478,8171955907271612416,C:\Users\phvna\Faculdade\TCC\dataset\star_objects\STAR_008041,C:\Users\phvna\Faculdade\TCC\dataset\spectra\star\8171955907271612416.fits,C:\Users\phvna\Faculdade\TCC\dataset\metadata\spectra\star\8171955907271612416.json,C:\Users\phvna\Faculdade\TCC\dataset\star_objects\STAR_008041\Target\target.json,G8V (101501),G,G8,3852,3840,0.0,0.999629312764019,3800.142571433285,9198.140860358988,train
STAR_008034,1237646706891555293,8171951234347194368,C:\Users\phvna\Faculdade\TCC\dataset\star_objects\STAR_008034,C:\Users\phvna\Faculdade\TCC\dataset\spectra\star\8171951234347194368.fits,C:\Users\phvna\Faculdade\TCC\dataset\metadata\spectra\star\8171951234347194368.json,C:\Users\phvna\Faculdade\TCC\dataset\star_objects\STAR_008034\Target\target.json,K1IVa (142091),K,K1,3852,3840,0.0,0.999629312764019,3800.142571433285,9198.140860358988,train
STAR_009025,1237646795989975561,8389093513086916608,C:\Users\phvna\Faculdade\TCC\dataset\star_objects\STAR_009025,C:\Users\phvna\Faculdade\TCC\dataset\spectra\star\8389093513086916608.fits,C:\Users\phvna\Faculdade\TCC\dataset\metadata\spectra\star\8389093513086916608.json,C:\Users\phvna\Faculdade\TCC\dataset\star_objects\STAR_009025\Target\target.json,K0IV (191026),K,K0,4627,3840,0.0,0.999629312764019,3800.142571433285,9198.140860358988,train
STAR_004563,1237648702966333626,364826507262060544,C:\Users\phvna\Faculdade\TCC\dataset\star_objects\STAR_004563,C:\Users\phvna\Faculdade\TCC\dataset\spectra\star\364826507262060544.fits,C:\Users\phvna\Faculdade\TCC\dataset\metadata\spectra\star\364826507262060544.json,C:\Users\phvna\Faculdade\TCC\dataset\star_objects\STAR_004563\Target\target.json,G0,G,G0,3847,3840,0.0,0.999629312764019,3800.142571433285,9198.140860358988,train
STAR_009049,1237646796526584889,8389122100389238784,C:\Users\phvna\Faculdade\TCC\dataset\star_objects\STAR_009049,C:\Users\phvna\Faculdade\TCC\dataset\spectra\star\8389122100389238784.fits,C:\Users\phvna\Faculdade\TCC\dataset\metadata\spectra\star\8389122100389238784.json,C:\Users\phvna\Faculdade\TCC\dataset\star_objects\STAR_009049\Target\target.json,K5Ve (118100),K,K5,4629,3840,0.0,0.999629312764019,3800.142571433285,9198.140860358988,validation
STAR_004519,1237648704040534158,364802592884156416,C:\Users\phvna\Faculdade\TCC\dataset\star_objects\STAR_004519,C:\Users\phvna\Faculdade\TCC\dataset\spectra\star\364802592884156416.fits,C:\Users\phvna\Faculdade\TCC\dataset\metadata\spectra\star\364802592884156416.json,C:\Users\phvna\Faculdade\TCC\dataset\star_objects\STAR_004519\Target\target.json,G2,G,G2,3834,3833,0.0,0.998494124189121,3806.272589737735,9198.140860358988,train
STAR_001384,1237646794381066300,1417617708173780992,C:\Users\phvna\Faculdade\TCC\dataset\star_objects\STAR_001384,C:\Users\phvna\Faculdade\TCC\dataset\spectra\star\1417617708173780992.fits,C:\Users\phvna\Faculdade\TCC\dataset\metadata\spectra\star\1417617708173780992.json,C:\Users\phvna\Faculdade\TCC\dataset\star_objects\STAR_001384\Target\target.json,K1,K,K1,3843,3835,0.0,0.9988183189833076,3804.5219378491265,9198.140860358988,train
STAR_008255,1237645943978786850,8254235936680073216,C:\Users\phvna\Faculdade\TCC\dataset\star_objects\STAR_008255,C:\Users\phvna\Faculdade\TCC\dataset\spectra\star\8254235936680073216.fits,C:\Users\phvna\Faculdade\TCC\dataset\metadata\spectra\star\8254235936680073216.json,C:\Users\phvna\Faculdade\TCC\dataset\star_objects\STAR_008255\Target\target.json,F8V (G_243-63),F,F8,4595,3840,0.0,0.999629312764019,3800.142571433285,9198.140860358988,test
STAR_006413,1237648703510610210,4508117609921927168,C:\Users\phvna\Faculdade\TCC\dataset\star_objects\STAR_006413,C:\Users\phvna\Faculdade\TCC\dataset\spectra\star\4508117609921927168.fits,C:\Users\phvna\Faculdade\TCC\dataset\metadata\spectra\star\4508117609921927168.json,C:\Users\phvna\Faculdade\TCC\dataset\star_objects\STAR_006413\Target\target.json,M6III (148783),M,M6,4598,3840,0.0,0.999629312764019,3800.142571433285,9198.140860358988,test
STAR_007901,1237646792236860586,8171792354916980736,C:\Users\phvna\Faculdade\TCC\dataset\star_objects\STAR_007901,C:\Users\phvna\Faculdade\TCC\dataset\spectra\star\8171792354916980736.fits,C:\Users\phvna\Faculdade\TCC\dataset\metadata\spectra\star\8171792354916980736.json,C:\Users\phvna\Faculdade\TCC\dataset\star_objects\STAR_007901\Target\target.json,B7IVe (209409),B,B7,3846,3840,0.0,0.999629312764019,3800.142571433285,9198.140860358988,train
STAR_004849,1237648702973804613,3723387359195144192,C:\Users\phvna\Faculdade\TCC\dataset\star_objects\STAR_004849,C:\Users\phvna\Faculdade\TCC\dataset\spectra\star\3723387359195144192.fits,C:\Users\phvna\Faculdade\TCC\dataset\metadata\spectra\star\3723387359195144192.json,C:\Users\phvna\Faculdade\TCC\dataset\star_objects\STAR_004849\Target\target.json,K3,K,K3,3834,3834,0.0,0.997736714802509,3801.8932953144076,9189.671555247956,validation
STAR_006992,1237648704591102273,4535281049719298048,C:\Users\phvna\Faculdade\TCC\dataset\star_objects\STAR_006992,C:\Users\phvna\Faculdade\TCC\dataset\spectra\star\4535281049719298048.fits,C:\Users\phvna\Faculdade\TCC\dataset\metadata\spectra\star\4535281049719298048.json,C:\Users\phvna\Faculdade\TCC\dataset\star_objects\STAR_006992\Target\target.json,A9V (154660),A,A9,4621,3840,0.0,0.999629312764019,3800.142571433285,9198.140860358988,validation
STAR_004467,1237648704577273949,363816330098403328,C:\Users\phvna\Faculdade\TCC\dataset\star_objects\STAR_004467,C:\Users\phvna\Faculdade\TCC\dataset\spectra\star\363816330098403328.fits,C:\Users\phvna\Faculdade\TCC\dataset\metadata\spectra\star\363816330098403328.json,C:\Users\phvna\Faculdade\TCC\dataset\star_objects\STAR_004467\Target\target.json,M3,M,M3,3841,3840,0.0,0.999629312764019,3800.142571433285,9198.140860358988,test
STAR_008726,1237646798132479942,8388128141592516608,C:\Users\phvna\Faculdade\TCC\dataset\star_objects\STAR_008726,C:\Users\phvna\Faculdade\TCC\dataset\spectra\star\8388128141592516608.fits,C:\Users\phvna\Faculdade\TCC\dataset\metadata\spectra\star\8388128141592516608.json,C:\Users\phvna\Faculdade\TCC\dataset\star_objects\STAR_008726\Target\target.json,K3V (32147),K,K3,4594,3840,0.0,0.999629312764019,3800.142571433285,9198.140860358988,train
STAR_008546,1237646796521866177,8388061346261129216,C:\Users\phvna\Faculdade\TCC\dataset\star_objects\STAR_008546,C:\Users\phvna\Faculdade\TCC\dataset\spectra\star\8388061346261129216.fits,C:\Users\phvna\Faculdade\TCC\dataset\metadata\spectra\star\8388061346261129216.json,C:\Users\phvna\Faculdade\TCC\dataset\star_objects\STAR_008546\Target\target.json,K5Ve (118100),K,K5,4628,3840,0.0,0.999629312764019,3800.142571433285,9198.140860358988,validation
STAR_009083,1237646795989451800,8389162507441559552,C:\Users\phvna\Faculdade\TCC\dataset\star_objects\STAR_009083,C:\Users\phvna\Faculdade\TCC\dataset\spectra\star\8389162507441559552.fits,C:\Users\phvna\Faculdade\TCC\dataset\metadata\spectra\star\8389162507441559552.json,C:\Users\phvna\Faculdade\TCC\dataset\star_objects\STAR_009083\Target\target.json,K3V (32147),K,K3,4632,3840,0.0,0.999629312764019,3800.142571433285,9198.140860358988,train
STAR_007062,1237648704054297225,4538544399945324544,C:\Users\phvna\Faculdade\TCC\dataset\star_objects\STAR_007062,C:\Users\phvna\Faculdade\TCC\dataset\spectra\star\4538544399945324544.fits,C:\Users\phvna\Faculdade\TCC\dataset\metadata\spectra\star\4538544399945324544.json,C:\Users\phvna\Faculdade\TCC\dataset\star_objects\STAR_007062\Target\target.json,B5 (338529),B,B5,4629,3840,0.0,0.999629312764019,3800.142571433285,9198.140860358988,train
STAR_007488,1237648702972101487,4562239150150146048,C:\Users\phvna\Faculdade\TCC\dataset\star_objects\STAR_007488,C:\Users\phvna\Faculdade\TCC\dataset\spectra\star\4562239150150146048.fits,C:\Users\phvna\Faculdade\TCC\dataset\metadata\spectra\star\4562239150150146048.json,C:\Users\phvna\Faculdade\TCC\dataset\star_objects\STAR_007488\Target\target.json,M5III (221615),M,M5,4634,3840,0.0,0.999629312764019,3800.142571433285,9198.140860358988,validation
STAR_009868,1237646587169210744,897457987319261184,C:\Users\phvna\Faculdade\TCC\dataset\star_objects\STAR_009868,C:\Users\phvna\Faculdade\TCC\dataset\spectra\star\897457987319261184.fits,C:\Users\phvna\Faculdade\TCC\dataset\metadata\spectra\star\897457987319261184.json,C:\Users\phvna\Faculdade\TCC\dataset\star_objects\STAR_009868\Target\target.json,F5,F,F5,3842,3834,0.0,0.9986562402292165,3805.397163121219,9198.140860358988,train
STAR_000625,1237646587712831551,1404089862600026112,C:\Users\phvna\Faculdade\TCC\dataset\star_objects\STAR_000625,C:\Users\phvna\Faculdade\TCC\dataset\spectra\star\1404089862600026112.fits,C:\Users\phvna\Faculdade\TCC\dataset\metadata\spectra\star\1404089862600026112.json,C:\Users\phvna\Faculdade\TCC\dataset\star_objects\STAR_000625\Target\target.json,G5,G,G5,3832,3823,0.0,0.9968689719302091,3815.048411935859,9198.140860358988,train
STAR_009959,1237646647297966728,897502242662279168,C:\Users\phvna\Faculdade\TCC\dataset\star_objects\STAR_009959,C:\Users\phvna\Faculdade\TCC\dataset\spectra\star\897502242662279168.fits,C:\Users\phvna\Faculdade\TCC\dataset\metadata\spectra\star\897502242662279168.json,C:\Users\phvna\Faculdade\TCC\dataset\star_objects\STAR_009959\Target\target.json,F5,F,F5,3828,3825,0.0,0.9971943018647097,3813.291630289555,9198.140860358988,validation
STAR_004072,1237648705128104164,342430279081682944,C:\Users\phvna\Faculdade\TCC\dataset\star_objects\STAR_004072,C:\Users\phvna\Faculdade\TCC\dataset\spectra\star\342430279081682944.fits,C:\Users\phvna\Faculdade\TCC\dataset\metadata\spectra\star\342430279081682944.json,C:\Users\phvna\Faculdade\TCC\dataset\star_objects\STAR_004072\Target\target.json,F9,F,F9,3837,3836,0.0,0.9989807471492215,3803.644825753192,9198.140860358988,train
STAR_008404,1237646797059195151,8388008844580902912,C:\Users\phvna\Faculdade\TCC\dataset\star_objects\STAR_008404,C:\Users\phvna\Faculdade\TCC\dataset\spectra\star\8388008844580902912.fits,C:\Users\phvna\Faculdade\TCC\dataset\metadata\spectra\star\8388008844580902912.json,C:\Users\phvna\Faculdade\TCC\dataset\star_objects\STAR_008404\Target\target.json,K0V (10780),K,K0,4624,3840,0.0,0.999629312764019,3800.142571433285,9198.140860358988,validation
STAR_007810,1237646587712570188,8170867391649306624,C:\Users\phvna\Faculdade\TCC\dataset\star_objects\STAR_007810,C:\Users\phvna\Faculdade\TCC\dataset\spectra\star\8170867391649306624.fits,C:\Users\phvna\Faculdade\TCC\dataset\metadata\spectra\star\8170867391649306624.json,C:\Users\phvna\Faculdade\TCC\dataset\star_objects\STAR_007810\Target\target.json,G0 (63791),G,G0,4596,3840,0.0,0.999629312764019,3800.142571433285,9198.140860358988,train
STAR_008714,1237646797058607427,8388124018423912448,C:\Users\phvna\Faculdade\TCC\dataset\star_objects\STAR_008714,C:\Users\phvna\Faculdade\TCC\dataset\spectra\star\8388124018423912448.fits,C:\Users\phvna\Faculdade\TCC\dataset\metadata\spectra\star\8388124018423912448.json,C:\Users\phvna\Faculdade\TCC\dataset\star_objects\STAR_008714\Target\target.json,K5 (G_19-24),K,K5,4595,3840,0.0,0.999629312764019,3800.142571433285,9198.140860358988,train
STAR_000994,1237646588251014210,1405267744630269952,C:\Users\phvna\Faculdade\TCC\dataset\star_objects\STAR_000994,C:\Users\phvna\Faculdade\TCC\dataset\spectra\star\1405267744630269952.fits,C:\Users\phvna\Faculdade\TCC\dataset\metadata\spectra\star\1405267744630269952.json,C:\Users\phvna\Faculdade\TCC\dataset\star_objects\STAR_000994\Target\target.json,M1,M,M1,3836,3828,0.0,0.9976818221925657,3810.659020519133,9198.140860358988,train
STAR_006902,1237648704055280239,4535126018579781632,C:\Users\phvna\Faculdade\TCC\dataset\star_objects\STAR_006902,C:\Users\phvna\Faculdade\TCC\dataset\spectra\star\4535126018579781632.fits,C:\Users\phvna\Faculdade\TCC\dataset\metadata\spectra\star\4535126018579781632.json,C:\Users\phvna\Faculdade\TCC\dataset\star_objects\STAR_006902\Target\target.json,K3Ib... (17506),K,K3,4635,3840,0.0,0.999629312764019,3800.142571433285,9198.140860358988,validation
STAR_008192,1237646588246688501,8175276982109755392,C:\Users\phvna\Faculdade\TCC\dataset\star_objects\STAR_008192,C:\Users\phvna\Faculdade\TCC\dataset\spectra\star\8175276982109755392.fits,C:\Users\phvna\Faculdade\TCC\dataset\metadata\spectra\star\8175276982109755392.json,C:\Users\phvna\Faculdade\TCC\dataset\star_objects\STAR_008192\Target\target.json,M5III (221615),M,M5,4630,3840,0.0,0.999629312764019,3800.142571433285,9198.140860358988,train
STAR_007418,1237648702974001403,4560006591957719040,C:\Users\phvna\Faculdade\TCC\dataset\star_objects\STAR_007418,C:\Users\phvna\Faculdade\TCC\dataset\spectra\star\4560006591957719040.fits,C:\Users\phvna\Faculdade\TCC\dataset\metadata\spectra\star\4560006591957719040.json,C:\Users\phvna\Faculdade\TCC\dataset\star_objects\STAR_007418\Target\target.json,M1 (204445),M,M1,4636,3840,0.0,0.999629312764019,3800.142571433285,9198.140860358988,train
STAR_004534,1237648704040403137,364808640198109184,C:\Users\phvna\Faculdade\TCC\dataset\star_objects\STAR_004534,C:\Users\phvna\Faculdade\TCC\dataset\spectra\star\364808640198109184.fits,C:\Users\phvna\Faculdade\TCC\dataset\metadata\spectra\star\364808640198109184.json,C:\Users\phvna\Faculdade\TCC\dataset\star_objects\STAR_004534\Target\target.json,F9,F,F9,3839,3837,0.0,0.9991427512680918,3802.7700035112916,9198.140860358988,train
STAR_002271,1237648705114603624,2891406962837186560,C:\Users\phvna\Faculdade\TCC\dataset\star_objects\STAR_002271,C:\Users\phvna\Faculdade\TCC\dataset\spectra\star\2891406962837186560.fits,C:\Users\phvna\Faculdade\TCC\dataset\metadata\spectra\star\2891406962837186560.json,C:\Users\phvna\Faculdade\TCC\dataset\star_objects\STAR_002271\Target\target.json,F9,F,F9,3821,3811,0.0,0.9949142313607697,3825.6040110108315,9198.140860358988,validation
STAR_000577,1237646586639287071,1404046431890728960,C:\Users\phvna\Faculdade\TCC\dataset\star_objects\STAR_000577,C:\Users\phvna\Faculdade\TCC\dataset\spectra\star\1404046431890728960.fits,C:\Users\phvna\Faculdade\TCC\dataset\metadata\spectra\star\1404046431890728960.json,C:\Users\phvna\Faculdade\TCC\dataset\star_objects\STAR_000577\Target\target.json,M0,M,M0,3841,3833,0.0,0.9968860451265055,3800.142571433285,9183.327215116415,train
STAR_009680,1237646586096189778,897349135668111360,C:\Users\phvna\Faculdade\TCC\dataset\star_objects\STAR_009680,C:\Users\phvna\Faculdade\TCC\dataset\spectra\star\897349135668111360.fits,C:\Users\phvna\Faculdade\TCC\dataset\metadata\spectra\star\897349135668111360.json,C:\Users\phvna\Faculdade\TCC\dataset\star_objects\STAR_009680\Target\target.json,F5,F,F5,3833,3825,0.0,0.9971943018647097,3813.291630289555,9198.140860358988,train
STAR_008368,1237646796522324136,8387995375563462656,C:\Users\phvna\Faculdade\TCC\dataset\star_objects\STAR_008368,C:\Users\phvna\Faculdade\TCC\dataset\spectra\star\8387995375563462656.fits,C:\Users\phvna\Faculdade\TCC\dataset\metadata\spectra\star\8387995375563462656.json,C:\Users\phvna\Faculdade\TCC\dataset\star_objects\STAR_008368\Target\target.json,G5III+... (157910),G,G5,4624,3840,0.0,0.999629312764019,3800.142571433285,9198.140860358988,train
STAR_000511,1237646585565873345,1404010422884919296,C:\Users\phvna\Faculdade\TCC\dataset\star_objects\STAR_000511,C:\Users\phvna\Faculdade\TCC\dataset\spectra\star\1404010422884919296.fits,C:\Users\phvna\Faculdade\TCC\dataset\metadata\spectra\star\1404010422884919296.json,C:\Users\phvna\Faculdade\TCC\dataset\star_objects\STAR_000511\Target\target.json,M4,M,M4,3843,3840,0.0,0.999629312764019,3800.142571433285,9198.140860358988,train
STAR_004192,1237648705131118610,346938552522663936,C:\Users\phvna\Faculdade\TCC\dataset\star_objects\STAR_004192,C:\Users\phvna\Faculdade\TCC\dataset\spectra\star\346938552522663936.fits,C:\Users\phvna\Faculdade\TCC\dataset\metadata\spectra\star\346938552522663936.json,C:\Users\phvna\Faculdade\TCC\dataset\star_objects\STAR_004192\Target\target.json,G2,G,G2,3829,3825,0.0,0.9971943018647097,3813.291630289555,9198.140860358988,train
STAR_007429,1237648705121813135,4560101974591428608,C:\Users\phvna\Faculdade\TCC\dataset\star_objects\STAR_007429,C:\Users\phvna\Faculdade\TCC\dataset\spectra\star\4560101974591428608.fits,C:\Users\phvna\Faculdade\TCC\dataset\metadata\spectra\star\4560101974591428608.json,C:\Users\phvna\Faculdade\TCC\dataset\star_objects\STAR_007429\Target\target.json,F6III (61064),F,F6,4624,3840,0.0,0.999629312764019,3800.142571433285,9198.140860358988,train
STAR_000851,1237646586640008267,1405176760043071488,C:\Users\phvna\Faculdade\TCC\dataset\star_objects\STAR_000851,C:\Users\phvna\Faculdade\TCC\dataset\spectra\star\1405176760043071488.fits,C:\Users\phvna\Faculdade\TCC\dataset\metadata\spectra\star\1405176760043071488.json,C:\Users\phvna\Faculdade\TCC\dataset\star_objects\STAR_000851\Target\target.json,M4,M,M4,3826,3826,0.0,0.9952919390707189,3804.5219378491265,9179.098408831009,train
STAR_009857,1237646647297180024,897451665127401472,C:\Users\phvna\Faculdade\TCC\dataset\star_objects\STAR_009857,C:\Users\phvna\Faculdade\TCC\dataset\spectra\star\897451665127401472.fits,C:\Users\phvna\Faculdade\TCC\dataset\metadata\spectra\star\897451665127401472.json,C:\Users\phvna\Faculdade\TCC\dataset\star_objects\STAR_009857\Target\target.json,F5,F,F5,3838,3830,0.0,0.9980067778197793,3808.9042601321803,9198.140860358988,test
STAR_006034,1237648705113948249,4329341417325615104,C:\Users\phvna\Faculdade\TCC\dataset\star_objects\STAR_006034,C:\Users\phvna\Faculdade\TCC\dataset\spectra\star\4329341417325615104.fits,C:\Users\phvna\Faculdade\TCC\dataset\metadata\spectra\star\4329341417325615104.json,C:\Users\phvna\Faculdade\TCC\dataset\star_objects\STAR_006034\Target\target.json,A4V (136729),A,A4,4628,3840,0.0,0.999629312764019,3800.142571433285,9198.140860358988,train
STAR_007964,1237646791699335603,8171889386818131968,C:\Users\phvna\Faculdade\TCC\dataset\star_objects\STAR_007964,C:\Users\phvna\Faculdade\TCC\dataset\spectra\star\8171889386818131968.fits,C:\Users\phvna\Faculdade\TCC\dataset\metadata\spectra\star\8171889386818131968.json,C:\Users\phvna\Faculdade\TCC\dataset\star_objects\STAR_007964\Target\target.json,M1 (204445),M,M1,3845,3840,0.0,0.999629312764019,3800.142571433285,9198.140860358988,train
STAR_007875,1237646587713094687,8170919343573719040,C:\Users\phvna\Faculdade\TCC\dataset\star_objects\STAR_007875,C:\Users\phvna\Faculdade\TCC\dataset\spectra\star\8170919343573719040.fits,C:\Users\phvna\Faculdade\TCC\dataset\metadata\spectra\star\8170919343573719040.json,C:\Users\phvna\Faculdade\TCC\dataset\star_objects\STAR_007875\Target\target.json,K0IV (191026),K,K0,4596,3840,0.0,0.999629312764019,3800.142571433285,9198.140860358988,train
STAR_001331,1237646794380739478,1417596817452853248,C:\Users\phvna\Faculdade\TCC\dataset\star_objects\STAR_001331,C:\Users\phvna\Faculdade\TCC\dataset\spectra\star\1417596817452853248.fits,C:\Users\phvna\Faculdade\TCC\dataset\metadata\spectra\star\1417596817452853248.json,C:\Users\phvna\Faculdade\TCC\dataset\star_objects\STAR_001331\Target\target.json,A0,A,A0,3824,3816,0.0,0.9957293306434666,3821.202474884268,9198.140860358988,train
STAR_003474,1237648674510995688,330051703640451072,C:\Users\phvna\Faculdade\TCC\dataset\star_objects\STAR_003474,C:\Users\phvna\Faculdade\TCC\dataset\spectra\star\330051703640451072.fits,C:\Users\phvna\Faculdade\TCC\dataset\metadata\spectra\star\330051703640451072.json,C:\Users\phvna\Faculdade\TCC\dataset\star_objects\STAR_003474\Target\target.json,A0,A,A0,3821,3808,0.0,0.9944247990311772,3828.246945590631,9198.140860358988,train
STAR_005624,1237648672923583124,391851403645052928,C:\Users\phvna\Faculdade\TCC\dataset\star_objects\STAR_005624,C:\Users\phvna\Faculdade\TCC\dataset\spectra\star\391851403645052928.fits,C:\Users\phvna\Faculdade\TCC\dataset\metadata\spectra\star\391851403645052928.json,C:\Users\phvna\Faculdade\TCC\dataset\star_objects\STAR_005624\Target\target.json,M3,M,M3,3840,3840,0.0,0.999629312764019,3800.142571433285,9198.140860358988,train
STAR_001319,1237646380468732721,1417580049900529664,C:\Users\phvna\Faculdade\TCC\dataset\star_objects\STAR_001319,C:\Users\phvna\Faculdade\TCC\dataset\spectra\star\1417580049900529664.fits,C:\Users\phvna\Faculdade\TCC\dataset\metadata\spectra\star\1417580049900529664.json,C:\Users\phvna\Faculdade\TCC\dataset\star_objects\STAR_001319\Target\target.json,A0,A,A0,3823,3823,0.0,0.9959510921535053,3811.5356576190284,9189.671555247956,validation
STAR_003334,1237648704046825739,3294414266219653120,C:\Users\phvna\Faculdade\TCC\dataset\star_objects\STAR_003334,C:\Users\phvna\Faculdade\TCC\dataset\spectra\star\3294414266219653120.fits,C:\Users\phvna\Faculdade\TCC\dataset\metadata\spectra\star\3294414266219653120.json,C:\Users\phvna\Faculdade\TCC\dataset\star_objects\STAR_003334\Target\target.json,K3,K,K3,3831,3831,0.0,0.9970209525662368,3803.644825753192,9187.55796961087,train
STAR_004907,1237648703510347949,3723422268689326080,C:\Users\phvna\Faculdade\TCC\dataset\star_objects\STAR_004907,C:\Users\phvna\Faculdade\TCC\dataset\spectra\star\3723422268689326080.fits,C:\Users\phvna\Faculdade\TCC\dataset\metadata\spectra\star\3723422268689326080.json,C:\Users\phvna\Faculdade\TCC\dataset\star_objects\STAR_004907\Target\target.json,M1,M,M1,3814,3814,0.0,0.9933425920176203,3815.048411935859,9179.098408831009,test
STAR_003383,1237648705119912137,3294489857644062720,C:\Users\phvna\Faculdade\TCC\dataset\star_objects\STAR_003383,C:\Users\phvna\Faculdade\TCC\dataset\spectra\star\3294489857644062720.fits,C:\Users\phvna\Faculdade\TCC\dataset\metadata\spectra\star\3294489857644062720.json,C:\Users\phvna\Faculdade\TCC\dataset\star_objects\STAR_003383\Target\target.json,F9,F,F9,3830,3822,0.0,0.99670644473139,3815.9260588094817,9198.140860358988,train
STAR_001091,1237646379930419314,1406330147858049024,C:\Users\phvna\Faculdade\TCC\dataset\star_objects\STAR_001091,C:\Users\phvna\Faculdade\TCC\dataset\spectra\star\1406330147858049024.fits,C:\Users\phvna\Faculdade\TCC\dataset\metadata\spectra\star\1406330147858049024.json,C:\Users\phvna\Faculdade\TCC\dataset\star_objects\STAR_001091\Target\target.json,M4,M,M4,3802,3802,0.0,0.9920727559043255,3828.246945590631,9185.439827473989,train
STAR_005958,1237648702968496606,4269675867226265600,C:\Users\phvna\Faculdade\TCC\dataset\star_objects\STAR_005958,C:\Users\phvna\Faculdade\TCC\dataset\spectra\star\4269675867226265600.fits,C:\Users\phvna\Faculdade\TCC\dataset\metadata\spectra\star\4269675867226265600.json,C:\Users\phvna\Faculdade\TCC\dataset\star_objects\STAR_005958\Target\target.json,B5 (338529),B,B5,4622,3840,0.0,0.999629312764019,3800.142571433285,9198.140860358988,test
STAR_001852,1237646798138310950,2338584330990807040,C:\Users\phvna\Faculdade\TCC\dataset\star_objects\STAR_001852,C:\Users\phvna\Faculdade\TCC\dataset\spectra\star\2338584330990807040.fits,C:\Users\phvna\Faculdade\TCC\dataset\metadata\spectra\star\2338584330990807040.json,C:\Users\phvna\Faculdade\TCC\dataset\star_objects\STAR_001852\Target\target.json,F5,F,F5,3825,3803,0.0,0.9936081970950466,3832.6565960457365,9198.140860358988,train
STAR_006136,1237648705651671636,4330464018764683264,C:\Users\phvna\Faculdade\TCC\dataset\star_objects\STAR_006136,C:\Users\phvna\Faculdade\TCC\dataset\spectra\star\4330464018764683264.fits,C:\Users\phvna\Faculdade\TCC\dataset\metadata\spectra\star\4330464018764683264.json,C:\Users\phvna\Faculdade\TCC\dataset\star_objects\STAR_006136\Target\target.json,A2II (39866),A,A2,4628,3840,0.0,0.999629312764019,3800.142571433285,9198.140860358988,train
STAR_003339,1237648702972887403,3294418664266164224,C:\Users\phvna\Faculdade\TCC\dataset\star_objects\STAR_003339,C:\Users\phvna\Faculdade\TCC\dataset\spectra\star\3294418664266164224.fits,C:\Users\phvna\Faculdade\TCC\dataset\metadata\spectra\star\3294418664266164224.json,C:\Users\phvna\Faculdade\TCC\dataset\star_objects\STAR_003339\Target\target.json,A0,A,A0,3831,3831,0.0,0.9965618370003717,3801.8932953144076,9183.327215116415,train
STAR_003509,1237648704057442636,3303409645741172736,C:\Users\phvna\Faculdade\TCC\dataset\star_objects\STAR_003509,C:\Users\phvna\Faculdade\TCC\dataset\spectra\star\3303409645741172736.fits,C:\Users\phvna\Faculdade\TCC\dataset\metadata\spectra\star\3303409645741172736.json,C:\Users\phvna\Faculdade\TCC\dataset\star_objects\STAR_003509\Target\target.json,K1,K,K1,3827,3826,0.0,0.9973571044390466,3812.412496388137,9198.140860358988,train
STAR_003992,1237648705126858827,340183978151536640,C:\Users\phvna\Faculdade\TCC\dataset\star_objects\STAR_003992,C:\Users\phvna\Faculdade\TCC\dataset\spectra\star\340183978151536640.fits,C:\Users\phvna\Faculdade\TCC\dataset\metadata\spectra\star\340183978151536640.json,C:\Users\phvna\Faculdade\TCC\dataset\star_objects\STAR_003992\Target\target.json,G2,G,G2,3820,3804,0.0,0.9937714368777337,3831.7751012192257,9198.140860358988,train
STAR_009048,1237646796526649655,8389121550633424896,C:\Users\phvna\Faculdade\TCC\dataset\star_objects\STAR_009048,C:\Users\phvna\Faculdade\TCC\dataset\spectra\star\8389121550633424896.fits,C:\Users\phvna\Faculdade\TCC\dataset\metadata\spectra\star\8389121550633424896.json,C:\Users\phvna\Faculdade\TCC\dataset\star_objects\STAR_009048\Target\target.json,G4V (32923),G,G4,4628,3840,0.0,0.999629312764019,3800.142571433285,9198.140860358988,test
STAR_005096,1237648702984159337,3731295596577923072,C:\Users\phvna\Faculdade\TCC\dataset\star_objects\STAR_005096,C:\Users\phvna\Faculdade\TCC\dataset\spectra\star\3731295596577923072.fits,C:\Users\phvna\Faculdade\TCC\dataset\metadata\spectra\star\3731295596577923072.json,C:\Users\phvna\Faculdade\TCC\dataset\star_objects\STAR_005096\Target\target.json,F5,F,F5,3822,3822,0.0,0.994871442263903,3808.9042601321803,9181.210048357256,train
STAR_001559,1237645943975182466,1704733729290741760,C:\Users\phvna\Faculdade\TCC\dataset\star_objects\STAR_001559,C:\Users\phvna\Faculdade\TCC\dataset\spectra\star\1704733729290741760.fits,C:\Users\phvna\Faculdade\TCC\dataset\metadata\spectra\star\1704733729290741760.json,C:\Users\phvna\Faculdade\TCC\dataset\star_objects\STAR_001559\Target\target.json,F9,F,F9,3844,3838,0.0,0.9993051046378852,3801.8932953144076,9198.140860358988,train
STAR_007591,1237646798138049654,5390955637567150080,C:\Users\phvna\Faculdade\TCC\dataset\star_objects\STAR_007591,C:\Users\phvna\Faculdade\TCC\dataset\spectra\star\5390955637567150080.fits,C:\Users\phvna\Faculdade\TCC\dataset\metadata\spectra\star\5390955637567150080.json,C:\Users\phvna\Faculdade\TCC\dataset\star_objects\STAR_007591\Target\target.json,A4V (136729),A,A4,4616,3840,0.0,0.999629312764019,3800.142571433285,9198.140860358988,test
STAR_009955,1237646648371511462,897500318516930560,C:\Users\phvna\Faculdade\TCC\dataset\star_objects\STAR_009955,C:\Users\phvna\Faculdade\TCC\dataset\spectra\star\897500318516930560.fits,C:\Users\phvna\Faculdade\TCC\dataset\metadata\spectra\star\897500318516930560.json,C:\Users\phvna\Faculdade\TCC\dataset\star_objects\STAR_009955\Target\target.json,A0,A,A0,3829,3826,0.0,0.9973571044390466,3812.412496388137,9198.140860358988,train
STAR_005988,1237648703508054724,4271859772683474944,C:\Users\phvna\Faculdade\TCC\dataset\star_objects\STAR_005988,C:\Users\phvna\Faculdade\TCC\dataset\spectra\star\4271859772683474944.fits,C:\Users\phvna\Faculdade\TCC\dataset\metadata\spectra\star\4271859772683474944.json,C:\Users\phvna\Faculdade\TCC\dataset\star_objects\STAR_005988\Target\target.json,F0Ib (36673),F,F0,4619,3840,0.0,0.999629312764019,3800.142571433285,9198.140860358988,train
STAR_002031,1237648705651933269,2880174626707630080,C:\Users\phvna\Faculdade\TCC\dataset\star_objects\STAR_002031,C:\Users\phvna\Faculdade\TCC\dataset\spectra\star\2880174626707630080.fits,C:\Users\phvna\Faculdade\TCC\dataset\metadata\spectra\star\2880174626707630080.json,C:\Users\phvna\Faculdade\TCC\dataset\star_objects\STAR_002031\Target\target.json,F9,F,F9,3842,3832,0.0,0.9983315838090273,3807.1503077902407,9198.140860358988,train
STAR_009564,1237648704583368755,8394900858425595904,C:\Users\phvna\Faculdade\TCC\dataset\star_objects\STAR_009564,C:\Users\phvna\Faculdade\TCC\dataset\spectra\star\8394900858425595904.fits,C:\Users\phvna\Faculdade\TCC\dataset\metadata\spectra\star\8394900858425595904.json,C:\Users\phvna\Faculdade\TCC\dataset\star_objects\STAR_009564\Target\target.json,F0IV (81937),F,F0,4593,3840,0.0,0.999629312764019,3800.142571433285,9198.140860358988,validation
STAR_009286,1237646797063586669,8389326884429912064,C:\Users\phvna\Faculdade\TCC\dataset\star_objects\STAR_009286,C:\Users\phvna\Faculdade\TCC\dataset\spectra\star\8389326884429912064.fits,C:\Users\phvna\Faculdade\TCC\dataset\metadata\spectra\star\8389326884429912064.json,C:\Users\phvna\Faculdade\TCC\dataset\star_objects\STAR_009286\Target\target.json,K5 (G_19-24),K,K5,4595,3840,0.0,0.999629312764019,3800.142571433285,9198.140860358988,train
STAR_000015,1237648702979309839,1031446675232679936,C:\Users\phvna\Faculdade\TCC\dataset\star_objects\STAR_000015,C:\Users\phvna\Faculdade\TCC\dataset\spectra\star\1031446675232679936.fits,C:\Users\phvna\Faculdade\TCC\dataset\metadata\spectra\star\1031446675232679936.json,C:\Users\phvna\Faculdade\TCC\dataset\star_objects\STAR_000015\Target\target.json,Carbon_lines,CARBON,CARBON,3846,3838,0.0,0.9993051046378852,3801.8932953144076,9198.140860358988,train
STAR_007186,1237648705126925076,4542117813255690240,C:\Users\phvna\Faculdade\TCC\dataset\star_objects\STAR_007186,C:\Users\phvna\Faculdade\TCC\dataset\spectra\star\4542117813255690240.fits,C:\Users\phvna\Faculdade\TCC\dataset\metadata\spectra\star\4542117813255690240.json,C:\Users\phvna\Faculdade\TCC\dataset\star_objects\STAR_007186\Target\target.json,A6IV (28527),A,A6,4618,3840,0.0,0.999629312764019,3800.142571433285,9198.140860358988,test
STAR_006202,1237648705651999241,4331509108945737728,C:\Users\phvna\Faculdade\TCC\dataset\star_objects\STAR_006202,C:\Users\phvna\Faculdade\TCC\dataset\spectra\star\4331509108945737728.fits,C:\Users\phvna\Faculdade\TCC\dataset\metadata\spectra\star\4331509108945737728.json,C:\Users\phvna\Faculdade\TCC\dataset\star_objects\STAR_006202\Target\target.json,G0.5IV (14214),G,G0.5,4624,3840,0.0,0.999629312764019,3800.142571433285,9198.140860358988,train
STAR_000961,1237646587714012683,1405245754397714432,C:\Users\phvna\Faculdade\TCC\dataset\star_objects\STAR_000961,C:\Users\phvna\Faculdade\TCC\dataset\spectra\star\1405245754397714432.fits,C:\Users\phvna\Faculdade\TCC\dataset\metadata\spectra\star\1405245754397714432.json,C:\Users\phvna\Faculdade\TCC\dataset\star_objects\STAR_000961\Target\target.json,M1,M,M1,3839,3829,0.0,0.9978445123717098,3809.780493551755,9198.140860358988,train
STAR_009037,1237646795989844193,8389110555517147136,C:\Users\phvna\Faculdade\TCC\dataset\star_objects\STAR_009037,C:\Users\phvna\Faculdade\TCC\dataset\spectra\star\8389110555517147136.fits,C:\Users\phvna\Faculdade\TCC\dataset\metadata\spectra\star\8389110555517147136.json,C:\Users\phvna\Faculdade\TCC\dataset\star_objects\STAR_009037\Target\target.json,K0IV (191026),K,K0,4627,3840,0.0,0.999629312764019,3800.142571433285,9198.140860358988,test
STAR_005465,1237648704602768387,388555617859561472,C:\Users\phvna\Faculdade\TCC\dataset\star_objects\STAR_005465,C:\Users\phvna\Faculdade\TCC\dataset\spectra\star\388555617859561472.fits,C:\Users\phvna\Faculdade\TCC\dataset\metadata\spectra\star\388555617859561472.json,C:\Users\phvna\Faculdade\TCC\dataset\star_objects\STAR_005465\Target\target.json,M1,M,M1,3852,3829,0.0,0.9978445123717098,3809.780493551755,9198.140860358988,train
STAR_006866,1237648705129807925,4532000102475388928,C:\Users\phvna\Faculdade\TCC\dataset\star_objects\STAR_006866,C:\Users\phvna\Faculdade\TCC\dataset\spectra\star\4532000102475388928.fits,C:\Users\phvna\Faculdade\TCC\dataset\metadata\spectra\star\4532000102475388928.json,C:\Users\phvna\Faculdade\TCC\dataset\star_objects\STAR_006866\Target\target.json,F3/F5V (30743),F,F3,4624,3840,0.0,0.999629312764019,3800.142571433285,9198.140860358988,train
STAR_006320,1237648704044269962,4333589929433257984,C:\Users\phvna\Faculdade\TCC\dataset\star_objects\STAR_006320,C:\Users\phvna\Faculdade\TCC\dataset\spectra\star\4333589929433257984.fits,C:\Users\phvna\Faculdade\TCC\dataset\metadata\spectra\star\4333589929433257984.json,C:\Users\phvna\Faculdade\TCC\dataset\star_objects\STAR_006320\Target\target.json,O8/O9 (167771),O,O8,4615,3840,0.0,0.999629312764019,3800.142571433285,9198.140860358988,train
STAR_005923,1237648702971118088,4255042192262060032,C:\Users\phvna\Faculdade\TCC\dataset\star_objects\STAR_005923,C:\Users\phvna\Faculdade\TCC\dataset\spectra\star\4255042192262060032.fits,C:\Users\phvna\Faculdade\TCC\dataset\metadata\spectra\star\4255042192262060032.json,C:\Users\phvna\Faculdade\TCC\dataset\star_objects\STAR_005923\Target\target.json,M5III (221615),M,M5,4612,3840,0.0,0.999629312764019,3800.142571433285,9198.140860358988,train
STAR_008521,1237646797058869218,8388052000412293120,C:\Users\phvna\Faculdade\TCC\dataset\star_objects\STAR_008521,C:\Users\phvna\Faculdade\TCC\dataset\spectra\star\8388052000412293120.fits,C:\Users\phvna\Faculdade\TCC\dataset\metadata\spectra\star\8388052000412293120.json,C:\Users\phvna\Faculdade\TCC\dataset\star_objects\STAR_008521\Target\target.json,K5 (G_19-24),K,K5,4627,3840,0.0,0.999629312764019,3800.142571433285,9198.140860358988,train
STAR_000334,1237646587711587785,1401858696966858752,C:\Users\phvna\Faculdade\TCC\dataset\star_objects\STAR_000334,C:\Users\phvna\Faculdade\TCC\dataset\spectra\star\1401858696966858752.fits,C:\Users\phvna\Faculdade\TCC\dataset\metadata\spectra\star\1401858696966858752.json,C:\Users\phvna\Faculdade\TCC\dataset\star_objects\STAR_000334\Target\target.json,M6,M,M6,3832,3824,0.0,0.9970318495076147,3814.168873017869,9198.140860358988,train
STAR_006482,1237648704599883859,4512806477845780480,C:\Users\phvna\Faculdade\TCC\dataset\star_objects\STAR_006482,C:\Users\phvna\Faculdade\TCC\dataset\spectra\star\4512806477845780480.fits,C:\Users\phvna\Faculdade\TCC\dataset\metadata\spectra\star\4512806477845780480.json,C:\Users\phvna\Faculdade\TCC\dataset\star_objects\STAR_006482\Target\target.json,K3V (32147),K,K3,4619,3840,0.0,0.999629312764019,3800.142571433285,9198.140860358988,validation
STAR_002610,1237648702968561678,3259562770303051776,C:\Users\phvna\Faculdade\TCC\dataset\star_objects\STAR_002610,C:\Users\phvna\Faculdade\TCC\dataset\spectra\star\3259562770303051776.fits,C:\Users\phvna\Faculdade\TCC\dataset\metadata\spectra\star\3259562770303051776.json,C:\Users\phvna\Faculdade\TCC\dataset\star_objects\STAR_002610\Target\target.json,F9,F,F9,3802,3802,0.0,0.9904750184828294,3822.081537491985,9170.646637299264,train
STAR_009490,1237648704046039265,8394846157722114048,C:\Users\phvna\Faculdade\TCC\dataset\star_objects\STAR_009490,C:\Users\phvna\Faculdade\TCC\dataset\spectra\star\8394846157722114048.fits,C:\Users\phvna\Faculdade\TCC\dataset\metadata\spectra\star\8394846157722114048.json,C:\Users\phvna\Faculdade\TCC\dataset\star_objects\STAR_009490\Target\target.json,F3/F5V (30743),F,F3,4628,3840,0.0,0.999629312764019,3800.142571433285,9198.140860358988,train
STAR_003209,1237648704042172583,3287715490570463232,C:\Users\phvna\Faculdade\TCC\dataset\star_objects\STAR_003209,C:\Users\phvna\Faculdade\TCC\dataset\spectra\star\3287715490570463232.fits,C:\Users\phvna\Faculdade\TCC\dataset\metadata\spectra\star\3287715490570463232.json,C:\Users\phvna\Faculdade\TCC\dataset\star_objects\STAR_003209\Target\target.json,F9,F,F9,3795,3795,0.0,0.98978906161369,3830.010617143604,9174.87154985753,train
STAR_007783,1237646587712439522,8170834956056287232,C:\Users\phvna\Faculdade\TCC\dataset\star_objects\STAR_007783,C:\Users\phvna\Faculdade\TCC\dataset\spectra\star\8170834956056287232.fits,C:\Users\phvna\Faculdade\TCC\dataset\metadata\spectra\star\8170834956056287232.json,C:\Users\phvna\Faculdade\TCC\dataset\star_objects\STAR_007783\Target\target.json,M1 (204445),M,M1,4593,3840,0.0,0.999629312764019,3800.142571433285,9198.140860358988,train
STAR_008335,1237646795985584414,8387983006057650176,C:\Users\phvna\Faculdade\TCC\dataset\star_objects\STAR_008335,C:\Users\phvna\Faculdade\TCC\dataset\spectra\star\8387983006057650176.fits,C:\Users\phvna\Faculdade\TCC\dataset\metadata\spectra\star\8387983006057650176.json,C:\Users\phvna\Faculdade\TCC\dataset\star_objects\STAR_008335\Target\target.json,K3V (32147),K,K3,4623,3840,0.0,0.999629312764019,3800.142571433285,9198.140860358988,train
STAR_000264,1237646587174061325,1400755868416370688,C:\Users\phvna\Faculdade\TCC\dataset\star_objects\STAR_000264,C:\Users\phvna\Faculdade\TCC\dataset\spectra\star\1400755868416370688.fits,C:\Users\phvna\Faculdade\TCC\dataset\metadata\spectra\star\1400755868416370688.json,C:\Users\phvna\Faculdade\TCC\dataset\star_objects\STAR_000264\Target\target.json,M5,M,M5,3844,3840,0.0,0.999629312764019,3800.142571433285,9198.140860358988,train
STAR_003282,1237648704579960979,3287791081994872832,C:\Users\phvna\Faculdade\TCC\dataset\star_objects\STAR_003282,C:\Users\phvna\Faculdade\TCC\dataset\spectra\star\3287791081994872832.fits,C:\Users\phvna\Faculdade\TCC\dataset\metadata\spectra\star\3287791081994872832.json,C:\Users\phvna\Faculdade\TCC\dataset\star_objects\STAR_003282\Target\target.json,A0,A,A0,3825,3819,0.0,0.9962182505599231,3818.562307335403,9198.140860358988,validation
STAR_008362,1237646797059391846,8387992901662300160,C:\Users\phvna\Faculdade\TCC\dataset\star_objects\STAR_008362,C:\Users\phvna\Faculdade\TCC\dataset\spectra\star\8387992901662300160.fits,C:\Users\phvna\Faculdade\TCC\dataset\metadata\spectra\star\8387992901662300160.json,C:\Users\phvna\Faculdade\TCC\dataset\star_objects\STAR_008362\Target\target.json,K0IV (191026),K,K0,4624,3840,0.0,0.999629312764019,3800.142571433285,9198.140860358988,train
STAR_006790,1237648704593265552,4528536640881448960,C:\Users\phvna\Faculdade\TCC\dataset\star_objects\STAR_006790,C:\Users\phvna\Faculdade\TCC\dataset\spectra\star\4528536640881448960.fits,C:\Users\phvna\Faculdade\TCC\dataset\metadata\spectra\star\4528536640881448960.json,C:\Users\phvna\Faculdade\TCC\dataset\star_objects\STAR_006790\Target\target.json,A8V (155514),A,A8,4616,3840,0.0,0.999629312764019,3800.142571433285,9198.140860358988,test
STAR_005322,1237648673992868052,386255439567808512,C:\Users\phvna\Faculdade\TCC\dataset\star_objects\STAR_005322,C:\Users\phvna\Faculdade\TCC\dataset\spectra\star\386255439567808512.fits,C:\Users\phvna\Faculdade\TCC\dataset\metadata\spectra\star\386255439567808512.json,C:\Users\phvna\Faculdade\TCC\dataset\star_objects\STAR_005322\Target\target.json,A0,A,A0,3825,3825,0.0,0.9958173499552972,3808.0261377153843,9185.439827473989,train
STAR_003066,1237648703506153634,3287632202564659200,C:\Users\phvna\Faculdade\TCC\dataset\star_objects\STAR_003066,C:\Users\phvna\Faculdade\TCC\dataset\spectra\star\3287632202564659200.fits,C:\Users\phvna\Faculdade\TCC\dataset\metadata\spectra\star\3287632202564659200.json,C:\Users\phvna\Faculdade\TCC\dataset\star_objects\STAR_003066\Target\target.json,A0,A,A0,3807,3807,0.0,0.991746053794053,3819.442859369643,9174.87154985753,train
STAR_005377,1237648675067133987,386340926596868096,C:\Users\phvna\Faculdade\TCC\dataset\star_objects\STAR_005377,C:\Users\phvna\Faculdade\TCC\dataset\spectra\star\386340926596868096.fits,C:\Users\phvna\Faculdade\TCC\dataset\metadata\spectra\star\386340926596868096.json,C:\Users\phvna\Faculdade\TCC\dataset\star_objects\STAR_005377\Target\target.json,F9,F,F9,3826,3809,0.0,0.9945878509988688,3827.366464965097,9198.140860358988,train
STAR_003887,1237648704051019933,337788696348616704,C:\Users\phvna\Faculdade\TCC\dataset\star_objects\STAR_003887,C:\Users\phvna\Faculdade\TCC\dataset\spectra\star\337788696348616704.fits,C:\Users\phvna\Faculdade\TCC\dataset\metadata\spectra\star\337788696348616704.json,C:\Users\phvna\Faculdade\TCC\dataset\star_objects\STAR_003887\Target\target.json,F5,F,F5,3842,3835,0.0,0.9988183189833076,3804.5219378491265,9198.140860358988,train
STAR_009182,1237646797062930448,8389249368860153856,C:\Users\phvna\Faculdade\TCC\dataset\star_objects\STAR_009182,C:\Users\phvna\Faculdade\TCC\dataset\spectra\star\8389249368860153856.fits,C:\Users\phvna\Faculdade\TCC\dataset\metadata\spectra\star\8389249368860153856.json,C:\Users\phvna\Faculdade\TCC\dataset\star_objects\STAR_009182\Target\target.json,K5Ve (118100),K,K5,4598,3840,0.0,0.999629312764019,3800.142571433285,9198.140860358988,test
STAR_009895,1237646647297311152,897470356825073664,C:\Users\phvna\Faculdade\TCC\dataset\star_objects\STAR_009895,C:\Users\phvna\Faculdade\TCC\dataset\spectra\star\897470356825073664.fits,C:\Users\phvna\Faculdade\TCC\dataset\metadata\spectra\star\897470356825073664.json,C:\Users\phvna\Faculdade\TCC\dataset\star_objects\STAR_009895\Target\target.json,A0,A,A0,3844,3837,0.0,0.9991427512680918,3802.7700035112916,9198.140860358988,test
STAR_000953,1237646587176814012,1405241631229110272,C:\Users\phvna\Faculdade\TCC\dataset\star_objects\STAR_000953,C:\Users\phvna\Faculdade\TCC\dataset\spectra\star\1405241631229110272.fits,C:\Users\phvna\Faculdade\TCC\dataset\metadata\spectra\star\1405241631229110272.json,C:\Users\phvna\Faculdade\TCC\dataset\star_objects\STAR_000953\Target\target.json,M2,M,M2,3838,3828,0.0,0.9976818221925657,3810.659020519133,9198.140860358988,train
STAR_001373,1237646794381066981,1417614409638897664,C:\Users\phvna\Faculdade\TCC\dataset\star_objects\STAR_001373,C:\Users\phvna\Faculdade\TCC\dataset\spectra\star\1417614409638897664.fits,C:\Users\phvna\Faculdade\TCC\dataset\metadata\spectra\star\1417614409638897664.json,C:\Users\phvna\Faculdade\TCC\dataset\star_objects\STAR_001373\Target\target.json,A0,A,A0,3841,3833,0.0,0.998494124189121,3806.272589737735,9198.140860358988,train
STAR_006272,1237648704579371333,4332558318906398720,C:\Users\phvna\Faculdade\TCC\dataset\star_objects\STAR_006272,C:\Users\phvna\Faculdade\TCC\dataset\spectra\star\4332558318906398720.fits,C:\Users\phvna\Faculdade\TCC\dataset\metadata\spectra\star\4332558318906398720.json,C:\Users\phvna\Faculdade\TCC\dataset\star_objects\STAR_006272\Target\target.json,A9V (154660),A,A9,4629,3840,0.0,0.999629312764019,3800.142571433285,9198.140860358988,train
STAR_008512,1237646796521931723,8388048426999502848,C:\Users\phvna\Faculdade\TCC\dataset\star_objects\STAR_008512,C:\Users\phvna\Faculdade\TCC\dataset\spectra\star\8388048426999502848.fits,C:\Users\phvna\Faculdade\TCC\dataset\metadata\spectra\star\8388048426999502848.json,C:\Users\phvna\Faculdade\TCC\dataset\star_objects\STAR_008512\Target\target.json,K0IV (191026),K,K0,4628,3840,0.0,0.999629312764019,3800.142571433285,9198.140860358988,train
STAR_003108,1237648703505891540,3287655292308842496,C:\Users\phvna\Faculdade\TCC\dataset\star_objects\STAR_003108,C:\Users\phvna\Faculdade\TCC\dataset\spectra\star\3287655292308842496.fits,C:\Users\phvna\Faculdade\TCC\dataset\metadata\spectra\star\3287655292308842496.json,C:\Users\phvna\Faculdade\TCC\dataset\star_objects\STAR_003108\Target\target.json,A0,A,A0,3818,3818,0.0,0.9933068718568487,3808.9042601321803,9172.761368159163,train
STAR_001108,1237646588251539045,1406339768584792064,C:\Users\phvna\Faculdade\TCC\dataset\star_objects\STAR_001108,C:\Users\phvna\Faculdade\TCC\dataset\spectra\star\1406339768584792064.fits,C:\Users\phvna\Faculdade\TCC\dataset\metadata\spectra\star\1406339768584792064.json,C:\Users\phvna\Faculdade\TCC\dataset\star_objects\STAR_001108\Target\target.json,M4,M,M4,3820,3810,0.0,0.9947512544764514,3826.48408618615,9198.140860358988,train
STAR_000368,1237646587712111809,1401913397670340608,C:\Users\phvna\Faculdade\TCC\dataset\star_objects\STAR_000368,C:\Users\phvna\Faculdade\TCC\dataset\spectra\star\1401913397670340608.fits,C:\Users\phvna\Faculdade\TCC\dataset\metadata\spectra\star\1401913397670340608.json,C:\Users\phvna\Faculdade\TCC\dataset\star_objects\STAR_000368\Target\target.json,M4,M,M4,3816,3810,0.0,0.9947512544764514,3826.48408618615,9198.140860358988,train
STAR_008414,1237646795985323552,8388012692871600128,C:\Users\phvna\Faculdade\TCC\dataset\star_objects\STAR_008414,C:\Users\phvna\Faculdade\TCC\dataset\spectra\star\8388012692871600128.fits,C:\Users\phvna\Faculdade\TCC\dataset\metadata\spectra\star\8388012692871600128.json,C:\Users\phvna\Faculdade\TCC\dataset\star_objects\STAR_008414\Target\target.json,G8V (101501),G,G8,4624,3840,0.0,0.999629312764019,3800.142571433285,9198.140860358988,train
STAR_006965,1237648705127842212,4535262632899532800,C:\Users\phvna\Faculdade\TCC\dataset\star_objects\STAR_006965,C:\Users\phvna\Faculdade\TCC\dataset\spectra\star\4535262632899532800.fits,C:\Users\phvna\Faculdade\TCC\dataset\metadata\spectra\star\4535262632899532800.json,C:\Users\phvna\Faculdade\TCC\dataset\star_objects\STAR_006965\Target\target.json,F8V (30562),F,F8,4620,3840,0.0,0.999629312764019,3800.142571433285,9198.140860358988,train
STAR_005091,1237648702984290495,3731293397554667520,C:\Users\phvna\Faculdade\TCC\dataset\star_objects\STAR_005091,C:\Users\phvna\Faculdade\TCC\dataset\spectra\star\3731293397554667520.fits,C:\Users\phvna\Faculdade\TCC\dataset\metadata\spectra\star\3731293397554667520.json,C:\Users\phvna\Faculdade\TCC\dataset\star_objects\STAR_005091\Target\target.json,G0,G,G0,3823,3823,0.0,0.9950340575262726,3808.0261377153843,9181.210048357256,train
STAR_002621,1237648705115848726,3259572391029794816,C:\Users\phvna\Faculdade\TCC\dataset\star_objects\STAR_002621,C:\Users\phvna\Faculdade\TCC\dataset\spectra\star\3259572391029794816.fits,C:\Users\phvna\Faculdade\TCC\dataset\metadata\spectra\star\3259572391029794816.json,C:\Users\phvna\Faculdade\TCC\dataset\star_objects\STAR_002621\Target\target.json,F5,F,F5,3820,3812,0.0,0.995077170761093,3824.7241382490856,9198.140860358988,train
STAR_007946,1237646791699531193,8171858325614647296,C:\Users\phvna\Faculdade\TCC\dataset\star_objects\STAR_007946,C:\Users\phvna\Faculdade\TCC\dataset\spectra\star\8171858325614647296.fits,C:\Users\phvna\Faculdade\TCC\dataset\metadata\spectra\star\8171858325614647296.json,C:\Users\phvna\Faculdade\TCC\dataset\star_objects\STAR_007946\Target\target.json,A4p (G_37-26),A,A4,3845,3840,0.0,0.999629312764019,3800.142571433285,9198.140860358988,train
STAR_009727,1237646646760833514,897374699313457152,C:\Users\phvna\Faculdade\TCC\dataset\star_objects\STAR_009727,C:\Users\phvna\Faculdade\TCC\dataset\spectra\star\897374699313457152.fits,C:\Users\phvna\Faculdade\TCC\dataset\metadata\spectra\star\897374699313457152.json,C:\Users\phvna\Faculdade\TCC\dataset\star_objects\STAR_009727\Target\target.json,G2,G,G2,3843,3840,0.0,0.999629312764019,3800.142571433285,9198.140860358988,train
STAR_009250,1237646798674002646,8389295823226427392,C:\Users\phvna\Faculdade\TCC\dataset\star_objects\STAR_009250,C:\Users\phvna\Faculdade\TCC\dataset\spectra\star\8389295823226427392.fits,C:\Users\phvna\Faculdade\TCC\dataset\metadata\spectra\star\8389295823226427392.json,C:\Users\phvna\Faculdade\TCC\dataset\star_objects\STAR_009250\Target\target.json,K0IV (191026),K,K0,4598,3840,0.0,0.999629312764019,3800.142571433285,9198.140860358988,validation
STAR_001157,1237646707424954128,1406401616113854464,C:\Users\phvna\Faculdade\TCC\dataset\star_objects\STAR_001157,C:\Users\phvna\Faculdade\TCC\dataset\spectra\star\1406401616113854464.fits,C:\Users\phvna\Faculdade\TCC\dataset\metadata\spectra\star\1406401616113854464.json,C:\Users\phvna\Faculdade\TCC\dataset\star_objects\STAR_001157\Target\target.json,M2,M,M2,3835,3829,0.0,0.9978445123717098,3809.780493551755,9198.140860358988,train
STAR_000971,1237646750899373574,1405251526833760256,C:\Users\phvna\Faculdade\TCC\dataset\star_objects\STAR_000971,C:\Users\phvna\Faculdade\TCC\dataset\spectra\star\1405251526833760256.fits,C:\Users\phvna\Faculdade\TCC\dataset\metadata\spectra\star\1405251526833760256.json,C:\Users\phvna\Faculdade\TCC\dataset\star_objects\STAR_000971\Target\target.json,M2,M,M2,3837,3829,0.0,0.9978445123717098,3809.780493551755,9198.140860358988,train
STAR_009234,1237646797063258971,8389283178842707968,C:\Users\phvna\Faculdade\TCC\dataset\star_objects\STAR_009234,C:\Users\phvna\Faculdade\TCC\dataset\spectra\star\8389283178842707968.fits,C:\Users\phvna\Faculdade\TCC\dataset\metadata\spectra\star\8389283178842707968.json,C:\Users\phvna\Faculdade\TCC\dataset\star_objects\STAR_009234\Target\target.json,K5Ve (118100),K,K5,4598,3840,0.0,0.999629312764019,3800.142571433285,9198.140860358988,train
STAR_000966,1237646794378904682,1405248778054690816,C:\Users\phvna\Faculdade\TCC\dataset\star_objects\STAR_000966,C:\Users\phvna\Faculdade\TCC\dataset\spectra\star\1405248778054690816.fits,C:\Users\phvna\Faculdade\TCC\dataset\metadata\spectra\star\1405248778054690816.json,C:\Users\phvna\Faculdade\TCC\dataset\star_objects\STAR_000966\Target\target.json,M3,M,M3,3838,3830,0.0,0.9980067778197793,3808.9042601321803,9198.140860358988,train
STAR_002158,1237648704041779450,2891330821656963072,C:\Users\phvna\Faculdade\TCC\dataset\star_objects\STAR_002158,C:\Users\phvna\Faculdade\TCC\dataset\spectra\star\2891330821656963072.fits,C:\Users\phvna\Faculdade\TCC\dataset\metadata\spectra\star\2891330821656963072.json,C:\Users\phvna\Faculdade\TCC\dataset\star_objects\STAR_002158\Target\target.json,F5,F,F5,3828,3828,0.0,0.9976818221925657,3810.659020519133,9198.140860358988,test
STAR_005213,1237648705132363903,3731388780188377088,C:\Users\phvna\Faculdade\TCC\dataset\star_objects\STAR_005213,C:\Users\phvna\Faculdade\TCC\dataset\spectra\star\3731388780188377088.fits,C:\Users\phvna\Faculdade\TCC\dataset\metadata\spectra\star\3731388780188377088.json,C:\Users\phvna\Faculdade\TCC\dataset\star_objects\STAR_005213\Target\target.json,F5,F,F5,3832,3826,0.0,0.9973571044390466,3812.412496388137,9198.140860358988,train
STAR_003149,1237648702968823841,3287686078634420224,C:\Users\phvna\Faculdade\TCC\dataset\star_objects\STAR_003149,C:\Users\phvna\Faculdade\TCC\dataset\spectra\star\3287686078634420224.fits,C:\Users\phvna\Faculdade\TCC\dataset\metadata\spectra\star\3287686078634420224.json,C:\Users\phvna\Faculdade\TCC\dataset\star_objects\STAR_003149\Target\target.json,G2,G,G2,3818,3818,0.0,0.9933068718568487,3808.9042601321803,9172.761368159163,validation
STAR_001732,1237646587711586399,2310515166057359360,C:\Users\phvna\Faculdade\TCC\dataset\star_objects\STAR_001732,C:\Users\phvna\Faculdade\TCC\dataset\spectra\star\2310515166057359360.fits,C:\Users\phvna\Faculdade\TCC\dataset\metadata\spectra\star\2310515166057359360.json,C:\Users\phvna\Faculdade\TCC\dataset\star_objects\STAR_001732\Target\target.json,F5,F,F5,3818,3812,0.0,0.995077170761093,3824.7241382490856,9198.140860358988,train
STAR_008458,1237646797058998684,8388027811156482048,C:\Users\phvna\Faculdade\TCC\dataset\star_objects\STAR_008458,C:\Users\phvna\Faculdade\TCC\dataset\spectra\star\8388027811156482048.fits,C:\Users\phvna\Faculdade\TCC\dataset\metadata\spectra\star\8388027811156482048.json,C:\Users\phvna\Faculdade\TCC\dataset\star_objects\STAR_008458\Target\target.json,F8V (30562),F,F8,4626,3840,0.0,0.999629312764019,3800.142571433285,9198.140860358988,train
STAR_004588,1237648705113817203,364925188430653440,C:\Users\phvna\Faculdade\TCC\dataset\star_objects\STAR_004588,C:\Users\phvna\Faculdade\TCC\dataset\spectra\star\364925188430653440.fits,C:\Users\phvna\Faculdade\TCC\dataset\metadata\spectra\star\364925188430653440.json,C:\Users\phvna\Faculdade\TCC\dataset\star_objects\STAR_004588\Target\target.json,F5,F,F5,3842,3834,0.0,0.9986562402292165,3805.397163121219,9198.140860358988,train
STAR_007277,1237648705124172097,4548778654193440768,C:\Users\phvna\Faculdade\TCC\dataset\star_objects\STAR_007277,C:\Users\phvna\Faculdade\TCC\dataset\spectra\star\4548778654193440768.fits,C:\Users\phvna\Faculdade\TCC\dataset\metadata\spectra\star\4548778654193440768.json,C:\Users\phvna\Faculdade\TCC\dataset\star_objects\STAR_007277\Target\target.json,G4V (32923),G,G4,4617,3840,0.0,0.999629312764019,3800.142571433285,9198.140860358988,train
STAR_001955,1237648703504187523,2880119101370427392,C:\Users\phvna\Faculdade\TCC\dataset\star_objects\STAR_001955,C:\Users\phvna\Faculdade\TCC\dataset\spectra\star\2880119101370427392.fits,C:\Users\phvna\Faculdade\TCC\dataset\metadata\spectra\star\2880119101370427392.json,C:\Users\phvna\Faculdade\TCC\dataset\star_objects\STAR_001955\Target\target.json,F9,F,F9,3816,3816,0.0,0.9938965139517384,3814.168873017869,9181.210048357256,test
STAR_007776,1237646587712438784,8170831932399310848,C:\Users\phvna\Faculdade\TCC\dataset\star_objects\STAR_007776,C:\Users\phvna\Faculdade\TCC\dataset\spectra\star\8170831932399310848.fits,C:\Users\phvna\Faculdade\TCC\dataset\metadata\spectra\star\8170831932399310848.json,C:\Users\phvna\Faculdade\TCC\dataset\star_objects\STAR_007776\Target\target.json,M3III (44478),M,M3,4585,3840,0.0,0.999629312764019,3800.142571433285,9198.140860358988,validation
STAR_008021,1237646706891555199,8171941063864637440,C:\Users\phvna\Faculdade\TCC\dataset\star_objects\STAR_008021,C:\Users\phvna\Faculdade\TCC\dataset\spectra\star\8171941063864637440.fits,C:\Users\phvna\Faculdade\TCC\dataset\metadata\spectra\star\8171941063864637440.json,C:\Users\phvna\Faculdade\TCC\dataset\star_objects\STAR_008021\Target\target.json,K4III (136726),K,K4,3852,3840,0.0,0.999629312764019,3800.142571433285,9198.140860358988,train
STAR_008447,1237646796522128262,8388024512621598720,C:\Users\phvna\Faculdade\TCC\dataset\star_objects\STAR_008447,C:\Users\phvna\Faculdade\TCC\dataset\spectra\star\8388024512621598720.fits,C:\Users\phvna\Faculdade\TCC\dataset\metadata\spectra\star\8388024512621598720.json,C:\Users\phvna\Faculdade\TCC\dataset\star_objects\STAR_008447\Target\target.json,F8V (30562),F,F8,4626,3840,0.0,0.999629312764019,3800.142571433285,9198.140860358988,train
STAR_000102,1237645943979048964,1195871771262216192,C:\Users\phvna\Faculdade\TCC\dataset\star_objects\STAR_000102,C:\Users\phvna\Faculdade\TCC\dataset\spectra\star\1195871771262216192.fits,C:\Users\phvna\Faculdade\TCC\dataset\metadata\spectra\star\1195871771262216192.json,C:\Users\phvna\Faculdade\TCC\dataset\star_objects\STAR_000102\Target\target.json,F9,F,F9,3826,3826,0.0,0.9966676173260901,3809.780493551755,9191.785627112642,test
STAR_004197,1237648702984159410,347926744168163328,C:\Users\phvna\Faculdade\TCC\dataset\star_objects\STAR_004197,C:\Users\phvna\Faculdade\TCC\dataset\spectra\star\347926744168163328.fits,C:\Users\phvna\Faculdade\TCC\dataset\metadata\spectra\star\347926744168163328.json,C:\Users\phvna\Faculdade\TCC\dataset\star_objects\STAR_004197\Target\target.json,A0,A,A0,3839,3833,0.0,0.998494124189121,3806.272589737735,9198.140860358988,train
STAR_007413,1237648702974263689,4559988175137953792,C:\Users\phvna\Faculdade\TCC\dataset\star_objects\STAR_007413,C:\Users\phvna\Faculdade\TCC\dataset\spectra\star\4559988175137953792.fits,C:\Users\phvna\Faculdade\TCC\dataset\metadata\spectra\star\4559988175137953792.json,C:\Users\phvna\Faculdade\TCC\dataset\star_objects\STAR_007413\Target\target.json,F2V (33256),F,F2,4636,3840,0.0,0.999629312764019,3800.142571433285,9198.140860358988,train
STAR_000304,1237646646765945642,1401790527245936640,C:\Users\phvna\Faculdade\TCC\dataset\star_objects\STAR_000304,C:\Users\phvna\Faculdade\TCC\dataset\spectra\star\1401790527245936640.fits,C:\Users\phvna\Faculdade\TCC\dataset\metadata\spectra\star\1401790527245936640.json,C:\Users\phvna\Faculdade\TCC\dataset\star_objects\STAR_000304\Target\target.json,M3,M,M3,3834,3834,0.0,0.9975072395729189,3801.0188759171087,9187.55796961087,train
STAR_000077,1237648703524175896,1040475590362163200,C:\Users\phvna\Faculdade\TCC\dataset\star_objects\STAR_000077,C:\Users\phvna\Faculdade\TCC\dataset\spectra\star\1040475590362163200.fits,C:\Users\phvna\Faculdade\TCC\dataset\metadata\spectra\star\1040475590362163200.json,C:\Users\phvna\Faculdade\TCC\dataset\star_objects\STAR_000077\Target\target.json,M3,M,M3,3851,3840,0.0,0.999629312764019,3800.142571433285,9198.140860358988,train
STAR_004709,1237648704040206506,3722264207262064640,C:\Users\phvna\Faculdade\TCC\dataset\star_objects\STAR_004709,C:\Users\phvna\Faculdade\TCC\dataset\spectra\star\3722264207262064640.fits,C:\Users\phvna\Faculdade\TCC\dataset\metadata\spectra\star\3722264207262064640.json,C:\Users\phvna\Faculdade\TCC\dataset\star_objects\STAR_004709\Target\target.json,F9,F,F9,3831,3831,0.0,0.9972499291479314,3804.5219378491265,9189.671555247956,train
STAR_001806,1237646587710866538,2332968293494712320,C:\Users\phvna\Faculdade\TCC\dataset\star_objects\STAR_001806,C:\Users\phvna\Faculdade\TCC\dataset\spectra\star\2332968293494712320.fits,C:\Users\phvna\Faculdade\TCC\dataset\metadata\spectra\star\2332968293494712320.json,C:\Users\phvna\Faculdade\TCC\dataset\star_objects\STAR_001806\Target\target.json,G2,G,G2,3835,3827,0.0,0.9975194819888815,3811.5356576190284,9198.140860358988,train
STAR_003904,1237648704050036753,337854667046283264,C:\Users\phvna\Faculdade\TCC\dataset\star_objects\STAR_003904,C:\Users\phvna\Faculdade\TCC\dataset\spectra\star\337854667046283264.fits,C:\Users\phvna\Faculdade\TCC\dataset\metadata\spectra\star\337854667046283264.json,C:\Users\phvna\Faculdade\TCC\dataset\star_objects\STAR_003904\Target\target.json,F5,F,F5,3807,3807,0.0,0.9938034754836681,3827.366464965097,9193.905232576904,test
STAR_004337,1237648705134854220,352535616648407040,C:\Users\phvna\Faculdade\TCC\dataset\star_objects\STAR_004337,C:\Users\phvna\Faculdade\TCC\dataset\spectra\star\352535616648407040.fits,C:\Users\phvna\Faculdade\TCC\dataset\metadata\spectra\star\352535616648407040.json,C:\Users\phvna\Faculdade\TCC\dataset\star_objects\STAR_004337\Target\target.json,G2,G,G2,3844,3831,0.0,0.9981693930821489,3808.0261377153843,9198.140860358988,test
STAR_002923,1237648704056918045,3275306953621923840,C:\Users\phvna\Faculdade\TCC\dataset\star_objects\STAR_002923,C:\Users\phvna\Faculdade\TCC\dataset\spectra\star\3275306953621923840.fits,C:\Users\phvna\Faculdade\TCC\dataset\metadata\spectra\star\3275306953621923840.json,C:\Users\phvna\Faculdade\TCC\dataset\star_objects\STAR_002923\Target\target.json,F9,F,F9,3819,3819,0.0,0.9936976462454351,3808.9042601321803,9174.87154985753,train
STAR_008969,1237646798133069219,8388218026668087296,C:\Users\phvna\Faculdade\TCC\dataset\star_objects\STAR_008969,C:\Users\phvna\Faculdade\TCC\dataset\spectra\star\8388218026668087296.fits,C:\Users\phvna\Faculdade\TCC\dataset\metadata\spectra\star\8388218026668087296.json,C:\Users\phvna\Faculdade\TCC\dataset\star_objects\STAR_008969\Target\target.json,M4.5:III (123657),M,M4.5,4595,3840,0.0,0.999629312764019,3800.142571433285,9198.140860358988,train
STAR_000488,1237646748751627037,1403998053379106816,C:\Users\phvna\Faculdade\TCC\dataset\star_objects\STAR_000488,C:\Users\phvna\Faculdade\TCC\dataset\spectra\star\1403998053379106816.fits,C:\Users\phvna\Faculdade\TCC\dataset\metadata\spectra\star\1403998053379106816.json,C:\Users\phvna\Faculdade\TCC\dataset\star_objects\STAR_000488\Target\target.json,M4,M,M4,3835,3832,0.0,0.9983315838090273,3807.1503077902407,9198.140860358988,train
STAR_007606,1237645941286502503,7633614117920856064,C:\Users\phvna\Faculdade\TCC\dataset\star_objects\STAR_007606,C:\Users\phvna\Faculdade\TCC\dataset\spectra\star\7633614117920856064.fits,C:\Users\phvna\Faculdade\TCC\dataset\metadata\spectra\star\7633614117920856064.json,C:\Users\phvna\Faculdade\TCC\dataset\star_objects\STAR_007606\Target\target.json,G9IV (100030),G,G9,4630,3840,0.0,0.999629312764019,3800.142571433285,9198.140860358988,train
STAR_008723,1237646798132480229,8388127042080888832,C:\Users\phvna\Faculdade\TCC\dataset\star_objects\STAR_008723,C:\Users\phvna\Faculdade\TCC\dataset\spectra\star\8388127042080888832.fits,C:\Users\phvna\Faculdade\TCC\dataset\metadata\spectra\star\8388127042080888832.json,C:\Users\phvna\Faculdade\TCC\dataset\star_objects\STAR_008723\Target\target.json,G5III+... (157910),G,G5,4595,3840,0.0,0.999629312764019,3800.142571433285,9198.140860358988,train
STAR_007646,1237646586639352797,8170674977114445824,C:\Users\phvna\Faculdade\TCC\dataset\star_objects\STAR_007646,C:\Users\phvna\Faculdade\TCC\dataset\spectra\star\8170674977114445824.fits,C:\Users\phvna\Faculdade\TCC\dataset\metadata\spectra\star\8170674977114445824.json,C:\Users\phvna\Faculdade\TCC\dataset\star_objects\STAR_007646\Target\target.json,K1IVa (142091),K,K1,4622,3840,0.0,0.999629312764019,3800.142571433285,9198.140860358988,validation
STAR_003044,1237648704594313443,3275407558935865344,C:\Users\phvna\Faculdade\TCC\dataset\star_objects\STAR_003044,C:\Users\phvna\Faculdade\TCC\dataset\spectra\star\3275407558935865344.fits,C:\Users\phvna\Faculdade\TCC\dataset\metadata\spectra\star\3275407558935865344.json,C:\Users\phvna\Faculdade\TCC\dataset\star_objects\STAR_003044\Target\target.json,M0,M,M0,3823,3817,0.0,0.9958924709590491,3820.321517180123,9198.140860358988,validation
STAR_000347,1237646587711980260,1401895805484296192,C:\Users\phvna\Faculdade\TCC\dataset\star_objects\STAR_000347,C:\Users\phvna\Faculdade\TCC\dataset\spectra\star\1401895805484296192.fits,C:\Users\phvna\Faculdade\TCC\dataset\metadata\spectra\star\1401895805484296192.json,C:\Users\phvna\Faculdade\TCC\dataset\star_objects\STAR_000347\Target\target.json,M4,M,M4,3832,3825,0.0,0.9971943018647097,3813.291630289555,9198.140860358988,validation
STAR_001209,1237646380469322719,1417527548220303360,C:\Users\phvna\Faculdade\TCC\dataset\star_objects\STAR_001209,C:\Users\phvna\Faculdade\TCC\dataset\spectra\star\1417527548220303360.fits,C:\Users\phvna\Faculdade\TCC\dataset\metadata\spectra\star\1417527548220303360.json,C:\Users\phvna\Faculdade\TCC\dataset\star_objects\STAR_001209\Target\target.json,A0,A,A0,3838,3838,0.0,0.9990743337919233,3801.0188759171087,9196.020278393495,validation
STAR_003027,1237648705130987556,3275389142116100096,C:\Users\phvna\Faculdade\TCC\dataset\star_objects\STAR_003027,C:\Users\phvna\Faculdade\TCC\dataset\spectra\star\3275389142116100096.fits,C:\Users\phvna\Faculdade\TCC\dataset\metadata\spectra\star\3275389142116100096.json,C:\Users\phvna\Faculdade\TCC\dataset\star_objects\STAR_003027\Target\target.json,A0,A,A0,3836,3829,0.0,0.9978445123717098,3809.780493551755,9198.140860358988,train
STAR_008843,1237646798669677045,8388171572301813760,C:\Users\phvna\Faculdade\TCC\dataset\star_objects\STAR_008843,C:\Users\phvna\Faculdade\TCC\dataset\spectra\star\8388171572301813760.fits,C:\Users\phvna\Faculdade\TCC\dataset\metadata\spectra\star\8388171572301813760.json,C:\Users\phvna\Faculdade\TCC\dataset\star_objects\STAR_008843\Target\target.json,K5Ve (118100),K,K5,4595,3840,0.0,0.999629312764019,3800.142571433285,9198.140860358988,train
STAR_006206,1237648705115128286,4331514056748062720,C:\Users\phvna\Faculdade\TCC\dataset\star_objects\STAR_006206,C:\Users\phvna\Faculdade\TCC\dataset\spectra\star\4331514056748062720.fits,C:\Users\phvna\Faculdade\TCC\dataset\metadata\spectra\star\4331514056748062720.json,C:\Users\phvna\Faculdade\TCC\dataset\star_objects\STAR_006206\Target\target.json,WDmagnetic,WD,WD,4624,3840,0.0,0.999629312764019,3800.142571433285,9198.140860358988,train
STAR_005690,1237648674534392127,391952558714808320,C:\Users\phvna\Faculdade\TCC\dataset\star_objects\STAR_005690,C:\Users\phvna\Faculdade\TCC\dataset\spectra\star\391952558714808320.fits,C:\Users\phvna\Faculdade\TCC\dataset\metadata\spectra\star\391952558714808320.json,C:\Users\phvna\Faculdade\TCC\dataset\star_objects\STAR_005690\Target\target.json,F9,F,F9,3841,3832,0.0,0.9983315838090273,3807.1503077902407,9198.140860358988,train
STAR_002304,1237648704577798353,2891430602337183744,C:\Users\phvna\Faculdade\TCC\dataset\star_objects\STAR_002304,C:\Users\phvna\Faculdade\TCC\dataset\spectra\star\2891430602337183744.fits,C:\Users\phvna\Faculdade\TCC\dataset\metadata\spectra\star\2891430602337183744.json,C:\Users\phvna\Faculdade\TCC\dataset\star_objects\STAR_002304\Target\target.json,K5,K,K5,3837,3829,0.0,0.9978445123717098,3809.780493551755,9198.140860358988,test
STAR_005071,1237648703521226954,3731273606345367552,C:\Users\phvna\Faculdade\TCC\dataset\star_objects\STAR_005071,C:\Users\phvna\Faculdade\TCC\dataset\spectra\star\3731273606345367552.fits,C:\Users\phvna\Faculdade\TCC\dataset\metadata\spectra\star\3731273606345367552.json,C:\Users\phvna\Faculdade\TCC\dataset\star_objects\STAR_005071\Target\target.json,K1,K,K1,3831,3831,0.0,0.9970209525662368,3803.644825753192,9187.55796961087,train
STAR_004363,1237645943978852577,3553512259961593856,C:\Users\phvna\Faculdade\TCC\dataset\star_objects\STAR_004363,C:\Users\phvna\Faculdade\TCC\dataset\spectra\star\3553512259961593856.fits,C:\Users\phvna\Faculdade\TCC\dataset\metadata\spectra\star\3553512259961593856.json,C:\Users\phvna\Faculdade\TCC\dataset\star_objects\STAR_004363\Target\target.json,G2,G,G2,3819,3817,0.0,0.9958924709590491,3820.321517180123,9198.140860358988,test
STAR_003521,1237648703520309497,3303416242810939392,C:\Users\phvna\Faculdade\TCC\dataset\star_objects\STAR_003521,C:\Users\phvna\Faculdade\TCC\dataset\spectra\star\3303416242810939392.fits,C:\Users\phvna\Faculdade\TCC\dataset\metadata\spectra\star\3303416242810939392.json,C:\Users\phvna\Faculdade\TCC\dataset\star_objects\STAR_003521\Target\target.json,G2,G,G2,3829,3829,0.0,0.997614077455799,3808.9042601321803,9196.020278393495,validation
STAR_000004,1237648702977409066,1029183886057302016,C:\Users\phvna\Faculdade\TCC\dataset\star_objects\STAR_000004,C:\Users\phvna\Faculdade\TCC\dataset\spectra\star\1029183886057302016.fits,C:\Users\phvna\Faculdade\TCC\dataset\metadata\spectra\star\1029183886057302016.json,C:\Users\phvna\Faculdade\TCC\dataset\star_objects\STAR_000004\Target\target.json,F5,F,F5,3846,3836,0.0,0.9989807471492215,3803.644825753192,9198.140860358988,train
STAR_008698,1237646798132414966,8388117971109959680,C:\Users\phvna\Faculdade\TCC\dataset\star_objects\STAR_008698,C:\Users\phvna\Faculdade\TCC\dataset\spectra\star\8388117971109959680.fits,C:\Users\phvna\Faculdade\TCC\dataset\metadata\spectra\star\8388117971109959680.json,C:\Users\phvna\Faculdade\TCC\dataset\star_objects\STAR_008698\Target\target.json,K5 (G_19-24),K,K5,4594,3840,0.0,0.999629312764019,3800.142571433285,9198.140860358988,train
STAR_004619,1237648704577208500,364943055494604800,C:\Users\phvna\Faculdade\TCC\dataset\star_objects\STAR_004619,C:\Users\phvna\Faculdade\TCC\dataset\spectra\star\364943055494604800.fits,C:\Users\phvna\Faculdade\TCC\dataset\metadata\spectra\star\364943055494604800.json,C:\Users\phvna\Faculdade\TCC\dataset\star_objects\STAR_004619\Target\target.json,G2,G,G2,3839,3833,0.0,0.998494124189121,3806.272589737735,9198.140860358988,train
STAR_002120,1237648705115652129,2880224654486693888,C:\Users\phvna\Faculdade\TCC\dataset\star_objects\STAR_002120,C:\Users\phvna\Faculdade\TCC\dataset\spectra\star\2880224654486693888.fits,C:\Users\phvna\Faculdade\TCC\dataset\metadata\spectra\star\2880224654486693888.json,C:\Users\phvna\Faculdade\TCC\dataset\star_objects\STAR_002120\Target\target.json,F9,F,F9,3816,3806,0.0,0.9940981931880342,3830.010617143604,9198.140860358988,train
STAR_008506,1237646795985127354,8388046227976247296,C:\Users\phvna\Faculdade\TCC\dataset\star_objects\STAR_008506,C:\Users\phvna\Faculdade\TCC\dataset\spectra\star\8388046227976247296.fits,C:\Users\phvna\Faculdade\TCC\dataset\metadata\spectra\star\8388046227976247296.json,C:\Users\phvna\Faculdade\TCC\dataset\star_objects\STAR_008506\Target\target.json,K5 (G_19-24),K,K5,4626,3840,0.0,0.999629312764019,3800.142571433285,9198.140860358988,train
STAR_006826,1237648703518802809,4531825005248665600,C:\Users\phvna\Faculdade\TCC\dataset\star_objects\STAR_006826,C:\Users\phvna\Faculdade\TCC\dataset\spectra\star\4531825005248665600.fits,C:\Users\phvna\Faculdade\TCC\dataset\metadata\spectra\star\4531825005248665600.json,C:\Users\phvna\Faculdade\TCC\dataset\star_objects\STAR_006826\Target\target.json,M1 (204445),M,M1,4611,3840,0.0,0.999629312764019,3800.142571433285,9198.140860358988,train
STAR_009427,1237648703509692638,8394792281652353024,C:\Users\phvna\Faculdade\TCC\dataset\star_objects\STAR_009427,C:\Users\phvna\Faculdade\TCC\dataset\spectra\star\8394792281652353024.fits,C:\Users\phvna\Faculdade\TCC\dataset\metadata\spectra\star\8394792281652353024.json,C:\Users\phvna\Faculdade\TCC\dataset\star_objects\STAR_009427\Target\target.json,K3V (32147),K,K3,4628,3840,0.0,0.999629312764019,3800.142571433285,9198.140860358988,train
STAR_000291,1237646586637648345,1400788304009390080,C:\Users\phvna\Faculdade\TCC\dataset\star_objects\STAR_000291,C:\Users\phvna\Faculdade\TCC\dataset\spectra\star\1400788304009390080.fits,C:\Users\phvna\Faculdade\TCC\dataset\metadata\spectra\star\1400788304009390080.json,C:\Users\phvna\Faculdade\TCC\dataset\star_objects\STAR_000291\Target\target.json,M4,M,M4,3821,3821,0.0,0.9963137443674097,3815.9260588094817,9196.020278393495,train
STAR_008116,1237646792236598284,8172018029678581760,C:\Users\phvna\Faculdade\TCC\dataset\star_objects\STAR_008116,C:\Users\phvna\Faculdade\TCC\dataset\spectra\star\8172018029678581760.fits,C:\Users\phvna\Faculdade\TCC\dataset\metadata\spectra\star\8172018029678581760.json,C:\Users\phvna\Faculdade\TCC\dataset\star_objects\STAR_008116\Target\target.json,G9IV (100030),G,G9,3849,3840,0.0,0.999629312764019,3800.142571433285,9198.140860358988,train
STAR_003579,1237648703520047473,3303450052793493504,C:\Users\phvna\Faculdade\TCC\dataset\star_objects\STAR_003579,C:\Users\phvna\Faculdade\TCC\dataset\spectra\star\3303450052793493504.fits,C:\Users\phvna\Faculdade\TCC\dataset\metadata\spectra\star\3303450052793493504.json,C:\Users\phvna\Faculdade\TCC\dataset\star_objects\STAR_003579\Target\target.json,F9,F,F9,3821,3821,0.0,0.9944803979071906,3808.9042601321803,9179.098408831009,train
STAR_003101,1237648702969020679,3287652268651866112,C:\Users\phvna\Faculdade\TCC\dataset\star_objects\STAR_003101,C:\Users\phvna\Faculdade\TCC\dataset\spectra\star\3287652268651866112.fits,C:\Users\phvna\Faculdade\TCC\dataset\metadata\spectra\star\3287652268651866112.json,C:\Users\phvna\Faculdade\TCC\dataset\star_objects\STAR_003101\Target\target.json,G2,G,G2,3818,3818,0.0,0.9933068718568487,3808.9042601321803,9172.761368159163,train
STAR_000959,1237646587714012321,1405244654886086656,C:\Users\phvna\Faculdade\TCC\dataset\star_objects\STAR_000959,C:\Users\phvna\Faculdade\TCC\dataset\spectra\star\1405244654886086656.fits,C:\Users\phvna\Faculdade\TCC\dataset\metadata\spectra\star\1405244654886086656.json,C:\Users\phvna\Faculdade\TCC\dataset\star_objects\STAR_000959\Target\target.json,M2,M,M2,3837,3829,0.0,0.9978445123717098,3809.780493551755,9198.140860358988,train
STAR_001459,1237646794381329367,1417649319133079552,C:\Users\phvna\Faculdade\TCC\dataset\star_objects\STAR_001459,C:\Users\phvna\Faculdade\TCC\dataset\spectra\star\1417649319133079552.fits,C:\Users\phvna\Faculdade\TCC\dataset\metadata\spectra\star\1417649319133079552.json,C:\Users\phvna\Faculdade\TCC\dataset\star_objects\STAR_001459\Target\target.json,A0,A,A0,3843,3839,0.0,0.9994670341559035,3801.0188759171087,9198.140860358988,train
STAR_009823,1237646647833854203,897435447330891776,C:\Users\phvna\Faculdade\TCC\dataset\star_objects\STAR_009823,C:\Users\phvna\Faculdade\TCC\dataset\spectra\star\897435447330891776.fits,C:\Users\phvna\Faculdade\TCC\dataset\metadata\spectra\star\897435447330891776.json,C:\Users\phvna\Faculdade\TCC\dataset\star_objects\STAR_009823\Target\target.json,F5,F,F5,3825,3815,0.0,0.9955665412716672,3822.081537491985,9198.140860358988,test
STAR_003678,1237648704593920105,3303526743729530880,C:\Users\phvna\Faculdade\TCC\dataset\star_objects\STAR_003678,C:\Users\phvna\Faculdade\TCC\dataset\spectra\star\3303526743729530880.fits,C:\Users\phvna\Faculdade\TCC\dataset\metadata\spectra\star\3303526743729530880.json,C:\Users\phvna\Faculdade\TCC\dataset\star_objects\STAR_003678\Target\target.json,M4,M,M4,3837,3830,0.0,0.9980067778197793,3808.9042601321803,9198.140860358988,validation
STAR_007190,1237648705127318394,4542151348360337408,C:\Users\phvna\Faculdade\TCC\dataset\star_objects\STAR_007190,C:\Users\phvna\Faculdade\TCC\dataset\spectra\star\4542151348360337408.fits,C:\Users\phvna\Faculdade\TCC\dataset\metadata\spectra\star\4542151348360337408.json,C:\Users\phvna\Faculdade\TCC\dataset\star_objects\STAR_007190\Target\target.json,Ldwarf,L,L,4618,3840,0.0,0.999629312764019,3800.142571433285,9198.140860358988,train
STAR_008724,1237646798669416428,8388127591836702720,C:\Users\phvna\Faculdade\TCC\dataset\star_objects\STAR_008724,C:\Users\phvna\Faculdade\TCC\dataset\spectra\star\8388127591836702720.fits,C:\Users\phvna\Faculdade\TCC\dataset\metadata\spectra\star\8388127591836702720.json,C:\Users\phvna\Faculdade\TCC\dataset\star_objects\STAR_008724\Target\target.json,K5Ve (118100),K,K5,4594,3840,0.0,0.999629312764019,3800.142571433285,9198.140860358988,train
STAR_006955,1237648704054231217,4535254936318138368,C:\Users\phvna\Faculdade\TCC\dataset\star_objects\STAR_006955,C:\Users\phvna\Faculdade\TCC\dataset\spectra\star\4535254936318138368.fits,C:\Users\phvna\Faculdade\TCC\dataset\metadata\spectra\star\4535254936318138368.json,C:\Users\phvna\Faculdade\TCC\dataset\star_objects\STAR_006955\Target\target.json,F0II (25291),F,F0,4635,3840,0.0,0.999629312764019,3800.142571433285,9198.140860358988,train
STAR_007356,1237648702975574944,4555448841483343872,C:\Users\phvna\Faculdade\TCC\dataset\star_objects\STAR_007356,C:\Users\phvna\Faculdade\TCC\dataset\spectra\star\4555448841483343872.fits,C:\Users\phvna\Faculdade\TCC\dataset\metadata\spectra\star\4555448841483343872.json,C:\Users\phvna\Faculdade\TCC\dataset\star_objects\STAR_007356\Target\target.json,M6III (148783),M,M6,4636,3840,0.0,0.999629312764019,3800.142571433285,9198.140860358988,validation
STAR_008514,1237646796521931153,8388048976755316736,C:\Users\phvna\Faculdade\TCC\dataset\star_objects\STAR_008514,C:\Users\phvna\Faculdade\TCC\dataset\spectra\star\8388048976755316736.fits,C:\Users\phvna\Faculdade\TCC\dataset\metadata\spectra\star\8388048976755316736.json,C:\Users\phvna\Faculdade\TCC\dataset\star_objects\STAR_008514\Target\target.json,G5III+... (157910),G,G5,4628,3840,0.0,0.999629312764019,3800.142571433285,9198.140860358988,validation
STAR_006004,1237648703486689410,4307762955901229056,C:\Users\phvna\Faculdade\TCC\dataset\star_objects\STAR_006004,C:\Users\phvna\Faculdade\TCC\dataset\spectra\star\4307762955901229056.fits,C:\Users\phvna\Faculdade\TCC\dataset\metadata\spectra\star\4307762955901229056.json,C:\Users\phvna\Faculdade\TCC\dataset\star_objects\STAR_006004\Target\target.json,A2II (39866),A,A2,4632,3840,0.0,0.999629312764019,3800.142571433285,9198.140860358988,test
STAR_005966,1237648702969413883,4270702811120162816,C:\Users\phvna\Faculdade\TCC\dataset\star_objects\STAR_005966,C:\Users\phvna\Faculdade\TCC\dataset\spectra\star\4270702811120162816.fits,C:\Users\phvna\Faculdade\TCC\dataset\metadata\spectra\star\4270702811120162816.json,C:\Users\phvna\Faculdade\TCC\dataset\star_objects\STAR_005966\Target\target.json,F0V (90277),F,F0,4626,3840,0.0,0.999629312764019,3800.142571433285,9198.140860358988,train
