sample_index,true_label,true_class,majority_vote_label,majority_vote_class,majority_vote_correct,mean_probability_label,mean_probability_class,mean_probability_correct,strategies_agree,efficientnet_b0_label,efficientnet_b0_class,efficientnet_b0_confidence,resnet50_label,resnet50_class,resnet50_confidence,convnext_tiny_label,convnext_tiny_class,convnext_tiny_confidence,vit_b_16_label,vit_b_16_class,vit_b_16_confidence,vmamba_label,vmamba_class,vmamba_confidence,cnn_shallow_label,cnn_shallow_class,cnn_shallow_confidence
0,0,galaxy,0,galaxy,True,0,galaxy,True,True,0,galaxy,0.9945249557495117,0,galaxy,0.9969931840896606,0,galaxy,0.9667026996612549,0,galaxy,0.8192430138587952,0,galaxy,0.976209819316864,0,galaxy,0.4922221899032593
1,0,galaxy,0,galaxy,True,0,galaxy,True,True,0,galaxy,0.995768666267395,0,galaxy,0.9963691234588623,0,galaxy,0.9866067171096802,0,galaxy,0.9747606515884399,0,galaxy,0.9802219271659851,0,galaxy,0.7029948234558105
2,0,galaxy,0,galaxy,True,0,galaxy,True,True,0,galaxy,0.9971994161605835,0,galaxy,0.9688225388526917,0,galaxy,0.9794930815696716,0,galaxy,0.96698397397995,0,galaxy,0.9584682583808899,0,galaxy,0.6738582253456116
3,0,galaxy,0,galaxy,True,0,galaxy,True,True,0,galaxy,0.9953403472900391,0,galaxy,0.9993995428085327,0,galaxy,0.991344690322876,0,galaxy,0.9690176844596863,0,galaxy,0.9688702821731567,0,galaxy,0.9582269191741943
4,0,galaxy,0,galaxy,True,0,galaxy,True,True,0,galaxy,0.9973341226577759,0,galaxy,0.9982019662857056,0,galaxy,0.9895290732383728,0,galaxy,0.9763830900192261,0,galaxy,0.99062180519104,0,galaxy,0.9288309812545776
5,0,galaxy,0,galaxy,True,0,galaxy,True,True,0,galaxy,0.9381792545318604,0,galaxy,0.9866083860397339,0,galaxy,0.9159111976623535,0,galaxy,0.8836215138435364,0,galaxy,0.8741698265075684,0,galaxy,0.4549313187599182
6,0,galaxy,0,galaxy,True,0,galaxy,True,True,0,galaxy,0.9984434247016907,0,galaxy,0.989554762840271,0,galaxy,0.986792802810669,0,galaxy,0.9753053188323975,0,galaxy,0.9730225205421448,0,galaxy,0.7170547246932983
7,0,galaxy,0,galaxy,True,0,galaxy,True,True,0,galaxy,0.9780786633491516,0,galaxy,0.9820200800895691,0,galaxy,0.8808696269989014,0,galaxy,0.6714895963668823,0,galaxy,0.8873094916343689,1,quasar,0.3917284607887268
8,0,galaxy,0,galaxy,True,0,galaxy,True,True,0,galaxy,0.9849677681922913,0,galaxy,0.990565299987793,0,galaxy,0.9499238133430481,0,galaxy,0.5492530465126038,0,galaxy,0.6975025534629822,0,galaxy,0.392809122800827
9,0,galaxy,0,galaxy,True,0,galaxy,True,True,0,galaxy,0.9995181560516357,0,galaxy,0.9797762632369995,0,galaxy,0.9808732867240906,0,galaxy,0.9687475562095642,0,galaxy,0.9724986553192139,2,star,0.5523265600204468
10,0,galaxy,0,galaxy,True,0,galaxy,True,True,0,galaxy,0.997317373752594,0,galaxy,0.9881318807601929,0,galaxy,0.9867897629737854,0,galaxy,0.9280573129653931,0,galaxy,0.9845007658004761,0,galaxy,0.8397684097290039
11,0,galaxy,0,galaxy,True,0,galaxy,True,True,0,galaxy,0.9969480633735657,0,galaxy,0.9938595294952393,0,galaxy,0.8769403696060181,0,galaxy,0.6837499141693115,0,galaxy,0.9080274105072021,0,galaxy,0.5663600564002991
12,0,galaxy,0,galaxy,True,0,galaxy,True,True,0,galaxy,0.9984379410743713,0,galaxy,0.938206136226654,0,galaxy,0.5157212018966675,0,galaxy,0.6995933055877686,0,galaxy,0.7360865473747253,0,galaxy,0.4394422471523285
13,0,galaxy,0,galaxy,True,0,galaxy,True,True,0,galaxy,0.9949917197227478,0,galaxy,0.9576598405838013,0,galaxy,0.9738338589668274,0,galaxy,0.9073721170425415,0,galaxy,0.9792701005935669,2,star,0.5787919759750366
14,0,galaxy,0,galaxy,True,0,galaxy,True,True,0,galaxy,0.9813636541366577,0,galaxy,0.9996678829193115,0,galaxy,0.9849256873130798,0,galaxy,0.942568302154541,0,galaxy,0.9828711748123169,0,galaxy,0.7616609930992126
15,0,galaxy,0,galaxy,True,0,galaxy,True,True,0,galaxy,0.999011754989624,0,galaxy,0.9977193474769592,0,galaxy,0.9768585562705994,0,galaxy,0.9391677975654602,0,galaxy,0.985345184803009,0,galaxy,0.7454860806465149
16,0,galaxy,0,galaxy,True,0,galaxy,True,True,0,galaxy,0.9109779000282288,0,galaxy,0.9978596568107605,0,galaxy,0.9584379196166992,0,galaxy,0.6644073724746704,0,galaxy,0.9760106801986694,2,star,0.6918194890022278
17,0,galaxy,0,galaxy,True,0,galaxy,True,True,0,galaxy,0.8931680917739868,0,galaxy,0.9955272078514099,0,galaxy,0.9470483660697937,0,galaxy,0.6445721983909607,0,galaxy,0.9310988783836365,0,galaxy,0.39971622824668884
18,0,galaxy,0,galaxy,True,0,galaxy,True,True,0,galaxy,0.9878645539283752,0,galaxy,0.998365581035614,0,galaxy,0.977167546749115,0,galaxy,0.9737817645072937,0,galaxy,0.9846159815788269,0,galaxy,0.6872271299362183
19,0,galaxy,0,galaxy,True,0,galaxy,True,True,0,galaxy,0.9983695149421692,0,galaxy,0.993926465511322,0,galaxy,0.9747471809387207,0,galaxy,0.9508036971092224,0,galaxy,0.9647121429443359,0,galaxy,0.6110146641731262
20,0,galaxy,0,galaxy,True,0,galaxy,True,True,0,galaxy,0.9994811415672302,0,galaxy,0.9966779947280884,0,galaxy,0.9777966141700745,0,galaxy,0.9701024889945984,0,galaxy,0.9733281135559082,2,star,0.5741578340530396
21,0,galaxy,0,galaxy,True,0,galaxy,True,True,0,galaxy,0.991907000541687,0,galaxy,0.9989448189735413,0,galaxy,0.9809811115264893,0,galaxy,0.9487636685371399,0,galaxy,0.8749489188194275,0,galaxy,0.4558696150779724
22,0,galaxy,0,galaxy,True,0,galaxy,True,True,0,galaxy,0.9716367125511169,0,galaxy,0.9971083998680115,0,galaxy,0.9618743062019348,0,galaxy,0.8748664259910583,0,galaxy,0.9694515466690063,0,galaxy,0.8969743251800537
23,0,galaxy,0,galaxy,True,0,galaxy,True,True,0,galaxy,0.9939138293266296,0,galaxy,0.9975097179412842,0,galaxy,0.9791632294654846,0,galaxy,0.9236515760421753,0,galaxy,0.9865483641624451,0,galaxy,0.6856563687324524
24,0,galaxy,0,galaxy,True,0,galaxy,True,True,0,galaxy,0.9667002558708191,0,galaxy,0.9994698166847229,0,galaxy,0.9875089526176453,0,galaxy,0.9697376489639282,0,galaxy,0.9854148626327515,0,galaxy,0.6477107405662537
25,0,galaxy,0,galaxy,True,0,galaxy,True,True,0,galaxy,0.9996414184570312,0,galaxy,0.999866247177124,0,galaxy,0.9844567179679871,0,galaxy,0.9636111259460449,0,galaxy,0.988362729549408,0,galaxy,0.793060839176178
26,0,galaxy,0,galaxy,True,0,galaxy,True,True,0,galaxy,0.9998868703842163,0,galaxy,0.9994120597839355,0,galaxy,0.9860286116600037,0,galaxy,0.967172384262085,0,galaxy,0.9793293476104736,0,galaxy,0.9092172980308533
27,0,galaxy,0,galaxy,True,0,galaxy,True,True,0,galaxy,0.9607290029525757,0,galaxy,0.9859663844108582,0,galaxy,0.9521162509918213,0,galaxy,0.9135488271713257,0,galaxy,0.7375699877738953,0,galaxy,0.7868410348892212
28,0,galaxy,0,galaxy,True,0,galaxy,True,True,0,galaxy,0.9910552501678467,0,galaxy,0.9947329759597778,0,galaxy,0.9551939964294434,0,galaxy,0.7912283539772034,0,galaxy,0.9447508454322815,0,galaxy,0.46600934863090515
29,0,galaxy,0,galaxy,True,0,galaxy,True,True,0,galaxy,0.9951234459877014,0,galaxy,0.9911728501319885,0,galaxy,0.897376298904419,0,galaxy,0.9747735857963562,0,galaxy,0.9244827628135681,0,galaxy,0.9429863691329956
30,0,galaxy,0,galaxy,True,0,galaxy,True,True,0,galaxy,0.9964054822921753,0,galaxy,0.9949134588241577,0,galaxy,0.9359490275382996,0,galaxy,0.9604201316833496,0,galaxy,0.9861910343170166,0,galaxy,0.7226057648658752
31,0,galaxy,0,galaxy,True,0,galaxy,True,True,0,galaxy,0.9987653493881226,0,galaxy,0.9865750670433044,0,galaxy,0.9612942934036255,0,galaxy,0.9448238611221313,0,galaxy,0.941783607006073,0,galaxy,0.5443049669265747
32,0,galaxy,0,galaxy,True,0,galaxy,True,True,0,galaxy,0.9989110231399536,0,galaxy,0.9984191656112671,0,galaxy,0.9755831360816956,0,galaxy,0.9617489576339722,0,galaxy,0.9124937653541565,0,galaxy,0.5536794662475586
33,0,galaxy,0,galaxy,True,0,galaxy,True,True,0,galaxy,0.9974130988121033,0,galaxy,0.9970484375953674,0,galaxy,0.946469783782959,0,galaxy,0.7542228102684021,0,galaxy,0.9376358389854431,0,galaxy,0.5958725214004517
34,0,galaxy,0,galaxy,True,0,galaxy,True,True,0,galaxy,0.9939436316490173,0,galaxy,0.9975603818893433,0,galaxy,0.963750958442688,0,galaxy,0.9286261796951294,0,galaxy,0.9751792550086975,0,galaxy,0.5241404175758362
35,0,galaxy,0,galaxy,True,0,galaxy,True,True,0,galaxy,0.9990487694740295,0,galaxy,0.9978033900260925,0,galaxy,0.9836320877075195,0,galaxy,0.9618959426879883,0,galaxy,0.9870728254318237,0,galaxy,0.3649829924106598
36,0,galaxy,0,galaxy,True,0,galaxy,True,True,0,galaxy,0.9968921542167664,0,galaxy,0.9927138686180115,0,galaxy,0.9236858487129211,0,galaxy,0.828441321849823,0,galaxy,0.7370251417160034,0,galaxy,0.7922585010528564
37,0,galaxy,0,galaxy,True,0,galaxy,True,True,0,galaxy,0.9691731929779053,0,galaxy,0.9430637955665588,0,galaxy,0.6481012105941772,2,star,0.5584439039230347,0,galaxy,0.42292895913124084,0,galaxy,0.4093833863735199
38,0,galaxy,0,galaxy,True,0,galaxy,True,True,0,galaxy,0.9975985884666443,0,galaxy,0.9887619614601135,0,galaxy,0.8961158990859985,0,galaxy,0.5473476648330688,0,galaxy,0.976525068283081,2,star,0.6019614338874817
39,0,galaxy,0,galaxy,True,0,galaxy,True,True,0,galaxy,0.9983229041099548,0,galaxy,0.9984344840049744,0,galaxy,0.9685576558113098,0,galaxy,0.9745692610740662,0,galaxy,0.9514960646629333,0,galaxy,0.8015204668045044
40,0,galaxy,0,galaxy,True,0,galaxy,True,True,0,galaxy,0.9994076490402222,0,galaxy,0.9776409268379211,0,galaxy,0.978297233581543,0,galaxy,0.9707351922988892,0,galaxy,0.9602415561676025,0,galaxy,0.6268186569213867
41,0,galaxy,0,galaxy,True,0,galaxy,True,True,0,galaxy,0.9974986910820007,0,galaxy,0.997312605381012,0,galaxy,0.9180450439453125,0,galaxy,0.8718320727348328,0,galaxy,0.9748165011405945,0,galaxy,0.4386270046234131
42,0,galaxy,0,galaxy,True,0,galaxy,True,True,0,galaxy,0.9961121678352356,0,galaxy,0.9943879246711731,0,galaxy,0.9432126879692078,0,galaxy,0.8532853126525879,0,galaxy,0.9518956542015076,0,galaxy,0.3974192440509796
43,0,galaxy,0,galaxy,True,0,galaxy,True,True,0,galaxy,0.9966448545455933,0,galaxy,0.9998658895492554,0,galaxy,0.972671389579773,0,galaxy,0.9716249108314514,0,galaxy,0.9875903129577637,0,galaxy,0.4657266139984131
44,0,galaxy,0,galaxy,True,0,galaxy,True,True,0,galaxy,0.9994387030601501,0,galaxy,0.9761273264884949,0,galaxy,0.9828505516052246,0,galaxy,0.9659788608551025,0,galaxy,0.9740716814994812,0,galaxy,0.7935299277305603
45,0,galaxy,0,galaxy,True,0,galaxy,True,True,0,galaxy,0.9893394112586975,0,galaxy,0.9960671067237854,0,galaxy,0.8912889957427979,0,galaxy,0.8600113391876221,0,galaxy,0.7027157545089722,0,galaxy,0.5649239420890808
46,0,galaxy,0,galaxy,True,0,galaxy,True,True,0,galaxy,0.9988226294517517,0,galaxy,0.9617947340011597,0,galaxy,0.9376829266548157,2,star,0.5566663146018982,0,galaxy,0.9445520043373108,2,star,0.4836336374282837
47,0,galaxy,0,galaxy,True,0,galaxy,True,True,0,galaxy,0.9984238147735596,0,galaxy,0.9176110029220581,0,galaxy,0.969921350479126,0,galaxy,0.9563692212104797,0,galaxy,0.9410088062286377,0,galaxy,0.7653428316116333
48,0,galaxy,0,galaxy,True,0,galaxy,True,True,0,galaxy,0.9995706677436829,0,galaxy,0.9875766038894653,0,galaxy,0.9775955677032471,0,galaxy,0.6352424621582031,0,galaxy,0.9608902931213379,0,galaxy,0.7059268951416016
49,0,galaxy,0,galaxy,True,0,galaxy,True,True,0,galaxy,0.9959279894828796,0,galaxy,0.996181845664978,0,galaxy,0.9684885144233704,0,galaxy,0.9195070862770081,0,galaxy,0.9658200740814209,0,galaxy,0.5251941680908203
50,0,galaxy,0,galaxy,True,2,star,False,False,0,galaxy,0.9963738322257996,0,galaxy,0.5871108770370483,2,star,0.7497469782829285,2,star,0.5458159446716309,2,star,0.9114887714385986,0,galaxy,0.4512183666229248
51,0,galaxy,0,galaxy,True,0,galaxy,True,True,0,galaxy,0.8958994746208191,0,galaxy,0.9896079897880554,0,galaxy,0.9478275179862976,0,galaxy,0.7332919836044312,0,galaxy,0.8577767610549927,0,galaxy,0.5259097814559937
52,0,galaxy,0,galaxy,True,0,galaxy,True,True,0,galaxy,0.9996310472488403,0,galaxy,0.9881628155708313,0,galaxy,0.9531407356262207,0,galaxy,0.9415139555931091,0,galaxy,0.7305235862731934,2,star,0.7047052979469299
53,0,galaxy,0,galaxy,True,0,galaxy,True,True,0,galaxy,0.9964865446090698,0,galaxy,0.9973374009132385,0,galaxy,0.9691535234451294,0,galaxy,0.9044337868690491,0,galaxy,0.9572723507881165,0,galaxy,0.5747511982917786
54,0,galaxy,0,galaxy,True,0,galaxy,True,True,0,galaxy,0.9880592226982117,0,galaxy,0.9960886240005493,0,galaxy,0.6500833630561829,0,galaxy,0.7060980200767517,0,galaxy,0.9490002393722534,0,galaxy,0.5800163149833679
55,0,galaxy,0,galaxy,True,0,galaxy,True,True,0,galaxy,0.9990552067756653,0,galaxy,0.994724690914154,0,galaxy,0.9694368839263916,0,galaxy,0.858677327632904,0,galaxy,0.9696141481399536,0,galaxy,0.47646772861480713
56,0,galaxy,0,galaxy,True,0,galaxy,True,True,0,galaxy,0.9976287484169006,0,galaxy,0.9819923639297485,0,galaxy,0.9769431352615356,0,galaxy,0.9348993897438049,0,galaxy,0.9753414988517761,0,galaxy,0.6259050369262695
57,0,galaxy,0,galaxy,True,0,galaxy,True,True,0,galaxy,0.9868032336235046,0,galaxy,0.9982611536979675,0,galaxy,0.9797737002372742,0,galaxy,0.9375876784324646,0,galaxy,0.9694918990135193,0,galaxy,0.6381242275238037
58,0,galaxy,0,galaxy,True,0,galaxy,True,True,0,galaxy,0.9953546524047852,0,galaxy,0.9708893299102783,0,galaxy,0.9301071763038635,0,galaxy,0.9383034110069275,0,galaxy,0.9705883860588074,0,galaxy,0.8391430974006653
59,0,galaxy,0,galaxy,True,0,galaxy,True,True,0,galaxy,0.9998891353607178,0,galaxy,0.9872354865074158,0,galaxy,0.9652093052864075,0,galaxy,0.9528226852416992,0,galaxy,0.928530752658844,0,galaxy,0.9117532968521118
60,0,galaxy,0,galaxy,True,0,galaxy,True,True,0,galaxy,0.9997634291648865,0,galaxy,0.9964240193367004,0,galaxy,0.9554766416549683,0,galaxy,0.9628458619117737,0,galaxy,0.9579592943191528,0,galaxy,0.742304801940918
61,0,galaxy,0,galaxy,True,0,galaxy,True,True,0,galaxy,0.996459424495697,0,galaxy,0.9975569248199463,0,galaxy,0.9762780666351318,0,galaxy,0.9687341451644897,0,galaxy,0.9900091886520386,0,galaxy,0.6724982857704163
62,0,galaxy,0,galaxy,True,0,galaxy,True,True,0,galaxy,0.9999078512191772,0,galaxy,0.999607503414154,0,galaxy,0.9903801679611206,0,galaxy,0.9660356044769287,0,galaxy,0.9800695180892944,0,galaxy,0.7271801829338074
63,0,galaxy,0,galaxy,True,0,galaxy,True,True,0,galaxy,0.9939467310905457,0,galaxy,0.9988180994987488,0,galaxy,0.9611556529998779,0,galaxy,0.9594752788543701,0,galaxy,0.9681968092918396,0,galaxy,0.5451869368553162
64,0,galaxy,2,star,False,2,star,False,True,0,galaxy,0.5789608955383301,0,galaxy,0.4217217266559601,2,star,0.5605233311653137,2,star,0.7414757013320923,1,quasar,0.3920762240886688,2,star,0.4454571306705475
65,0,galaxy,0,galaxy,True,0,galaxy,True,True,0,galaxy,0.9993383288383484,0,galaxy,0.9123669266700745,0,galaxy,0.8967115879058838,0,galaxy,0.8659355640411377,0,galaxy,0.9587498903274536,0,galaxy,0.5454970598220825
66,0,galaxy,0,galaxy,True,0,galaxy,True,True,0,galaxy,0.9997969269752502,0,galaxy,0.9996312856674194,0,galaxy,0.9839359521865845,0,galaxy,0.9770669341087341,0,galaxy,0.9831106662750244,2,star,0.5127748847007751
67,0,galaxy,0,galaxy,True,0,galaxy,True,True,1,quasar,0.49588915705680847,0,galaxy,0.6666284203529358,0,galaxy,0.9025512337684631,2,star,0.9237586259841919,0,galaxy,0.5438342094421387,0,galaxy,0.7254087328910828
68,0,galaxy,0,galaxy,True,0,galaxy,True,True,0,galaxy,0.9993250370025635,0,galaxy,0.9990422129631042,0,galaxy,0.9821179509162903,0,galaxy,0.974182665348053,0,galaxy,0.9874787330627441,0,galaxy,0.8081421256065369
69,0,galaxy,0,galaxy,True,2,star,False,False,0,galaxy,0.41565775871276855,1,quasar,0.4665098190307617,0,galaxy,0.4262929856777191,2,star,0.7463164925575256,2,star,0.44299137592315674,0,galaxy,0.43358495831489563
70,0,galaxy,0,galaxy,True,0,galaxy,True,True,1,quasar,0.88836270570755,0,galaxy,0.5996059775352478,2,star,0.6680288314819336,2,star,0.7685167193412781,0,galaxy,0.48928412795066833,0,galaxy,0.786191463470459
71,0,galaxy,0,galaxy,True,0,galaxy,True,True,0,galaxy,0.7647366523742676,1,quasar,0.7700322270393372,0,galaxy,0.9019027948379517,0,galaxy,0.6467663049697876,0,galaxy,0.8314436674118042,0,galaxy,0.5471227169036865
72,0,galaxy,2,star,False,2,star,False,True,2,star,0.4736974537372589,0,galaxy,0.50467449426651,2,star,0.8098234534263611,2,star,0.5701936483383179,0,galaxy,0.48954063653945923,1,quasar,0.4983012080192566
73,0,galaxy,1,quasar,False,1,quasar,False,True,1,quasar,0.9512888789176941,1,quasar,0.785476803779602,1,quasar,0.6915349364280701,1,quasar,0.5541549324989319,1,quasar,0.7668766975402832,1,quasar,0.49311715364456177
74,0,galaxy,0,galaxy,True,0,galaxy,True,True,0,galaxy,0.6967933177947998,1,quasar,0.4433879852294922,0,galaxy,0.7327976822853088,2,star,0.865653395652771,0,galaxy,0.60633385181427,1,quasar,0.8861097693443298
75,0,galaxy,0,galaxy,True,0,galaxy,True,True,0,galaxy,0.5495331883430481,0,galaxy,0.5865337252616882,0,galaxy,0.7161713242530823,2,star,0.9287392497062683,0,galaxy,0.6636195778846741,0,galaxy,0.7392515540122986
76,0,galaxy,0,galaxy,True,0,galaxy,True,True,1,quasar,0.5192811489105225,1,quasar,0.3679977059364319,0,galaxy,0.8033892512321472,2,star,0.5814922451972961,0,galaxy,0.7031223177909851,0,galaxy,0.737106204032898
77,0,galaxy,0,galaxy,True,0,galaxy,True,True,0,galaxy,0.9097517728805542,0,galaxy,0.9738882780075073,0,galaxy,0.9775451421737671,0,galaxy,0.8968783617019653,0,galaxy,0.9203864932060242,0,galaxy,0.9481289386749268
78,0,galaxy,0,galaxy,True,0,galaxy,True,True,0,galaxy,0.9989948868751526,0,galaxy,0.9966434240341187,0,galaxy,0.9771774411201477,0,galaxy,0.9791528582572937,0,galaxy,0.9906166195869446,0,galaxy,0.9081966280937195
79,0,galaxy,0,galaxy,True,0,galaxy,True,True,2,star,0.4104239344596863,0,galaxy,0.9191791415214539,0,galaxy,0.9216342568397522,2,star,0.9240503907203674,0,galaxy,0.904607892036438,1,quasar,0.7950493097305298
80,0,galaxy,0,galaxy,True,0,galaxy,True,True,0,galaxy,0.9956718683242798,0,galaxy,0.9860078692436218,0,galaxy,0.9753825664520264,0,galaxy,0.9268682599067688,0,galaxy,0.9566921591758728,0,galaxy,0.69808030128479
81,0,galaxy,0,galaxy,True,0,galaxy,True,True,0,galaxy,0.5024749040603638,1,quasar,0.46249955892562866,0,galaxy,0.9748231768608093,0,galaxy,0.6470903158187866,0,galaxy,0.798051655292511,0,galaxy,0.838306188583374
82,0,galaxy,0,galaxy,True,0,galaxy,True,True,0,galaxy,0.9862702488899231,0,galaxy,0.9621223211288452,0,galaxy,0.9501854777336121,0,galaxy,0.5986684560775757,0,galaxy,0.8546473383903503,2,star,0.46676722168922424
83,0,galaxy,0,galaxy,True,0,galaxy,True,True,0,galaxy,0.9762478470802307,0,galaxy,0.9990944862365723,0,galaxy,0.9622097611427307,0,galaxy,0.9443161487579346,0,galaxy,0.9892249703407288,0,galaxy,0.9324402213096619
84,0,galaxy,2,star,False,2,star,False,True,2,star,0.9998238682746887,1,quasar,0.6030327677726746,2,star,0.5286499857902527,2,star,0.8827192187309265,0,galaxy,0.5279175639152527,0,galaxy,0.5115081667900085
85,0,galaxy,0,galaxy,True,0,galaxy,True,True,0,galaxy,0.8417719602584839,0,galaxy,0.9713340401649475,0,galaxy,0.9724977612495422,0,galaxy,0.9486923217773438,0,galaxy,0.9003797173500061,0,galaxy,0.6070192456245422
86,0,galaxy,0,galaxy,True,0,galaxy,True,True,1,quasar,0.5721030235290527,0,galaxy,0.5980924367904663,0,galaxy,0.7128230929374695,1,quasar,0.5079452991485596,1,quasar,0.4767529368400574,0,galaxy,0.6274711489677429
87,0,galaxy,0,galaxy,True,0,galaxy,True,True,0,galaxy,0.9939391613006592,0,galaxy,0.9878822565078735,0,galaxy,0.9816064238548279,0,galaxy,0.8934609889984131,0,galaxy,0.9495351910591125,0,galaxy,0.6413578987121582
88,0,galaxy,0,galaxy,True,0,galaxy,True,True,0,galaxy,0.9944813251495361,0,galaxy,0.9958855509757996,0,galaxy,0.959977388381958,0,galaxy,0.9349527955055237,0,galaxy,0.8831302523612976,0,galaxy,0.8257097005844116
89,0,galaxy,0,galaxy,True,0,galaxy,True,True,0,galaxy,0.9995818734169006,0,galaxy,0.9980216026306152,0,galaxy,0.9819287061691284,0,galaxy,0.7637712359428406,0,galaxy,0.9745334982872009,0,galaxy,0.4658238887786865
90,0,galaxy,0,galaxy,True,0,galaxy,True,True,0,galaxy,0.9993125200271606,0,galaxy,0.9967325925827026,0,galaxy,0.9781396985054016,0,galaxy,0.9320871233940125,0,galaxy,0.9339768290519714,1,quasar,0.4477565884590149
91,0,galaxy,0,galaxy,True,0,galaxy,True,True,0,galaxy,0.9975855350494385,0,galaxy,0.9364327788352966,0,galaxy,0.9737873077392578,0,galaxy,0.9634657502174377,0,galaxy,0.9790849685668945,0,galaxy,0.5526978969573975
92,0,galaxy,0,galaxy,True,0,galaxy,True,True,0,galaxy,0.990581214427948,0,galaxy,0.9187487363815308,0,galaxy,0.9511565566062927,0,galaxy,0.7590563297271729,0,galaxy,0.709076464176178,1,quasar,0.4957473874092102
93,0,galaxy,0,galaxy,True,0,galaxy,True,True,0,galaxy,0.978239119052887,0,galaxy,0.9768631458282471,0,galaxy,0.9664690494537354,0,galaxy,0.9325323700904846,0,galaxy,0.9290953874588013,1,quasar,0.5416620969772339
94,0,galaxy,0,galaxy,True,0,galaxy,True,True,0,galaxy,0.9017879366874695,0,galaxy,0.7342550754547119,0,galaxy,0.7488994002342224,0,galaxy,0.36229783296585083,1,quasar,0.5255674719810486,1,quasar,0.5009708404541016
95,0,galaxy,0,galaxy,True,0,galaxy,True,True,0,galaxy,0.8765814900398254,0,galaxy,0.8002039790153503,0,galaxy,0.8483017086982727,0,galaxy,0.3928244411945343,0,galaxy,0.5430147051811218,1,quasar,0.6248877644538879
96,0,galaxy,0,galaxy,True,0,galaxy,True,True,0,galaxy,0.910823404788971,0,galaxy,0.44173744320869446,0,galaxy,0.7240673899650574,2,star,0.5742051005363464,1,quasar,0.5519611835479736,2,star,0.39233678579330444
97,0,galaxy,0,galaxy,True,0,galaxy,True,True,0,galaxy,0.8984922766685486,0,galaxy,0.9804738759994507,0,galaxy,0.9763913750648499,0,galaxy,0.9181616902351379,0,galaxy,0.9524730443954468,1,quasar,0.483702689409256
98,0,galaxy,0,galaxy,True,0,galaxy,True,True,0,galaxy,0.7840416431427002,0,galaxy,0.9231211543083191,0,galaxy,0.9724259376525879,0,galaxy,0.9050650596618652,0,galaxy,0.9387924671173096,1,quasar,0.4680192172527313
99,0,galaxy,2,star,False,2,star,False,True,0,galaxy,0.8892657160758972,2,star,0.9227429032325745,0,galaxy,0.7113216519355774,2,star,0.9450547099113464,2,star,0.9220585227012634,1,quasar,0.44092467427253723
100,0,galaxy,0,galaxy,True,0,galaxy,True,True,0,galaxy,0.9668278098106384,0,galaxy,0.99073326587677,0,galaxy,0.9549285173416138,0,galaxy,0.9371509552001953,0,galaxy,0.9134382605552673,0,galaxy,0.6029027700424194
101,0,galaxy,0,galaxy,True,0,galaxy,True,True,0,galaxy,0.9961643218994141,0,galaxy,0.9992509484291077,0,galaxy,0.9785817265510559,0,galaxy,0.9010226130485535,0,galaxy,0.9735662341117859,0,galaxy,0.6883888840675354
102,0,galaxy,0,galaxy,True,0,galaxy,True,True,1,quasar,0.614655613899231,0,galaxy,0.9555234313011169,0,galaxy,0.9061053395271301,2,star,0.39085710048675537,0,galaxy,0.765275239944458,1,quasar,0.46410977840423584
103,0,galaxy,0,galaxy,True,0,galaxy,True,True,0,galaxy,0.9859721660614014,0,galaxy,0.9977237582206726,0,galaxy,0.9626348614692688,0,galaxy,0.9337083697319031,0,galaxy,0.9240944981575012,1,quasar,0.46444135904312134
104,0,galaxy,0,galaxy,True,0,galaxy,True,True,1,quasar,0.6337659358978271,0,galaxy,0.7166057229042053,0,galaxy,0.8946394324302673,0,galaxy,0.8376984000205994,0,galaxy,0.8359639048576355,0,galaxy,0.48835280537605286
105,0,galaxy,0,galaxy,True,0,galaxy,True,True,0,galaxy,0.9824106693267822,0,galaxy,0.979242205619812,0,galaxy,0.9782617092132568,0,galaxy,0.9544860124588013,0,galaxy,0.9548685550689697,0,galaxy,0.6803772449493408
106,0,galaxy,0,galaxy,True,0,galaxy,True,True,1,quasar,0.6731253862380981,0,galaxy,0.4784301221370697,0,galaxy,0.6874829530715942,0,galaxy,0.7211730480194092,0,galaxy,0.6632132530212402,1,quasar,0.5976534485816956
107,0,galaxy,0,galaxy,True,0,galaxy,True,True,0,galaxy,0.5199692845344543,0,galaxy,0.9477612376213074,0,galaxy,0.7606325149536133,0,galaxy,0.5268970131874084,0,galaxy,0.6688126921653748,0,galaxy,0.894600510597229
108,0,galaxy,1,quasar,False,1,quasar,False,True,1,quasar,0.5160825252532959,0,galaxy,0.41568586230278015,2,star,0.5630729794502258,1,quasar,0.6091824769973755,1,quasar,0.7212415337562561,1,quasar,0.4792152941226959
109,0,galaxy,1,quasar,False,1,quasar,False,True,1,quasar,0.8377151489257812,1,quasar,0.5791131258010864,2,star,0.6554777026176453,2,star,0.4565419554710388,0,galaxy,0.5407243371009827,1,quasar,0.8466916680335999
110,0,galaxy,0,galaxy,True,0,galaxy,True,True,0,galaxy,0.47622013092041016,0,galaxy,0.37975773215293884,0,galaxy,0.5587157011032104,2,star,0.5205100178718567,0,galaxy,0.6172073483467102,0,galaxy,0.8091001510620117
111,0,galaxy,0,galaxy,True,0,galaxy,True,True,0,galaxy,0.9890410304069519,0,galaxy,0.9950969815254211,0,galaxy,0.9845640659332275,0,galaxy,0.9745834469795227,0,galaxy,0.9805641770362854,0,galaxy,0.7686607241630554
112,0,galaxy,0,galaxy,True,0,galaxy,True,True,1,quasar,0.8784012198448181,0,galaxy,0.967488706111908,0,galaxy,0.9455989599227905,0,galaxy,0.6622268557548523,0,galaxy,0.890622615814209,0,galaxy,0.6575730443000793
113,0,galaxy,0,galaxy,True,0,galaxy,True,True,1,quasar,0.9968088269233704,0,galaxy,0.9978796243667603,0,galaxy,0.9473188519477844,0,galaxy,0.9612382650375366,0,galaxy,0.8674999475479126,0,galaxy,0.6083148121833801
114,0,galaxy,0,galaxy,True,0,galaxy,True,True,0,galaxy,0.9575374126434326,0,galaxy,0.9655738472938538,0,galaxy,0.7062683701515198,2,star,0.4058479368686676,1,quasar,0.6130359768867493,0,galaxy,0.5957997441291809
115,0,galaxy,0,galaxy,True,0,galaxy,True,True,0,galaxy,0.9894083738327026,0,galaxy,0.9661561250686646,0,galaxy,0.9515891075134277,0,galaxy,0.8263482451438904,0,galaxy,0.8264626860618591,0,galaxy,0.9162815809249878
116,0,galaxy,0,galaxy,True,0,galaxy,True,True,0,galaxy,0.9711660742759705,0,galaxy,0.9966689944267273,0,galaxy,0.9716856479644775,0,galaxy,0.8492104411125183,0,galaxy,0.8960626721382141,0,galaxy,0.6300551891326904
117,0,galaxy,0,galaxy,True,0,galaxy,True,True,0,galaxy,0.9916075468063354,0,galaxy,0.8440151214599609,0,galaxy,0.9148457050323486,0,galaxy,0.9120841026306152,0,galaxy,0.9615659117698669,0,galaxy,0.4930410385131836
118,0,galaxy,0,galaxy,True,0,galaxy,True,True,0,galaxy,0.9952078461647034,0,galaxy,0.9747381210327148,0,galaxy,0.9649539589881897,0,galaxy,0.8803340196609497,0,galaxy,0.8999882936477661,0,galaxy,0.35529521107673645
119,0,galaxy,0,galaxy,True,0,galaxy,True,True,0,galaxy,0.9955160021781921,0,galaxy,0.9990987777709961,0,galaxy,0.9917305111885071,0,galaxy,0.9620027542114258,0,galaxy,0.9872854351997375,0,galaxy,0.7161943912506104
120,0,galaxy,0,galaxy,True,0,galaxy,True,True,0,galaxy,0.8927173018455505,0,galaxy,0.9905940294265747,0,galaxy,0.9424176812171936,2,star,0.5438144207000732,0,galaxy,0.9772526621818542,2,star,0.3997196555137634
121,0,galaxy,0,galaxy,True,0,galaxy,True,True,0,galaxy,0.9984762072563171,0,galaxy,0.9565737247467041,0,galaxy,0.8954877853393555,0,galaxy,0.8636138439178467,0,galaxy,0.9575946927070618,0,galaxy,0.8545757532119751
122,0,galaxy,0,galaxy,True,0,galaxy,True,True,0,galaxy,0.9980371594429016,0,galaxy,0.9976308345794678,0,galaxy,0.992395281791687,0,galaxy,0.9620591998100281,0,galaxy,0.9491447806358337,0,galaxy,0.9738842248916626
123,0,galaxy,0,galaxy,True,0,galaxy,True,True,0,galaxy,0.9915831685066223,0,galaxy,0.9987863898277283,0,galaxy,0.9662947654724121,0,galaxy,0.8557488322257996,0,galaxy,0.7639161944389343,0,galaxy,0.5457255840301514
124,0,galaxy,0,galaxy,True,0,galaxy,True,True,0,galaxy,0.9707034826278687,0,galaxy,0.9944193959236145,0,galaxy,0.9556618928909302,0,galaxy,0.8983262181282043,0,galaxy,0.8899595141410828,0,galaxy,0.49121153354644775
125,0,galaxy,0,galaxy,True,0,galaxy,True,True,0,galaxy,0.9982397556304932,0,galaxy,0.9953321814537048,0,galaxy,0.9781723022460938,0,galaxy,0.9786137938499451,0,galaxy,0.9557729363441467,0,galaxy,0.6115430593490601
126,0,galaxy,0,galaxy,True,0,galaxy,True,True,0,galaxy,0.9958078861236572,0,galaxy,0.9738284349441528,0,galaxy,0.9553782343864441,0,galaxy,0.9698157906532288,0,galaxy,0.8445248007774353,0,galaxy,0.3802139163017273
127,0,galaxy,0,galaxy,True,0,galaxy,True,True,0,galaxy,0.9994251728057861,0,galaxy,0.977681040763855,0,galaxy,0.9710891842842102,0,galaxy,0.9190849661827087,0,galaxy,0.9307381510734558,0,galaxy,0.5574679374694824
128,0,galaxy,0,galaxy,True,0,galaxy,True,True,0,galaxy,0.9971093535423279,0,galaxy,0.9326652884483337,0,galaxy,0.9369558691978455,0,galaxy,0.9535735845565796,0,galaxy,0.9499726295471191,0,galaxy,0.5036436319351196
129,0,galaxy,0,galaxy,True,0,galaxy,True,True,0,galaxy,0.9948441982269287,0,galaxy,0.37135782837867737,0,galaxy,0.974118173122406,0,galaxy,0.8697468042373657,0,galaxy,0.9723811745643616,2,star,0.4670913815498352
130,0,galaxy,0,galaxy,True,0,galaxy,True,True,0,galaxy,0.9948506951332092,0,galaxy,0.9649558067321777,0,galaxy,0.94404536485672,0,galaxy,0.9043230414390564,0,galaxy,0.9460418820381165,2,star,0.5748556852340698
131,0,galaxy,0,galaxy,True,0,galaxy,True,True,0,galaxy,0.9970042109489441,0,galaxy,0.9841396808624268,0,galaxy,0.968498170375824,0,galaxy,0.9724690914154053,0,galaxy,0.9762451648712158,0,galaxy,0.4800286293029785
132,0,galaxy,0,galaxy,True,0,galaxy,True,True,0,galaxy,0.9943073391914368,0,galaxy,0.9966530203819275,0,galaxy,0.9425140619277954,0,galaxy,0.8248761892318726,0,galaxy,0.8726324439048767,2,star,0.4446321427822113
133,0,galaxy,0,galaxy,True,0,galaxy,True,True,0,galaxy,0.9855836629867554,0,galaxy,0.996095597743988,0,galaxy,0.9658982753753662,0,galaxy,0.8465241193771362,0,galaxy,0.9101015329360962,0,galaxy,0.45060548186302185
134,0,galaxy,0,galaxy,True,0,galaxy,True,True,0,galaxy,0.9967436790466309,0,galaxy,0.9935474991798401,0,galaxy,0.762327253818512,0,galaxy,0.9543989896774292,0,galaxy,0.9304637312889099,0,galaxy,0.6268683075904846
135,0,galaxy,2,star,False,1,quasar,False,False,2,star,0.42730408906936646,2,star,0.4202665686607361,1,quasar,0.5873197913169861,2,star,0.5964593291282654,1,quasar,0.7201358079910278,2,star,0.609951376914978
136,0,galaxy,0,galaxy,True,0,galaxy,True,True,0,galaxy,0.9941825270652771,0,galaxy,0.9228872060775757,0,galaxy,0.9569175243377686,0,galaxy,0.9445064067840576,0,galaxy,0.9711447954177856,0,galaxy,0.6617836356163025
137,0,galaxy,0,galaxy,True,0,galaxy,True,True,0,galaxy,0.8920413851737976,0,galaxy,0.9963030815124512,0,galaxy,0.9822635054588318,0,galaxy,0.9726728796958923,0,galaxy,0.9777751564979553,0,galaxy,0.7725464701652527
138,0,galaxy,0,galaxy,True,0,galaxy,True,True,0,galaxy,0.9993630051612854,0,galaxy,0.9928715825080872,0,galaxy,0.9869535565376282,0,galaxy,0.9657555818557739,0,galaxy,0.9766364693641663,0,galaxy,0.8533817529678345
139,0,galaxy,0,galaxy,True,0,galaxy,True,True,0,galaxy,0.8022093176841736,0,galaxy,0.9861218333244324,0,galaxy,0.7196323871612549,0,galaxy,0.9048293828964233,0,galaxy,0.9534744620323181,1,quasar,0.3771771788597107
140,0,galaxy,0,galaxy,True,0,galaxy,True,True,0,galaxy,0.9991114735603333,0,galaxy,0.9757440090179443,0,galaxy,0.969743013381958,0,galaxy,0.9545532464981079,0,galaxy,0.9673777222633362,2,star,0.4476965367794037
141,0,galaxy,0,galaxy,True,0,galaxy,True,True,0,galaxy,0.9915834069252014,0,galaxy,0.9832928776741028,0,galaxy,0.9837605953216553,0,galaxy,0.9632339477539062,0,galaxy,0.9544003009796143,0,galaxy,0.5345288515090942
142,0,galaxy,0,galaxy,True,0,galaxy,True,True,0,galaxy,0.9587152600288391,0,galaxy,0.9921039342880249,0,galaxy,0.9005025625228882,0,galaxy,0.5516877770423889,0,galaxy,0.8743647336959839,0,galaxy,0.5846955180168152
143,0,galaxy,0,galaxy,True,0,galaxy,True,True,0,galaxy,0.9728778600692749,0,galaxy,0.9919586181640625,0,galaxy,0.8229528665542603,0,galaxy,0.8239343762397766,0,galaxy,0.7980026602745056,0,galaxy,0.42191943526268005
144,0,galaxy,0,galaxy,True,0,galaxy,True,True,0,galaxy,0.9970211386680603,0,galaxy,0.9968956708908081,0,galaxy,0.8463965058326721,0,galaxy,0.8134425282478333,0,galaxy,0.9155490398406982,0,galaxy,0.5294543504714966
145,0,galaxy,0,galaxy,True,0,galaxy,True,True,0,galaxy,0.9951454997062683,0,galaxy,0.9896377325057983,0,galaxy,0.9393388628959656,0,galaxy,0.8993831872940063,0,galaxy,0.9626945853233337,0,galaxy,0.7210437059402466
146,0,galaxy,0,galaxy,True,0,galaxy,True,True,0,galaxy,0.9951381087303162,0,galaxy,0.9945927262306213,0,galaxy,0.946477472782135,0,galaxy,0.8922871947288513,0,galaxy,0.9640952348709106,0,galaxy,0.7150284647941589
147,0,galaxy,0,galaxy,True,0,galaxy,True,True,0,galaxy,0.9983294606208801,0,galaxy,0.9988792538642883,0,galaxy,0.9694175720214844,0,galaxy,0.9740418195724487,0,galaxy,0.9767122864723206,2,star,0.38957905769348145
148,0,galaxy,0,galaxy,True,0,galaxy,True,True,0,galaxy,0.9949701428413391,0,galaxy,0.9958708882331848,0,galaxy,0.9711831212043762,0,galaxy,0.9726161360740662,0,galaxy,0.9906830787658691,0,galaxy,0.8243675827980042
149,0,galaxy,0,galaxy,True,0,galaxy,True,True,0,galaxy,0.9933362007141113,0,galaxy,0.9973350167274475,0,galaxy,0.9841290712356567,0,galaxy,0.9635953307151794,0,galaxy,0.9742398858070374,0,galaxy,0.619627058506012
150,0,galaxy,0,galaxy,True,0,galaxy,True,True,0,galaxy,0.9896504878997803,0,galaxy,0.9906229376792908,0,galaxy,0.8290584087371826,0,galaxy,0.7638322114944458,0,galaxy,0.9067573547363281,0,galaxy,0.7115588188171387
151,0,galaxy,0,galaxy,True,0,galaxy,True,True,0,galaxy,0.997219443321228,0,galaxy,0.9665172100067139,0,galaxy,0.9724130630493164,0,galaxy,0.9693107604980469,0,galaxy,0.959612250328064,0,galaxy,0.6747447848320007
152,0,galaxy,0,galaxy,True,0,galaxy,True,True,0,galaxy,0.9663377404212952,0,galaxy,0.9875039458274841,0,galaxy,0.9518090486526489,0,galaxy,0.8005293607711792,0,galaxy,0.7238508462905884,0,galaxy,0.971707820892334
153,0,galaxy,0,galaxy,True,0,galaxy,True,True,0,galaxy,0.97225022315979,0,galaxy,0.9991899132728577,0,galaxy,0.9885977506637573,0,galaxy,0.9313516616821289,0,galaxy,0.9776605367660522,0,galaxy,0.92212975025177
154,0,galaxy,0,galaxy,True,0,galaxy,True,True,0,galaxy,0.9975417852401733,0,galaxy,0.9431825280189514,0,galaxy,0.8069069385528564,0,galaxy,0.6862205862998962,0,galaxy,0.8317582607269287,2,star,0.4494578242301941
155,0,galaxy,0,galaxy,True,0,galaxy,True,True,0,galaxy,0.9998186230659485,0,galaxy,0.9940707087516785,0,galaxy,0.9802888631820679,0,galaxy,0.9769622087478638,0,galaxy,0.9880902767181396,0,galaxy,0.9494247436523438
156,0,galaxy,0,galaxy,True,0,galaxy,True,True,0,galaxy,0.992771327495575,0,galaxy,0.9822287559509277,0,galaxy,0.9330015182495117,0,galaxy,0.9106062054634094,0,galaxy,0.9646568894386292,0,galaxy,0.5417371392250061
157,0,galaxy,0,galaxy,True,0,galaxy,True,True,0,galaxy,0.9993070363998413,0,galaxy,0.9978733062744141,0,galaxy,0.9674789905548096,0,galaxy,0.9787020683288574,0,galaxy,0.969928503036499,0,galaxy,0.7473241686820984
158,0,galaxy,0,galaxy,True,0,galaxy,True,True,0,galaxy,0.9966148734092712,0,galaxy,0.9748101830482483,0,galaxy,0.9539892673492432,0,galaxy,0.8925624489784241,0,galaxy,0.961230993270874,2,star,0.6101047992706299
159,0,galaxy,0,galaxy,True,0,galaxy,True,True,0,galaxy,0.9763520359992981,0,galaxy,0.9909752011299133,2,star,0.597323477268219,0,galaxy,0.6594641208648682,0,galaxy,0.9308965802192688,0,galaxy,0.36618566513061523
160,0,galaxy,0,galaxy,True,0,galaxy,True,True,0,galaxy,0.9910395741462708,0,galaxy,0.9811305999755859,0,galaxy,0.9528273344039917,0,galaxy,0.924132227897644,0,galaxy,0.9489645957946777,0,galaxy,0.5403810739517212
161,0,galaxy,0,galaxy,True,0,galaxy,True,True,0,galaxy,0.9979752898216248,0,galaxy,0.9952691197395325,0,galaxy,0.9675292372703552,0,galaxy,0.9538176655769348,0,galaxy,0.9261997938156128,0,galaxy,0.5733726620674133
162,0,galaxy,0,galaxy,True,0,galaxy,True,True,0,galaxy,0.9997184872627258,0,galaxy,0.9990027546882629,0,galaxy,0.9874740839004517,0,galaxy,0.977167546749115,0,galaxy,0.985288679599762,0,galaxy,0.9135170578956604
163,0,galaxy,0,galaxy,True,0,galaxy,True,True,0,galaxy,0.9821357727050781,0,galaxy,0.9677983522415161,0,galaxy,0.9249744415283203,0,galaxy,0.4493623375892639,0,galaxy,0.7603591680526733,0,galaxy,0.6087226271629333
164,0,galaxy,0,galaxy,True,0,galaxy,True,True,0,galaxy,0.9711304306983948,0,galaxy,0.9661865234375,0,galaxy,0.9630802273750305,0,galaxy,0.7886921167373657,0,galaxy,0.8900963664054871,2,star,0.47055506706237793
165,0,galaxy,0,galaxy,True,0,galaxy,True,True,0,galaxy,0.9735798239707947,0,galaxy,0.9902338981628418,0,galaxy,0.8056390881538391,0,galaxy,0.6844608783721924,0,galaxy,0.9752700924873352,2,star,0.4194468557834625
166,0,galaxy,0,galaxy,True,0,galaxy,True,True,0,galaxy,0.9991065859794617,0,galaxy,0.9978493452072144,0,galaxy,0.9737937450408936,0,galaxy,0.9485348463058472,0,galaxy,0.9683856964111328,0,galaxy,0.5352584719657898
167,0,galaxy,0,galaxy,True,0,galaxy,True,True,0,galaxy,0.5217737555503845,0,galaxy,0.4121335446834564,2,star,0.6618643403053284,0,galaxy,0.7096318602561951,0,galaxy,0.9642513990402222,2,star,0.4652124047279358
168,0,galaxy,0,galaxy,True,0,galaxy,True,True,0,galaxy,0.9755839109420776,0,galaxy,0.9708596467971802,0,galaxy,0.9743915796279907,0,galaxy,0.8692102432250977,0,galaxy,0.9585040807723999,0,galaxy,0.903503954410553
169,0,galaxy,0,galaxy,True,0,galaxy,True,True,0,galaxy,0.9964116215705872,0,galaxy,0.9983502626419067,0,galaxy,0.9875419735908508,0,galaxy,0.9768298268318176,0,galaxy,0.9827484488487244,0,galaxy,0.5840335488319397
170,0,galaxy,0,galaxy,True,0,galaxy,True,True,0,galaxy,0.9948264956474304,0,galaxy,0.9989414811134338,0,galaxy,0.9681430459022522,0,galaxy,0.9703244566917419,0,galaxy,0.9904717206954956,0,galaxy,0.9161755442619324
171,0,galaxy,0,galaxy,True,0,galaxy,True,True,0,galaxy,0.9998238682746887,0,galaxy,0.9988996982574463,0,galaxy,0.9893613457679749,0,galaxy,0.9700496196746826,0,galaxy,0.9882882833480835,0,galaxy,0.8878296613693237
172,0,galaxy,0,galaxy,True,0,galaxy,True,True,0,galaxy,0.999680757522583,0,galaxy,0.9976288676261902,0,galaxy,0.9760988354682922,0,galaxy,0.9443646669387817,0,galaxy,0.894207239151001,0,galaxy,0.5027170777320862
173,0,galaxy,0,galaxy,True,0,galaxy,True,True,0,galaxy,0.9717118740081787,0,galaxy,0.906975269317627,0,galaxy,0.7041130661964417,0,galaxy,0.7870860695838928,2,star,0.8554894328117371,0,galaxy,0.6007983088493347
174,0,galaxy,0,galaxy,True,0,galaxy,True,True,0,galaxy,0.9879860281944275,0,galaxy,0.9972543120384216,0,galaxy,0.9715770483016968,0,galaxy,0.7012168169021606,0,galaxy,0.7492436170578003,2,star,0.4352177381515503
175,0,galaxy,0,galaxy,True,0,galaxy,True,True,0,galaxy,0.9965739250183105,0,galaxy,0.9929468035697937,0,galaxy,0.9870282411575317,0,galaxy,0.9613568782806396,0,galaxy,0.9864163398742676,0,galaxy,0.5794544219970703
176,0,galaxy,0,galaxy,True,0,galaxy,True,True,0,galaxy,0.9516982436180115,0,galaxy,0.9644955992698669,0,galaxy,0.7720009088516235,0,galaxy,0.5099655389785767,1,quasar,0.7068212032318115,0,galaxy,0.5402271747589111
177,0,galaxy,0,galaxy,True,0,galaxy,True,True,0,galaxy,0.9895985126495361,0,galaxy,0.996604323387146,0,galaxy,0.9645711183547974,0,galaxy,0.8983078598976135,0,galaxy,0.9432339668273926,2,star,0.3953057527542114
178,0,galaxy,0,galaxy,True,0,galaxy,True,True,0,galaxy,0.9990405440330505,0,galaxy,0.9929694533348083,0,galaxy,0.9748635292053223,0,galaxy,0.941796600818634,0,galaxy,0.94929438829422,0,galaxy,0.5935235023498535
179,0,galaxy,0,galaxy,True,0,galaxy,True,True,0,galaxy,0.9945007562637329,0,galaxy,0.9980999827384949,0,galaxy,0.9766615033149719,0,galaxy,0.9804444313049316,0,galaxy,0.9881852865219116,0,galaxy,0.7471113801002502
180,0,galaxy,0,galaxy,True,0,galaxy,True,True,0,galaxy,0.994831919670105,0,galaxy,0.986812174320221,0,galaxy,0.9717056751251221,0,galaxy,0.8994550108909607,0,galaxy,0.8817132711410522,1,quasar,0.4949006736278534
181,0,galaxy,0,galaxy,True,0,galaxy,True,True,0,galaxy,0.9998341798782349,0,galaxy,0.9991967082023621,0,galaxy,0.9842652082443237,0,galaxy,0.9776327610015869,0,galaxy,0.9792985916137695,0,galaxy,0.8199461102485657
182,0,galaxy,0,galaxy,True,0,galaxy,True,True,0,galaxy,0.9904446005821228,0,galaxy,0.9950150847434998,0,galaxy,0.9844571948051453,0,galaxy,0.9608749151229858,0,galaxy,0.9640584588050842,0,galaxy,0.7512823939323425
183,0,galaxy,0,galaxy,True,0,galaxy,True,True,0,galaxy,0.9999620914459229,0,galaxy,0.9979222416877747,0,galaxy,0.9887604713439941,0,galaxy,0.9579058885574341,0,galaxy,0.9622788429260254,0,galaxy,0.657503068447113
184,0,galaxy,0,galaxy,True,0,galaxy,True,True,0,galaxy,0.9988418221473694,0,galaxy,0.9922778606414795,0,galaxy,0.9566311836242676,0,galaxy,0.9667596220970154,0,galaxy,0.7521898150444031,0,galaxy,0.505918562412262
185,0,galaxy,0,galaxy,True,0,galaxy,True,True,0,galaxy,0.9995437264442444,0,galaxy,0.9945948719978333,0,galaxy,0.9858496189117432,0,galaxy,0.9648165106773376,0,galaxy,0.9778251051902771,2,star,0.40751245617866516
186,0,galaxy,0,galaxy,True,0,galaxy,True,True,0,galaxy,0.9895210266113281,0,galaxy,0.999484658241272,0,galaxy,0.9834877848625183,0,galaxy,0.9746651649475098,0,galaxy,0.9847761392593384,0,galaxy,0.6795660257339478
187,0,galaxy,0,galaxy,True,0,galaxy,True,True,0,galaxy,0.6938433647155762,0,galaxy,0.9788356423377991,0,galaxy,0.9844555854797363,0,galaxy,0.9359173774719238,0,galaxy,0.9810371994972229,0,galaxy,0.4512185752391815
188,0,galaxy,0,galaxy,True,0,galaxy,True,True,0,galaxy,0.9982357025146484,0,galaxy,0.9968403577804565,0,galaxy,0.9539865851402283,0,galaxy,0.9515513181686401,0,galaxy,0.8905385732650757,0,galaxy,0.6197967529296875
189,0,galaxy,0,galaxy,True,0,galaxy,True,True,0,galaxy,0.9893249869346619,0,galaxy,0.9962567090988159,0,galaxy,0.9902399778366089,0,galaxy,0.9728315472602844,0,galaxy,0.991251528263092,0,galaxy,0.8428288102149963
190,0,galaxy,0,galaxy,True,0,galaxy,True,True,0,galaxy,0.9881690740585327,0,galaxy,0.9871971607208252,0,galaxy,0.9452200531959534,0,galaxy,0.887459397315979,0,galaxy,0.8004394769668579,0,galaxy,0.7690199613571167
191,0,galaxy,0,galaxy,True,0,galaxy,True,True,0,galaxy,0.9539099931716919,0,galaxy,0.9643992781639099,0,galaxy,0.8808711171150208,0,galaxy,0.7769631743431091,0,galaxy,0.848939061164856,2,star,0.44359517097473145
192,0,galaxy,0,galaxy,True,0,galaxy,True,True,0,galaxy,0.9992792010307312,0,galaxy,0.9929189085960388,0,galaxy,0.9863806366920471,0,galaxy,0.9651642441749573,0,galaxy,0.9718390703201294,0,galaxy,0.6312137842178345
193,0,galaxy,0,galaxy,True,0,galaxy,True,True,0,galaxy,0.9991397857666016,0,galaxy,0.992413341999054,0,galaxy,0.9721135497093201,0,galaxy,0.9158951044082642,0,galaxy,0.9349097013473511,0,galaxy,0.8461470603942871
194,0,galaxy,0,galaxy,True,0,galaxy,True,True,0,galaxy,0.9646665453910828,0,galaxy,0.9806070327758789,0,galaxy,0.9600550532341003,0,galaxy,0.9568307399749756,0,galaxy,0.8762425184249878,0,galaxy,0.6870449185371399
195,0,galaxy,0,galaxy,True,0,galaxy,True,True,0,galaxy,0.9999303817749023,0,galaxy,0.9996374845504761,0,galaxy,0.9897181987762451,0,galaxy,0.9759179353713989,0,galaxy,0.9867367148399353,0,galaxy,0.8219839334487915
196,0,galaxy,0,galaxy,True,0,galaxy,True,True,0,galaxy,0.9997946619987488,0,galaxy,0.9873424768447876,0,galaxy,0.9830331206321716,0,galaxy,0.9620436429977417,0,galaxy,0.9304941892623901,0,galaxy,0.7756763100624084
197,0,galaxy,0,galaxy,True,0,galaxy,True,True,0,galaxy,0.9575320482254028,0,galaxy,0.805096447467804,2,star,0.9142515063285828,0,galaxy,0.8599276542663574,0,galaxy,0.967231035232544,2,star,0.6803184151649475
198,0,galaxy,0,galaxy,True,0,galaxy,True,True,0,galaxy,0.9974332451820374,0,galaxy,0.9885009527206421,0,galaxy,0.9571200609207153,0,galaxy,0.8944219350814819,0,galaxy,0.9575288891792297,2,star,0.5208504796028137
199,0,galaxy,2,star,False,2,star,False,True,2,star,0.9042121767997742,0,galaxy,0.4834175705909729,2,star,0.9334979057312012,2,star,0.48218560218811035,2,star,0.5675549507141113,0,galaxy,0.42746955156326294
200,0,galaxy,0,galaxy,True,0,galaxy,True,True,0,galaxy,0.9992982149124146,0,galaxy,0.9983770847320557,0,galaxy,0.982049286365509,0,galaxy,0.9716166853904724,0,galaxy,0.9558400511741638,0,galaxy,0.6953840851783752
201,0,galaxy,0,galaxy,True,0,galaxy,True,True,0,galaxy,0.9987550973892212,0,galaxy,0.9891459941864014,0,galaxy,0.957893431186676,0,galaxy,0.8517640829086304,0,galaxy,0.8830291032791138,0,galaxy,0.5620666146278381
202,0,galaxy,0,galaxy,True,0,galaxy,True,True,0,galaxy,0.9961583018302917,0,galaxy,0.99607253074646,0,galaxy,0.9828945398330688,0,galaxy,0.9712581634521484,0,galaxy,0.9483108520507812,0,galaxy,0.7638470530509949
203,0,galaxy,0,galaxy,True,0,galaxy,True,True,0,galaxy,0.9986109733581543,0,galaxy,0.9926565289497375,0,galaxy,0.9835519194602966,0,galaxy,0.9561732411384583,0,galaxy,0.981220006942749,0,galaxy,0.6864591836929321
204,0,galaxy,0,galaxy,True,0,galaxy,True,True,0,galaxy,0.9857553839683533,0,galaxy,0.9913641214370728,0,galaxy,0.9360759258270264,0,galaxy,0.879761278629303,0,galaxy,0.9714578986167908,0,galaxy,0.6984139680862427
205,0,galaxy,0,galaxy,True,0,galaxy,True,True,0,galaxy,0.9967828989028931,0,galaxy,0.9969769716262817,0,galaxy,0.7912331819534302,0,galaxy,0.7172436714172363,0,galaxy,0.9123820066452026,0,galaxy,0.9383838176727295
206,0,galaxy,0,galaxy,True,0,galaxy,True,True,0,galaxy,0.9904264807701111,0,galaxy,0.9644988179206848,0,galaxy,0.46279752254486084,0,galaxy,0.7429149746894836,1,quasar,0.5006886124610901,0,galaxy,0.5016554594039917
207,0,galaxy,0,galaxy,True,0,galaxy,True,True,0,galaxy,0.9135449528694153,0,galaxy,0.9832959771156311,2,star,0.6846568584442139,0,galaxy,0.8133388161659241,2,star,0.5529855489730835,0,galaxy,0.5045811533927917
208,0,galaxy,0,galaxy,True,0,galaxy,True,True,0,galaxy,0.9996417760848999,0,galaxy,0.9995484948158264,0,galaxy,0.9884212017059326,0,galaxy,0.9769904613494873,0,galaxy,0.9904330968856812,0,galaxy,0.7520682215690613
209,0,galaxy,0,galaxy,True,0,galaxy,True,True,0,galaxy,0.9986867308616638,0,galaxy,0.9937009811401367,0,galaxy,0.9623642563819885,0,galaxy,0.9304864406585693,0,galaxy,0.8847801089286804,2,star,0.5551683902740479
210,0,galaxy,0,galaxy,True,0,galaxy,True,True,0,galaxy,0.9907674193382263,0,galaxy,0.9863415360450745,0,galaxy,0.9730303883552551,0,galaxy,0.938856840133667,0,galaxy,0.9686198234558105,0,galaxy,0.6035159230232239
211,0,galaxy,0,galaxy,True,0,galaxy,True,True,0,galaxy,0.9940886497497559,0,galaxy,0.9910361766815186,0,galaxy,0.9708456993103027,0,galaxy,0.9585339426994324,0,galaxy,0.9409886598587036,0,galaxy,0.621884286403656
212,0,galaxy,2,star,False,2,star,False,True,0,galaxy,0.7225483655929565,1,quasar,0.6760193705558777,2,star,0.6167543530464172,2,star,0.7597584128379822,1,quasar,0.6421267986297607,2,star,0.36448121070861816
213,0,galaxy,0,galaxy,True,0,galaxy,True,True,0,galaxy,0.9912166595458984,0,galaxy,0.9900386333465576,0,galaxy,0.964259147644043,0,galaxy,0.9353021383285522,0,galaxy,0.966148316860199,0,galaxy,0.57325679063797
214,0,galaxy,0,galaxy,True,0,galaxy,True,True,0,galaxy,0.9938402771949768,0,galaxy,0.970701277256012,0,galaxy,0.9408014416694641,0,galaxy,0.7846327424049377,0,galaxy,0.9591299295425415,0,galaxy,0.5614619851112366
215,0,galaxy,0,galaxy,True,0,galaxy,True,True,0,galaxy,0.9567835927009583,0,galaxy,0.9993491768836975,0,galaxy,0.9757925868034363,0,galaxy,0.9202466011047363,0,galaxy,0.9881892204284668,0,galaxy,0.745551586151123
216,0,galaxy,0,galaxy,True,0,galaxy,True,True,0,galaxy,0.9774124622344971,0,galaxy,0.9923943281173706,0,galaxy,0.9623213410377502,0,galaxy,0.5548573136329651,0,galaxy,0.9689388871192932,0,galaxy,0.7432553172111511
217,0,galaxy,0,galaxy,True,0,galaxy,True,True,1,quasar,0.7604048848152161,0,galaxy,0.921718418598175,0,galaxy,0.8953832983970642,2,star,0.44502994418144226,0,galaxy,0.8701624870300293,0,galaxy,0.6749557852745056
218,0,galaxy,0,galaxy,True,0,galaxy,True,True,0,galaxy,0.9934121966362,0,galaxy,0.9793647527694702,0,galaxy,0.9462214708328247,0,galaxy,0.9310498237609863,0,galaxy,0.9379501938819885,0,galaxy,0.7739973664283752
219,0,galaxy,0,galaxy,True,0,galaxy,True,True,0,galaxy,0.9988137483596802,0,galaxy,0.991181492805481,0,galaxy,0.9819066524505615,0,galaxy,0.9712971448898315,0,galaxy,0.9734897613525391,0,galaxy,0.9285017848014832
220,0,galaxy,0,galaxy,True,0,galaxy,True,True,0,galaxy,0.9721447825431824,0,galaxy,0.9999022483825684,0,galaxy,0.9884631037712097,0,galaxy,0.9554163217544556,0,galaxy,0.9774968028068542,0,galaxy,0.5390637516975403
221,0,galaxy,0,galaxy,True,0,galaxy,True,True,0,galaxy,0.9789289832115173,0,galaxy,0.9901296496391296,0,galaxy,0.9529389142990112,0,galaxy,0.9466104507446289,0,galaxy,0.933724582195282,2,star,0.5133881568908691
222,0,galaxy,0,galaxy,True,0,galaxy,True,True,0,galaxy,0.9926577210426331,0,galaxy,0.9983003735542297,0,galaxy,0.9616388082504272,0,galaxy,0.915440022945404,0,galaxy,0.9154005646705627,0,galaxy,0.7563968300819397
223,0,galaxy,0,galaxy,True,0,galaxy,True,True,0,galaxy,0.9979793429374695,0,galaxy,0.9933823347091675,0,galaxy,0.9850679039955139,0,galaxy,0.9621875286102295,0,galaxy,0.9784187078475952,0,galaxy,0.6340155005455017
224,0,galaxy,0,galaxy,True,0,galaxy,True,True,0,galaxy,0.9918027520179749,0,galaxy,0.9971665740013123,0,galaxy,0.9829286336898804,0,galaxy,0.9748006463050842,0,galaxy,0.9849638342857361,0,galaxy,0.8930416107177734
225,0,galaxy,0,galaxy,True,0,galaxy,True,True,0,galaxy,0.9795827865600586,0,galaxy,0.9993101358413696,0,galaxy,0.9823586344718933,0,galaxy,0.9674414992332458,0,galaxy,0.9730809926986694,0,galaxy,0.9083700180053711
226,0,galaxy,0,galaxy,True,0,galaxy,True,True,0,galaxy,0.990744948387146,0,galaxy,0.9854594469070435,0,galaxy,0.9637457728385925,0,galaxy,0.8263574242591858,0,galaxy,0.9131532907485962,0,galaxy,0.5136108994483948
227,0,galaxy,0,galaxy,True,0,galaxy,True,True,0,galaxy,0.9875890612602234,0,galaxy,0.9927131533622742,0,galaxy,0.9578595161437988,0,galaxy,0.9256750345230103,0,galaxy,0.9597539901733398,0,galaxy,0.49871939420700073
228,0,galaxy,0,galaxy,True,0,galaxy,True,True,0,galaxy,0.9665490984916687,0,galaxy,0.9862784743309021,0,galaxy,0.9678346514701843,0,galaxy,0.8947174549102783,0,galaxy,0.8886871933937073,0,galaxy,0.5635966658592224
229,0,galaxy,0,galaxy,True,0,galaxy,True,True,0,galaxy,0.9960706233978271,0,galaxy,0.9804387092590332,0,galaxy,0.9745713472366333,0,galaxy,0.8477458357810974,0,galaxy,0.9799270629882812,1,quasar,0.4239233434200287
230,0,galaxy,0,galaxy,True,0,galaxy,True,True,0,galaxy,0.9997764229774475,0,galaxy,0.9956698417663574,0,galaxy,0.9895862936973572,0,galaxy,0.9767122268676758,0,galaxy,0.9864279627799988,0,galaxy,0.7784656286239624
231,0,galaxy,0,galaxy,True,0,galaxy,True,True,0,galaxy,0.9992006421089172,0,galaxy,0.992017388343811,0,galaxy,0.7522809505462646,0,galaxy,0.6528913378715515,1,quasar,0.49101969599723816,0,galaxy,0.4628976881504059
232,0,galaxy,0,galaxy,True,0,galaxy,True,True,0,galaxy,0.9900894165039062,0,galaxy,0.9977139234542847,0,galaxy,0.8625067472457886,0,galaxy,0.7735114097595215,0,galaxy,0.8756423592567444,0,galaxy,0.6216140985488892
233,0,galaxy,0,galaxy,True,0,galaxy,True,True,0,galaxy,0.9976297616958618,0,galaxy,0.9916086792945862,0,galaxy,0.9843697547912598,0,galaxy,0.9767287969589233,0,galaxy,0.8945119380950928,0,galaxy,0.8460937738418579
234,0,galaxy,0,galaxy,True,0,galaxy,True,True,0,galaxy,0.9393594861030579,0,galaxy,0.9981414079666138,0,galaxy,0.9741911292076111,0,galaxy,0.8297045826911926,0,galaxy,0.9454123377799988,0,galaxy,0.8120391368865967
235,0,galaxy,0,galaxy,True,0,galaxy,True,True,0,galaxy,0.9997742772102356,0,galaxy,0.9965022802352905,0,galaxy,0.9856846332550049,0,galaxy,0.9728788733482361,0,galaxy,0.9879661202430725,0,galaxy,0.8906919360160828
236,0,galaxy,0,galaxy,True,0,galaxy,True,True,0,galaxy,0.9575451612472534,0,galaxy,0.9888978600502014,0,galaxy,0.6419380307197571,0,galaxy,0.8161638379096985,0,galaxy,0.8857530951499939,0,galaxy,0.63901287317276
237,0,galaxy,0,galaxy,True,0,galaxy,True,True,0,galaxy,0.996875524520874,0,galaxy,0.9913457632064819,0,galaxy,0.974455714225769,0,galaxy,0.9710404872894287,0,galaxy,0.9688923358917236,0,galaxy,0.708382785320282
238,0,galaxy,0,galaxy,True,0,galaxy,True,True,0,galaxy,0.9897652864456177,0,galaxy,0.996959924697876,0,galaxy,0.9470553398132324,0,galaxy,0.7846500873565674,0,galaxy,0.9571080803871155,0,galaxy,0.7668629288673401
239,0,galaxy,0,galaxy,True,0,galaxy,True,True,0,galaxy,0.9839196801185608,0,galaxy,0.9984638690948486,0,galaxy,0.9742727279663086,0,galaxy,0.9323098659515381,0,galaxy,0.9639090895652771,0,galaxy,0.7658178806304932
240,0,galaxy,0,galaxy,True,0,galaxy,True,True,0,galaxy,0.9850543737411499,0,galaxy,0.9985425472259521,0,galaxy,0.9858924746513367,0,galaxy,0.9768592715263367,0,galaxy,0.9860915541648865,0,galaxy,0.6797881722450256
241,0,galaxy,0,galaxy,True,0,galaxy,True,True,0,galaxy,0.9918004870414734,0,galaxy,0.9934422969818115,0,galaxy,0.9774172306060791,0,galaxy,0.9719432592391968,0,galaxy,0.9892224073410034,0,galaxy,0.9566837549209595
242,0,galaxy,0,galaxy,True,0,galaxy,True,True,0,galaxy,0.9876284599304199,0,galaxy,0.975654125213623,0,galaxy,0.9664929509162903,0,galaxy,0.8803991079330444,0,galaxy,0.9680199027061462,0,galaxy,0.9457657933235168
243,0,galaxy,0,galaxy,True,0,galaxy,True,True,0,galaxy,0.9999029636383057,0,galaxy,0.9993452429771423,0,galaxy,0.982631504535675,0,galaxy,0.9668188691139221,0,galaxy,0.973896861076355,0,galaxy,0.6421610116958618
244,0,galaxy,0,galaxy,True,0,galaxy,True,True,0,galaxy,0.979887843132019,0,galaxy,0.9018128514289856,0,galaxy,0.9506575465202332,0,galaxy,0.7541439533233643,0,galaxy,0.8368512988090515,2,star,0.5281150341033936
245,0,galaxy,0,galaxy,True,2,star,False,False,2,star,0.4256640076637268,0,galaxy,0.7983387112617493,1,quasar,0.5590378642082214,0,galaxy,0.6808881163597107,2,star,0.8859677314758301,1,quasar,0.39202681183815
246,0,galaxy,0,galaxy,True,0,galaxy,True,True,0,galaxy,0.9995470643043518,0,galaxy,0.9903173446655273,0,galaxy,0.9792434573173523,0,galaxy,0.9676126837730408,0,galaxy,0.9153392314910889,0,galaxy,0.4655904173851013
247,0,galaxy,0,galaxy,True,0,galaxy,True,True,0,galaxy,0.8819526433944702,0,galaxy,0.9971766471862793,2,star,0.7179530262947083,0,galaxy,0.8426976203918457,2,star,0.5376490354537964,0,galaxy,0.5552695393562317
248,0,galaxy,0,galaxy,True,0,galaxy,True,True,0,galaxy,0.7802689075469971,0,galaxy,0.970686674118042,0,galaxy,0.7735717296600342,0,galaxy,0.9133110642433167,0,galaxy,0.6095740795135498,0,galaxy,0.6059697866439819
249,0,galaxy,0,galaxy,True,0,galaxy,True,True,0,galaxy,0.99801105260849,0,galaxy,0.9934724569320679,0,galaxy,0.8407259583473206,0,galaxy,0.9237003922462463,0,galaxy,0.9356217980384827,0,galaxy,0.56348717212677
250,0,galaxy,0,galaxy,True,0,galaxy,True,True,0,galaxy,0.9999864101409912,0,galaxy,0.9979420304298401,0,galaxy,0.9849815368652344,0,galaxy,0.9720013737678528,0,galaxy,0.9856095910072327,0,galaxy,0.923937201499939
251,0,galaxy,0,galaxy,True,0,galaxy,True,True,0,galaxy,0.9980477094650269,0,galaxy,0.9892640709877014,0,galaxy,0.9803481698036194,0,galaxy,0.9650443196296692,0,galaxy,0.9851470589637756,0,galaxy,0.8613133430480957
252,0,galaxy,0,galaxy,True,0,galaxy,True,True,0,galaxy,0.9982339143753052,0,galaxy,0.9865208864212036,0,galaxy,0.9678816795349121,0,galaxy,0.9025253057479858,0,galaxy,0.9547900557518005,1,quasar,0.5902268886566162
253,0,galaxy,0,galaxy,True,0,galaxy,True,True,0,galaxy,0.996965229511261,0,galaxy,0.9980788230895996,0,galaxy,0.9822636246681213,0,galaxy,0.9270829558372498,0,galaxy,0.9366121888160706,0,galaxy,0.9658419489860535
254,0,galaxy,0,galaxy,True,0,galaxy,True,True,0,galaxy,0.949059009552002,0,galaxy,0.5958687663078308,0,galaxy,0.8698915839195251,0,galaxy,0.8457938432693481,0,galaxy,0.9706979990005493,1,quasar,0.47670161724090576
255,0,galaxy,0,galaxy,True,0,galaxy,True,True,0,galaxy,0.9460968971252441,0,galaxy,0.9967407584190369,0,galaxy,0.9635956287384033,0,galaxy,0.8894606828689575,0,galaxy,0.9668499827384949,0,galaxy,0.605810284614563
256,0,galaxy,0,galaxy,True,0,galaxy,True,True,0,galaxy,0.9743818044662476,0,galaxy,0.984339714050293,0,galaxy,0.8642966151237488,0,galaxy,0.8925543427467346,0,galaxy,0.9088982939720154,0,galaxy,0.4803236126899719
257,0,galaxy,0,galaxy,True,0,galaxy,True,True,0,galaxy,0.9861742258071899,0,galaxy,0.9459577798843384,0,galaxy,0.8654647469520569,0,galaxy,0.8792421221733093,0,galaxy,0.9475915431976318,0,galaxy,0.6839993000030518
258,0,galaxy,0,galaxy,True,0,galaxy,True,True,1,quasar,0.5040438771247864,0,galaxy,0.9739194512367249,0,galaxy,0.7813012599945068,0,galaxy,0.8368342518806458,1,quasar,0.544451892375946,0,galaxy,0.524983286857605
259,0,galaxy,0,galaxy,True,0,galaxy,True,True,0,galaxy,0.9600657224655151,0,galaxy,0.9235101938247681,0,galaxy,0.8961402773857117,0,galaxy,0.9457680583000183,0,galaxy,0.9335998892784119,0,galaxy,0.37216916680336
260,0,galaxy,0,galaxy,True,0,galaxy,True,True,0,galaxy,0.9988114833831787,0,galaxy,0.9933013916015625,0,galaxy,0.9508944153785706,0,galaxy,0.8389923572540283,0,galaxy,0.8851159811019897,0,galaxy,0.5530828833580017
261,0,galaxy,0,galaxy,True,0,galaxy,True,True,0,galaxy,0.9957809448242188,0,galaxy,0.9971164464950562,0,galaxy,0.9673638939857483,0,galaxy,0.972437858581543,0,galaxy,0.9786091446876526,0,galaxy,0.6577106714248657
262,0,galaxy,0,galaxy,True,0,galaxy,True,True,0,galaxy,0.9952314496040344,0,galaxy,0.5265159606933594,0,galaxy,0.3618457317352295,0,galaxy,0.8934515118598938,0,galaxy,0.7262024283409119,0,galaxy,0.4113897979259491
263,0,galaxy,0,galaxy,True,0,galaxy,True,True,0,galaxy,0.9955554604530334,0,galaxy,0.9993804693222046,0,galaxy,0.9656693339347839,0,galaxy,0.9198938012123108,0,galaxy,0.9851272702217102,0,galaxy,0.9742602705955505
264,0,galaxy,0,galaxy,True,0,galaxy,True,True,0,galaxy,0.9704369306564331,0,galaxy,0.951740562915802,0,galaxy,0.9589901566505432,0,galaxy,0.8274809718132019,0,galaxy,0.9485278725624084,0,galaxy,0.7830802798271179
265,0,galaxy,0,galaxy,True,0,galaxy,True,True,0,galaxy,0.9892780780792236,0,galaxy,0.9828684329986572,0,galaxy,0.9773216843605042,0,galaxy,0.9628610014915466,0,galaxy,0.9677273631095886,0,galaxy,0.5352352261543274
266,0,galaxy,0,galaxy,True,0,galaxy,True,True,0,galaxy,0.9639192223548889,0,galaxy,0.9941785335540771,0,galaxy,0.9495931267738342,0,galaxy,0.9546137452125549,0,galaxy,0.973152756690979,0,galaxy,0.7024506330490112
267,0,galaxy,0,galaxy,True,0,galaxy,True,True,0,galaxy,0.9047144055366516,0,galaxy,0.9082368612289429,0,galaxy,0.986136794090271,0,galaxy,0.8947067856788635,0,galaxy,0.9911189675331116,0,galaxy,0.9591217041015625
268,0,galaxy,0,galaxy,True,0,galaxy,True,True,0,galaxy,0.9999276399612427,0,galaxy,0.9970023036003113,0,galaxy,0.9903325438499451,0,galaxy,0.9725468754768372,0,galaxy,0.9909200668334961,0,galaxy,0.9055618643760681
269,0,galaxy,0,galaxy,True,0,galaxy,True,True,0,galaxy,0.9995008707046509,0,galaxy,0.9998471736907959,0,galaxy,0.983660101890564,0,galaxy,0.9711389541625977,0,galaxy,0.9912453293800354,0,galaxy,0.8764095902442932
270,0,galaxy,0,galaxy,True,0,galaxy,True,True,0,galaxy,0.9992498755455017,0,galaxy,0.9150545597076416,0,galaxy,0.9867614507675171,0,galaxy,0.9634596109390259,0,galaxy,0.989270806312561,0,galaxy,0.6396955251693726
271,0,galaxy,0,galaxy,True,0,galaxy,True,True,0,galaxy,0.998551070690155,0,galaxy,0.613548755645752,0,galaxy,0.9510043859481812,0,galaxy,0.448350727558136,0,galaxy,0.8748266100883484,0,galaxy,0.44256308674812317
272,0,galaxy,0,galaxy,True,0,galaxy,True,True,0,galaxy,0.9914758205413818,0,galaxy,0.9989845156669617,0,galaxy,0.9880784153938293,0,galaxy,0.9683266282081604,0,galaxy,0.9710097908973694,0,galaxy,0.760697603225708
273,0,galaxy,0,galaxy,True,0,galaxy,True,True,0,galaxy,0.9824429750442505,0,galaxy,0.997137188911438,0,galaxy,0.9889810085296631,0,galaxy,0.9782078862190247,0,galaxy,0.9859431982040405,0,galaxy,0.7746241688728333
274,0,galaxy,0,galaxy,True,0,galaxy,True,True,0,galaxy,0.9986901879310608,0,galaxy,0.9789373278617859,0,galaxy,0.9820404052734375,0,galaxy,0.9705023765563965,0,galaxy,0.9520571827888489,0,galaxy,0.7713442444801331
275,0,galaxy,0,galaxy,True,0,galaxy,True,True,0,galaxy,0.9971936345100403,0,galaxy,0.998397171497345,0,galaxy,0.9819590449333191,0,galaxy,0.9722403287887573,0,galaxy,0.9818322658538818,0,galaxy,0.6860930323600769
276,0,galaxy,0,galaxy,True,0,galaxy,True,True,0,galaxy,0.9989103078842163,0,galaxy,0.991061806678772,0,galaxy,0.9888758063316345,0,galaxy,0.9649511575698853,0,galaxy,0.9800893068313599,0,galaxy,0.8588576912879944
277,0,galaxy,0,galaxy,True,0,galaxy,True,True,0,galaxy,0.9999321699142456,0,galaxy,0.9908377528190613,0,galaxy,0.9859344363212585,0,galaxy,0.9766437411308289,0,galaxy,0.9826214909553528,0,galaxy,0.8251444101333618
278,0,galaxy,0,galaxy,True,0,galaxy,True,True,0,galaxy,0.9987269043922424,0,galaxy,0.992446780204773,0,galaxy,0.9796139001846313,0,galaxy,0.9678434729576111,0,galaxy,0.9829601049423218,0,galaxy,0.5188684463500977
279,0,galaxy,0,galaxy,True,0,galaxy,True,True,0,galaxy,0.9995315074920654,0,galaxy,0.9995734095573425,0,galaxy,0.9837179780006409,0,galaxy,0.964066743850708,0,galaxy,0.9788875579833984,0,galaxy,0.7586331963539124
280,0,galaxy,0,galaxy,True,0,galaxy,True,True,0,galaxy,0.9998903274536133,0,galaxy,0.9982773065567017,0,galaxy,0.9846758246421814,0,galaxy,0.9691992998123169,0,galaxy,0.9217498898506165,0,galaxy,0.7609029412269592
281,0,galaxy,0,galaxy,True,0,galaxy,True,True,0,galaxy,0.9998107552528381,0,galaxy,0.9943130016326904,0,galaxy,0.9138166904449463,0,galaxy,0.9035889506340027,0,galaxy,0.9447847604751587,0,galaxy,0.5217694044113159
282,0,galaxy,0,galaxy,True,0,galaxy,True,True,0,galaxy,0.9262592196464539,0,galaxy,0.9866863489151001,0,galaxy,0.9621754288673401,0,galaxy,0.8912936449050903,0,galaxy,0.820193350315094,0,galaxy,0.6044195890426636
283,0,galaxy,0,galaxy,True,0,galaxy,True,True,0,galaxy,0.9974725842475891,0,galaxy,0.998504638671875,0,galaxy,0.9754718542098999,0,galaxy,0.931019127368927,0,galaxy,0.9668985605239868,0,galaxy,0.8172143697738647
284,0,galaxy,0,galaxy,True,0,galaxy,True,True,0,galaxy,0.9964497089385986,0,galaxy,0.9938712120056152,0,galaxy,0.979781985282898,0,galaxy,0.9663810729980469,0,galaxy,0.9784994125366211,0,galaxy,0.5706612467765808
285,0,galaxy,0,galaxy,True,0,galaxy,True,True,0,galaxy,0.9616525769233704,0,galaxy,0.9894348978996277,0,galaxy,0.6717648506164551,0,galaxy,0.9417692422866821,0,galaxy,0.8629443645477295,0,galaxy,0.3740800619125366
286,0,galaxy,0,galaxy,True,0,galaxy,True,True,0,galaxy,0.9932312965393066,0,galaxy,0.998992383480072,0,galaxy,0.9813582301139832,0,galaxy,0.9172765016555786,0,galaxy,0.9857088327407837,0,galaxy,0.5752686858177185
287,0,galaxy,0,galaxy,True,0,galaxy,True,True,0,galaxy,0.999686598777771,0,galaxy,0.9990200996398926,0,galaxy,0.9893103837966919,0,galaxy,0.9774230122566223,0,galaxy,0.9847443699836731,0,galaxy,0.8197926878929138
288,0,galaxy,0,galaxy,True,0,galaxy,True,True,0,galaxy,0.9935678839683533,0,galaxy,0.9740225076675415,0,galaxy,0.9293588995933533,0,galaxy,0.7691949605941772,0,galaxy,0.909365177154541,0,galaxy,0.5473873615264893
289,0,galaxy,0,galaxy,True,0,galaxy,True,True,0,galaxy,0.9974561333656311,0,galaxy,0.982996940612793,0,galaxy,0.9255450367927551,0,galaxy,0.9279444813728333,0,galaxy,0.9433122277259827,0,galaxy,0.4261152148246765
290,0,galaxy,0,galaxy,True,0,galaxy,True,True,0,galaxy,0.9888303875923157,0,galaxy,0.992682158946991,0,galaxy,0.9608511328697205,0,galaxy,0.9042789340019226,0,galaxy,0.9577913880348206,0,galaxy,0.515052855014801
291,0,galaxy,0,galaxy,True,0,galaxy,True,True,0,galaxy,0.997719943523407,0,galaxy,0.9669177532196045,0,galaxy,0.953629732131958,0,galaxy,0.9300174117088318,0,galaxy,0.902443528175354,0,galaxy,0.5295053720474243
292,0,galaxy,0,galaxy,True,0,galaxy,True,True,0,galaxy,0.9972012042999268,0,galaxy,0.9998908042907715,0,galaxy,0.9846585988998413,0,galaxy,0.9519871473312378,0,galaxy,0.9876599907875061,0,galaxy,0.6657700538635254
293,0,galaxy,0,galaxy,True,0,galaxy,True,True,0,galaxy,0.9960948824882507,0,galaxy,0.9787594676017761,0,galaxy,0.970455527305603,0,galaxy,0.9604693651199341,0,galaxy,0.9806364178657532,2,star,0.4136345088481903
294,0,galaxy,0,galaxy,True,0,galaxy,True,True,0,galaxy,0.9964752793312073,0,galaxy,0.999901533126831,0,galaxy,0.9865151047706604,0,galaxy,0.9751326441764832,0,galaxy,0.9858739376068115,0,galaxy,0.7729550004005432
295,0,galaxy,0,galaxy,True,0,galaxy,True,True,0,galaxy,0.9994165897369385,0,galaxy,0.9908294677734375,0,galaxy,0.9851926565170288,0,galaxy,0.9486299157142639,0,galaxy,0.9584196209907532,0,galaxy,0.70270174741745
296,0,galaxy,0,galaxy,True,0,galaxy,True,True,0,galaxy,0.99946528673172,0,galaxy,0.9980490207672119,0,galaxy,0.9822032451629639,0,galaxy,0.9578294157981873,0,galaxy,0.9857577085494995,0,galaxy,0.5078761577606201
297,0,galaxy,0,galaxy,True,0,galaxy,True,True,0,galaxy,0.9952179193496704,0,galaxy,0.9951089024543762,0,galaxy,0.9912939667701721,0,galaxy,0.970767080783844,0,galaxy,0.9730632305145264,0,galaxy,0.8791791796684265
298,0,galaxy,0,galaxy,True,0,galaxy,True,True,0,galaxy,0.9949597120285034,0,galaxy,0.9959302544593811,0,galaxy,0.9834200143814087,0,galaxy,0.9616885185241699,0,galaxy,0.968552827835083,0,galaxy,0.5094724297523499
299,0,galaxy,0,galaxy,True,0,galaxy,True,True,0,galaxy,0.9841957092285156,0,galaxy,0.9348102807998657,0,galaxy,0.970353364944458,0,galaxy,0.9011450409889221,0,galaxy,0.9735980033874512,0,galaxy,0.7205393314361572
300,0,galaxy,0,galaxy,True,0,galaxy,True,True,0,galaxy,0.9965342283248901,0,galaxy,0.9806827306747437,0,galaxy,0.9547022581100464,0,galaxy,0.9211015105247498,0,galaxy,0.9038125872612,0,galaxy,0.8447924256324768
301,0,galaxy,0,galaxy,True,0,galaxy,True,True,0,galaxy,0.9986376166343689,0,galaxy,0.9944846034049988,0,galaxy,0.9671756029129028,0,galaxy,0.9166955947875977,0,galaxy,0.9616007804870605,0,galaxy,0.6020614504814148
302,0,galaxy,0,galaxy,True,0,galaxy,True,True,0,galaxy,0.9996968507766724,0,galaxy,0.9980892539024353,0,galaxy,0.9898570775985718,0,galaxy,0.9796090722084045,0,galaxy,0.9841317534446716,0,galaxy,0.8329364657402039
303,0,galaxy,0,galaxy,True,0,galaxy,True,True,0,galaxy,0.9935303330421448,0,galaxy,0.9974537491798401,0,galaxy,0.9700731635093689,0,galaxy,0.8820095658302307,0,galaxy,0.9606419801712036,0,galaxy,0.43553993105888367
304,0,galaxy,0,galaxy,True,0,galaxy,True,True,0,galaxy,0.9756364226341248,0,galaxy,0.9638477563858032,0,galaxy,0.9585201740264893,0,galaxy,0.9262830018997192,0,galaxy,0.9372507333755493,0,galaxy,0.5352151989936829
305,0,galaxy,0,galaxy,True,0,galaxy,True,True,0,galaxy,0.9830821752548218,0,galaxy,0.9859454035758972,0,galaxy,0.9655947089195251,0,galaxy,0.7971043586730957,0,galaxy,0.9112086892127991,0,galaxy,0.4150829315185547
306,0,galaxy,0,galaxy,True,0,galaxy,True,True,0,galaxy,0.9925870299339294,0,galaxy,0.9913425445556641,0,galaxy,0.9478203058242798,0,galaxy,0.7955164313316345,0,galaxy,0.9022634625434875,1,quasar,0.43354082107543945
307,0,galaxy,0,galaxy,True,0,galaxy,True,True,0,galaxy,0.9979004859924316,0,galaxy,0.9927990436553955,0,galaxy,0.9759766459465027,0,galaxy,0.9425009489059448,0,galaxy,0.9734174609184265,0,galaxy,0.535599410533905
308,0,galaxy,0,galaxy,True,0,galaxy,True,True,0,galaxy,0.9874143004417419,0,galaxy,0.9986211061477661,0,galaxy,0.9782068729400635,0,galaxy,0.9659795761108398,0,galaxy,0.9901986122131348,0,galaxy,0.9515635967254639
309,0,galaxy,0,galaxy,True,0,galaxy,True,True,0,galaxy,0.9999624490737915,0,galaxy,0.9986386895179749,0,galaxy,0.9844480752944946,0,galaxy,0.9717108607292175,0,galaxy,0.9635553956031799,0,galaxy,0.8106626868247986
310,0,galaxy,0,galaxy,True,0,galaxy,True,True,0,galaxy,0.9997096657752991,0,galaxy,0.9961569905281067,0,galaxy,0.8493454456329346,0,galaxy,0.9214047789573669,0,galaxy,0.8889877796173096,0,galaxy,0.543351948261261
311,0,galaxy,0,galaxy,True,0,galaxy,True,True,0,galaxy,0.9990757703781128,0,galaxy,0.9768512845039368,0,galaxy,0.951194703578949,0,galaxy,0.8055945634841919,0,galaxy,0.9743036031723022,0,galaxy,0.5747479200363159
312,0,galaxy,0,galaxy,True,0,galaxy,True,True,0,galaxy,0.9843946099281311,0,galaxy,0.9986420273780823,0,galaxy,0.9722060561180115,0,galaxy,0.9517827033996582,0,galaxy,0.9745841026306152,0,galaxy,0.4742797613143921
313,0,galaxy,0,galaxy,True,0,galaxy,True,True,0,galaxy,0.9959309697151184,0,galaxy,0.9922726154327393,0,galaxy,0.9692820906639099,0,galaxy,0.901718020439148,0,galaxy,0.9449891448020935,0,galaxy,0.5766978859901428
314,0,galaxy,0,galaxy,True,0,galaxy,True,True,0,galaxy,0.9989129304885864,0,galaxy,0.9923060536384583,0,galaxy,0.9367480874061584,0,galaxy,0.8619087338447571,0,galaxy,0.8976632356643677,1,quasar,0.37731999158859253
315,0,galaxy,0,galaxy,True,0,galaxy,True,True,0,galaxy,0.9983192086219788,0,galaxy,0.9957534074783325,0,galaxy,0.9554135203361511,0,galaxy,0.8896186351776123,0,galaxy,0.954496443271637,2,star,0.4414944052696228
316,0,galaxy,0,galaxy,True,0,galaxy,True,True,0,galaxy,0.9259166121482849,0,galaxy,0.9982635378837585,0,galaxy,0.9657891392707825,0,galaxy,0.9369021654129028,0,galaxy,0.9613699913024902,0,galaxy,0.4095655083656311
317,0,galaxy,0,galaxy,True,0,galaxy,True,True,0,galaxy,0.990473210811615,0,galaxy,0.9962367415428162,0,galaxy,0.9416976571083069,0,galaxy,0.9199700355529785,0,galaxy,0.9833880662918091,0,galaxy,0.7352756261825562
318,0,galaxy,0,galaxy,True,0,galaxy,True,True,0,galaxy,0.9949659705162048,0,galaxy,0.9293373823165894,0,galaxy,0.9306843280792236,0,galaxy,0.9296360611915588,0,galaxy,0.9514108896255493,0,galaxy,0.6944658756256104
319,0,galaxy,0,galaxy,True,0,galaxy,True,True,0,galaxy,0.9996570348739624,0,galaxy,0.997584342956543,0,galaxy,0.8956525921821594,0,galaxy,0.8703832030296326,0,galaxy,0.9719812273979187,0,galaxy,0.9262601137161255
320,0,galaxy,0,galaxy,True,0,galaxy,True,True,0,galaxy,0.967082142829895,0,galaxy,0.9944406151771545,0,galaxy,0.9803153276443481,0,galaxy,0.9494959712028503,0,galaxy,0.939039945602417,0,galaxy,0.7435327768325806
321,0,galaxy,0,galaxy,True,0,galaxy,True,True,0,galaxy,0.9953232407569885,0,galaxy,0.9912374019622803,0,galaxy,0.9828049540519714,0,galaxy,0.9613311290740967,0,galaxy,0.9654145836830139,0,galaxy,0.7733357548713684
322,0,galaxy,0,galaxy,True,0,galaxy,True,True,0,galaxy,0.9374010562896729,0,galaxy,0.9978353381156921,0,galaxy,0.9814668297767639,0,galaxy,0.8952203989028931,0,galaxy,0.9709285497665405,0,galaxy,0.6959960460662842
323,0,galaxy,0,galaxy,True,0,galaxy,True,True,0,galaxy,0.9994062185287476,0,galaxy,0.9966135621070862,0,galaxy,0.9816328287124634,0,galaxy,0.9628860950469971,0,galaxy,0.9677218794822693,0,galaxy,0.832807183265686
324,0,galaxy,0,galaxy,True,1,quasar,False,False,0,galaxy,0.6582095623016357,0,galaxy,0.7116796374320984,1,quasar,0.5349849462509155,1,quasar,0.5966501235961914,1,quasar,0.8191624283790588,0,galaxy,0.5650233626365662
325,0,galaxy,0,galaxy,True,0,galaxy,True,True,0,galaxy,0.9646987318992615,0,galaxy,0.7317785620689392,0,galaxy,0.9154333472251892,0,galaxy,0.5157172083854675,0,galaxy,0.5045078992843628,0,galaxy,0.6653546690940857
326,0,galaxy,0,galaxy,True,0,galaxy,True,True,0,galaxy,0.9936594367027283,0,galaxy,0.9478743076324463,0,galaxy,0.9193305373191833,0,galaxy,0.6869677901268005,0,galaxy,0.8948766589164734,0,galaxy,0.40294671058654785
327,0,galaxy,0,galaxy,True,0,galaxy,True,True,0,galaxy,0.9948870539665222,0,galaxy,0.9825474619865417,0,galaxy,0.9687008261680603,0,galaxy,0.9272602200508118,0,galaxy,0.9675644636154175,1,quasar,0.3865419328212738
328,0,galaxy,0,galaxy,True,0,galaxy,True,True,0,galaxy,0.5638329386711121,0,galaxy,0.9971678853034973,0,galaxy,0.9312984347343445,0,galaxy,0.7767285108566284,0,galaxy,0.9791598320007324,0,galaxy,0.5869610905647278
329,0,galaxy,0,galaxy,True,0,galaxy,True,True,0,galaxy,0.9955743551254272,0,galaxy,0.9663065075874329,0,galaxy,0.9360838532447815,0,galaxy,0.911050021648407,0,galaxy,0.7715030312538147,0,galaxy,0.6502670645713806
330,0,galaxy,0,galaxy,True,0,galaxy,True,True,0,galaxy,0.9930493831634521,0,galaxy,0.9832823872566223,0,galaxy,0.9617209434509277,0,galaxy,0.842726469039917,0,galaxy,0.9571186304092407,0,galaxy,0.4216383099555969
331,0,galaxy,0,galaxy,True,0,galaxy,True,True,0,galaxy,0.9909316301345825,0,galaxy,0.999550998210907,0,galaxy,0.9784287810325623,0,galaxy,0.9635556936264038,0,galaxy,0.9599190950393677,0,galaxy,0.7130981683731079
332,0,galaxy,0,galaxy,True,0,galaxy,True,True,0,galaxy,0.9970935583114624,0,galaxy,0.9964380264282227,0,galaxy,0.9845215678215027,0,galaxy,0.9750365614891052,0,galaxy,0.9475298523902893,0,galaxy,0.8721998333930969
333,0,galaxy,0,galaxy,True,0,galaxy,True,True,0,galaxy,0.9916565418243408,0,galaxy,0.9909030795097351,0,galaxy,0.8017458915710449,0,galaxy,0.7736612558364868,0,galaxy,0.9276642203330994,0,galaxy,0.5577466487884521
334,0,galaxy,0,galaxy,True,0,galaxy,True,True,0,galaxy,0.9198511242866516,0,galaxy,0.9933876991271973,0,galaxy,0.9743703603744507,0,galaxy,0.8869101405143738,0,galaxy,0.9895582795143127,0,galaxy,0.8747754096984863
335,0,galaxy,0,galaxy,True,0,galaxy,True,True,0,galaxy,0.990522027015686,0,galaxy,0.9972230195999146,0,galaxy,0.9758473038673401,0,galaxy,0.9718128442764282,0,galaxy,0.9804008603096008,0,galaxy,0.6528637409210205
336,0,galaxy,0,galaxy,True,0,galaxy,True,True,0,galaxy,0.9975348711013794,0,galaxy,0.9972723126411438,0,galaxy,0.9663639068603516,0,galaxy,0.9248281121253967,0,galaxy,0.960127592086792,0,galaxy,0.5344862937927246
337,0,galaxy,0,galaxy,True,0,galaxy,True,True,0,galaxy,0.9900004267692566,0,galaxy,0.9889265298843384,0,galaxy,0.961588442325592,0,galaxy,0.9314281940460205,0,galaxy,0.9481045603752136,0,galaxy,0.48900067806243896
338,0,galaxy,0,galaxy,True,0,galaxy,True,True,0,galaxy,0.9987039566040039,0,galaxy,0.999427318572998,0,galaxy,0.9781320095062256,0,galaxy,0.9799262881278992,0,galaxy,0.9810761213302612,0,galaxy,0.5403236150741577
339,0,galaxy,0,galaxy,True,0,galaxy,True,True,0,galaxy,0.9961076378822327,0,galaxy,0.9865965247154236,0,galaxy,0.9536935091018677,0,galaxy,0.9376664757728577,0,galaxy,0.9545132517814636,0,galaxy,0.6460184454917908
340,0,galaxy,0,galaxy,True,0,galaxy,True,True,0,galaxy,0.9983375072479248,0,galaxy,0.7980471253395081,0,galaxy,0.976436972618103,0,galaxy,0.9113720059394836,0,galaxy,0.8944010734558105,2,star,0.5270633697509766
341,0,galaxy,0,galaxy,True,0,galaxy,True,True,0,galaxy,0.9574463963508606,0,galaxy,0.9946660995483398,0,galaxy,0.8874387741088867,0,galaxy,0.5728861093521118,0,galaxy,0.7351366877555847,0,galaxy,0.5698879361152649
342,0,galaxy,0,galaxy,True,0,galaxy,True,True,0,galaxy,0.9583851099014282,0,galaxy,0.9918487071990967,0,galaxy,0.9757685661315918,0,galaxy,0.7368565201759338,0,galaxy,0.970978319644928,0,galaxy,0.44677361845970154
343,0,galaxy,0,galaxy,True,0,galaxy,True,True,0,galaxy,0.9937385320663452,0,galaxy,0.9958904385566711,0,galaxy,0.9830721616744995,0,galaxy,0.9580776691436768,0,galaxy,0.9896889925003052,0,galaxy,0.7947914600372314
344,0,galaxy,0,galaxy,True,0,galaxy,True,True,0,galaxy,0.9949765205383301,0,galaxy,0.9935187697410583,0,galaxy,0.9761935472488403,0,galaxy,0.9697943925857544,0,galaxy,0.8769156336784363,0,galaxy,0.5932566523551941
345,0,galaxy,0,galaxy,True,0,galaxy,True,True,0,galaxy,0.997998058795929,0,galaxy,0.9997665286064148,0,galaxy,0.9863144159317017,0,galaxy,0.9742213487625122,0,galaxy,0.9846861362457275,0,galaxy,0.9048542380332947
346,0,galaxy,0,galaxy,True,0,galaxy,True,True,0,galaxy,0.9991827607154846,0,galaxy,0.9961187839508057,0,galaxy,0.978405237197876,0,galaxy,0.9536808133125305,0,galaxy,0.9811897277832031,0,galaxy,0.8690115213394165
347,0,galaxy,0,galaxy,True,0,galaxy,True,True,0,galaxy,0.9921231865882874,0,galaxy,0.9655206203460693,0,galaxy,0.9674512147903442,0,galaxy,0.8495379686355591,0,galaxy,0.9401243925094604,2,star,0.4067564010620117
348,0,galaxy,0,galaxy,True,0,galaxy,True,True,0,galaxy,0.9990008473396301,0,galaxy,0.9755904674530029,0,galaxy,0.9533562064170837,0,galaxy,0.9428086876869202,0,galaxy,0.8809317350387573,0,galaxy,0.49923840165138245
349,0,galaxy,0,galaxy,True,0,galaxy,True,True,0,galaxy,0.9657257795333862,0,galaxy,0.9860190153121948,0,galaxy,0.9665309190750122,0,galaxy,0.9426167011260986,0,galaxy,0.9600653052330017,0,galaxy,0.38871997594833374
350,0,galaxy,0,galaxy,True,0,galaxy,True,True,0,galaxy,0.9952432513237,0,galaxy,0.9975608587265015,0,galaxy,0.9725250005722046,0,galaxy,0.9680089950561523,0,galaxy,0.9250670671463013,0,galaxy,0.5587188005447388
351,0,galaxy,0,galaxy,True,0,galaxy,True,True,0,galaxy,0.9988037347793579,0,galaxy,0.9995624423027039,0,galaxy,0.9858725070953369,0,galaxy,0.9650741815567017,0,galaxy,0.9751610159873962,2,star,0.5362116694450378
352,0,galaxy,0,galaxy,True,0,galaxy,True,True,0,galaxy,0.8687456250190735,2,star,0.8587644696235657,0,galaxy,0.9848924875259399,0,galaxy,0.9289135932922363,0,galaxy,0.9872277975082397,0,galaxy,0.98863285779953
353,0,galaxy,0,galaxy,True,0,galaxy,True,True,0,galaxy,0.9948828220367432,0,galaxy,0.9994884729385376,0,galaxy,0.9768568873405457,0,galaxy,0.9645287990570068,0,galaxy,0.9711223244667053,0,galaxy,0.6048818230628967
354,0,galaxy,0,galaxy,True,0,galaxy,True,True,0,galaxy,0.9991397857666016,0,galaxy,0.9886547327041626,0,galaxy,0.9703971743583679,0,galaxy,0.9257829189300537,0,galaxy,0.9688509702682495,0,galaxy,0.6308497190475464
355,0,galaxy,0,galaxy,True,0,galaxy,True,True,0,galaxy,0.9877092838287354,0,galaxy,0.9910176992416382,0,galaxy,0.9149186015129089,0,galaxy,0.9150869250297546,0,galaxy,0.6510213017463684,0,galaxy,0.6494274735450745
356,0,galaxy,0,galaxy,True,0,galaxy,True,True,0,galaxy,0.9901177287101746,0,galaxy,0.939954400062561,0,galaxy,0.9812467694282532,0,galaxy,0.9690943956375122,0,galaxy,0.9626365900039673,0,galaxy,0.9572667479515076
357,0,galaxy,0,galaxy,True,0,galaxy,True,True,0,galaxy,0.9940406680107117,0,galaxy,0.9811320304870605,0,galaxy,0.9737694263458252,0,galaxy,0.959236204624176,0,galaxy,0.9859976768493652,0,galaxy,0.97590172290802
358,0,galaxy,0,galaxy,True,0,galaxy,True,True,0,galaxy,0.9980397820472717,0,galaxy,0.9539346098899841,0,galaxy,0.8886823654174805,0,galaxy,0.8258789777755737,0,galaxy,0.9406905770301819,0,galaxy,0.39581140875816345
359,0,galaxy,0,galaxy,True,0,galaxy,True,True,0,galaxy,0.9971713423728943,0,galaxy,0.9982805252075195,0,galaxy,0.9857448935508728,0,galaxy,0.9772640466690063,0,galaxy,0.9849822521209717,0,galaxy,0.6614611148834229
360,0,galaxy,0,galaxy,True,0,galaxy,True,True,0,galaxy,0.9979815483093262,0,galaxy,0.9977649450302124,0,galaxy,0.9851195216178894,0,galaxy,0.9742956757545471,0,galaxy,0.9709082841873169,0,galaxy,0.6860935688018799
361,0,galaxy,0,galaxy,True,0,galaxy,True,True,0,galaxy,0.999542236328125,0,galaxy,0.9914131164550781,0,galaxy,0.9863033890724182,0,galaxy,0.9651593565940857,0,galaxy,0.9550991058349609,0,galaxy,0.6376796960830688
362,0,galaxy,0,galaxy,True,0,galaxy,True,True,0,galaxy,0.9851260185241699,0,galaxy,0.9945477843284607,0,galaxy,0.9698755741119385,0,galaxy,0.9648990035057068,0,galaxy,0.98634272813797,0,galaxy,0.9644649028778076
363,0,galaxy,0,galaxy,True,0,galaxy,True,True,0,galaxy,0.995713472366333,0,galaxy,0.9214822053909302,0,galaxy,0.9843206405639648,0,galaxy,0.9704678654670715,0,galaxy,0.9126368165016174,0,galaxy,0.654944121837616
364,0,galaxy,0,galaxy,True,0,galaxy,True,True,0,galaxy,0.9926401376724243,0,galaxy,0.9974827170372009,0,galaxy,0.9781193733215332,0,galaxy,0.9732962846755981,0,galaxy,0.9406722187995911,0,galaxy,0.6979676485061646
365,0,galaxy,0,galaxy,True,0,galaxy,True,True,0,galaxy,0.999626874923706,0,galaxy,0.9943625926971436,0,galaxy,0.9650864601135254,0,galaxy,0.9776352643966675,0,galaxy,0.8879417777061462,0,galaxy,0.675497829914093
366,0,galaxy,0,galaxy,True,0,galaxy,True,True,0,galaxy,0.9945841431617737,0,galaxy,0.9923917651176453,0,galaxy,0.9803726077079773,0,galaxy,0.9721211194992065,0,galaxy,0.9113622903823853,0,galaxy,0.5792514085769653
367,0,galaxy,0,galaxy,True,0,galaxy,True,True,0,galaxy,0.9695194363594055,0,galaxy,0.9685579538345337,0,galaxy,0.7434085607528687,0,galaxy,0.6958140134811401,0,galaxy,0.9630952477455139,2,star,0.41666868329048157
368,0,galaxy,0,galaxy,True,0,galaxy,True,True,0,galaxy,0.9993292093276978,0,galaxy,0.9954530000686646,0,galaxy,0.963880181312561,0,galaxy,0.9084982872009277,0,galaxy,0.9854766726493835,0,galaxy,0.6244815587997437
369,0,galaxy,0,galaxy,True,0,galaxy,True,True,0,galaxy,0.9979175925254822,0,galaxy,0.9841445684432983,0,galaxy,0.9704315066337585,0,galaxy,0.9152506589889526,0,galaxy,0.9703254103660583,0,galaxy,0.6322285532951355
370,0,galaxy,0,galaxy,True,0,galaxy,True,True,0,galaxy,0.9444361925125122,0,galaxy,0.983523428440094,0,galaxy,0.9431931376457214,0,galaxy,0.8857524394989014,0,galaxy,0.8630208969116211,0,galaxy,0.5991740226745605
371,0,galaxy,0,galaxy,True,0,galaxy,True,True,0,galaxy,0.9644865393638611,0,galaxy,0.9988126754760742,0,galaxy,0.9894235730171204,0,galaxy,0.9747264385223389,0,galaxy,0.9491295218467712,0,galaxy,0.9166105389595032
372,0,galaxy,0,galaxy,True,0,galaxy,True,True,0,galaxy,0.9938801527023315,0,galaxy,0.9825571179389954,0,galaxy,0.9827002286911011,0,galaxy,0.9506785869598389,0,galaxy,0.9821130037307739,0,galaxy,0.7582029700279236
373,0,galaxy,0,galaxy,True,0,galaxy,True,True,0,galaxy,0.9948611855506897,0,galaxy,0.9902883768081665,0,galaxy,0.9747464060783386,0,galaxy,0.931659460067749,0,galaxy,0.9262723922729492,0,galaxy,0.6368089318275452
374,0,galaxy,0,galaxy,True,0,galaxy,True,True,0,galaxy,0.5398591160774231,2,star,0.4070192575454712,0,galaxy,0.9500962495803833,0,galaxy,0.4821680188179016,0,galaxy,0.8551750779151917,0,galaxy,0.5779325366020203
375,0,galaxy,0,galaxy,True,0,galaxy,True,True,0,galaxy,0.9975830316543579,0,galaxy,0.9761581420898438,0,galaxy,0.9560876488685608,0,galaxy,0.8127060532569885,0,galaxy,0.924126148223877,2,star,0.8774524927139282
376,0,galaxy,0,galaxy,True,0,galaxy,True,True,0,galaxy,0.9997316002845764,0,galaxy,0.993889331817627,0,galaxy,0.9670159220695496,0,galaxy,0.8506239056587219,0,galaxy,0.952520489692688,2,star,0.48912549018859863
377,0,galaxy,0,galaxy,True,0,galaxy,True,True,0,galaxy,0.9972327351570129,0,galaxy,0.9142700433731079,0,galaxy,0.9230328798294067,0,galaxy,0.826062023639679,0,galaxy,0.9386367797851562,2,star,0.6939678192138672
378,0,galaxy,0,galaxy,True,0,galaxy,True,True,0,galaxy,0.9970675110816956,0,galaxy,0.9995904564857483,0,galaxy,0.9757349491119385,0,galaxy,0.9672865867614746,0,galaxy,0.9834222793579102,0,galaxy,0.4754343330860138
379,0,galaxy,0,galaxy,True,0,galaxy,True,True,0,galaxy,0.9979472756385803,0,galaxy,0.9852724671363831,0,galaxy,0.9779050946235657,0,galaxy,0.8490141034126282,0,galaxy,0.9757073521614075,0,galaxy,0.6252102255821228
380,0,galaxy,0,galaxy,True,0,galaxy,True,True,0,galaxy,0.989586591720581,0,galaxy,0.9974685907363892,0,galaxy,0.9753527641296387,0,galaxy,0.8882954120635986,0,galaxy,0.9783390760421753,0,galaxy,0.9686987996101379
381,0,galaxy,0,galaxy,True,0,galaxy,True,True,0,galaxy,0.999152660369873,0,galaxy,0.998960018157959,0,galaxy,0.9740700125694275,0,galaxy,0.9785196185112,0,galaxy,0.9703815579414368,0,galaxy,0.8231369256973267
382,0,galaxy,0,galaxy,True,0,galaxy,True,True,0,galaxy,0.9892318844795227,0,galaxy,0.9658081531524658,0,galaxy,0.7647560238838196,0,galaxy,0.6910847425460815,2,star,0.8349079489707947,2,star,0.4777872860431671
383,0,galaxy,0,galaxy,True,0,galaxy,True,True,0,galaxy,0.995871365070343,0,galaxy,0.9902342557907104,0,galaxy,0.9877690672874451,0,galaxy,0.9723294377326965,0,galaxy,0.9738729000091553,0,galaxy,0.8151196837425232
384,0,galaxy,0,galaxy,True,0,galaxy,True,True,2,star,0.4180346727371216,0,galaxy,0.9998492002487183,0,galaxy,0.9792526364326477,0,galaxy,0.9551077485084534,0,galaxy,0.9773362278938293,0,galaxy,0.8562586903572083
385,0,galaxy,0,galaxy,True,0,galaxy,True,True,0,galaxy,0.9994803071022034,0,galaxy,0.9971374273300171,0,galaxy,0.9521037340164185,0,galaxy,0.9038078188896179,0,galaxy,0.9154759645462036,2,star,0.6182634830474854
386,0,galaxy,0,galaxy,True,0,galaxy,True,True,0,galaxy,0.9912772178649902,0,galaxy,0.9897971153259277,0,galaxy,0.972689688205719,0,galaxy,0.8594974875450134,0,galaxy,0.964150071144104,0,galaxy,0.7235108613967896
387,0,galaxy,0,galaxy,True,0,galaxy,True,True,0,galaxy,0.9655323624610901,0,galaxy,0.998504638671875,0,galaxy,0.9834282994270325,0,galaxy,0.9237450957298279,0,galaxy,0.9869099259376526,0,galaxy,0.6221871376037598
388,0,galaxy,0,galaxy,True,0,galaxy,True,True,0,galaxy,0.9702746868133545,0,galaxy,0.9955739974975586,0,galaxy,0.8563937544822693,0,galaxy,0.9610459804534912,0,galaxy,0.6923545002937317,0,galaxy,0.6752511858940125
389,0,galaxy,0,galaxy,True,0,galaxy,True,True,0,galaxy,0.9970448613166809,0,galaxy,0.9149003624916077,0,galaxy,0.9703736901283264,0,galaxy,0.9124091863632202,0,galaxy,0.9662007689476013,2,star,0.9043900966644287
390,0,galaxy,0,galaxy,True,0,galaxy,True,True,1,quasar,1.0,0,galaxy,0.9951162338256836,0,galaxy,0.9785738587379456,0,galaxy,0.8952329158782959,0,galaxy,0.9725937247276306,0,galaxy,0.9022390246391296
391,0,galaxy,0,galaxy,True,0,galaxy,True,True,0,galaxy,0.9939875602722168,0,galaxy,0.9910090565681458,0,galaxy,0.9285914301872253,0,galaxy,0.9179461002349854,0,galaxy,0.9703909754753113,0,galaxy,0.6551751494407654
392,0,galaxy,0,galaxy,True,0,galaxy,True,True,0,galaxy,0.998497724533081,0,galaxy,0.9909725189208984,0,galaxy,0.9928126931190491,0,galaxy,0.891567587852478,0,galaxy,0.9881625771522522,0,galaxy,0.9309099316596985
393,0,galaxy,0,galaxy,True,0,galaxy,True,True,0,galaxy,0.9995182752609253,0,galaxy,0.9957637786865234,0,galaxy,0.9836054444313049,0,galaxy,0.9616047143936157,0,galaxy,0.9547328948974609,0,galaxy,0.4831847846508026
394,0,galaxy,0,galaxy,True,0,galaxy,True,True,0,galaxy,0.9991995692253113,0,galaxy,0.9865031242370605,0,galaxy,0.9210508465766907,0,galaxy,0.6999990344047546,0,galaxy,0.8358597159385681,0,galaxy,0.4529387056827545
395,0,galaxy,0,galaxy,True,0,galaxy,True,True,0,galaxy,0.9934509992599487,0,galaxy,0.9929826259613037,0,galaxy,0.9888667464256287,0,galaxy,0.9748295545578003,0,galaxy,0.9798725843429565,2,star,0.552483856678009
396,0,galaxy,0,galaxy,True,0,galaxy,True,True,0,galaxy,0.9982957243919373,0,galaxy,0.999876856803894,0,galaxy,0.9828429818153381,0,galaxy,0.9613388180732727,0,galaxy,0.9657934904098511,0,galaxy,0.7848547101020813
397,0,galaxy,0,galaxy,True,0,galaxy,True,True,0,galaxy,0.9996583461761475,0,galaxy,0.9988453388214111,0,galaxy,0.9380576014518738,0,galaxy,0.9613881707191467,0,galaxy,0.9363961815834045,0,galaxy,0.860343337059021
398,0,galaxy,0,galaxy,True,0,galaxy,True,True,0,galaxy,0.99965500831604,0,galaxy,0.9993096590042114,0,galaxy,0.9831584692001343,0,galaxy,0.9755457639694214,0,galaxy,0.9540300965309143,0,galaxy,0.4910452663898468
399,0,galaxy,0,galaxy,True,0,galaxy,True,True,0,galaxy,0.9913809895515442,0,galaxy,0.9763867259025574,0,galaxy,0.9023290872573853,0,galaxy,0.9170915484428406,0,galaxy,0.7702124714851379,0,galaxy,0.5814685821533203
400,0,galaxy,0,galaxy,True,0,galaxy,True,True,0,galaxy,0.999528169631958,0,galaxy,0.998518168926239,0,galaxy,0.9823873043060303,0,galaxy,0.9752690196037292,0,galaxy,0.9841175079345703,0,galaxy,0.8283817172050476
401,0,galaxy,0,galaxy,True,0,galaxy,True,True,0,galaxy,0.9882606267929077,0,galaxy,0.9943838119506836,0,galaxy,0.9646279215812683,0,galaxy,0.9193626046180725,0,galaxy,0.9612917900085449,0,galaxy,0.6335560083389282
402,0,galaxy,0,galaxy,True,0,galaxy,True,True,0,galaxy,0.9606919288635254,0,galaxy,0.9809179306030273,0,galaxy,0.9413072466850281,0,galaxy,0.768157422542572,0,galaxy,0.8015053868293762,0,galaxy,0.557694137096405
403,0,galaxy,0,galaxy,True,0,galaxy,True,True,0,galaxy,0.9947414398193359,0,galaxy,0.9607385396957397,0,galaxy,0.9754255414009094,0,galaxy,0.7997505068778992,0,galaxy,0.9411348700523376,0,galaxy,0.3990057110786438
404,0,galaxy,0,galaxy,True,0,galaxy,True,True,2,star,0.711917519569397,0,galaxy,0.9995695948600769,0,galaxy,0.9889897108078003,0,galaxy,0.9076725244522095,0,galaxy,0.98653644323349,0,galaxy,0.9201595783233643
405,0,galaxy,0,galaxy,True,0,galaxy,True,True,0,galaxy,0.9729509353637695,0,galaxy,0.9937573671340942,0,galaxy,0.9765492677688599,0,galaxy,0.9515835642814636,0,galaxy,0.9717451930046082,0,galaxy,0.8007398843765259
406,0,galaxy,0,galaxy,True,0,galaxy,True,True,0,galaxy,0.9987439513206482,0,galaxy,0.9929760694503784,0,galaxy,0.9514619708061218,0,galaxy,0.7888565063476562,0,galaxy,0.9810236692428589,0,galaxy,0.7933499813079834
407,0,galaxy,0,galaxy,True,0,galaxy,True,True,0,galaxy,0.9964648485183716,0,galaxy,0.9929486513137817,0,galaxy,0.937251091003418,0,galaxy,0.8972287774085999,0,galaxy,0.8555625081062317,2,star,0.5268064141273499
408,0,galaxy,0,galaxy,True,0,galaxy,True,True,0,galaxy,0.9873468279838562,0,galaxy,0.9890772104263306,0,galaxy,0.9905408024787903,0,galaxy,0.972553551197052,0,galaxy,0.9260361790657043,0,galaxy,0.620468020439148
409,0,galaxy,0,galaxy,True,0,galaxy,True,True,0,galaxy,0.9974950551986694,0,galaxy,0.9945136308670044,0,galaxy,0.980482816696167,0,galaxy,0.9211734533309937,0,galaxy,0.9744225740432739,0,galaxy,0.8833245038986206
410,0,galaxy,0,galaxy,True,0,galaxy,True,True,0,galaxy,0.9909180402755737,0,galaxy,0.9949274063110352,0,galaxy,0.9314194917678833,0,galaxy,0.8491518497467041,0,galaxy,0.917641818523407,0,galaxy,0.8101391792297363
411,0,galaxy,0,galaxy,True,0,galaxy,True,True,0,galaxy,0.9993435740470886,0,galaxy,0.9984279870986938,0,galaxy,0.9743404984474182,0,galaxy,0.8035265207290649,0,galaxy,0.9625060558319092,0,galaxy,0.5334359407424927
412,0,galaxy,0,galaxy,True,0,galaxy,True,True,0,galaxy,0.9984423518180847,0,galaxy,0.9761931300163269,0,galaxy,0.9342295527458191,0,galaxy,0.9714595079421997,0,galaxy,0.9864263534545898,0,galaxy,0.9054512977600098
413,0,galaxy,0,galaxy,True,0,galaxy,True,True,0,galaxy,0.999897837638855,0,galaxy,0.998813271522522,0,galaxy,0.9879948496818542,0,galaxy,0.9728322625160217,0,galaxy,0.9871542453765869,0,galaxy,0.8000112175941467
414,0,galaxy,0,galaxy,True,0,galaxy,True,True,0,galaxy,0.9844750165939331,0,galaxy,0.9977452158927917,0,galaxy,0.9540764093399048,0,galaxy,0.9077595472335815,0,galaxy,0.9735991358757019,0,galaxy,0.4432971179485321
415,0,galaxy,0,galaxy,True,0,galaxy,True,True,0,galaxy,0.9975468516349792,0,galaxy,0.9923505187034607,0,galaxy,0.9444378018379211,0,galaxy,0.9073799848556519,0,galaxy,0.9708285331726074,2,star,0.5741322040557861
416,0,galaxy,0,galaxy,True,0,galaxy,True,True,0,galaxy,0.9933682084083557,0,galaxy,0.9911127686500549,0,galaxy,0.9700258374214172,0,galaxy,0.9651356935501099,0,galaxy,0.9777281284332275,0,galaxy,0.6840307116508484
417,0,galaxy,0,galaxy,True,0,galaxy,True,True,0,galaxy,0.998833954334259,0,galaxy,0.9972477555274963,0,galaxy,0.9647476077079773,0,galaxy,0.8567801713943481,0,galaxy,0.9625420570373535,0,galaxy,0.7361549735069275
418,0,galaxy,0,galaxy,True,0,galaxy,True,True,0,galaxy,0.9966921806335449,0,galaxy,0.9863995313644409,0,galaxy,0.9313848614692688,0,galaxy,0.9195762276649475,0,galaxy,0.9372325539588928,0,galaxy,0.6044103503227234
419,0,galaxy,0,galaxy,True,0,galaxy,True,True,0,galaxy,0.983618438243866,0,galaxy,0.9890239238739014,0,galaxy,0.9762025475502014,0,galaxy,0.8877672553062439,0,galaxy,0.953475296497345,0,galaxy,0.5358694195747375
420,0,galaxy,0,galaxy,True,0,galaxy,True,True,0,galaxy,0.9878183603286743,0,galaxy,0.9991014003753662,0,galaxy,0.9857962727546692,0,galaxy,0.9742844700813293,0,galaxy,0.972233235836029,0,galaxy,0.4024057388305664
421,0,galaxy,0,galaxy,True,0,galaxy,True,True,0,galaxy,0.9993865489959717,0,galaxy,0.986577033996582,0,galaxy,0.9808520674705505,0,galaxy,0.9632033109664917,0,galaxy,0.7857718467712402,0,galaxy,0.5656909942626953
422,0,galaxy,0,galaxy,True,0,galaxy,True,True,0,galaxy,0.9987204074859619,0,galaxy,0.9962249994277954,0,galaxy,0.9724386930465698,0,galaxy,0.9778232574462891,0,galaxy,0.9613708853721619,0,galaxy,0.6406399011611938
423,0,galaxy,0,galaxy,True,0,galaxy,True,True,0,galaxy,0.9988196492195129,0,galaxy,0.9946991205215454,0,galaxy,0.9250237941741943,0,galaxy,0.9458691477775574,0,galaxy,0.7574334740638733,0,galaxy,0.732023298740387
424,0,galaxy,0,galaxy,True,0,galaxy,True,True,0,galaxy,0.9965224266052246,0,galaxy,0.997109591960907,0,galaxy,0.9697774648666382,0,galaxy,0.9064849615097046,0,galaxy,0.9135444164276123,0,galaxy,0.5850803852081299
425,0,galaxy,0,galaxy,True,0,galaxy,True,True,0,galaxy,0.9974988102912903,0,galaxy,0.9983816146850586,0,galaxy,0.964775025844574,0,galaxy,0.8855524659156799,0,galaxy,0.9608295559883118,2,star,0.6758453249931335
426,0,galaxy,0,galaxy,True,0,galaxy,True,True,0,galaxy,0.9988836646080017,0,galaxy,0.9894343018531799,0,galaxy,0.9856846332550049,0,galaxy,0.9752225875854492,0,galaxy,0.9438591599464417,0,galaxy,0.9530049562454224
427,0,galaxy,0,galaxy,True,0,galaxy,True,True,0,galaxy,0.9927895665168762,0,galaxy,0.9997503161430359,0,galaxy,0.9780891537666321,0,galaxy,0.95942622423172,0,galaxy,0.9838238954544067,0,galaxy,0.5423680543899536
428,0,galaxy,0,galaxy,True,0,galaxy,True,True,0,galaxy,0.9278205037117004,0,galaxy,0.9872947335243225,0,galaxy,0.5997169017791748,0,galaxy,0.8349862694740295,0,galaxy,0.906457781791687,0,galaxy,0.4095144271850586
429,0,galaxy,0,galaxy,True,0,galaxy,True,True,0,galaxy,0.9963604807853699,0,galaxy,0.9877062439918518,0,galaxy,0.9604318737983704,0,galaxy,0.8656231164932251,0,galaxy,0.8650044202804565,0,galaxy,0.6252580285072327
430,0,galaxy,0,galaxy,True,0,galaxy,True,True,0,galaxy,0.9975341558456421,0,galaxy,0.985898494720459,0,galaxy,0.9802873730659485,0,galaxy,0.9633151292800903,0,galaxy,0.9518111944198608,0,galaxy,0.6726371645927429
431,0,galaxy,0,galaxy,True,0,galaxy,True,True,0,galaxy,0.9969568252563477,0,galaxy,0.9962007403373718,0,galaxy,0.9786255359649658,0,galaxy,0.9582008719444275,0,galaxy,0.9586402177810669,2,star,0.719871997833252
432,0,galaxy,0,galaxy,True,0,galaxy,True,True,0,galaxy,0.9224296808242798,0,galaxy,0.9837507605552673,0,galaxy,0.955071747303009,0,galaxy,0.8412858247756958,0,galaxy,0.8442412614822388,0,galaxy,0.5955214500427246
433,0,galaxy,0,galaxy,True,0,galaxy,True,True,0,galaxy,0.998022198677063,0,galaxy,0.9858514666557312,0,galaxy,0.9631384015083313,0,galaxy,0.9446384906768799,0,galaxy,0.9059848785400391,0,galaxy,0.588612973690033
434,0,galaxy,0,galaxy,True,0,galaxy,True,True,0,galaxy,0.9958292841911316,0,galaxy,0.9949206709861755,2,star,0.6077051758766174,0,galaxy,0.6672055721282959,0,galaxy,0.9435409307479858,1,quasar,0.3741813004016876
435,0,galaxy,0,galaxy,True,0,galaxy,True,True,0,galaxy,0.9967342615127563,0,galaxy,0.9804666638374329,0,galaxy,0.9346081614494324,0,galaxy,0.9050890803337097,0,galaxy,0.9352004528045654,0,galaxy,0.47337520122528076
436,0,galaxy,0,galaxy,True,0,galaxy,True,True,0,galaxy,0.55115807056427,2,star,0.5105352997779846,0,galaxy,0.42394986748695374,0,galaxy,0.7911711931228638,1,quasar,0.5689917802810669,0,galaxy,0.9676459431648254
437,0,galaxy,0,galaxy,True,0,galaxy,True,True,0,galaxy,0.9881085753440857,0,galaxy,0.994219183921814,0,galaxy,0.611739993095398,0,galaxy,0.9008700251579285,0,galaxy,0.9036239981651306,2,star,0.7711744904518127
438,0,galaxy,0,galaxy,True,0,galaxy,True,True,0,galaxy,0.98403000831604,0,galaxy,0.9644088745117188,0,galaxy,0.9727218151092529,0,galaxy,0.7971237897872925,0,galaxy,0.9435545802116394,1,quasar,0.5853017568588257
439,0,galaxy,0,galaxy,True,0,galaxy,True,True,0,galaxy,0.976012647151947,0,galaxy,0.9958129525184631,0,galaxy,0.9642292261123657,0,galaxy,0.9008422493934631,0,galaxy,0.9482235908508301,2,star,0.48133978247642517
440,0,galaxy,0,galaxy,True,0,galaxy,True,True,0,galaxy,0.9933562278747559,0,galaxy,0.9965180158615112,0,galaxy,0.977519154548645,0,galaxy,0.9276947379112244,0,galaxy,0.9725261330604553,0,galaxy,0.7190679311752319
441,0,galaxy,0,galaxy,True,0,galaxy,True,True,0,galaxy,0.9953775405883789,0,galaxy,0.9942145943641663,0,galaxy,0.897193431854248,0,galaxy,0.8564804196357727,0,galaxy,0.835861325263977,0,galaxy,0.57203608751297
442,0,galaxy,0,galaxy,True,0,galaxy,True,True,0,galaxy,0.977843701839447,0,galaxy,0.7955211400985718,0,galaxy,0.9024397730827332,0,galaxy,0.7138920426368713,0,galaxy,0.9522185921669006,2,star,0.4737018942832947
443,0,galaxy,0,galaxy,True,0,galaxy,True,True,0,galaxy,0.989764928817749,0,galaxy,0.9749631285667419,0,galaxy,0.9648730158805847,0,galaxy,0.8367854952812195,0,galaxy,0.9342455863952637,0,galaxy,0.3799729347229004
444,0,galaxy,0,galaxy,True,0,galaxy,True,True,0,galaxy,0.9960417747497559,0,galaxy,0.9809873104095459,0,galaxy,0.9576269388198853,0,galaxy,0.8845745325088501,0,galaxy,0.9773280620574951,0,galaxy,0.6876048445701599
445,0,galaxy,0,galaxy,True,0,galaxy,True,True,0,galaxy,0.9938284754753113,0,galaxy,0.9907363057136536,0,galaxy,0.9021742343902588,0,galaxy,0.848486602306366,0,galaxy,0.9452990293502808,0,galaxy,0.5660091638565063
446,0,galaxy,0,galaxy,True,0,galaxy,True,True,0,galaxy,0.9852350950241089,0,galaxy,0.8463048338890076,0,galaxy,0.8690488338470459,0,galaxy,0.8834447860717773,2,star,0.6495047211647034,2,star,0.4205467104911804
447,0,galaxy,0,galaxy,True,0,galaxy,True,True,0,galaxy,0.9890010356903076,0,galaxy,0.9916492700576782,0,galaxy,0.9447084069252014,0,galaxy,0.9281796216964722,0,galaxy,0.9681334495544434,0,galaxy,0.5797657370567322
448,0,galaxy,0,galaxy,True,0,galaxy,True,True,0,galaxy,0.9994558691978455,0,galaxy,0.9988679885864258,0,galaxy,0.9751539826393127,0,galaxy,0.9774115085601807,0,galaxy,0.9610189199447632,0,galaxy,0.8069239854812622
449,0,galaxy,0,galaxy,True,0,galaxy,True,True,0,galaxy,0.9616029858589172,0,galaxy,0.99680495262146,0,galaxy,0.9178770780563354,0,galaxy,0.9055595993995667,0,galaxy,0.960833728313446,0,galaxy,0.7168682217597961
450,0,galaxy,0,galaxy,True,0,galaxy,True,True,0,galaxy,0.993310809135437,0,galaxy,0.961255669593811,0,galaxy,0.8521114587783813,0,galaxy,0.7775556445121765,0,galaxy,0.8446873426437378,0,galaxy,0.5185921788215637
451,0,galaxy,0,galaxy,True,0,galaxy,True,True,0,galaxy,0.9658581018447876,0,galaxy,0.9948887228965759,0,galaxy,0.9480738639831543,0,galaxy,0.861797571182251,0,galaxy,0.9255185723304749,0,galaxy,0.6064814329147339
452,0,galaxy,0,galaxy,True,0,galaxy,True,True,0,galaxy,0.9974900484085083,0,galaxy,0.9855479001998901,0,galaxy,0.9673488140106201,0,galaxy,0.9518018960952759,0,galaxy,0.9832791090011597,0,galaxy,0.47654688358306885
453,0,galaxy,0,galaxy,True,0,galaxy,True,True,0,galaxy,0.9760103821754456,0,galaxy,0.978457510471344,0,galaxy,0.9451719522476196,0,galaxy,0.8353781700134277,0,galaxy,0.8185712695121765,2,star,0.5043208599090576
454,0,galaxy,0,galaxy,True,0,galaxy,True,True,0,galaxy,0.9733389616012573,0,galaxy,0.9952990412712097,0,galaxy,0.9815636873245239,0,galaxy,0.9114447236061096,0,galaxy,0.9899774789810181,0,galaxy,0.8175531625747681
455,0,galaxy,0,galaxy,True,0,galaxy,True,True,0,galaxy,0.9973583817481995,0,galaxy,0.9973440766334534,0,galaxy,0.9811960458755493,0,galaxy,0.9739764928817749,0,galaxy,0.9778022766113281,0,galaxy,0.9699112176895142
456,0,galaxy,0,galaxy,True,0,galaxy,True,True,0,galaxy,0.9995177984237671,0,galaxy,0.9835121035575867,0,galaxy,0.9725866913795471,0,galaxy,0.9612899422645569,0,galaxy,0.9009544849395752,0,galaxy,0.9410743713378906
457,0,galaxy,0,galaxy,True,0,galaxy,True,True,0,galaxy,0.9982638955116272,0,galaxy,0.9954032897949219,0,galaxy,0.9688999652862549,0,galaxy,0.7611833214759827,0,galaxy,0.9850821495056152,0,galaxy,0.8559091687202454
458,0,galaxy,0,galaxy,True,0,galaxy,True,True,0,galaxy,0.9923577904701233,0,galaxy,0.9979782700538635,0,galaxy,0.9752341508865356,0,galaxy,0.9491983652114868,0,galaxy,0.9721735119819641,0,galaxy,0.7033318281173706
459,0,galaxy,0,galaxy,True,0,galaxy,True,True,0,galaxy,0.8655609488487244,0,galaxy,0.9948233366012573,0,galaxy,0.9529691338539124,0,galaxy,0.925334095954895,0,galaxy,0.9240280985832214,0,galaxy,0.6914453506469727
460,0,galaxy,0,galaxy,True,0,galaxy,True,True,0,galaxy,0.7267794013023376,0,galaxy,0.9991137385368347,0,galaxy,0.4502495229244232,0,galaxy,0.7033826112747192,0,galaxy,0.9150406718254089,0,galaxy,0.9575132727622986
461,0,galaxy,0,galaxy,True,0,galaxy,True,True,0,galaxy,0.9925002455711365,2,star,0.5111084580421448,0,galaxy,0.9675285816192627,0,galaxy,0.9679885506629944,0,galaxy,0.9647597074508667,0,galaxy,0.5082497000694275
462,0,galaxy,0,galaxy,True,0,galaxy,True,True,0,galaxy,0.5563888549804688,0,galaxy,0.9730591773986816,0,galaxy,0.9550127983093262,0,galaxy,0.9009963870048523,0,galaxy,0.9684898853302002,0,galaxy,0.7090520858764648
463,0,galaxy,0,galaxy,True,0,galaxy,True,True,0,galaxy,0.9989975094795227,0,galaxy,0.9889097809791565,0,galaxy,0.9640803933143616,0,galaxy,0.8711251616477966,0,galaxy,0.8779165744781494,0,galaxy,0.9051792025566101
464,0,galaxy,0,galaxy,True,0,galaxy,True,True,0,galaxy,0.9906862378120422,0,galaxy,0.9483619928359985,0,galaxy,0.9685459136962891,0,galaxy,0.9218353629112244,0,galaxy,0.9367328882217407,0,galaxy,0.5927428603172302
465,0,galaxy,0,galaxy,True,0,galaxy,True,True,2,star,0.9771670699119568,0,galaxy,0.9982321858406067,0,galaxy,0.9695064425468445,0,galaxy,0.9280022978782654,0,galaxy,0.9790032505989075,0,galaxy,0.948975145816803
466,0,galaxy,0,galaxy,True,0,galaxy,True,True,0,galaxy,0.9997766613960266,0,galaxy,0.9988897442817688,0,galaxy,0.9864120483398438,0,galaxy,0.9754653573036194,0,galaxy,0.9793534874916077,0,galaxy,0.8991990089416504
467,0,galaxy,0,galaxy,True,0,galaxy,True,True,0,galaxy,0.9819579124450684,0,galaxy,0.9968262910842896,0,galaxy,0.9787696599960327,0,galaxy,0.9533777832984924,0,galaxy,0.9480885863304138,0,galaxy,0.5531317591667175
468,0,galaxy,0,galaxy,True,0,galaxy,True,True,0,galaxy,0.8822192549705505,0,galaxy,0.927465558052063,0,galaxy,0.971235454082489,0,galaxy,0.9457504749298096,0,galaxy,0.973037600517273,0,galaxy,0.8456500172615051
469,0,galaxy,0,galaxy,True,0,galaxy,True,True,0,galaxy,0.9977661371231079,0,galaxy,0.9938769936561584,0,galaxy,0.9776781797409058,0,galaxy,0.9691202640533447,0,galaxy,0.9800886511802673,0,galaxy,0.7773105502128601
470,0,galaxy,0,galaxy,True,0,galaxy,True,True,0,galaxy,0.9671123623847961,0,galaxy,0.9813714623451233,0,galaxy,0.9695178866386414,0,galaxy,0.9476380944252014,0,galaxy,0.951231062412262,0,galaxy,0.7220098972320557
471,0,galaxy,0,galaxy,True,0,galaxy,True,True,0,galaxy,0.9992387294769287,0,galaxy,0.9986637830734253,0,galaxy,0.9856706261634827,0,galaxy,0.9741257429122925,0,galaxy,0.9529231190681458,0,galaxy,0.766562819480896
472,0,galaxy,0,galaxy,True,0,galaxy,True,True,0,galaxy,0.9619647860527039,0,galaxy,0.995618999004364,0,galaxy,0.7989439368247986,0,galaxy,0.8989093899726868,0,galaxy,0.9760553240776062,0,galaxy,0.7863497734069824
473,0,galaxy,0,galaxy,True,0,galaxy,True,True,0,galaxy,0.9337217211723328,0,galaxy,0.9507356882095337,2,star,0.7553597092628479,0,galaxy,0.791039764881134,0,galaxy,0.8978069424629211,0,galaxy,0.4549998342990875
474,0,galaxy,0,galaxy,True,0,galaxy,True,True,0,galaxy,0.9842563271522522,0,galaxy,0.7857994437217712,0,galaxy,0.9696453213691711,0,galaxy,0.7673200964927673,0,galaxy,0.9085093140602112,0,galaxy,0.9181805849075317
475,0,galaxy,0,galaxy,True,0,galaxy,True,True,0,galaxy,0.9987435936927795,0,galaxy,0.9990965127944946,0,galaxy,0.9863408803939819,0,galaxy,0.9374215006828308,0,galaxy,0.9104868173599243,0,galaxy,0.7850744128227234
476,0,galaxy,0,galaxy,True,0,galaxy,True,True,0,galaxy,0.9932953715324402,0,galaxy,0.9882935285568237,0,galaxy,0.9602209329605103,0,galaxy,0.9778968095779419,0,galaxy,0.9821902513504028,0,galaxy,0.7772518396377563
477,0,galaxy,0,galaxy,True,0,galaxy,True,True,0,galaxy,0.9971690773963928,0,galaxy,0.9921236634254456,0,galaxy,0.9610453248023987,0,galaxy,0.9450751543045044,0,galaxy,0.9269039630889893,0,galaxy,0.9288625717163086
478,0,galaxy,0,galaxy,True,0,galaxy,True,True,0,galaxy,0.9988414645195007,0,galaxy,0.9919973015785217,0,galaxy,0.9430646300315857,0,galaxy,0.8644978404045105,0,galaxy,0.9173251390457153,0,galaxy,0.5427543520927429
479,0,galaxy,0,galaxy,True,0,galaxy,True,True,0,galaxy,0.9975048899650574,0,galaxy,0.9938197731971741,0,galaxy,0.9744880199432373,0,galaxy,0.9725191593170166,0,galaxy,0.9658889174461365,0,galaxy,0.5845898985862732
480,0,galaxy,0,galaxy,True,0,galaxy,True,True,0,galaxy,0.9926522374153137,0,galaxy,0.9598784446716309,0,galaxy,0.9722556471824646,0,galaxy,0.9019529223442078,0,galaxy,0.9551331996917725,0,galaxy,0.5446227192878723
481,0,galaxy,0,galaxy,True,0,galaxy,True,True,0,galaxy,0.9923599362373352,0,galaxy,0.9623717069625854,0,galaxy,0.9204477071762085,0,galaxy,0.8773196935653687,0,galaxy,0.8918952941894531,0,galaxy,0.5503427982330322
482,0,galaxy,0,galaxy,True,0,galaxy,True,True,0,galaxy,0.998954176902771,0,galaxy,0.978738009929657,0,galaxy,0.9646625518798828,0,galaxy,0.961822509765625,0,galaxy,0.9741686582565308,0,galaxy,0.9114344120025635
483,0,galaxy,0,galaxy,True,0,galaxy,True,True,0,galaxy,0.9960136413574219,0,galaxy,0.9972047209739685,0,galaxy,0.9827712178230286,0,galaxy,0.9704495072364807,0,galaxy,0.9849438071250916,0,galaxy,0.6745170950889587
484,0,galaxy,0,galaxy,True,0,galaxy,True,True,0,galaxy,0.9985452890396118,0,galaxy,0.9959264993667603,0,galaxy,0.9853793382644653,0,galaxy,0.872721254825592,0,galaxy,0.8976070284843445,0,galaxy,0.5317627787590027
485,0,galaxy,0,galaxy,True,0,galaxy,True,True,0,galaxy,0.9861944913864136,0,galaxy,0.9701305031776428,0,galaxy,0.9761849045753479,0,galaxy,0.914717972278595,0,galaxy,0.9750918745994568,2,star,0.45032310485839844
486,0,galaxy,0,galaxy,True,0,galaxy,True,True,0,galaxy,0.6540426015853882,0,galaxy,0.9937953948974609,0,galaxy,0.9461645483970642,0,galaxy,0.7762594223022461,0,galaxy,0.6695788502693176,1,quasar,0.5687541961669922
487,0,galaxy,0,galaxy,True,0,galaxy,True,True,0,galaxy,0.9988411068916321,0,galaxy,0.9929383397102356,0,galaxy,0.9780775308609009,0,galaxy,0.9685063362121582,0,galaxy,0.9768732786178589,0,galaxy,0.44323447346687317
488,0,galaxy,0,galaxy,True,0,galaxy,True,True,0,galaxy,0.9992241859436035,0,galaxy,0.9904329776763916,0,galaxy,0.8464986085891724,0,galaxy,0.703340470790863,0,galaxy,0.7097349166870117,0,galaxy,0.4294830560684204
489,0,galaxy,0,galaxy,True,0,galaxy,True,True,0,galaxy,0.9984230995178223,0,galaxy,0.993361234664917,0,galaxy,0.9579324722290039,0,galaxy,0.9179681539535522,0,galaxy,0.8928709030151367,0,galaxy,0.4260074496269226
490,0,galaxy,0,galaxy,True,0,galaxy,True,True,0,galaxy,0.9884264469146729,0,galaxy,0.9923364520072937,0,galaxy,0.9378721714019775,0,galaxy,0.7469879984855652,0,galaxy,0.874769389629364,2,star,0.40742814540863037
491,0,galaxy,0,galaxy,True,0,galaxy,True,True,0,galaxy,0.998595654964447,0,galaxy,0.9960177540779114,0,galaxy,0.9633089303970337,0,galaxy,0.9709305763244629,0,galaxy,0.921816349029541,2,star,0.4785647988319397
492,0,galaxy,0,galaxy,True,0,galaxy,True,True,0,galaxy,0.9997269511222839,0,galaxy,0.9931261539459229,0,galaxy,0.980954647064209,0,galaxy,0.9708881974220276,0,galaxy,0.9301393032073975,0,galaxy,0.5823881030082703
493,0,galaxy,0,galaxy,True,0,galaxy,True,True,0,galaxy,0.9867362380027771,0,galaxy,0.9983080625534058,0,galaxy,0.9723324775695801,0,galaxy,0.9630753993988037,0,galaxy,0.8578326106071472,0,galaxy,0.8348223567008972
494,0,galaxy,0,galaxy,True,0,galaxy,True,True,0,galaxy,0.9895285964012146,0,galaxy,0.9934186935424805,0,galaxy,0.9811858534812927,0,galaxy,0.9198575615882874,0,galaxy,0.9838755130767822,0,galaxy,0.8423379063606262
495,0,galaxy,0,galaxy,True,0,galaxy,True,True,0,galaxy,0.9966752529144287,0,galaxy,0.9928901195526123,0,galaxy,0.9776703119277954,0,galaxy,0.9597791433334351,0,galaxy,0.9900549650192261,0,galaxy,0.6140264272689819
496,0,galaxy,0,galaxy,True,0,galaxy,True,True,0,galaxy,0.9994563460350037,0,galaxy,0.9977335929870605,0,galaxy,0.9795647859573364,0,galaxy,0.9601842164993286,0,galaxy,0.9738771915435791,0,galaxy,0.6984128355979919
497,0,galaxy,0,galaxy,True,0,galaxy,True,True,0,galaxy,0.9864426851272583,0,galaxy,0.9989431500434875,0,galaxy,0.9904720783233643,0,galaxy,0.9790804982185364,0,galaxy,0.9702398180961609,0,galaxy,0.902973473072052
498,0,galaxy,0,galaxy,True,0,galaxy,True,True,0,galaxy,0.9980779886245728,0,galaxy,0.9932491779327393,0,galaxy,0.9750741720199585,0,galaxy,0.9268812537193298,0,galaxy,0.9772619009017944,0,galaxy,0.4385714530944824
499,0,galaxy,0,galaxy,True,0,galaxy,True,True,0,galaxy,0.9962159991264343,0,galaxy,0.9990195035934448,0,galaxy,0.9808431267738342,0,galaxy,0.9671390056610107,0,galaxy,0.9697315096855164,2,star,0.5703086853027344
500,0,galaxy,0,galaxy,True,0,galaxy,True,True,0,galaxy,0.9965832829475403,0,galaxy,0.9963906407356262,0,galaxy,0.9860942363739014,0,galaxy,0.8817384243011475,0,galaxy,0.9758172631263733,0,galaxy,0.8254635334014893
501,0,galaxy,0,galaxy,True,0,galaxy,True,True,0,galaxy,0.999208390712738,0,galaxy,0.9982299208641052,0,galaxy,0.9811295866966248,0,galaxy,0.9395149946212769,0,galaxy,0.9421201944351196,0,galaxy,0.7859491109848022
502,0,galaxy,0,galaxy,True,0,galaxy,True,True,0,galaxy,0.9999499320983887,0,galaxy,0.9960032105445862,0,galaxy,0.9608261585235596,0,galaxy,0.8873855471611023,0,galaxy,0.9724410176277161,0,galaxy,0.5183373689651489
503,0,galaxy,0,galaxy,True,0,galaxy,True,True,0,galaxy,0.9912760257720947,0,galaxy,0.9971969127655029,0,galaxy,0.9632747769355774,0,galaxy,0.87770015001297,0,galaxy,0.9779286980628967,0,galaxy,0.8231062293052673
504,0,galaxy,0,galaxy,True,0,galaxy,True,True,0,galaxy,0.9085323214530945,0,galaxy,0.9483387470245361,0,galaxy,0.9263383746147156,0,galaxy,0.8099626898765564,2,star,0.4637833833694458,1,quasar,0.6364465951919556
505,0,galaxy,0,galaxy,True,0,galaxy,True,True,0,galaxy,0.9696769118309021,0,galaxy,0.9993463158607483,0,galaxy,0.9549394249916077,0,galaxy,0.9242333173751831,0,galaxy,0.9859668612480164,0,galaxy,0.6988597512245178
506,0,galaxy,0,galaxy,True,0,galaxy,True,True,0,galaxy,0.9995941519737244,0,galaxy,0.9939470291137695,0,galaxy,0.9478756189346313,0,galaxy,0.9485769271850586,0,galaxy,0.9288684129714966,0,galaxy,0.585930585861206
507,0,galaxy,0,galaxy,True,0,galaxy,True,True,0,galaxy,0.972709059715271,0,galaxy,0.996100902557373,0,galaxy,0.9792892336845398,0,galaxy,0.9651982188224792,0,galaxy,0.9669654369354248,0,galaxy,0.7023410201072693
508,0,galaxy,0,galaxy,True,0,galaxy,True,True,0,galaxy,0.9805024266242981,0,galaxy,0.9934019446372986,0,galaxy,0.9675276875495911,0,galaxy,0.917447030544281,0,galaxy,0.9774611592292786,0,galaxy,0.5992241501808167
509,0,galaxy,0,galaxy,True,0,galaxy,True,True,0,galaxy,0.9888237118721008,0,galaxy,0.5641239881515503,0,galaxy,0.41868868470191956,0,galaxy,0.6233258843421936,1,quasar,0.7363231182098389,1,quasar,0.481418251991272
510,0,galaxy,0,galaxy,True,0,galaxy,True,True,0,galaxy,0.9947848916053772,0,galaxy,0.9968816041946411,0,galaxy,0.9668863415718079,0,galaxy,0.9312120079994202,0,galaxy,0.9792047142982483,0,galaxy,0.7303470969200134
511,0,galaxy,0,galaxy,True,0,galaxy,True,True,0,galaxy,0.9460054636001587,0,galaxy,0.9826566576957703,0,galaxy,0.9824461936950684,0,galaxy,0.9688733220100403,0,galaxy,0.9351463913917542,0,galaxy,0.5121669769287109
512,0,galaxy,0,galaxy,True,0,galaxy,True,True,0,galaxy,0.6068932414054871,0,galaxy,0.4127334654331207,0,galaxy,0.46838825941085815,2,star,0.6208117604255676,1,quasar,0.7124047875404358,1,quasar,0.4609341621398926
513,0,galaxy,0,galaxy,True,0,galaxy,True,True,0,galaxy,0.998116135597229,0,galaxy,0.9812754392623901,0,galaxy,0.9632983207702637,0,galaxy,0.9099477529525757,0,galaxy,0.9808593392372131,1,quasar,0.563543438911438
514,0,galaxy,0,galaxy,True,0,galaxy,True,True,0,galaxy,0.9968200922012329,0,galaxy,0.990678071975708,0,galaxy,0.9828712940216064,0,galaxy,0.9577322006225586,0,galaxy,0.9742016792297363,0,galaxy,0.830852210521698
515,0,galaxy,0,galaxy,True,0,galaxy,True,True,0,galaxy,0.9982370138168335,0,galaxy,0.9923885464668274,0,galaxy,0.9734798073768616,0,galaxy,0.9061868786811829,0,galaxy,0.936845064163208,0,galaxy,0.7528530359268188
516,0,galaxy,1,quasar,False,1,quasar,False,True,1,quasar,0.9946042895317078,1,quasar,0.6653295755386353,1,quasar,0.5734219551086426,1,quasar,0.4721022844314575,1,quasar,0.7390234470367432,1,quasar,0.562957763671875
517,0,galaxy,0,galaxy,True,0,galaxy,True,True,0,galaxy,0.9990229606628418,0,galaxy,0.9989253878593445,0,galaxy,0.9750229716300964,0,galaxy,0.9642007350921631,0,galaxy,0.9826349020004272,1,quasar,0.36787018179893494
518,0,galaxy,0,galaxy,True,0,galaxy,True,True,0,galaxy,0.9919193983078003,0,galaxy,0.9886321425437927,0,galaxy,0.9790127277374268,0,galaxy,0.9486299157142639,0,galaxy,0.9693148732185364,0,galaxy,0.8544653654098511
519,0,galaxy,0,galaxy,True,0,galaxy,True,True,0,galaxy,0.9849148988723755,0,galaxy,0.9862598180770874,0,galaxy,0.9724115133285522,0,galaxy,0.9076153635978699,0,galaxy,0.9542969465255737,0,galaxy,0.6055694818496704
520,0,galaxy,0,galaxy,True,0,galaxy,True,True,0,galaxy,0.997793436050415,0,galaxy,0.9506027102470398,0,galaxy,0.9342519640922546,0,galaxy,0.7636969089508057,0,galaxy,0.8920516967773438,0,galaxy,0.6478686928749084
521,0,galaxy,0,galaxy,True,0,galaxy,True,True,0,galaxy,0.8987376689910889,0,galaxy,0.996316134929657,0,galaxy,0.9642072916030884,0,galaxy,0.697780966758728,0,galaxy,0.9382580518722534,0,galaxy,0.6097913980484009
522,0,galaxy,0,galaxy,True,0,galaxy,True,True,0,galaxy,0.9884852170944214,0,galaxy,0.9874146580696106,0,galaxy,0.964806079864502,0,galaxy,0.8668906688690186,0,galaxy,0.9075111150741577,1,quasar,0.412343293428421
523,0,galaxy,1,quasar,False,1,quasar,False,True,0,galaxy,0.5324424505233765,1,quasar,0.4591716229915619,1,quasar,0.6436779499053955,1,quasar,0.5753759145736694,1,quasar,0.7291102409362793,1,quasar,0.40962812304496765
524,0,galaxy,0,galaxy,True,0,galaxy,True,True,0,galaxy,0.9988166093826294,0,galaxy,0.9994558691978455,0,galaxy,0.9813870787620544,0,galaxy,0.9453993439674377,0,galaxy,0.9822880029678345,1,quasar,0.390176385641098
525,0,galaxy,0,galaxy,True,0,galaxy,True,True,0,galaxy,0.9903299808502197,0,galaxy,0.9767805337905884,0,galaxy,0.9159358739852905,0,galaxy,0.9024614095687866,0,galaxy,0.9599260091781616,0,galaxy,0.8030738830566406
526,0,galaxy,0,galaxy,True,0,galaxy,True,True,0,galaxy,0.9943793416023254,0,galaxy,0.9648035764694214,0,galaxy,0.9667861461639404,0,galaxy,0.922499418258667,0,galaxy,0.9557902812957764,0,galaxy,0.7025317549705505
527,0,galaxy,0,galaxy,True,0,galaxy,True,True,0,galaxy,0.9968084692955017,0,galaxy,0.9719005823135376,0,galaxy,0.9566885828971863,0,galaxy,0.8531085848808289,0,galaxy,0.957312285900116,2,star,0.35089805722236633
528,0,galaxy,0,galaxy,True,0,galaxy,True,True,0,galaxy,0.9992671608924866,0,galaxy,0.4851077198982239,0,galaxy,0.9670686721801758,0,galaxy,0.9388468861579895,0,galaxy,0.986358106136322,0,galaxy,0.7952873110771179
529,0,galaxy,0,galaxy,True,0,galaxy,True,True,0,galaxy,0.9991143345832825,0,galaxy,0.9901953339576721,0,galaxy,0.9826504588127136,0,galaxy,0.9752882122993469,0,galaxy,0.9849138855934143,0,galaxy,0.87160325050354
530,0,galaxy,0,galaxy,True,0,galaxy,True,True,0,galaxy,0.9973739385604858,0,galaxy,0.9907944798469543,0,galaxy,0.9406841993331909,0,galaxy,0.796062171459198,0,galaxy,0.8632798790931702,2,star,0.40013760328292847
531,0,galaxy,0,galaxy,True,0,galaxy,True,True,0,galaxy,0.9939642548561096,0,galaxy,0.9916691780090332,0,galaxy,0.9538570642471313,0,galaxy,0.8313943147659302,0,galaxy,0.9488866925239563,0,galaxy,0.8765539526939392
532,0,galaxy,0,galaxy,True,0,galaxy,True,True,0,galaxy,0.9961088299751282,0,galaxy,0.9449260234832764,0,galaxy,0.9619820713996887,0,galaxy,0.7080555558204651,0,galaxy,0.8578183054924011,0,galaxy,0.869202733039856
533,0,galaxy,0,galaxy,True,0,galaxy,True,True,0,galaxy,0.9994052648544312,0,galaxy,0.9970421195030212,0,galaxy,0.989459753036499,0,galaxy,0.9694920182228088,0,galaxy,0.989443838596344,0,galaxy,0.7956693172454834
534,0,galaxy,0,galaxy,True,0,galaxy,True,True,0,galaxy,0.9961861968040466,0,galaxy,0.998494029045105,0,galaxy,0.9737514853477478,0,galaxy,0.9035580158233643,0,galaxy,0.9336011409759521,0,galaxy,0.5020007491111755
535,0,galaxy,0,galaxy,True,0,galaxy,True,True,0,galaxy,0.999715268611908,0,galaxy,0.9983856678009033,0,galaxy,0.9810086488723755,0,galaxy,0.9789288640022278,0,galaxy,0.9872445464134216,0,galaxy,0.5613314509391785
536,0,galaxy,0,galaxy,True,0,galaxy,True,True,0,galaxy,0.9971314668655396,0,galaxy,0.981995701789856,0,galaxy,0.9609053134918213,0,galaxy,0.8864803910255432,0,galaxy,0.9682677388191223,0,galaxy,0.5032108426094055
537,0,galaxy,0,galaxy,True,0,galaxy,True,True,0,galaxy,0.9432056546211243,0,galaxy,0.9979840517044067,0,galaxy,0.9704391360282898,0,galaxy,0.8993595242500305,0,galaxy,0.8295404314994812,0,galaxy,0.9803399443626404
538,0,galaxy,0,galaxy,True,0,galaxy,True,True,0,galaxy,0.9980582594871521,0,galaxy,0.996448278427124,0,galaxy,0.9840781688690186,0,galaxy,0.9648470282554626,0,galaxy,0.9823733568191528,0,galaxy,0.8367679715156555
539,0,galaxy,0,galaxy,True,0,galaxy,True,True,0,galaxy,0.8426679968833923,0,galaxy,0.9956806898117065,0,galaxy,0.9306975603103638,0,galaxy,0.8718467950820923,0,galaxy,0.6562103629112244,1,quasar,0.4590492844581604
540,0,galaxy,0,galaxy,True,0,galaxy,True,True,0,galaxy,0.9985440969467163,0,galaxy,0.9966974258422852,0,galaxy,0.9885445237159729,0,galaxy,0.9739868640899658,0,galaxy,0.9812182188034058,2,star,0.5755376219749451
541,0,galaxy,1,quasar,False,1,quasar,False,True,0,galaxy,0.726664125919342,2,star,0.5095795392990112,1,quasar,0.5283016562461853,1,quasar,0.5358043313026428,1,quasar,0.6867632865905762,1,quasar,0.4106241464614868
542,0,galaxy,0,galaxy,True,0,galaxy,True,True,0,galaxy,0.989782452583313,0,galaxy,0.9848392009735107,0,galaxy,0.9736925959587097,0,galaxy,0.9453771114349365,0,galaxy,0.981562614440918,0,galaxy,0.5934779047966003
543,0,galaxy,0,galaxy,True,0,galaxy,True,True,1,quasar,0.4874308407306671,0,galaxy,0.8639805912971497,0,galaxy,0.7274850606918335,0,galaxy,0.8313257694244385,0,galaxy,0.8529850244522095,1,quasar,0.5048146843910217
544,0,galaxy,0,galaxy,True,0,galaxy,True,True,0,galaxy,0.99332195520401,0,galaxy,0.9937560558319092,0,galaxy,0.9789485335350037,0,galaxy,0.929224967956543,0,galaxy,0.952268660068512,0,galaxy,0.5354677438735962
545,0,galaxy,0,galaxy,True,0,galaxy,True,True,0,galaxy,0.9668734073638916,0,galaxy,0.9971668124198914,0,galaxy,0.9679886698722839,0,galaxy,0.9431341886520386,0,galaxy,0.8189125657081604,2,star,0.5088183879852295
546,0,galaxy,0,galaxy,True,0,galaxy,True,True,0,galaxy,0.9776221513748169,0,galaxy,0.9772325158119202,0,galaxy,0.9065011143684387,0,galaxy,0.7772372364997864,0,galaxy,0.4858730435371399,0,galaxy,0.5479307770729065
547,0,galaxy,0,galaxy,True,0,galaxy,True,True,0,galaxy,0.9724655151367188,0,galaxy,0.9992528557777405,0,galaxy,0.9329929947853088,0,galaxy,0.8538764119148254,0,galaxy,0.8735634684562683,0,galaxy,0.7337539196014404
548,0,galaxy,0,galaxy,True,0,galaxy,True,True,0,galaxy,0.9937757253646851,0,galaxy,0.9474974274635315,0,galaxy,0.9252438545227051,0,galaxy,0.8335586786270142,0,galaxy,0.9454501867294312,0,galaxy,0.6583287715911865
549,0,galaxy,0,galaxy,True,0,galaxy,True,True,0,galaxy,0.9967898726463318,0,galaxy,0.999041736125946,0,galaxy,0.990474283695221,0,galaxy,0.9796493649482727,0,galaxy,0.9912847280502319,0,galaxy,0.7589930891990662
550,0,galaxy,0,galaxy,True,0,galaxy,True,True,0,galaxy,0.9548457264900208,0,galaxy,0.9586714506149292,0,galaxy,0.9409093856811523,0,galaxy,0.8931723833084106,0,galaxy,0.8363202810287476,0,galaxy,0.6816829442977905
551,0,galaxy,0,galaxy,True,0,galaxy,True,True,0,galaxy,0.821418821811676,0,galaxy,0.9136974811553955,0,galaxy,0.9849997758865356,0,galaxy,0.9575004577636719,0,galaxy,0.9911690950393677,0,galaxy,0.9799428582191467
552,0,galaxy,0,galaxy,True,0,galaxy,True,True,0,galaxy,0.9483557939529419,0,galaxy,0.9872281551361084,0,galaxy,0.9827578663825989,0,galaxy,0.9629818201065063,0,galaxy,0.987381637096405,0,galaxy,0.7784364819526672
553,0,galaxy,0,galaxy,True,0,galaxy,True,True,0,galaxy,0.9980624318122864,2,star,0.4954594373703003,0,galaxy,0.9860915541648865,0,galaxy,0.9341455101966858,0,galaxy,0.9907175898551941,0,galaxy,0.9517273902893066
554,0,galaxy,0,galaxy,True,0,galaxy,True,True,0,galaxy,0.9676909446716309,0,galaxy,0.8222430348396301,0,galaxy,0.6357935070991516,0,galaxy,0.8603861331939697,0,galaxy,0.9193423986434937,0,galaxy,0.5022062063217163
555,0,galaxy,0,galaxy,True,0,galaxy,True,True,0,galaxy,0.9851582646369934,0,galaxy,0.9593721628189087,0,galaxy,0.8776401877403259,0,galaxy,0.9254180192947388,0,galaxy,0.7064698934555054,0,galaxy,0.43654870986938477
556,0,galaxy,0,galaxy,True,0,galaxy,True,True,0,galaxy,0.9901366233825684,0,galaxy,0.9862218499183655,0,galaxy,0.837515652179718,0,galaxy,0.9126383066177368,0,galaxy,0.7419814467430115,0,galaxy,0.4878758192062378
557,0,galaxy,0,galaxy,True,0,galaxy,True,True,0,galaxy,0.9997963309288025,0,galaxy,0.9944807291030884,0,galaxy,0.9872243404388428,0,galaxy,0.9701899886131287,0,galaxy,0.9756402969360352,0,galaxy,0.8309142589569092
558,0,galaxy,0,galaxy,True,0,galaxy,True,True,0,galaxy,0.9923505187034607,0,galaxy,0.9955075979232788,0,galaxy,0.9795671105384827,0,galaxy,0.9384576082229614,0,galaxy,0.9631854891777039,2,star,0.425089955329895
559,0,galaxy,0,galaxy,True,0,galaxy,True,True,0,galaxy,0.9899455904960632,0,galaxy,0.9912646412849426,0,galaxy,0.8948166370391846,0,galaxy,0.5697010159492493,2,star,0.3462410271167755,0,galaxy,0.5788036584854126
560,0,galaxy,0,galaxy,True,0,galaxy,True,True,0,galaxy,0.9999287128448486,0,galaxy,0.9788123965263367,0,galaxy,0.9825254678726196,0,galaxy,0.9758087396621704,0,galaxy,0.9864543080329895,0,galaxy,0.7094785571098328
561,0,galaxy,0,galaxy,True,0,galaxy,True,True,0,galaxy,0.9886330962181091,0,galaxy,0.9265855550765991,0,galaxy,0.971644937992096,0,galaxy,0.8959249258041382,0,galaxy,0.9698315262794495,0,galaxy,0.5100774765014648
562,0,galaxy,0,galaxy,True,0,galaxy,True,True,0,galaxy,0.9977891445159912,0,galaxy,0.9624455571174622,0,galaxy,0.9884890913963318,0,galaxy,0.9705119132995605,0,galaxy,0.9872090816497803,0,galaxy,0.8648688793182373
563,0,galaxy,0,galaxy,True,0,galaxy,True,True,0,galaxy,0.9964333772659302,0,galaxy,0.9932779669761658,0,galaxy,0.9785070419311523,0,galaxy,0.9621885418891907,0,galaxy,0.9728212952613831,0,galaxy,0.8695144653320312
564,0,galaxy,0,galaxy,True,0,galaxy,True,True,0,galaxy,0.9958802461624146,0,galaxy,0.9888525009155273,0,galaxy,0.9642127156257629,0,galaxy,0.9221932291984558,0,galaxy,0.9786222577095032,0,galaxy,0.8005226254463196
565,0,galaxy,0,galaxy,True,0,galaxy,True,True,0,galaxy,0.7678729295730591,0,galaxy,0.9977436065673828,0,galaxy,0.9244892001152039,0,galaxy,0.7453112006187439,1,quasar,0.5140774846076965,0,galaxy,0.4980149567127228
566,0,galaxy,0,galaxy,True,0,galaxy,True,True,0,galaxy,0.9963406920433044,0,galaxy,0.9980685114860535,0,galaxy,0.9217827916145325,0,galaxy,0.8036303520202637,0,galaxy,0.9168558716773987,0,galaxy,0.6418111324310303
567,0,galaxy,0,galaxy,True,0,galaxy,True,True,0,galaxy,0.8549216985702515,0,galaxy,0.9698235392570496,0,galaxy,0.923551082611084,0,galaxy,0.42003151774406433,0,galaxy,0.6494175791740417,0,galaxy,0.7551733255386353
568,0,galaxy,0,galaxy,True,0,galaxy,True,True,0,galaxy,0.9912441968917847,0,galaxy,0.9772316217422485,0,galaxy,0.9276400208473206,0,galaxy,0.8640168905258179,0,galaxy,0.9712120294570923,1,quasar,0.5532479882240295
569,0,galaxy,0,galaxy,True,0,galaxy,True,True,0,galaxy,0.999516487121582,0,galaxy,0.9767931699752808,0,galaxy,0.9847120046615601,0,galaxy,0.9785376787185669,0,galaxy,0.9836697578430176,0,galaxy,0.8072731494903564
570,0,galaxy,0,galaxy,True,0,galaxy,True,True,0,galaxy,0.9995021820068359,0,galaxy,0.9985085129737854,0,galaxy,0.9766530990600586,0,galaxy,0.8917861580848694,0,galaxy,0.9841356873512268,0,galaxy,0.8858744502067566
571,0,galaxy,0,galaxy,True,0,galaxy,True,True,0,galaxy,0.9981922507286072,0,galaxy,0.9912880063056946,0,galaxy,0.9820373058319092,0,galaxy,0.9735162258148193,0,galaxy,0.9859781265258789,0,galaxy,0.8458114862442017
572,0,galaxy,0,galaxy,True,0,galaxy,True,True,0,galaxy,0.9990440011024475,0,galaxy,0.9903997778892517,0,galaxy,0.9806217551231384,0,galaxy,0.9678254723548889,0,galaxy,0.9790546894073486,2,star,0.45648011565208435
573,0,galaxy,0,galaxy,True,0,galaxy,True,True,0,galaxy,0.9889471530914307,0,galaxy,0.9962916374206543,0,galaxy,0.8543291091918945,0,galaxy,0.8165007829666138,0,galaxy,0.9453569650650024,0,galaxy,0.5161369442939758
574,0,galaxy,0,galaxy,True,0,galaxy,True,True,0,galaxy,0.9977460503578186,0,galaxy,0.9781582355499268,0,galaxy,0.9570482969284058,0,galaxy,0.8002686500549316,0,galaxy,0.978337824344635,2,star,0.40685558319091797
575,0,galaxy,0,galaxy,True,0,galaxy,True,True,0,galaxy,0.9944469928741455,0,galaxy,0.9857873916625977,0,galaxy,0.9628148078918457,0,galaxy,0.87983238697052,0,galaxy,0.979337215423584,0,galaxy,0.5480005741119385
576,0,galaxy,0,galaxy,True,0,galaxy,True,True,0,galaxy,0.8471740484237671,0,galaxy,0.9903078675270081,0,galaxy,0.9479383826255798,0,galaxy,0.7759484052658081,0,galaxy,0.9379663467407227,0,galaxy,0.826911449432373
577,0,galaxy,2,star,False,2,star,False,True,0,galaxy,0.6996622681617737,2,star,0.6027287244796753,2,star,0.9228473901748657,2,star,0.828271746635437,0,galaxy,0.45441198348999023,2,star,0.61463862657547
578,0,galaxy,0,galaxy,True,0,galaxy,True,True,0,galaxy,0.9834486842155457,0,galaxy,0.9991711378097534,0,galaxy,0.9673568606376648,0,galaxy,0.9234281778335571,0,galaxy,0.9774712920188904,0,galaxy,0.9085144400596619
579,0,galaxy,0,galaxy,True,0,galaxy,True,True,0,galaxy,0.9319222569465637,0,galaxy,0.9944760203361511,0,galaxy,0.9748862981796265,0,galaxy,0.9071711301803589,0,galaxy,0.9545331001281738,0,galaxy,0.8744054436683655
580,0,galaxy,0,galaxy,True,0,galaxy,True,True,0,galaxy,0.9987861514091492,0,galaxy,0.9936821460723877,0,galaxy,0.968842089176178,0,galaxy,0.9445695877075195,0,galaxy,0.9578976631164551,0,galaxy,0.6031623482704163
581,0,galaxy,0,galaxy,True,0,galaxy,True,True,0,galaxy,0.9700800180435181,0,galaxy,0.9921889305114746,0,galaxy,0.9227217435836792,0,galaxy,0.7296801805496216,0,galaxy,0.8352335691452026,0,galaxy,0.42284277081489563
582,0,galaxy,0,galaxy,True,0,galaxy,True,True,0,galaxy,0.9996567964553833,0,galaxy,0.9955483675003052,0,galaxy,0.9645927548408508,0,galaxy,0.9720122814178467,0,galaxy,0.928276777267456,0,galaxy,0.7289057374000549
583,0,galaxy,0,galaxy,True,0,galaxy,True,True,0,galaxy,0.9908949136734009,0,galaxy,0.9952390193939209,0,galaxy,0.9776687622070312,0,galaxy,0.9502460956573486,0,galaxy,0.957183837890625,0,galaxy,0.48301342129707336
584,0,galaxy,0,galaxy,True,0,galaxy,True,True,0,galaxy,0.9391303658485413,0,galaxy,0.9876816272735596,0,galaxy,0.8421816825866699,0,galaxy,0.6426206827163696,0,galaxy,0.6743777394294739,0,galaxy,0.4355839788913727
585,0,galaxy,0,galaxy,True,0,galaxy,True,True,0,galaxy,0.9986795783042908,0,galaxy,0.997907280921936,0,galaxy,0.9794796109199524,0,galaxy,0.9491530656814575,0,galaxy,0.9139968156814575,2,star,0.4543582499027252
586,0,galaxy,0,galaxy,True,0,galaxy,True,True,0,galaxy,0.7232859134674072,0,galaxy,0.9945388436317444,0,galaxy,0.9712747931480408,0,galaxy,0.9600379467010498,0,galaxy,0.9755406975746155,2,star,0.41419145464897156
587,0,galaxy,0,galaxy,True,0,galaxy,True,True,0,galaxy,0.9142879247665405,0,galaxy,0.9946187734603882,0,galaxy,0.9591482281684875,0,galaxy,0.8585419058799744,0,galaxy,0.9163264632225037,0,galaxy,0.9322674870491028
588,0,galaxy,0,galaxy,True,0,galaxy,True,True,0,galaxy,0.9895012974739075,0,galaxy,0.9707270860671997,0,galaxy,0.980409562587738,0,galaxy,0.9669182896614075,0,galaxy,0.881345272064209,0,galaxy,0.5610883235931396
589,0,galaxy,0,galaxy,True,0,galaxy,True,True,0,galaxy,0.9884599447250366,0,galaxy,0.9907703399658203,0,galaxy,0.9497146010398865,0,galaxy,0.8759897947311401,0,galaxy,0.878810465335846,0,galaxy,0.4373572766780853
590,0,galaxy,0,galaxy,True,0,galaxy,True,True,0,galaxy,0.9935206770896912,0,galaxy,0.9964097142219543,0,galaxy,0.9813756942749023,0,galaxy,0.9450578093528748,0,galaxy,0.9834362268447876,0,galaxy,0.9665411710739136
591,0,galaxy,0,galaxy,True,0,galaxy,True,True,0,galaxy,0.9885590076446533,0,galaxy,0.9350128173828125,0,galaxy,0.9683355689048767,0,galaxy,0.9042395949363708,0,galaxy,0.9363586902618408,0,galaxy,0.7483887672424316
592,0,galaxy,0,galaxy,True,0,galaxy,True,True,0,galaxy,0.9981638789176941,0,galaxy,0.9993333220481873,0,galaxy,0.9878320097923279,0,galaxy,0.9734441041946411,0,galaxy,0.9757874011993408,0,galaxy,0.661647379398346
593,0,galaxy,0,galaxy,True,0,galaxy,True,True,0,galaxy,0.9291282892227173,0,galaxy,0.9895735383033752,0,galaxy,0.9687877297401428,0,galaxy,0.9020388126373291,0,galaxy,0.9508987069129944,0,galaxy,0.8830880522727966
594,0,galaxy,0,galaxy,True,0,galaxy,True,True,0,galaxy,0.9983139038085938,0,galaxy,0.9990583062171936,0,galaxy,0.989264965057373,0,galaxy,0.9668367505073547,0,galaxy,0.9883070588111877,0,galaxy,0.42175355553627014
595,0,galaxy,0,galaxy,True,0,galaxy,True,True,0,galaxy,0.9999445676803589,0,galaxy,0.9954934120178223,0,galaxy,0.985607385635376,0,galaxy,0.9726809859275818,0,galaxy,0.9792181253433228,0,galaxy,0.6628002524375916
596,0,galaxy,0,galaxy,True,0,galaxy,True,True,0,galaxy,0.9989455342292786,0,galaxy,0.9619107246398926,0,galaxy,0.9755783677101135,0,galaxy,0.8987327814102173,0,galaxy,0.9802199006080627,0,galaxy,0.8476120829582214
597,0,galaxy,0,galaxy,True,0,galaxy,True,True,0,galaxy,0.9945756196975708,0,galaxy,0.989970862865448,0,galaxy,0.9541365504264832,0,galaxy,0.877772331237793,0,galaxy,0.9217185974121094,0,galaxy,0.5832068920135498
598,0,galaxy,0,galaxy,True,0,galaxy,True,True,0,galaxy,0.9986448884010315,0,galaxy,0.9745785593986511,0,galaxy,0.975127100944519,0,galaxy,0.954913318157196,0,galaxy,0.9875604510307312,0,galaxy,0.751127302646637
599,0,galaxy,0,galaxy,True,0,galaxy,True,True,0,galaxy,0.9933425784111023,0,galaxy,0.9258766174316406,0,galaxy,0.9667406678199768,0,galaxy,0.834433376789093,0,galaxy,0.6787439584732056,2,star,0.5691701173782349
600,0,galaxy,0,galaxy,True,0,galaxy,True,True,0,galaxy,0.993300199508667,0,galaxy,0.9881911873817444,0,galaxy,0.9683374762535095,0,galaxy,0.8824620842933655,0,galaxy,0.9804487824440002,0,galaxy,0.4850022792816162
601,0,galaxy,0,galaxy,True,0,galaxy,True,True,0,galaxy,0.9998074173927307,0,galaxy,0.9895293116569519,0,galaxy,0.9532609581947327,0,galaxy,0.9707266092300415,0,galaxy,0.9068042039871216,0,galaxy,0.5423586964607239
602,0,galaxy,0,galaxy,True,0,galaxy,True,True,0,galaxy,0.9863139390945435,0,galaxy,0.9965652823448181,0,galaxy,0.974833607673645,0,galaxy,0.9348459243774414,0,galaxy,0.9820724129676819,0,galaxy,0.6160848140716553
603,0,galaxy,0,galaxy,True,0,galaxy,True,True,0,galaxy,0.5185911059379578,0,galaxy,0.9789673686027527,0,galaxy,0.9805639386177063,0,galaxy,0.8050498366355896,0,galaxy,0.987471878528595,0,galaxy,0.9996978044509888
604,0,galaxy,0,galaxy,True,0,galaxy,True,True,0,galaxy,0.9567700624465942,0,galaxy,0.998664379119873,0,galaxy,0.9833779335021973,0,galaxy,0.8814182281494141,0,galaxy,0.987992525100708,0,galaxy,0.9996243715286255
605,0,galaxy,0,galaxy,True,0,galaxy,True,True,0,galaxy,0.9957457184791565,0,galaxy,0.9957471489906311,0,galaxy,0.9641355872154236,0,galaxy,0.8203643560409546,0,galaxy,0.959003210067749,2,star,0.41265878081321716
606,0,galaxy,0,galaxy,True,0,galaxy,True,True,0,galaxy,0.9963484406471252,0,galaxy,0.9678720235824585,0,galaxy,0.9528672695159912,0,galaxy,0.8732690215110779,0,galaxy,0.8707461357116699,0,galaxy,0.5591820478439331
607,0,galaxy,0,galaxy,True,0,galaxy,True,True,0,galaxy,0.9974954724311829,0,galaxy,0.9987518787384033,0,galaxy,0.9753678441047668,0,galaxy,0.9424806833267212,0,galaxy,0.9787014722824097,0,galaxy,0.8030520677566528
608,0,galaxy,0,galaxy,True,0,galaxy,True,True,0,galaxy,0.9997829794883728,0,galaxy,0.9999605417251587,0,galaxy,0.9870951771736145,0,galaxy,0.9746947288513184,0,galaxy,0.9856986403465271,0,galaxy,0.6658733487129211
609,0,galaxy,0,galaxy,True,0,galaxy,True,True,0,galaxy,0.9985383749008179,0,galaxy,0.9955803751945496,0,galaxy,0.9739565849304199,0,galaxy,0.9437885880470276,0,galaxy,0.9670954346656799,0,galaxy,0.70210200548172
610,0,galaxy,0,galaxy,True,0,galaxy,True,True,0,galaxy,0.9988993406295776,0,galaxy,0.9945188164710999,0,galaxy,0.9720935225486755,0,galaxy,0.9658471941947937,0,galaxy,0.9774353504180908,0,galaxy,0.4878930151462555
611,0,galaxy,0,galaxy,True,0,galaxy,True,True,0,galaxy,0.9984149932861328,0,galaxy,0.9965521097183228,0,galaxy,0.9851873517036438,0,galaxy,0.9759885668754578,0,galaxy,0.977850615978241,0,galaxy,0.8060860633850098
612,0,galaxy,0,galaxy,True,0,galaxy,True,True,0,galaxy,0.9972987771034241,0,galaxy,0.9995653033256531,0,galaxy,0.9869847297668457,0,galaxy,0.9686114192008972,0,galaxy,0.9756542444229126,0,galaxy,0.8572560548782349
613,0,galaxy,0,galaxy,True,0,galaxy,True,True,0,galaxy,0.9933627843856812,0,galaxy,0.9984061121940613,0,galaxy,0.9620516300201416,0,galaxy,0.9375329613685608,0,galaxy,0.9697908163070679,0,galaxy,0.6204854846000671
614,0,galaxy,0,galaxy,True,0,galaxy,True,True,0,galaxy,0.9781516194343567,0,galaxy,0.9175872206687927,0,galaxy,0.9870376586914062,0,galaxy,0.9697220921516418,0,galaxy,0.9760432839393616,0,galaxy,0.7431290149688721
615,0,galaxy,0,galaxy,True,0,galaxy,True,True,0,galaxy,0.9947640895843506,0,galaxy,0.9938137531280518,2,star,0.5592589378356934,0,galaxy,0.8617056608200073,0,galaxy,0.954005777835846,0,galaxy,0.44770994782447815
616,0,galaxy,0,galaxy,True,0,galaxy,True,True,0,galaxy,0.9998972415924072,0,galaxy,0.9967073202133179,0,galaxy,0.9879649877548218,0,galaxy,0.9652295112609863,0,galaxy,0.9787263870239258,0,galaxy,0.8851991891860962
617,0,galaxy,0,galaxy,True,0,galaxy,True,True,0,galaxy,0.9948646426200867,0,galaxy,0.9963725805282593,0,galaxy,0.9443603754043579,0,galaxy,0.9322720170021057,0,galaxy,0.9628982543945312,0,galaxy,0.5371896624565125
618,0,galaxy,0,galaxy,True,0,galaxy,True,True,0,galaxy,0.8735451698303223,0,galaxy,0.9906678795814514,0,galaxy,0.9633216857910156,0,galaxy,0.9196427464485168,0,galaxy,0.9677997827529907,0,galaxy,0.7391701936721802
619,0,galaxy,0,galaxy,True,0,galaxy,True,True,0,galaxy,0.9998723268508911,0,galaxy,0.9997403025627136,0,galaxy,0.9830906391143799,0,galaxy,0.9562503695487976,0,galaxy,0.9912599921226501,0,galaxy,0.9146735072135925
620,0,galaxy,0,galaxy,True,0,galaxy,True,True,0,galaxy,0.9996354579925537,0,galaxy,0.993319034576416,0,galaxy,0.9643273949623108,0,galaxy,0.9597762823104858,0,galaxy,0.9799990057945251,0,galaxy,0.4422493577003479
621,0,galaxy,0,galaxy,True,0,galaxy,True,True,0,galaxy,0.9928387999534607,0,galaxy,0.9999258518218994,0,galaxy,0.9739441275596619,0,galaxy,0.9677125215530396,0,galaxy,0.9582720398902893,0,galaxy,0.7686893343925476
622,0,galaxy,0,galaxy,True,0,galaxy,True,True,0,galaxy,0.9970780611038208,0,galaxy,0.9999418258666992,0,galaxy,0.9571002721786499,0,galaxy,0.9116765856742859,0,galaxy,0.9303111433982849,2,star,0.5157551765441895
623,0,galaxy,0,galaxy,True,0,galaxy,True,True,0,galaxy,0.9873723387718201,0,galaxy,0.965140700340271,0,galaxy,0.9586517214775085,0,galaxy,0.90806645154953,0,galaxy,0.9289246797561646,0,galaxy,0.45937639474868774
624,0,galaxy,0,galaxy,True,0,galaxy,True,True,0,galaxy,0.9990890026092529,0,galaxy,0.9939923882484436,0,galaxy,0.9846364259719849,0,galaxy,0.9789380431175232,0,galaxy,0.9868126511573792,0,galaxy,0.7898624539375305
625,0,galaxy,0,galaxy,True,0,galaxy,True,True,0,galaxy,0.998353123664856,0,galaxy,0.9985896944999695,0,galaxy,0.9875696301460266,0,galaxy,0.9760497808456421,0,galaxy,0.981879711151123,0,galaxy,0.8114519119262695
626,0,galaxy,0,galaxy,True,0,galaxy,True,True,0,galaxy,0.9993857145309448,0,galaxy,0.989794135093689,0,galaxy,0.9315499067306519,0,galaxy,0.8285444378852844,0,galaxy,0.856927216053009,0,galaxy,0.4224236011505127
627,0,galaxy,0,galaxy,True,0,galaxy,True,True,0,galaxy,0.9994290471076965,0,galaxy,0.9988555908203125,0,galaxy,0.8772691488265991,0,galaxy,0.9493396282196045,0,galaxy,0.7439262866973877,2,star,0.8115474581718445
628,0,galaxy,0,galaxy,True,0,galaxy,True,True,0,galaxy,0.9818058609962463,0,galaxy,0.9951794147491455,0,galaxy,0.9700446128845215,0,galaxy,0.9262813925743103,0,galaxy,0.9672417044639587,2,star,0.48340070247650146
629,0,galaxy,0,galaxy,True,0,galaxy,True,True,0,galaxy,0.8139250874519348,0,galaxy,0.9679734706878662,0,galaxy,0.939620316028595,0,galaxy,0.8738107681274414,0,galaxy,0.6730954051017761,0,galaxy,0.7049717903137207
630,0,galaxy,0,galaxy,True,0,galaxy,True,True,0,galaxy,0.9992069602012634,0,galaxy,0.992024302482605,0,galaxy,0.9445252418518066,0,galaxy,0.9158123135566711,0,galaxy,0.9228670001029968,2,star,0.5490279793739319
631,0,galaxy,0,galaxy,True,0,galaxy,True,True,0,galaxy,0.9983483552932739,0,galaxy,0.9919965863227844,0,galaxy,0.9802409410476685,0,galaxy,0.9735156297683716,0,galaxy,0.9046777486801147,0,galaxy,0.5808513164520264
632,0,galaxy,0,galaxy,True,0,galaxy,True,True,0,galaxy,0.997187077999115,0,galaxy,0.9716610312461853,0,galaxy,0.4826291501522064,0,galaxy,0.8601645827293396,0,galaxy,0.9385865330696106,0,galaxy,0.7201196551322937
633,0,galaxy,0,galaxy,True,0,galaxy,True,True,0,galaxy,0.9968883395195007,0,galaxy,0.9959385395050049,0,galaxy,0.970493495464325,0,galaxy,0.974297046661377,0,galaxy,0.9875055551528931,0,galaxy,0.6477484107017517
634,0,galaxy,0,galaxy,True,0,galaxy,True,True,0,galaxy,0.9998070597648621,0,galaxy,0.9954878687858582,0,galaxy,0.986372172832489,0,galaxy,0.9728979468345642,0,galaxy,0.969642698764801,0,galaxy,0.9169768691062927
635,0,galaxy,0,galaxy,True,0,galaxy,True,True,0,galaxy,0.9996662139892578,0,galaxy,0.976021945476532,0,galaxy,0.6350434422492981,0,galaxy,0.950736403465271,1,quasar,0.6103438138961792,0,galaxy,0.42082130908966064
636,0,galaxy,0,galaxy,True,0,galaxy,True,True,0,galaxy,0.9999182224273682,0,galaxy,0.9992184638977051,0,galaxy,0.9890426993370056,0,galaxy,0.9746058583259583,0,galaxy,0.9856123924255371,0,galaxy,0.7415059804916382
637,0,galaxy,0,galaxy,True,0,galaxy,True,True,0,galaxy,0.9990153312683105,0,galaxy,0.98265540599823,0,galaxy,0.9527789354324341,0,galaxy,0.928400993347168,0,galaxy,0.9505681395530701,2,star,0.5300998687744141
638,0,galaxy,0,galaxy,True,0,galaxy,True,True,0,galaxy,0.999360978603363,0,galaxy,0.9958167672157288,0,galaxy,0.9642448425292969,0,galaxy,0.9368122816085815,0,galaxy,0.8894670009613037,0,galaxy,0.5608612895011902
639,0,galaxy,0,galaxy,True,0,galaxy,True,True,0,galaxy,0.9997920393943787,0,galaxy,0.9935186505317688,0,galaxy,0.974182665348053,0,galaxy,0.9420664310455322,0,galaxy,0.9687297940254211,0,galaxy,0.48543253540992737
640,0,galaxy,0,galaxy,True,0,galaxy,True,True,0,galaxy,0.9991443157196045,0,galaxy,0.9986559152603149,0,galaxy,0.9860140085220337,0,galaxy,0.9639626145362854,0,galaxy,0.9823744893074036,0,galaxy,0.5268945693969727
641,0,galaxy,0,galaxy,True,0,galaxy,True,True,0,galaxy,0.9927634596824646,0,galaxy,0.9988987445831299,0,galaxy,0.987695574760437,0,galaxy,0.9775798916816711,0,galaxy,0.9857534170150757,0,galaxy,0.8286575675010681
642,0,galaxy,0,galaxy,True,0,galaxy,True,True,0,galaxy,0.9996638298034668,0,galaxy,0.9983620047569275,0,galaxy,0.988628089427948,0,galaxy,0.9788647890090942,0,galaxy,0.9878239631652832,0,galaxy,0.7880573272705078
643,0,galaxy,0,galaxy,True,0,galaxy,True,True,0,galaxy,0.9994468092918396,0,galaxy,0.9914280772209167,0,galaxy,0.9872797727584839,0,galaxy,0.9661276340484619,0,galaxy,0.9877089262008667,0,galaxy,0.6518318057060242
644,0,galaxy,0,galaxy,True,0,galaxy,True,True,0,galaxy,0.9819386005401611,0,galaxy,0.994010865688324,0,galaxy,0.9702596664428711,0,galaxy,0.9181072115898132,0,galaxy,0.9350080490112305,0,galaxy,0.6390817761421204
645,0,galaxy,0,galaxy,True,0,galaxy,True,True,0,galaxy,0.9993695616722107,0,galaxy,0.9989149570465088,0,galaxy,0.9843459725379944,0,galaxy,0.971733033657074,0,galaxy,0.9881722331047058,0,galaxy,0.8580606579780579
646,0,galaxy,0,galaxy,True,0,galaxy,True,True,0,galaxy,0.9995331764221191,0,galaxy,0.9971387386322021,0,galaxy,0.9607709050178528,0,galaxy,0.9126296639442444,0,galaxy,0.9820964336395264,0,galaxy,0.6131597757339478
647,0,galaxy,0,galaxy,True,0,galaxy,True,True,0,galaxy,0.9993991851806641,0,galaxy,0.9958856701850891,0,galaxy,0.9705011248588562,0,galaxy,0.9400107264518738,0,galaxy,0.9764569401741028,0,galaxy,0.5873914957046509
648,0,galaxy,0,galaxy,True,0,galaxy,True,True,0,galaxy,0.9982603192329407,0,galaxy,0.9997231364250183,0,galaxy,0.9866020083427429,0,galaxy,0.9594455361366272,0,galaxy,0.9837837815284729,0,galaxy,0.6490368247032166
649,0,galaxy,0,galaxy,True,0,galaxy,True,True,0,galaxy,0.9983751773834229,0,galaxy,0.9904839992523193,0,galaxy,0.9881511926651001,0,galaxy,0.9598655700683594,0,galaxy,0.9687485694885254,0,galaxy,0.6068752408027649
650,0,galaxy,0,galaxy,True,0,galaxy,True,True,0,galaxy,0.9975873231887817,0,galaxy,0.8275084495544434,0,galaxy,0.9695574045181274,0,galaxy,0.9705679416656494,0,galaxy,0.9913219809532166,0,galaxy,0.930438756942749
651,0,galaxy,0,galaxy,True,0,galaxy,True,True,0,galaxy,0.9860528707504272,0,galaxy,0.9974563717842102,0,galaxy,0.9795897603034973,0,galaxy,0.9779554009437561,0,galaxy,0.983720064163208,0,galaxy,0.7668527364730835
652,0,galaxy,0,galaxy,True,0,galaxy,True,True,0,galaxy,0.9915453791618347,0,galaxy,0.991967499256134,0,galaxy,0.9703426957130432,0,galaxy,0.9325385689735413,0,galaxy,0.985500156879425,0,galaxy,0.7026744484901428
653,0,galaxy,0,galaxy,True,0,galaxy,True,True,0,galaxy,0.9991563558578491,0,galaxy,0.9952179789543152,0,galaxy,0.9795854091644287,0,galaxy,0.9584401845932007,0,galaxy,0.9837918281555176,0,galaxy,0.7571783661842346
654,0,galaxy,0,galaxy,True,0,galaxy,True,True,0,galaxy,0.9999324083328247,0,galaxy,0.999824583530426,0,galaxy,0.9895159006118774,0,galaxy,0.9700928330421448,0,galaxy,0.9925933480262756,0,galaxy,0.9700638651847839
655,0,galaxy,0,galaxy,True,0,galaxy,True,True,0,galaxy,0.9999397993087769,0,galaxy,0.9978838562965393,0,galaxy,0.9769747257232666,0,galaxy,0.9684908986091614,0,galaxy,0.9917359948158264,0,galaxy,0.8881903886795044
656,0,galaxy,0,galaxy,True,0,galaxy,True,True,0,galaxy,0.9997618794441223,0,galaxy,0.999541163444519,0,galaxy,0.9891952276229858,0,galaxy,0.9784507751464844,0,galaxy,0.9840890169143677,0,galaxy,0.8268160820007324
657,0,galaxy,0,galaxy,True,0,galaxy,True,True,0,galaxy,0.9974119067192078,0,galaxy,0.9987897276878357,0,galaxy,0.962395191192627,0,galaxy,0.9748783707618713,0,galaxy,0.9733210206031799,0,galaxy,0.9527130722999573
658,0,galaxy,0,galaxy,True,0,galaxy,True,True,0,galaxy,0.8094969391822815,0,galaxy,0.9837695360183716,0,galaxy,0.47028425335884094,0,galaxy,0.7546375393867493,2,star,0.8288465142250061,0,galaxy,0.5247923135757446
659,0,galaxy,0,galaxy,True,0,galaxy,True,True,0,galaxy,0.996203601360321,0,galaxy,0.9981533885002136,0,galaxy,0.8620610237121582,0,galaxy,0.952155590057373,0,galaxy,0.9881868958473206,0,galaxy,0.7497104406356812
660,0,galaxy,0,galaxy,True,0,galaxy,True,True,0,galaxy,0.9997013211250305,0,galaxy,0.999144434928894,0,galaxy,0.9887939095497131,0,galaxy,0.9758627414703369,0,galaxy,0.9868137836456299,0,galaxy,0.9245688915252686
661,0,galaxy,0,galaxy,True,0,galaxy,True,True,0,galaxy,0.9932036399841309,0,galaxy,0.9923608899116516,0,galaxy,0.9708958268165588,0,galaxy,0.8917735815048218,0,galaxy,0.9693575501441956,2,star,0.5959852933883667
662,0,galaxy,0,galaxy,True,0,galaxy,True,True,0,galaxy,0.9980964064598083,0,galaxy,0.9842703938484192,0,galaxy,0.9849163293838501,0,galaxy,0.9759441614151001,0,galaxy,0.9532100558280945,0,galaxy,0.5395730137825012
663,0,galaxy,0,galaxy,True,0,galaxy,True,True,0,galaxy,0.9965739250183105,0,galaxy,0.9937407374382019,0,galaxy,0.9866407513618469,0,galaxy,0.9671258926391602,0,galaxy,0.9853774905204773,0,galaxy,0.9646447896957397
664,0,galaxy,0,galaxy,True,0,galaxy,True,True,0,galaxy,0.9757432341575623,0,galaxy,0.9885665774345398,0,galaxy,0.9574524760246277,0,galaxy,0.9006916880607605,0,galaxy,0.9768324494361877,0,galaxy,0.7362974286079407
665,0,galaxy,0,galaxy,True,0,galaxy,True,True,0,galaxy,0.9998751878738403,0,galaxy,0.9954562187194824,0,galaxy,0.9870272278785706,0,galaxy,0.9772606492042542,0,galaxy,0.9571569561958313,0,galaxy,0.6824856996536255
666,0,galaxy,0,galaxy,True,0,galaxy,True,True,0,galaxy,0.9848825335502625,0,galaxy,0.9852378964424133,0,galaxy,0.9172309637069702,0,galaxy,0.9674314856529236,0,galaxy,0.760842502117157,0,galaxy,0.5580528378486633
667,0,galaxy,0,galaxy,True,0,galaxy,True,True,0,galaxy,0.998530387878418,0,galaxy,0.9867541193962097,0,galaxy,0.9680010676383972,0,galaxy,0.8369790315628052,0,galaxy,0.9435427188873291,0,galaxy,0.45528921484947205
668,0,galaxy,0,galaxy,True,0,galaxy,True,True,0,galaxy,0.9949866533279419,0,galaxy,0.9915973544120789,0,galaxy,0.9697988629341125,0,galaxy,0.9481611251831055,0,galaxy,0.9785338640213013,2,star,0.48192349076271057
669,0,galaxy,0,galaxy,True,0,galaxy,True,True,0,galaxy,0.9996980428695679,0,galaxy,0.9911226034164429,0,galaxy,0.9761343598365784,0,galaxy,0.9516602158546448,0,galaxy,0.963126540184021,0,galaxy,0.5637301206588745
670,0,galaxy,0,galaxy,True,0,galaxy,True,True,0,galaxy,0.9915329813957214,0,galaxy,0.9918631315231323,0,galaxy,0.9429667592048645,0,galaxy,0.8415166139602661,0,galaxy,0.8542942404747009,0,galaxy,0.6273650527000427
671,0,galaxy,0,galaxy,True,0,galaxy,True,True,0,galaxy,0.9287193417549133,0,galaxy,0.9573370218276978,0,galaxy,0.9567288160324097,0,galaxy,0.6442806124687195,0,galaxy,0.9081205129623413,2,star,0.5496848225593567
672,0,galaxy,0,galaxy,True,0,galaxy,True,True,0,galaxy,0.9973983764648438,0,galaxy,0.9965335130691528,0,galaxy,0.9812319874763489,0,galaxy,0.9455274343490601,0,galaxy,0.9695960879325867,0,galaxy,0.6161934733390808
673,0,galaxy,0,galaxy,True,0,galaxy,True,True,0,galaxy,0.937918484210968,0,galaxy,0.8972902894020081,0,galaxy,0.9342082142829895,0,galaxy,0.706135094165802,0,galaxy,0.5062313079833984,2,star,0.5490577220916748
674,0,galaxy,0,galaxy,True,0,galaxy,True,True,0,galaxy,0.9990702271461487,0,galaxy,0.9742109179496765,0,galaxy,0.945685088634491,0,galaxy,0.7807599306106567,0,galaxy,0.974714994430542,2,star,0.7296706438064575
675,0,galaxy,0,galaxy,True,0,galaxy,True,True,0,galaxy,0.8209925293922424,0,galaxy,0.9322822690010071,0,galaxy,0.7595723867416382,0,galaxy,0.4625372588634491,0,galaxy,0.6094990968704224,2,star,0.46528300642967224
676,0,galaxy,0,galaxy,True,0,galaxy,True,True,0,galaxy,0.958713173866272,0,galaxy,0.8297078609466553,0,galaxy,0.9677252173423767,0,galaxy,0.9264122247695923,0,galaxy,0.9219198822975159,2,star,0.9883499145507812
677,0,galaxy,0,galaxy,True,0,galaxy,True,True,0,galaxy,0.9953613877296448,0,galaxy,0.9946869611740112,0,galaxy,0.8563733100891113,0,galaxy,0.538683295249939,0,galaxy,0.5690575838088989,0,galaxy,0.5178722739219666
678,0,galaxy,0,galaxy,True,0,galaxy,True,True,0,galaxy,0.8470885753631592,0,galaxy,0.9651771187782288,0,galaxy,0.9559066891670227,0,galaxy,0.6453927159309387,0,galaxy,0.5784896016120911,0,galaxy,0.8773003220558167
679,0,galaxy,0,galaxy,True,0,galaxy,True,True,0,galaxy,0.9790762662887573,0,galaxy,0.9286296367645264,0,galaxy,0.9535424709320068,0,galaxy,0.7524181008338928,0,galaxy,0.412750780582428,2,star,0.5991314649581909
680,0,galaxy,0,galaxy,True,0,galaxy,True,True,0,galaxy,0.9545068740844727,0,galaxy,0.4870234727859497,1,quasar,0.42301663756370544,0,galaxy,0.48313525319099426,1,quasar,0.5942122340202332,0,galaxy,0.4631398618221283
681,0,galaxy,0,galaxy,True,0,galaxy,True,True,0,galaxy,0.9937242865562439,0,galaxy,0.951597273349762,0,galaxy,0.9555594325065613,0,galaxy,0.7297548055648804,0,galaxy,0.9506381750106812,0,galaxy,0.4928073585033417
682,0,galaxy,0,galaxy,True,0,galaxy,True,True,0,galaxy,0.9943200349807739,0,galaxy,0.9946807026863098,0,galaxy,0.9689119458198547,0,galaxy,0.9665788412094116,0,galaxy,0.980810821056366,0,galaxy,0.6885181665420532
683,0,galaxy,0,galaxy,True,0,galaxy,True,True,0,galaxy,0.9950203895568848,0,galaxy,0.9711633324623108,0,galaxy,0.9710774421691895,0,galaxy,0.856230616569519,0,galaxy,0.891605019569397,2,star,0.6271693706512451
684,0,galaxy,0,galaxy,True,0,galaxy,True,True,0,galaxy,0.9844919443130493,0,galaxy,0.9981661438941956,0,galaxy,0.9769569039344788,0,galaxy,0.9443855881690979,0,galaxy,0.9446479678153992,0,galaxy,0.9301205277442932
685,0,galaxy,0,galaxy,True,0,galaxy,True,True,0,galaxy,0.9968919157981873,2,star,0.4519665837287903,0,galaxy,0.9216487407684326,0,galaxy,0.8022355437278748,0,galaxy,0.56389319896698,2,star,0.5777027606964111
686,0,galaxy,0,galaxy,True,0,galaxy,True,True,0,galaxy,0.9066780805587769,0,galaxy,0.9979439377784729,0,galaxy,0.9827628135681152,0,galaxy,0.9242444634437561,0,galaxy,0.9412685632705688,0,galaxy,0.5534802675247192
687,0,galaxy,0,galaxy,True,0,galaxy,True,True,0,galaxy,0.9991826415061951,0,galaxy,0.9822836518287659,0,galaxy,0.983323872089386,0,galaxy,0.9677295684814453,0,galaxy,0.9855808615684509,0,galaxy,0.9559828639030457
688,0,galaxy,0,galaxy,True,0,galaxy,True,True,0,galaxy,0.9841451048851013,0,galaxy,0.9925974607467651,0,galaxy,0.9634923934936523,0,galaxy,0.8973844647407532,0,galaxy,0.9605339169502258,0,galaxy,0.8380787968635559
689,0,galaxy,0,galaxy,True,0,galaxy,True,True,0,galaxy,0.9993811845779419,0,galaxy,0.9945419430732727,0,galaxy,0.9464811086654663,0,galaxy,0.9613984227180481,0,galaxy,0.671302080154419,0,galaxy,0.6815571188926697
690,0,galaxy,0,galaxy,True,0,galaxy,True,True,0,galaxy,0.9997199177742004,0,galaxy,0.9988130331039429,0,galaxy,0.9864126443862915,0,galaxy,0.959013819694519,0,galaxy,0.9605292081832886,0,galaxy,0.5465056300163269
691,0,galaxy,0,galaxy,True,0,galaxy,True,True,0,galaxy,0.9889848232269287,0,galaxy,0.999923586845398,0,galaxy,0.9921178221702576,0,galaxy,0.969578742980957,0,galaxy,0.9886618852615356,0,galaxy,0.7453379034996033
692,0,galaxy,0,galaxy,True,0,galaxy,True,True,0,galaxy,0.9998134970664978,0,galaxy,0.9986555576324463,0,galaxy,0.9910793900489807,0,galaxy,0.9746224880218506,0,galaxy,0.9752085208892822,0,galaxy,0.8658850789070129
693,0,galaxy,0,galaxy,True,0,galaxy,True,True,0,galaxy,0.9943799376487732,0,galaxy,0.999403715133667,0,galaxy,0.9613097310066223,0,galaxy,0.8017887473106384,0,galaxy,0.9425879120826721,0,galaxy,0.6079522371292114
694,0,galaxy,0,galaxy,True,0,galaxy,True,True,0,galaxy,0.9943665862083435,0,galaxy,0.9997637867927551,0,galaxy,0.9794857501983643,0,galaxy,0.9663258194923401,0,galaxy,0.968289852142334,0,galaxy,0.9722610712051392
695,0,galaxy,0,galaxy,True,0,galaxy,True,True,0,galaxy,0.9649129509925842,0,galaxy,0.996507465839386,0,galaxy,0.9073973298072815,0,galaxy,0.571227490901947,0,galaxy,0.945376455783844,0,galaxy,0.5546225905418396
696,0,galaxy,0,galaxy,True,0,galaxy,True,True,0,galaxy,0.9967658519744873,0,galaxy,0.9829760193824768,0,galaxy,0.8299882411956787,0,galaxy,0.7944260835647583,0,galaxy,0.8169996738433838,0,galaxy,0.3707845211029053
697,0,galaxy,0,galaxy,True,0,galaxy,True,True,0,galaxy,0.9987157583236694,0,galaxy,0.9998483657836914,0,galaxy,0.9877211451530457,0,galaxy,0.9550403356552124,0,galaxy,0.977543294429779,0,galaxy,0.5198924541473389
698,0,galaxy,0,galaxy,True,0,galaxy,True,True,0,galaxy,0.9993498921394348,0,galaxy,0.9971287846565247,0,galaxy,0.945573091506958,0,galaxy,0.9226111769676208,0,galaxy,0.9408515691757202,0,galaxy,0.8726779222488403
699,0,galaxy,0,galaxy,True,0,galaxy,True,True,0,galaxy,0.6690622568130493,0,galaxy,0.981149435043335,0,galaxy,0.9620800614356995,0,galaxy,0.6844995021820068,0,galaxy,0.9381009936332703,0,galaxy,0.8491421937942505
700,0,galaxy,0,galaxy,True,0,galaxy,True,True,0,galaxy,0.9779455065727234,0,galaxy,0.5526166558265686,0,galaxy,0.46414685249328613,0,galaxy,0.5013787150382996,1,quasar,0.5398061275482178,0,galaxy,0.4853810667991638
701,0,galaxy,0,galaxy,True,0,galaxy,True,True,0,galaxy,0.9979808926582336,0,galaxy,0.9606339335441589,0,galaxy,0.9360782504081726,0,galaxy,0.8128125667572021,0,galaxy,0.9342657923698425,2,star,0.4835245907306671
702,0,galaxy,0,galaxy,True,0,galaxy,True,True,0,galaxy,0.8959236741065979,0,galaxy,0.9715572595596313,0,galaxy,0.9347425699234009,0,galaxy,0.9143984317779541,0,galaxy,0.9616255760192871,1,quasar,0.5279271602630615
703,0,galaxy,0,galaxy,True,0,galaxy,True,True,0,galaxy,0.9983230233192444,0,galaxy,0.9922705888748169,0,galaxy,0.8764256238937378,0,galaxy,0.7499003410339355,0,galaxy,0.9579817056655884,0,galaxy,0.6361021399497986
704,0,galaxy,0,galaxy,True,0,galaxy,True,True,0,galaxy,0.9010598659515381,0,galaxy,0.9790023565292358,0,galaxy,0.9615544676780701,0,galaxy,0.9440719485282898,0,galaxy,0.9561917185783386,0,galaxy,0.9985108971595764
705,0,galaxy,0,galaxy,True,0,galaxy,True,True,1,quasar,0.6206239461898804,0,galaxy,0.985456645488739,0,galaxy,0.9400885105133057,0,galaxy,0.9086450934410095,0,galaxy,0.971271276473999,1,quasar,0.5524466037750244
706,0,galaxy,0,galaxy,True,0,galaxy,True,True,0,galaxy,0.9655666947364807,0,galaxy,0.994312047958374,0,galaxy,0.9625532031059265,0,galaxy,0.8762288093566895,0,galaxy,0.9150103330612183,0,galaxy,0.5918763875961304
707,0,galaxy,0,galaxy,True,0,galaxy,True,True,0,galaxy,0.9148445129394531,0,galaxy,0.9840375185012817,0,galaxy,0.9587942361831665,0,galaxy,0.7789682149887085,0,galaxy,0.9325345754623413,1,quasar,0.6632522940635681
708,0,galaxy,0,galaxy,True,0,galaxy,True,True,0,galaxy,0.9971323013305664,0,galaxy,0.9980294108390808,0,galaxy,0.974982500076294,0,galaxy,0.9686934351921082,0,galaxy,0.9916810393333435,0,galaxy,0.8883586525917053
709,0,galaxy,0,galaxy,True,0,galaxy,True,True,0,galaxy,0.998816967010498,0,galaxy,0.9947348833084106,0,galaxy,0.9869043231010437,0,galaxy,0.9614207744598389,0,galaxy,0.9778489470481873,0,galaxy,0.8460777401924133
710,0,galaxy,0,galaxy,True,0,galaxy,True,True,0,galaxy,0.7901977896690369,0,galaxy,0.9677721261978149,0,galaxy,0.6338279843330383,0,galaxy,0.7917253375053406,0,galaxy,0.9443630576133728,0,galaxy,0.6287203431129456
711,0,galaxy,0,galaxy,True,0,galaxy,True,True,0,galaxy,0.9856296181678772,0,galaxy,0.9821591973304749,2,star,0.4694410264492035,0,galaxy,0.8637232184410095,2,star,0.6290233135223389,2,star,0.6152451634407043
712,0,galaxy,0,galaxy,True,0,galaxy,True,True,0,galaxy,0.9975735545158386,0,galaxy,0.9971990585327148,0,galaxy,0.9647408723831177,0,galaxy,0.928860604763031,0,galaxy,0.9364153146743774,0,galaxy,0.5571288466453552
713,0,galaxy,0,galaxy,True,0,galaxy,True,True,0,galaxy,0.9993605017662048,0,galaxy,0.9937664270401001,0,galaxy,0.9853544235229492,0,galaxy,0.9680629372596741,0,galaxy,0.9843596816062927,0,galaxy,0.5454650521278381
714,0,galaxy,0,galaxy,True,0,galaxy,True,True,0,galaxy,0.9982823133468628,0,galaxy,0.9934875965118408,0,galaxy,0.8625505566596985,0,galaxy,0.8165459036827087,0,galaxy,0.7265660762786865,0,galaxy,0.7633416652679443
715,0,galaxy,0,galaxy,True,0,galaxy,True,True,0,galaxy,0.9993784427642822,0,galaxy,0.990796685218811,0,galaxy,0.9326933026313782,0,galaxy,0.8545220494270325,0,galaxy,0.9024317860603333,0,galaxy,0.5212975144386292
716,0,galaxy,0,galaxy,True,0,galaxy,True,True,0,galaxy,0.9933770298957825,0,galaxy,0.9976420402526855,0,galaxy,0.958061158657074,0,galaxy,0.8887109756469727,0,galaxy,0.9741854667663574,1,quasar,0.4259461760520935
717,0,galaxy,0,galaxy,True,0,galaxy,True,True,0,galaxy,0.9844410419464111,0,galaxy,0.9965274930000305,0,galaxy,0.9260740876197815,0,galaxy,0.8573578000068665,0,galaxy,0.982430636882782,2,star,0.4195423424243927
718,0,galaxy,0,galaxy,True,0,galaxy,True,True,0,galaxy,0.99857497215271,0,galaxy,0.9828839898109436,0,galaxy,0.9636582136154175,0,galaxy,0.8036736249923706,0,galaxy,0.9616244435310364,2,star,0.5078775882720947
719,0,galaxy,0,galaxy,True,0,galaxy,True,True,0,galaxy,0.9941850304603577,0,galaxy,0.9614003896713257,0,galaxy,0.871140718460083,0,galaxy,0.9230247735977173,0,galaxy,0.9103976488113403,0,galaxy,0.61021888256073
720,0,galaxy,0,galaxy,True,0,galaxy,True,True,0,galaxy,0.9987114667892456,0,galaxy,0.9980714917182922,0,galaxy,0.9402127265930176,0,galaxy,0.7970517873764038,0,galaxy,0.9702749252319336,0,galaxy,0.5504483580589294
721,0,galaxy,0,galaxy,True,0,galaxy,True,True,0,galaxy,0.9684051275253296,0,galaxy,0.9993109703063965,0,galaxy,0.9574500918388367,0,galaxy,0.925298273563385,0,galaxy,0.9478808641433716,0,galaxy,0.40420663356781006
722,0,galaxy,0,galaxy,True,0,galaxy,True,True,0,galaxy,0.983767032623291,0,galaxy,0.980133056640625,0,galaxy,0.9786295294761658,0,galaxy,0.9365839958190918,0,galaxy,0.9787397384643555,0,galaxy,0.7275758385658264
723,0,galaxy,0,galaxy,True,0,galaxy,True,True,0,galaxy,0.9990641474723816,0,galaxy,0.9985705614089966,0,galaxy,0.987862229347229,0,galaxy,0.9599002003669739,0,galaxy,0.9782998561859131,0,galaxy,0.6288183331489563
724,0,galaxy,0,galaxy,True,0,galaxy,True,True,0,galaxy,0.9873458743095398,0,galaxy,0.9971107244491577,0,galaxy,0.9228033423423767,0,galaxy,0.9467865228652954,0,galaxy,0.9591500163078308,0,galaxy,0.657713770866394
725,0,galaxy,0,galaxy,True,0,galaxy,True,True,0,galaxy,0.9932746887207031,0,galaxy,0.9865054488182068,0,galaxy,0.9703114032745361,0,galaxy,0.9434463381767273,0,galaxy,0.9480343461036682,0,galaxy,0.7004122734069824
726,0,galaxy,0,galaxy,True,0,galaxy,True,True,0,galaxy,0.7558543086051941,0,galaxy,0.9484778046607971,0,galaxy,0.9879612326622009,0,galaxy,0.9340701103210449,0,galaxy,0.9874417781829834,0,galaxy,0.9397286176681519
727,0,galaxy,0,galaxy,True,0,galaxy,True,True,0,galaxy,0.9999723434448242,0,galaxy,0.9979643821716309,0,galaxy,0.9844143390655518,0,galaxy,0.9765412211418152,0,galaxy,0.98244708776474,0,galaxy,0.6039251089096069
728,0,galaxy,0,galaxy,True,0,galaxy,True,True,0,galaxy,0.9969059824943542,0,galaxy,0.9977666139602661,0,galaxy,0.9642248749732971,0,galaxy,0.9124450087547302,0,galaxy,0.9466882944107056,2,star,0.48852458596229553
729,0,galaxy,0,galaxy,True,0,galaxy,True,True,0,galaxy,0.9988586902618408,0,galaxy,0.9979494214057922,0,galaxy,0.9852489829063416,0,galaxy,0.9650065302848816,0,galaxy,0.973115861415863,0,galaxy,0.586999773979187
730,0,galaxy,0,galaxy,True,0,galaxy,True,True,0,galaxy,0.9779143333435059,0,galaxy,0.9942222237586975,0,galaxy,0.9325729012489319,0,galaxy,0.8951062560081482,0,galaxy,0.7533451318740845,0,galaxy,0.7246460914611816
731,0,galaxy,0,galaxy,True,0,galaxy,True,True,0,galaxy,0.9990130662918091,0,galaxy,0.9998788833618164,0,galaxy,0.9698656797409058,0,galaxy,0.9021462798118591,0,galaxy,0.9597458839416504,0,galaxy,0.8955490589141846
732,0,galaxy,0,galaxy,True,0,galaxy,True,True,0,galaxy,0.9992244243621826,0,galaxy,0.9986070990562439,0,galaxy,0.9880189299583435,0,galaxy,0.9775199294090271,0,galaxy,0.9708705544471741,0,galaxy,0.7406677007675171
733,0,galaxy,0,galaxy,True,0,galaxy,True,True,0,galaxy,0.9993208646774292,0,galaxy,0.99724280834198,0,galaxy,0.975100576877594,0,galaxy,0.9665033221244812,0,galaxy,0.9388701915740967,0,galaxy,0.7271614074707031
734,0,galaxy,0,galaxy,True,0,galaxy,True,True,0,galaxy,0.9942604303359985,0,galaxy,0.9978926777839661,0,galaxy,0.9769733548164368,0,galaxy,0.977560818195343,0,galaxy,0.8928980827331543,0,galaxy,0.7941599488258362
735,0,galaxy,0,galaxy,True,0,galaxy,True,True,0,galaxy,0.9975376129150391,0,galaxy,0.9972274899482727,0,galaxy,0.9411771893501282,0,galaxy,0.7631518840789795,0,galaxy,0.6681018471717834,1,quasar,0.5032410621643066
736,0,galaxy,0,galaxy,True,0,galaxy,True,True,0,galaxy,0.9979604482650757,0,galaxy,0.9981037378311157,0,galaxy,0.9853007197380066,0,galaxy,0.9737457036972046,0,galaxy,0.9845481514930725,0,galaxy,0.5629532337188721
737,0,galaxy,0,galaxy,True,0,galaxy,True,True,0,galaxy,0.9891068339347839,0,galaxy,0.9965881109237671,0,galaxy,0.9001355767250061,0,galaxy,0.9443539381027222,0,galaxy,0.9190806150436401,0,galaxy,0.8354154825210571
738,0,galaxy,0,galaxy,True,0,galaxy,True,True,0,galaxy,0.9982707500457764,0,galaxy,0.9880834221839905,0,galaxy,0.965989887714386,0,galaxy,0.9165423512458801,0,galaxy,0.9531441330909729,0,galaxy,0.3648067116737366
739,0,galaxy,0,galaxy,True,0,galaxy,True,True,0,galaxy,0.9998910427093506,0,galaxy,0.9817354083061218,0,galaxy,0.9846991896629333,0,galaxy,0.9322327971458435,0,galaxy,0.9851942658424377,0,galaxy,0.6168078780174255
740,0,galaxy,0,galaxy,True,0,galaxy,True,True,0,galaxy,0.9955011010169983,0,galaxy,0.9963862895965576,0,galaxy,0.8959035873413086,0,galaxy,0.9069594740867615,0,galaxy,0.9451626539230347,0,galaxy,0.630038857460022
741,0,galaxy,0,galaxy,True,0,galaxy,True,True,0,galaxy,0.9984765648841858,0,galaxy,0.977717399597168,0,galaxy,0.894387423992157,0,galaxy,0.9187557101249695,0,galaxy,0.9103773832321167,0,galaxy,0.4301762878894806
742,0,galaxy,0,galaxy,True,0,galaxy,True,True,0,galaxy,0.9982781410217285,0,galaxy,0.9945796728134155,0,galaxy,0.8353650569915771,0,galaxy,0.8486486673355103,0,galaxy,0.9631118774414062,0,galaxy,0.5196133852005005
743,0,galaxy,0,galaxy,True,0,galaxy,True,True,0,galaxy,0.9982824325561523,0,galaxy,0.9979138970375061,0,galaxy,0.9824998378753662,0,galaxy,0.8751708269119263,0,galaxy,0.9825823307037354,0,galaxy,0.562518835067749
744,0,galaxy,0,galaxy,True,0,galaxy,True,True,0,galaxy,0.9981914162635803,0,galaxy,0.9997602105140686,0,galaxy,0.9866070747375488,0,galaxy,0.8844932317733765,0,galaxy,0.9746476411819458,0,galaxy,0.6524920463562012
745,0,galaxy,0,galaxy,True,0,galaxy,True,True,0,galaxy,0.9977310299873352,0,galaxy,0.9980289340019226,0,galaxy,0.9781774282455444,0,galaxy,0.9730273485183716,0,galaxy,0.987801730632782,0,galaxy,0.6287177205085754
746,0,galaxy,0,galaxy,True,0,galaxy,True,True,0,galaxy,0.9992496371269226,0,galaxy,0.9919303059577942,0,galaxy,0.9796243906021118,0,galaxy,0.9639317393302917,0,galaxy,0.9749557375907898,0,galaxy,0.7095820307731628
747,0,galaxy,0,galaxy,True,0,galaxy,True,True,0,galaxy,0.9969088435173035,0,galaxy,0.9920015335083008,0,galaxy,0.9575523734092712,0,galaxy,0.9061985015869141,0,galaxy,0.9520524144172668,0,galaxy,0.6967578530311584
748,0,galaxy,0,galaxy,True,0,galaxy,True,True,0,galaxy,0.9999710321426392,0,galaxy,0.9983322024345398,0,galaxy,0.9879066944122314,0,galaxy,0.9752905964851379,0,galaxy,0.9826804995536804,0,galaxy,0.3956151604652405
749,0,galaxy,0,galaxy,True,0,galaxy,True,True,0,galaxy,0.9986984729766846,0,galaxy,0.9998372793197632,0,galaxy,0.9824190139770508,0,galaxy,0.973946750164032,0,galaxy,0.9794807434082031,0,galaxy,0.7198938131332397
750,0,galaxy,0,galaxy,True,0,galaxy,True,True,0,galaxy,0.9245028495788574,0,galaxy,0.986274778842926,0,galaxy,0.9081913828849792,0,galaxy,0.5650079250335693,0,galaxy,0.8964120745658875,0,galaxy,0.5275823473930359
751,0,galaxy,0,galaxy,True,0,galaxy,True,True,0,galaxy,0.9988419413566589,0,galaxy,0.9976943135261536,0,galaxy,0.9816595911979675,0,galaxy,0.972938060760498,0,galaxy,0.9490495324134827,2,star,0.424373060464859
752,0,galaxy,0,galaxy,True,0,galaxy,True,True,0,galaxy,0.9997016787528992,0,galaxy,0.9977860450744629,0,galaxy,0.9797958135604858,0,galaxy,0.9702593088150024,0,galaxy,0.9760661125183105,0,galaxy,0.6335359811782837
753,0,galaxy,0,galaxy,True,0,galaxy,True,True,0,galaxy,0.9987382292747498,0,galaxy,0.9997560381889343,0,galaxy,0.9789636135101318,0,galaxy,0.8170074224472046,0,galaxy,0.9058694243431091,0,galaxy,0.9624779224395752
754,0,galaxy,0,galaxy,True,0,galaxy,True,True,0,galaxy,0.9265745282173157,0,galaxy,0.999506950378418,0,galaxy,0.9901185631752014,0,galaxy,0.9677901864051819,0,galaxy,0.9939111471176147,0,galaxy,0.8233900666236877
755,0,galaxy,0,galaxy,True,0,galaxy,True,True,0,galaxy,0.9864051342010498,0,galaxy,0.9906794428825378,0,galaxy,0.9878278970718384,0,galaxy,0.9629406332969666,0,galaxy,0.855351984500885,0,galaxy,0.5835480093955994
756,0,galaxy,0,galaxy,True,0,galaxy,True,True,0,galaxy,0.9991694688796997,0,galaxy,0.9920114874839783,0,galaxy,0.8100312352180481,0,galaxy,0.8516888618469238,0,galaxy,0.8395442962646484,0,galaxy,0.5195748805999756
757,0,galaxy,0,galaxy,True,0,galaxy,True,True,0,galaxy,0.969417154788971,0,galaxy,0.9981223940849304,0,galaxy,0.937813937664032,0,galaxy,0.6943343877792358,0,galaxy,0.9059324264526367,2,star,0.5052952170372009
758,0,galaxy,0,galaxy,True,0,galaxy,True,True,0,galaxy,0.6269332766532898,0,galaxy,0.995381236076355,0,galaxy,0.9785425662994385,0,galaxy,0.9538789391517639,0,galaxy,0.9517595767974854,0,galaxy,0.7237690687179565
759,0,galaxy,0,galaxy,True,0,galaxy,True,True,0,galaxy,0.9927036762237549,2,star,0.6452814340591431,0,galaxy,0.9667242169380188,0,galaxy,0.7885478734970093,0,galaxy,0.9047961235046387,0,galaxy,0.37298259139060974
760,0,galaxy,0,galaxy,True,0,galaxy,True,True,0,galaxy,0.9985148310661316,0,galaxy,0.9978185892105103,0,galaxy,0.9668449759483337,0,galaxy,0.9144905209541321,0,galaxy,0.9546602368354797,0,galaxy,0.5806904435157776
761,0,galaxy,0,galaxy,True,0,galaxy,True,True,0,galaxy,0.9992386102676392,0,galaxy,0.9890655279159546,0,galaxy,0.9753116965293884,0,galaxy,0.9180788993835449,0,galaxy,0.9234911203384399,0,galaxy,0.5398837924003601
762,0,galaxy,0,galaxy,True,0,galaxy,True,True,0,galaxy,0.9990940093994141,0,galaxy,0.9862836599349976,0,galaxy,0.9485212564468384,0,galaxy,0.9695362448692322,0,galaxy,0.9818597435951233,0,galaxy,0.6675401329994202
763,0,galaxy,0,galaxy,True,0,galaxy,True,True,0,galaxy,0.9933384656906128,0,galaxy,0.997870922088623,0,galaxy,0.9298152327537537,0,galaxy,0.9191594123840332,0,galaxy,0.7075323462486267,0,galaxy,0.5686395168304443
764,0,galaxy,0,galaxy,True,0,galaxy,True,True,0,galaxy,0.9995691180229187,0,galaxy,0.9788575768470764,0,galaxy,0.886433482170105,0,galaxy,0.8720877766609192,0,galaxy,0.9643681049346924,0,galaxy,0.4503296911716461
765,0,galaxy,0,galaxy,True,0,galaxy,True,True,0,galaxy,0.9924087524414062,0,galaxy,0.8964681029319763,0,galaxy,0.9298340082168579,0,galaxy,0.961292028427124,0,galaxy,0.8249701857566833,0,galaxy,0.767515242099762
766,0,galaxy,0,galaxy,True,0,galaxy,True,True,0,galaxy,0.9947280287742615,0,galaxy,0.9944879412651062,0,galaxy,0.9881314039230347,0,galaxy,0.9810559153556824,0,galaxy,0.9874556064605713,0,galaxy,0.8018139600753784
767,0,galaxy,0,galaxy,True,0,galaxy,True,True,0,galaxy,0.9987332224845886,0,galaxy,0.9935544729232788,0,galaxy,0.9636790156364441,0,galaxy,0.9499728679656982,0,galaxy,0.8529353141784668,0,galaxy,0.733599066734314
768,0,galaxy,0,galaxy,True,0,galaxy,True,True,0,galaxy,0.9989494681358337,0,galaxy,0.9981136322021484,0,galaxy,0.9845224618911743,0,galaxy,0.9583473801612854,0,galaxy,0.973628044128418,0,galaxy,0.6709869503974915
769,0,galaxy,0,galaxy,True,0,galaxy,True,True,0,galaxy,0.9834797382354736,0,galaxy,0.9968953132629395,0,galaxy,0.9758661389350891,0,galaxy,0.9495489597320557,0,galaxy,0.9763319492340088,0,galaxy,0.9303287863731384
770,0,galaxy,0,galaxy,True,0,galaxy,True,True,0,galaxy,0.9972376823425293,0,galaxy,0.9916151762008667,0,galaxy,0.9734055995941162,0,galaxy,0.9273009300231934,0,galaxy,0.9659379720687866,0,galaxy,0.9516891837120056
771,0,galaxy,0,galaxy,True,0,galaxy,True,True,0,galaxy,0.9946447610855103,0,galaxy,0.9994615912437439,0,galaxy,0.9865155220031738,0,galaxy,0.9722611308097839,0,galaxy,0.9864808320999146,0,galaxy,0.6174054145812988
772,0,galaxy,0,galaxy,True,0,galaxy,True,True,0,galaxy,0.9989160299301147,0,galaxy,0.9891455173492432,0,galaxy,0.9737584590911865,0,galaxy,0.8867787718772888,0,galaxy,0.7791362404823303,0,galaxy,0.6264861822128296
773,0,galaxy,0,galaxy,True,0,galaxy,True,True,0,galaxy,0.9898247122764587,0,galaxy,0.9984209537506104,0,galaxy,0.9623503684997559,0,galaxy,0.8130145072937012,0,galaxy,0.9548461437225342,0,galaxy,0.8347329497337341
774,0,galaxy,0,galaxy,True,0,galaxy,True,True,0,galaxy,0.9916344881057739,0,galaxy,0.9532994627952576,0,galaxy,0.7576777935028076,0,galaxy,0.8987203240394592,2,star,0.8684559464454651,0,galaxy,0.4352705478668213
775,0,galaxy,0,galaxy,True,0,galaxy,True,True,0,galaxy,0.6581787467002869,0,galaxy,0.9958364963531494,0,galaxy,0.9285439252853394,0,galaxy,0.8476417064666748,0,galaxy,0.8864765763282776,0,galaxy,0.7832124829292297
776,0,galaxy,0,galaxy,True,0,galaxy,True,True,0,galaxy,0.9996519088745117,0,galaxy,0.9920114874839783,0,galaxy,0.9848515391349792,0,galaxy,0.9433150291442871,0,galaxy,0.9432317614555359,0,galaxy,0.738821268081665
777,0,galaxy,0,galaxy,True,0,galaxy,True,True,0,galaxy,0.9967779517173767,0,galaxy,0.9977843165397644,0,galaxy,0.9711712002754211,0,galaxy,0.941297173500061,0,galaxy,0.9764512777328491,0,galaxy,0.8392283916473389
778,0,galaxy,0,galaxy,True,0,galaxy,True,True,0,galaxy,0.9942998886108398,0,galaxy,0.6998038291931152,0,galaxy,0.9897524118423462,0,galaxy,0.9606742858886719,0,galaxy,0.9605365991592407,2,star,0.5179216861724854
779,0,galaxy,0,galaxy,True,0,galaxy,True,True,0,galaxy,0.999931812286377,0,galaxy,0.9996771812438965,0,galaxy,0.9855484366416931,0,galaxy,0.9394847750663757,0,galaxy,0.9784230589866638,0,galaxy,0.7826074361801147
780,0,galaxy,0,galaxy,True,0,galaxy,True,True,0,galaxy,0.8385230302810669,0,galaxy,0.9970826506614685,0,galaxy,0.9690816402435303,0,galaxy,0.853665292263031,0,galaxy,0.9835432767868042,0,galaxy,0.5322631597518921
781,0,galaxy,0,galaxy,True,0,galaxy,True,True,0,galaxy,0.9982411861419678,0,galaxy,0.9985778331756592,0,galaxy,0.9862053990364075,0,galaxy,0.9031444787979126,0,galaxy,0.9623672366142273,0,galaxy,0.4289129376411438
782,0,galaxy,0,galaxy,True,0,galaxy,True,True,0,galaxy,0.999422550201416,0,galaxy,0.985630452632904,0,galaxy,0.986599326133728,0,galaxy,0.9784059524536133,0,galaxy,0.9756749272346497,0,galaxy,0.8392808437347412
783,0,galaxy,0,galaxy,True,0,galaxy,True,True,0,galaxy,0.9976615905761719,0,galaxy,0.987217366695404,0,galaxy,0.9554532170295715,0,galaxy,0.9378317594528198,0,galaxy,0.9541303515434265,2,star,0.4161369800567627
784,0,galaxy,0,galaxy,True,0,galaxy,True,True,0,galaxy,0.968831479549408,0,galaxy,0.9865851402282715,0,galaxy,0.8408487439155579,0,galaxy,0.7874987721443176,0,galaxy,0.760570228099823,2,star,0.451720654964447
785,0,galaxy,0,galaxy,True,0,galaxy,True,True,0,galaxy,0.9994305968284607,0,galaxy,0.9992853999137878,0,galaxy,0.9814594984054565,0,galaxy,0.9751977324485779,0,galaxy,0.8779389262199402,0,galaxy,0.49756816029548645
786,0,galaxy,0,galaxy,True,0,galaxy,True,True,0,galaxy,0.9374273419380188,0,galaxy,0.960521936416626,0,galaxy,0.877508282661438,0,galaxy,0.9138962626457214,0,galaxy,0.7326309084892273,0,galaxy,0.4734236001968384
787,0,galaxy,0,galaxy,True,0,galaxy,True,True,0,galaxy,0.9974510073661804,0,galaxy,0.9981433153152466,0,galaxy,0.9921963214874268,0,galaxy,0.9714595675468445,0,galaxy,0.9836992025375366,0,galaxy,0.8773712515830994
788,0,galaxy,0,galaxy,True,0,galaxy,True,True,0,galaxy,0.9934768080711365,0,galaxy,0.9938327074050903,0,galaxy,0.9637511968612671,0,galaxy,0.9552797675132751,0,galaxy,0.9622937440872192,0,galaxy,0.8617337346076965
789,0,galaxy,2,star,False,2,star,False,True,0,galaxy,0.8034546375274658,2,star,0.7332773804664612,1,quasar,0.5081297755241394,2,star,0.5418344736099243,2,star,0.5617329478263855,2,star,0.5181694626808167
790,0,galaxy,0,galaxy,True,0,galaxy,True,True,0,galaxy,0.9998756647109985,0,galaxy,0.9998458623886108,0,galaxy,0.9880115389823914,0,galaxy,0.9684365391731262,0,galaxy,0.9551860094070435,0,galaxy,0.7303815484046936
791,0,galaxy,0,galaxy,True,0,galaxy,True,True,0,galaxy,0.9984970092773438,0,galaxy,0.9978379607200623,0,galaxy,0.9746987223625183,0,galaxy,0.9293903708457947,0,galaxy,0.9844788908958435,0,galaxy,0.9359484910964966
792,0,galaxy,0,galaxy,True,0,galaxy,True,True,0,galaxy,0.9996395111083984,0,galaxy,0.9981390237808228,0,galaxy,0.8578330874443054,0,galaxy,0.9496617317199707,0,galaxy,0.9290286898612976,0,galaxy,0.8495978713035583
793,0,galaxy,0,galaxy,True,0,galaxy,True,True,0,galaxy,0.9995026588439941,0,galaxy,0.9996527433395386,0,galaxy,0.9899364709854126,0,galaxy,0.9790417551994324,0,galaxy,0.9850248098373413,0,galaxy,0.562832772731781
794,0,galaxy,0,galaxy,True,0,galaxy,True,True,0,galaxy,0.9959455132484436,0,galaxy,0.9946264624595642,0,galaxy,0.9824845194816589,0,galaxy,0.9089919924736023,0,galaxy,0.9760262370109558,0,galaxy,0.9364541172981262
795,0,galaxy,0,galaxy,True,0,galaxy,True,True,0,galaxy,0.9966564178466797,0,galaxy,0.9999366998672485,0,galaxy,0.9759568572044373,0,galaxy,0.7864118218421936,0,galaxy,0.9670429229736328,0,galaxy,0.5243918895721436
796,0,galaxy,0,galaxy,True,0,galaxy,True,True,0,galaxy,0.9977076053619385,0,galaxy,0.9932102560997009,0,galaxy,0.9831960201263428,0,galaxy,0.9610365033149719,0,galaxy,0.986517608165741,0,galaxy,0.612070620059967
797,0,galaxy,0,galaxy,True,0,galaxy,True,True,0,galaxy,0.9999076128005981,0,galaxy,0.9934533834457397,0,galaxy,0.9775801301002502,0,galaxy,0.9565622210502625,0,galaxy,0.9776000380516052,0,galaxy,0.7220276594161987
798,0,galaxy,0,galaxy,True,0,galaxy,True,True,0,galaxy,0.999175488948822,0,galaxy,0.9986461997032166,0,galaxy,0.9760665893554688,0,galaxy,0.9717749357223511,0,galaxy,0.9518338441848755,0,galaxy,0.8201452493667603
799,0,galaxy,0,galaxy,True,0,galaxy,True,True,0,galaxy,0.986438512802124,0,galaxy,0.981045126914978,0,galaxy,0.9744296073913574,0,galaxy,0.9275923371315002,0,galaxy,0.9418665170669556,0,galaxy,0.686554491519928
800,0,galaxy,0,galaxy,True,0,galaxy,True,True,0,galaxy,0.9986066222190857,0,galaxy,0.997931718826294,0,galaxy,0.9790090918540955,0,galaxy,0.9512730240821838,0,galaxy,0.972296416759491,0,galaxy,0.7132551670074463
801,0,galaxy,0,galaxy,True,0,galaxy,True,True,0,galaxy,0.9994621872901917,0,galaxy,0.9991326928138733,0,galaxy,0.9844493269920349,0,galaxy,0.9635964035987854,0,galaxy,0.9856898784637451,0,galaxy,0.952299177646637
802,0,galaxy,0,galaxy,True,0,galaxy,True,True,0,galaxy,0.9990352392196655,0,galaxy,0.988919198513031,0,galaxy,0.9607236981391907,0,galaxy,0.8859076499938965,0,galaxy,0.9840512871742249,0,galaxy,0.7646839618682861
803,0,galaxy,0,galaxy,True,0,galaxy,True,True,0,galaxy,0.9913085699081421,0,galaxy,0.9956562519073486,0,galaxy,0.9829733371734619,0,galaxy,0.9283074736595154,0,galaxy,0.9788848757743835,0,galaxy,0.8570806980133057
804,0,galaxy,0,galaxy,True,0,galaxy,True,True,0,galaxy,0.997654139995575,0,galaxy,0.998198926448822,0,galaxy,0.9835605621337891,0,galaxy,0.968711793422699,0,galaxy,0.989497184753418,0,galaxy,0.8585270047187805
805,0,galaxy,0,galaxy,True,0,galaxy,True,True,0,galaxy,0.9864001274108887,0,galaxy,0.9974669218063354,0,galaxy,0.9865149855613708,0,galaxy,0.9673232436180115,0,galaxy,0.9821563363075256,0,galaxy,0.7794970273971558
806,0,galaxy,0,galaxy,True,0,galaxy,True,True,0,galaxy,0.880555272102356,0,galaxy,0.9943080544471741,0,galaxy,0.9763129949569702,0,galaxy,0.9573306441307068,0,galaxy,0.9756098985671997,0,galaxy,0.7217947244644165
807,0,galaxy,0,galaxy,True,0,galaxy,True,True,0,galaxy,0.999664306640625,0,galaxy,0.9988943934440613,0,galaxy,0.9781589508056641,0,galaxy,0.9374457597732544,0,galaxy,0.9722561836242676,2,star,0.8012506365776062
808,0,galaxy,0,galaxy,True,0,galaxy,True,True,0,galaxy,0.9966220855712891,0,galaxy,0.9603291749954224,0,galaxy,0.9608513712882996,0,galaxy,0.8210363388061523,0,galaxy,0.9377440214157104,0,galaxy,0.5190730094909668
809,0,galaxy,0,galaxy,True,0,galaxy,True,True,1,quasar,0.4002787172794342,0,galaxy,0.9582261443138123,0,galaxy,0.9403077960014343,0,galaxy,0.785835325717926,0,galaxy,0.9581466317176819,0,galaxy,0.5039390325546265
810,0,galaxy,0,galaxy,True,0,galaxy,True,True,0,galaxy,0.9996302127838135,0,galaxy,0.998950183391571,0,galaxy,0.9837772846221924,0,galaxy,0.9662222266197205,0,galaxy,0.9720326662063599,0,galaxy,0.7624509930610657
811,0,galaxy,0,galaxy,True,0,galaxy,True,True,0,galaxy,0.8899123072624207,0,galaxy,0.9904329776763916,0,galaxy,0.9737599492073059,0,galaxy,0.9159612655639648,0,galaxy,0.9664358496665955,0,galaxy,0.8580360412597656
812,1,quasar,1,quasar,True,1,quasar,True,True,2,star,0.6894024610519409,1,quasar,0.6110857725143433,1,quasar,0.7387580871582031,2,star,0.47121140360832214,1,quasar,0.8144301772117615,2,star,0.6134089231491089
813,1,quasar,1,quasar,True,1,quasar,True,True,1,quasar,0.9722708463668823,1,quasar,0.867331862449646,1,quasar,0.9005889892578125,2,star,0.5753378868103027,1,quasar,0.9721276164054871,2,star,0.36612191796302795
814,1,quasar,2,star,False,2,star,False,True,2,star,0.5933812260627747,2,star,0.6915304660797119,2,star,0.6600891351699829,2,star,0.7557170391082764,1,quasar,0.5767826437950134,0,galaxy,0.752336323261261
815,1,quasar,1,quasar,True,1,quasar,True,True,1,quasar,0.5271515250205994,1,quasar,0.9122149348258972,1,quasar,0.9222776889801025,1,quasar,0.5362728834152222,1,quasar,0.9115378856658936,2,star,0.5210005640983582
816,1,quasar,1,quasar,True,1,quasar,True,True,1,quasar,0.7119886875152588,2,star,0.5653583407402039,1,quasar,0.7538955211639404,1,quasar,0.6130878925323486,1,quasar,0.8220301270484924,2,star,0.5139349102973938
817,1,quasar,1,quasar,True,1,quasar,True,True,1,quasar,0.799433708190918,1,quasar,0.9701070785522461,1,quasar,0.8652739524841309,1,quasar,0.6426279544830322,1,quasar,0.7966918349266052,1,quasar,0.5678557753562927
818,1,quasar,1,quasar,True,1,quasar,True,True,1,quasar,0.5124269723892212,2,star,0.5684300661087036,1,quasar,0.8292008638381958,1,quasar,0.6073378920555115,1,quasar,0.7131891250610352,2,star,0.46321988105773926
819,1,quasar,1,quasar,True,1,quasar,True,True,1,quasar,0.7216222286224365,1,quasar,0.8491767644882202,1,quasar,0.9137068390846252,1,quasar,0.6229299902915955,1,quasar,0.9763050079345703,2,star,0.6465809941291809
820,1,quasar,1,quasar,True,1,quasar,True,True,1,quasar,0.804983913898468,1,quasar,0.6176588535308838,1,quasar,0.6670635342597961,2,star,0.7538922429084778,1,quasar,0.6795616149902344,2,star,0.47225430607795715
821,1,quasar,1,quasar,True,1,quasar,True,True,1,quasar,0.6639757752418518,1,quasar,0.8868643045425415,1,quasar,0.8468301296234131,1,quasar,0.5331186652183533,1,quasar,0.971996545791626,2,star,0.4407218396663666
822,1,quasar,1,quasar,True,1,quasar,True,True,1,quasar,0.6217966675758362,1,quasar,0.6572538018226624,1,quasar,0.8549916744232178,1,quasar,0.6081899404525757,1,quasar,0.8962706923484802,2,star,0.47820428013801575
823,1,quasar,1,quasar,True,1,quasar,True,True,1,quasar,0.5398194789886475,1,quasar,0.765178382396698,1,quasar,0.9151745438575745,1,quasar,0.6427863240242004,1,quasar,0.9616390466690063,2,star,0.352437287569046
824,1,quasar,1,quasar,True,1,quasar,True,True,1,quasar,0.8838954567909241,1,quasar,0.7765520215034485,1,quasar,0.8577831387519836,2,star,0.5174472332000732,1,quasar,0.9132307767868042,2,star,0.510631263256073
825,1,quasar,1,quasar,True,1,quasar,True,True,1,quasar,0.9503353238105774,1,quasar,0.793402910232544,1,quasar,0.7975254058837891,1,quasar,0.6144583225250244,1,quasar,0.6784424185752869,2,star,0.5544100403785706
826,1,quasar,1,quasar,True,1,quasar,True,True,1,quasar,0.901241660118103,1,quasar,0.6245172023773193,1,quasar,0.5114237070083618,2,star,0.6176477074623108,1,quasar,0.5982402563095093,1,quasar,0.4701644480228424
827,1,quasar,1,quasar,True,1,quasar,True,True,1,quasar,0.8556147813796997,1,quasar,0.8128328919410706,1,quasar,0.836988627910614,1,quasar,0.5033659934997559,1,quasar,0.9228130578994751,1,quasar,0.5673717856407166
828,1,quasar,0,galaxy,False,0,galaxy,False,True,0,galaxy,0.5805812478065491,0,galaxy,0.6758130192756653,1,quasar,0.5535434484481812,0,galaxy,0.5346686840057373,2,star,0.5177074074745178,1,quasar,0.4407813549041748
829,1,quasar,1,quasar,True,1,quasar,True,True,1,quasar,0.8273139595985413,1,quasar,0.7501310706138611,1,quasar,0.9006686210632324,1,quasar,0.542292594909668,1,quasar,0.8961631059646606,2,star,0.4433111846446991
830,1,quasar,1,quasar,True,1,quasar,True,True,1,quasar,0.9864365458488464,1,quasar,0.9465901255607605,1,quasar,0.7385371327400208,1,quasar,0.5998536944389343,1,quasar,0.7379876375198364,1,quasar,0.48009297251701355
831,1,quasar,1,quasar,True,1,quasar,True,True,1,quasar,0.9236942529678345,1,quasar,0.9079275727272034,1,quasar,0.8897653222084045,1,quasar,0.5662228465080261,1,quasar,0.9786015748977661,2,star,0.550178587436676
832,1,quasar,0,galaxy,False,0,galaxy,False,True,1,quasar,0.5593699216842651,0,galaxy,0.9445217251777649,0,galaxy,0.7404817342758179,0,galaxy,0.9299836754798889,0,galaxy,0.606082022190094,0,galaxy,0.9184750318527222
833,1,quasar,1,quasar,True,1,quasar,True,True,1,quasar,0.5165082216262817,1,quasar,0.5818732976913452,2,star,0.6418240666389465,1,quasar,0.5024163126945496,1,quasar,0.6900581121444702,1,quasar,0.43279385566711426
834,1,quasar,1,quasar,True,1,quasar,True,True,1,quasar,0.7154402732849121,1,quasar,0.6839345097541809,1,quasar,0.7892243266105652,2,star,0.5798763036727905,1,quasar,0.6223227381706238,2,star,0.5631389617919922
835,1,quasar,1,quasar,True,1,quasar,True,True,1,quasar,0.6433285474777222,1,quasar,0.5983035564422607,1,quasar,0.8192908763885498,1,quasar,0.5981189608573914,1,quasar,0.8388190865516663,0,galaxy,0.4640912413597107
836,1,quasar,1,quasar,True,1,quasar,True,True,2,star,0.5166519284248352,1,quasar,0.6245835423469543,1,quasar,0.7460187077522278,1,quasar,0.622055172920227,1,quasar,0.678729772567749,0,galaxy,0.5321688055992126
837,1,quasar,1,quasar,True,1,quasar,True,True,1,quasar,0.9677906632423401,1,quasar,0.8289870619773865,1,quasar,0.5321539044380188,2,star,0.5162351131439209,1,quasar,0.7456219792366028,2,star,0.4421980381011963
838,1,quasar,1,quasar,True,1,quasar,True,True,1,quasar,0.618138313293457,1,quasar,0.7332663536071777,1,quasar,0.8177641034126282,1,quasar,0.6071067452430725,1,quasar,0.7488209009170532,2,star,0.5207367539405823
839,1,quasar,1,quasar,True,1,quasar,True,True,1,quasar,0.9037933945655823,1,quasar,0.7197309136390686,1,quasar,0.8960361480712891,2,star,0.5348885655403137,1,quasar,0.9733953475952148,2,star,0.5825823545455933
840,1,quasar,1,quasar,True,1,quasar,True,True,1,quasar,0.8683122396469116,1,quasar,0.8361907005310059,1,quasar,0.605929434299469,1,quasar,0.49855732917785645,1,quasar,0.7415759563446045,2,star,0.46519172191619873
841,1,quasar,1,quasar,True,1,quasar,True,True,1,quasar,0.8108521103858948,1,quasar,0.6053552627563477,1,quasar,0.8434393405914307,1,quasar,0.6309623718261719,1,quasar,0.7969180345535278,0,galaxy,0.3922908306121826
842,1,quasar,2,star,False,2,star,False,True,2,star,0.5056356191635132,2,star,0.640692949295044,1,quasar,0.695659875869751,2,star,0.5664514303207397,1,quasar,0.6220767498016357,2,star,0.5271627902984619
843,1,quasar,1,quasar,True,1,quasar,True,True,1,quasar,0.5684018135070801,2,star,0.5082620978355408,1,quasar,0.8664194345474243,1,quasar,0.6221912503242493,1,quasar,0.8616936206817627,2,star,0.5207949280738831
844,1,quasar,1,quasar,True,1,quasar,True,True,2,star,0.8117953538894653,1,quasar,0.6228170990943909,1,quasar,0.8682264089584351,2,star,0.6043417453765869,1,quasar,0.905735433101654,2,star,0.4125743508338928
845,1,quasar,1,quasar,True,1,quasar,True,True,1,quasar,0.9896300435066223,1,quasar,0.849955677986145,1,quasar,0.9084982872009277,1,quasar,0.6602415442466736,1,quasar,0.9683026075363159,1,quasar,0.6796073913574219
846,1,quasar,1,quasar,True,1,quasar,True,True,2,star,0.8548282980918884,2,star,0.6186311841011047,1,quasar,0.911213219165802,1,quasar,0.6280311346054077,1,quasar,0.9627522826194763,2,star,0.48132288455963135
847,1,quasar,1,quasar,True,1,quasar,True,True,1,quasar,0.4621378481388092,0,galaxy,0.3794006109237671,1,quasar,0.6792978048324585,1,quasar,0.5944651961326599,1,quasar,0.8149620890617371,0,galaxy,0.8844260573387146
848,1,quasar,2,star,False,2,star,False,True,1,quasar,0.8318281173706055,2,star,0.7474693655967712,2,star,0.9712821841239929,2,star,0.6772435307502747,2,star,0.9712655544281006,2,star,0.5107371807098389
849,1,quasar,1,quasar,True,1,quasar,True,True,1,quasar,0.9529022574424744,1,quasar,0.8952459096908569,1,quasar,0.7748100161552429,1,quasar,0.5847634077072144,1,quasar,0.8017144799232483,1,quasar,0.7673279643058777
850,1,quasar,1,quasar,True,1,quasar,True,True,1,quasar,0.9614265561103821,1,quasar,0.815445601940155,1,quasar,0.8771726489067078,1,quasar,0.6642679572105408,1,quasar,0.9185579419136047,1,quasar,0.4759695827960968
851,1,quasar,1,quasar,True,1,quasar,True,True,1,quasar,0.8062353730201721,1,quasar,0.6793330311775208,2,star,0.5134983658790588,1,quasar,0.46005088090896606,1,quasar,0.8427814841270447,1,quasar,0.41406747698783875
852,1,quasar,1,quasar,True,1,quasar,True,True,2,star,0.658377468585968,1,quasar,0.6462084650993347,1,quasar,0.7630731463432312,1,quasar,0.6296898722648621,1,quasar,0.8044179081916809,1,quasar,0.44782066345214844
853,1,quasar,1,quasar,True,1,quasar,True,True,1,quasar,0.5063556432723999,1,quasar,0.6657270789146423,1,quasar,0.8293790817260742,1,quasar,0.5925911068916321,1,quasar,0.7782363891601562,0,galaxy,0.5155940651893616
854,1,quasar,0,galaxy,False,0,galaxy,False,True,1,quasar,0.557075560092926,1,quasar,0.4054710865020752,0,galaxy,0.9463956952095032,0,galaxy,0.9390870332717896,0,galaxy,0.7330551147460938,0,galaxy,0.5827555656433105
855,1,quasar,1,quasar,True,1,quasar,True,True,1,quasar,0.9984143972396851,1,quasar,0.8684021830558777,1,quasar,0.9070717692375183,1,quasar,0.6605610847473145,1,quasar,0.9479566812515259,1,quasar,0.5868644118309021
856,1,quasar,1,quasar,True,1,quasar,True,True,1,quasar,0.955374538898468,1,quasar,0.834794282913208,1,quasar,0.8190087080001831,1,quasar,0.5517625212669373,1,quasar,0.843894362449646,1,quasar,0.7361170053482056
857,1,quasar,1,quasar,True,1,quasar,True,True,1,quasar,0.7529608011245728,2,star,0.4691106677055359,1,quasar,0.7794536352157593,2,star,0.6391979455947876,1,quasar,0.8970780968666077,2,star,0.3989579975605011
858,1,quasar,1,quasar,True,1,quasar,True,True,1,quasar,0.9954019784927368,1,quasar,0.9336180090904236,1,quasar,0.8383374810218811,1,quasar,0.5952867269515991,1,quasar,0.8517026901245117,0,galaxy,0.5423843264579773
859,1,quasar,1,quasar,True,1,quasar,True,True,1,quasar,0.8318156003952026,1,quasar,0.8264740109443665,1,quasar,0.8521420359611511,1,quasar,0.6914663314819336,1,quasar,0.9620457291603088,1,quasar,0.43558385968208313
860,1,quasar,1,quasar,True,1,quasar,True,True,2,star,0.6787381768226624,1,quasar,0.8115578889846802,1,quasar,0.8185576796531677,1,quasar,0.6174308657646179,1,quasar,0.8656145334243774,0,galaxy,0.4061167538166046
861,1,quasar,1,quasar,True,1,quasar,True,True,1,quasar,0.7277793884277344,1,quasar,0.9018064141273499,1,quasar,0.8525183796882629,1,quasar,0.6518333554267883,1,quasar,0.8535134792327881,1,quasar,0.44895321130752563
862,1,quasar,1,quasar,True,1,quasar,True,True,1,quasar,0.9855345487594604,1,quasar,0.7365534901618958,1,quasar,0.7894297242164612,1,quasar,0.595669150352478,1,quasar,0.8158939480781555,0,galaxy,0.46922293305397034
863,1,quasar,1,quasar,True,1,quasar,True,True,1,quasar,0.9490918517112732,1,quasar,0.8936954736709595,1,quasar,0.8463025689125061,1,quasar,0.5778804421424866,1,quasar,0.8263793587684631,1,quasar,0.6227822303771973
864,1,quasar,1,quasar,True,1,quasar,True,True,1,quasar,0.798465371131897,1,quasar,0.808683454990387,1,quasar,0.8066240549087524,1,quasar,0.608920693397522,1,quasar,0.7693867087364197,2,star,0.45075100660324097
865,1,quasar,1,quasar,True,1,quasar,True,True,1,quasar,0.9545543193817139,1,quasar,0.9128338694572449,1,quasar,0.8884468674659729,1,quasar,0.6523835062980652,1,quasar,0.9189873933792114,1,quasar,0.7231152057647705
866,1,quasar,0,galaxy,False,1,quasar,True,False,0,galaxy,0.4210299849510193,1,quasar,0.484820693731308,2,star,0.6375895142555237,1,quasar,0.5843762159347534,2,star,0.5682676434516907,0,galaxy,0.5887681841850281
867,1,quasar,2,star,False,2,star,False,True,2,star,0.5333955883979797,2,star,0.5610988736152649,2,star,0.5522648096084595,2,star,0.5661047697067261,2,star,0.7335484623908997,2,star,0.6840325593948364
868,1,quasar,1,quasar,True,1,quasar,True,True,1,quasar,0.8241205215454102,2,star,0.506590723991394,1,quasar,0.8331572413444519,1,quasar,0.5914499759674072,1,quasar,0.8160327672958374,1,quasar,0.5838289856910706
869,1,quasar,1,quasar,True,1,quasar,True,True,2,star,0.5156700015068054,1,quasar,0.8132224678993225,1,quasar,0.8192557692527771,1,quasar,0.6674700975418091,1,quasar,0.8661549687385559,2,star,0.4727638363838196
870,1,quasar,1,quasar,True,1,quasar,True,True,2,star,0.6567041277885437,1,quasar,0.787264883518219,1,quasar,0.6304199695587158,1,quasar,0.6280422210693359,1,quasar,0.801670491695404,1,quasar,0.3887481093406677
871,1,quasar,1,quasar,True,1,quasar,True,True,1,quasar,0.8710069060325623,1,quasar,0.7227882742881775,1,quasar,0.6978633403778076,2,star,0.6154416799545288,1,quasar,0.758622944355011,2,star,0.4711395800113678
872,1,quasar,1,quasar,True,1,quasar,True,True,1,quasar,0.9962131977081299,1,quasar,0.8288145661354065,1,quasar,0.8746708631515503,1,quasar,0.6458874344825745,1,quasar,0.754664957523346,2,star,0.42375850677490234
873,1,quasar,1,quasar,True,1,quasar,True,True,1,quasar,0.6328547596931458,1,quasar,0.7714542746543884,1,quasar,0.8777217268943787,1,quasar,0.5798156261444092,1,quasar,0.9000676274299622,1,quasar,0.3639810085296631
874,1,quasar,1,quasar,True,1,quasar,True,True,1,quasar,0.5666217803955078,1,quasar,0.6506393551826477,1,quasar,0.8662940859794617,1,quasar,0.6554327607154846,1,quasar,0.8250936269760132,0,galaxy,0.47336503863334656
875,1,quasar,0,galaxy,False,0,galaxy,False,True,0,galaxy,0.9963860511779785,0,galaxy,0.9666844010353088,0,galaxy,0.9561689496040344,0,galaxy,0.7397641539573669,0,galaxy,0.5310752391815186,0,galaxy,0.5089267492294312
876,1,quasar,1,quasar,True,1,quasar,True,True,1,quasar,0.9925858378410339,1,quasar,0.7224662899971008,1,quasar,0.801031768321991,1,quasar,0.6066550016403198,1,quasar,0.8545210361480713,1,quasar,0.40451735258102417
877,1,quasar,0,galaxy,False,0,galaxy,False,True,0,galaxy,0.9311485290527344,2,star,0.38041192293167114,1,quasar,0.5438987612724304,2,star,0.581587016582489,1,quasar,0.6059892177581787,0,galaxy,0.4730634391307831
878,1,quasar,1,quasar,True,1,quasar,True,True,1,quasar,0.5158122181892395,1,quasar,0.6300554871559143,1,quasar,0.8865036368370056,1,quasar,0.5235728025436401,1,quasar,0.9653655886650085,2,star,0.4509727358818054
879,1,quasar,1,quasar,True,1,quasar,True,True,2,star,0.552519679069519,1,quasar,0.6203855872154236,1,quasar,0.818982720375061,1,quasar,0.6249553561210632,1,quasar,0.6272859573364258,2,star,0.5567396879196167
880,1,quasar,1,quasar,True,1,quasar,True,True,1,quasar,0.7550320625305176,1,quasar,0.6921875476837158,2,star,0.4963378608226776,2,star,0.5612791776657104,1,quasar,0.8257109522819519,1,quasar,0.49374040961265564
881,1,quasar,1,quasar,True,1,quasar,True,True,1,quasar,0.9716904759407043,1,quasar,0.7954817414283752,1,quasar,0.8982163071632385,2,star,0.5420984625816345,1,quasar,0.8368380665779114,1,quasar,0.5622786283493042
882,1,quasar,1,quasar,True,1,quasar,True,True,2,star,0.657235324382782,1,quasar,0.8662523031234741,1,quasar,0.7805816531181335,1,quasar,0.6290846467018127,1,quasar,0.8809121251106262,1,quasar,0.48907965421676636
883,1,quasar,1,quasar,True,1,quasar,True,True,1,quasar,0.8707433938980103,1,quasar,0.9545198678970337,1,quasar,0.8852534890174866,1,quasar,0.5175516605377197,1,quasar,0.977475643157959,1,quasar,0.5574509501457214
884,1,quasar,1,quasar,True,1,quasar,True,True,1,quasar,0.7414781451225281,1,quasar,0.6932033896446228,1,quasar,0.82773357629776,1,quasar,0.6715267896652222,1,quasar,0.8366897702217102,1,quasar,0.4296063482761383
885,1,quasar,1,quasar,True,1,quasar,True,True,1,quasar,0.702880322933197,1,quasar,0.9062870144844055,1,quasar,0.9014121294021606,1,quasar,0.6512793302536011,1,quasar,0.9789692163467407,2,star,0.4324253797531128
886,1,quasar,1,quasar,True,1,quasar,True,True,1,quasar,0.8010187745094299,1,quasar,0.8900710344314575,1,quasar,0.8991501927375793,1,quasar,0.5253273844718933,1,quasar,0.9329927563667297,1,quasar,0.5683684349060059
887,1,quasar,1,quasar,True,1,quasar,True,True,2,star,0.5258340239524841,1,quasar,0.5096980929374695,1,quasar,0.7712648510932922,1,quasar,0.5251300930976868,1,quasar,0.7911459803581238,2,star,0.5921517014503479
888,1,quasar,2,star,False,1,quasar,True,False,2,star,0.5551957488059998,2,star,0.4839708209037781,1,quasar,0.790885329246521,2,star,0.5426190495491028,1,quasar,0.7256898880004883,2,star,0.6574605107307434
889,1,quasar,1,quasar,True,1,quasar,True,True,2,star,0.5592846274375916,2,star,0.4964035749435425,1,quasar,0.732856273651123,1,quasar,0.5733430981636047,1,quasar,0.6210766434669495,2,star,0.7194482684135437
890,1,quasar,1,quasar,True,1,quasar,True,True,1,quasar,0.6379826664924622,1,quasar,0.7239972352981567,1,quasar,0.8933482766151428,2,star,0.503873348236084,1,quasar,0.9754063487052917,2,star,0.5121621489524841
891,1,quasar,1,quasar,True,1,quasar,True,True,2,star,0.41220608353614807,1,quasar,0.7151072025299072,1,quasar,0.5164368152618408,2,star,0.6177905201911926,1,quasar,0.7904214262962341,2,star,0.6481441259384155
892,1,quasar,0,galaxy,False,1,quasar,True,False,1,quasar,0.7628213763237,0,galaxy,0.6723192930221558,0,galaxy,0.355596661567688,2,star,0.370622843503952,1,quasar,0.5941833257675171,2,star,0.3890239894390106
893,1,quasar,1,quasar,True,1,quasar,True,True,1,quasar,0.8898125290870667,1,quasar,0.5243303775787354,1,quasar,0.878862738609314,1,quasar,0.6586764454841614,1,quasar,0.8603187203407288,2,star,0.4922938346862793
894,1,quasar,0,galaxy,False,0,galaxy,False,True,0,galaxy,0.9946501851081848,2,star,0.8562804460525513,0,galaxy,0.7513537406921387,0,galaxy,0.9657293558120728,0,galaxy,0.47910088300704956,2,star,0.5500295162200928
895,1,quasar,2,star,False,2,star,False,True,2,star,0.7979631423950195,2,star,0.8164001107215881,2,star,0.7432894110679626,2,star,0.6497719883918762,1,quasar,0.7314654588699341,2,star,0.635320246219635
896,1,quasar,1,quasar,True,1,quasar,True,True,2,star,0.9677055478096008,1,quasar,0.593991219997406,1,quasar,0.7137340903282166,2,star,0.5217424035072327,1,quasar,0.9556056261062622,2,star,0.4469783902168274
897,1,quasar,1,quasar,True,1,quasar,True,True,1,quasar,0.6426551938056946,1,quasar,0.7829476594924927,1,quasar,0.7772018313407898,1,quasar,0.6515242457389832,1,quasar,0.8689936995506287,2,star,0.5093717575073242
898,1,quasar,1,quasar,True,1,quasar,True,True,1,quasar,0.8341389894485474,1,quasar,0.7891414165496826,1,quasar,0.8679717779159546,1,quasar,0.6750038862228394,1,quasar,0.9416095018386841,2,star,0.543809175491333
899,1,quasar,1,quasar,True,1,quasar,True,True,2,star,0.5306807160377502,1,quasar,0.8178476095199585,1,quasar,0.7587729096412659,1,quasar,0.6034039855003357,1,quasar,0.7077569961547852,2,star,0.6154124140739441
900,1,quasar,1,quasar,True,1,quasar,True,True,1,quasar,0.7938244938850403,1,quasar,0.933788001537323,1,quasar,0.9072134494781494,1,quasar,0.5207505822181702,1,quasar,0.9643105864524841,2,star,0.5608081817626953
901,1,quasar,1,quasar,True,1,quasar,True,True,1,quasar,0.6694322228431702,1,quasar,0.7950153350830078,1,quasar,0.749956488609314,1,quasar,0.5688614845275879,1,quasar,0.9390454888343811,0,galaxy,0.46175068616867065
902,1,quasar,1,quasar,True,1,quasar,True,True,2,star,0.6225621700286865,1,quasar,0.8059278726577759,1,quasar,0.7059950828552246,2,star,0.6075130105018616,1,quasar,0.7112162113189697,2,star,0.5959603786468506
903,1,quasar,1,quasar,True,1,quasar,True,True,1,quasar,0.9233818054199219,1,quasar,0.8525095582008362,1,quasar,0.8721022009849548,1,quasar,0.6800981163978577,1,quasar,0.8842899799346924,2,star,0.6530563235282898
904,1,quasar,1,quasar,True,1,quasar,True,True,1,quasar,0.5357115268707275,1,quasar,0.49215269088745117,1,quasar,0.7275221943855286,1,quasar,0.618209719657898,1,quasar,0.8150568008422852,2,star,0.5002034902572632
905,1,quasar,0,galaxy,False,0,galaxy,False,True,0,galaxy,0.9999016523361206,0,galaxy,0.9823330044746399,0,galaxy,0.9735205173492432,0,galaxy,0.971268355846405,0,galaxy,0.8841816782951355,0,galaxy,0.7026220560073853
906,1,quasar,0,galaxy,False,0,galaxy,False,True,1,quasar,0.5999928712844849,1,quasar,0.8719362020492554,0,galaxy,0.8764734268188477,0,galaxy,0.7739174365997314,0,galaxy,0.9212368726730347,0,galaxy,0.49920862913131714
907,1,quasar,1,quasar,True,1,quasar,True,True,1,quasar,0.8199589252471924,1,quasar,0.7381268739700317,1,quasar,0.6295773983001709,1,quasar,0.49491363763809204,1,quasar,0.8452913761138916,1,quasar,0.5308777689933777
908,1,quasar,1,quasar,True,1,quasar,True,True,2,star,0.5609789490699768,1,quasar,0.6282282471656799,1,quasar,0.5794087648391724,1,quasar,0.5905269384384155,1,quasar,0.9194016456604004,0,galaxy,0.4208676517009735
909,1,quasar,1,quasar,True,1,quasar,True,True,1,quasar,0.6715410947799683,1,quasar,0.6699987649917603,1,quasar,0.8863048553466797,2,star,0.6176731586456299,1,quasar,0.8536234498023987,2,star,0.7846581935882568
910,1,quasar,1,quasar,True,1,quasar,True,True,1,quasar,0.6760348081588745,1,quasar,0.7856693863868713,1,quasar,0.7586098313331604,2,star,0.6735237240791321,1,quasar,0.8987019658088684,2,star,0.750137984752655
911,1,quasar,2,star,False,2,star,False,True,2,star,0.857650637626648,2,star,0.9193992614746094,2,star,0.8921236395835876,1,quasar,0.5025952458381653,2,star,0.7724713683128357,2,star,0.8675265908241272
912,1,quasar,1,quasar,True,1,quasar,True,True,1,quasar,0.7223845720291138,1,quasar,0.5912252068519592,1,quasar,0.8533309698104858,1,quasar,0.6226291656494141,1,quasar,0.7737236618995667,0,galaxy,0.36847081780433655
913,1,quasar,2,star,False,1,quasar,True,False,2,star,0.5200399160385132,2,star,0.6146539449691772,1,quasar,0.6737751364707947,2,star,0.5489185452461243,1,quasar,0.7520958781242371,2,star,0.5790282487869263
914,1,quasar,1,quasar,True,1,quasar,True,True,1,quasar,0.6635760068893433,1,quasar,0.5172370076179504,1,quasar,0.5817605257034302,2,star,0.5966788530349731,1,quasar,0.6440377235412598,2,star,0.6742852926254272
915,1,quasar,1,quasar,True,1,quasar,True,True,1,quasar,0.824735701084137,1,quasar,0.6122522950172424,1,quasar,0.8654712438583374,1,quasar,0.6111415028572083,1,quasar,0.8704342246055603,1,quasar,0.7235796451568604
916,1,quasar,1,quasar,True,1,quasar,True,True,1,quasar,0.49487102031707764,1,quasar,0.7026879191398621,1,quasar,0.797502338886261,1,quasar,0.5880114436149597,1,quasar,0.9086369276046753,2,star,0.5982455611228943
917,1,quasar,1,quasar,True,1,quasar,True,True,1,quasar,0.7249265313148499,1,quasar,0.7325317859649658,1,quasar,0.5898253917694092,2,star,0.5911222100257874,1,quasar,0.6688761115074158,2,star,0.4314209818840027
918,1,quasar,1,quasar,True,1,quasar,True,True,2,star,0.5530915856361389,1,quasar,0.6989998817443848,1,quasar,0.8240650296211243,1,quasar,0.5716720223426819,1,quasar,0.8601756691932678,2,star,0.6113003492355347
919,1,quasar,1,quasar,True,1,quasar,True,True,2,star,0.5279366970062256,1,quasar,0.6581698060035706,1,quasar,0.531195878982544,1,quasar,0.6115379333496094,1,quasar,0.7297583222389221,2,star,0.4748702049255371
920,1,quasar,1,quasar,True,1,quasar,True,True,1,quasar,0.66517573595047,2,star,0.5594296455383301,1,quasar,0.780491292476654,2,star,0.5263810157775879,1,quasar,0.7505106329917908,2,star,0.509236752986908
921,1,quasar,1,quasar,True,1,quasar,True,True,1,quasar,0.8320856094360352,1,quasar,0.6278294920921326,1,quasar,0.889454185962677,2,star,0.5318378210067749,1,quasar,0.9747298359870911,2,star,0.6074133515357971
922,1,quasar,1,quasar,True,2,star,False,False,2,star,0.579050600528717,1,quasar,0.5947313904762268,1,quasar,0.6215566396713257,2,star,0.6709802150726318,2,star,0.9660228490829468,1,quasar,0.5172141790390015
923,1,quasar,1,quasar,True,2,star,False,False,2,star,0.5939856171607971,2,star,0.5271850228309631,1,quasar,0.705485999584198,1,quasar,0.49577614665031433,1,quasar,0.5146359205245972,2,star,0.7058192491531372
924,1,quasar,1,quasar,True,1,quasar,True,True,1,quasar,0.8960585594177246,1,quasar,0.737877607345581,1,quasar,0.8367630243301392,1,quasar,0.5993189215660095,1,quasar,0.896682858467102,2,star,0.615553617477417
925,1,quasar,1,quasar,True,1,quasar,True,True,2,star,0.5584043860435486,2,star,0.45326167345046997,1,quasar,0.4930780231952667,1,quasar,0.5045461058616638,1,quasar,0.766453742980957,2,star,0.4414776563644409
926,1,quasar,1,quasar,True,1,quasar,True,True,1,quasar,0.79506915807724,1,quasar,0.8843691945075989,1,quasar,0.8617750406265259,1,quasar,0.5034956932067871,1,quasar,0.9331849813461304,2,star,0.5963994860649109
927,1,quasar,1,quasar,True,1,quasar,True,True,1,quasar,0.9898363947868347,1,quasar,0.9385197758674622,1,quasar,0.7516704201698303,1,quasar,0.6308123469352722,1,quasar,0.8514294028282166,2,star,0.6335971355438232
928,1,quasar,1,quasar,True,1,quasar,True,True,1,quasar,0.9164214730262756,1,quasar,0.6847161650657654,1,quasar,0.9083014726638794,1,quasar,0.6395365595817566,1,quasar,0.9235719442367554,2,star,0.5315383076667786
929,1,quasar,1,quasar,True,1,quasar,True,True,1,quasar,0.9270623326301575,1,quasar,0.9011303782463074,1,quasar,0.8321951627731323,1,quasar,0.673860490322113,1,quasar,0.8179963827133179,1,quasar,0.5134468078613281
930,1,quasar,1,quasar,True,1,quasar,True,True,1,quasar,0.9162133932113647,1,quasar,0.9577460885047913,1,quasar,0.8766425848007202,1,quasar,0.6036076545715332,1,quasar,0.9637085795402527,1,quasar,0.4874427020549774
931,1,quasar,1,quasar,True,1,quasar,True,True,1,quasar,0.8939281105995178,1,quasar,0.8134411573410034,1,quasar,0.911798894405365,2,star,0.5268046259880066,1,quasar,0.9349069595336914,2,star,0.6022759675979614
932,1,quasar,1,quasar,True,1,quasar,True,True,1,quasar,0.9465998411178589,1,quasar,0.8920679092407227,1,quasar,0.8891817331314087,1,quasar,0.5032246708869934,1,quasar,0.9695576429367065,1,quasar,0.5849652886390686
933,1,quasar,1,quasar,True,1,quasar,True,True,1,quasar,0.6983175277709961,1,quasar,0.8863710761070251,1,quasar,0.802431583404541,2,star,0.5445453524589539,1,quasar,0.8505330085754395,1,quasar,0.5865758657455444
934,1,quasar,1,quasar,True,1,quasar,True,True,1,quasar,0.6811135411262512,1,quasar,0.5387363433837891,1,quasar,0.6380400061607361,2,star,0.6636397242546082,1,quasar,0.7043213248252869,2,star,0.6601753234863281
935,1,quasar,2,star,False,2,star,False,True,1,quasar,0.5214865803718567,2,star,0.5611945986747742,2,star,0.9038106203079224,2,star,0.574327290058136,2,star,0.6176493167877197,2,star,0.5025562047958374
936,1,quasar,2,star,False,1,quasar,True,False,2,star,0.5465231537818909,2,star,0.5476092100143433,1,quasar,0.7155094742774963,2,star,0.5388320088386536,1,quasar,0.765667736530304,2,star,0.7449902296066284
937,1,quasar,1,quasar,True,1,quasar,True,True,1,quasar,0.6688127517700195,1,quasar,0.9234023690223694,1,quasar,0.9156603217124939,1,quasar,0.6734945774078369,1,quasar,0.9588545560836792,0,galaxy,0.5397307276725769
938,1,quasar,2,star,False,2,star,False,True,1,quasar,0.5441537499427795,2,star,0.569678008556366,2,star,0.7271740436553955,2,star,0.6559721827507019,2,star,0.6787130236625671,2,star,0.6836499571800232
939,1,quasar,1,quasar,True,1,quasar,True,True,1,quasar,0.7164408564567566,1,quasar,0.6741346120834351,1,quasar,0.8444083333015442,2,star,0.5437678694725037,1,quasar,0.7516610622406006,0,galaxy,0.434249609708786
940,1,quasar,1,quasar,True,1,quasar,True,True,1,quasar,0.9196046590805054,1,quasar,0.7784369587898254,1,quasar,0.776644766330719,1,quasar,0.528926432132721,1,quasar,0.7127420902252197,1,quasar,0.5293671488761902
941,1,quasar,1,quasar,True,1,quasar,True,True,1,quasar,0.944918155670166,1,quasar,0.6799154877662659,1,quasar,0.8858266472816467,2,star,0.5337445735931396,1,quasar,0.8436896800994873,1,quasar,0.7283059358596802
942,1,quasar,1,quasar,True,1,quasar,True,True,1,quasar,0.6678779721260071,1,quasar,0.800635814666748,1,quasar,0.7935592532157898,2,star,0.5615155100822449,1,quasar,0.719023585319519,1,quasar,0.4726805090904236
943,1,quasar,0,galaxy,False,0,galaxy,False,True,0,galaxy,0.9969053864479065,0,galaxy,0.9022702574729919,0,galaxy,0.9376423358917236,0,galaxy,0.8674507737159729,0,galaxy,0.8382952213287354,2,star,0.48562997579574585
944,1,quasar,0,galaxy,False,0,galaxy,False,True,1,quasar,0.5881912112236023,1,quasar,0.41865065693855286,0,galaxy,0.836752712726593,0,galaxy,0.963498592376709,0,galaxy,0.9068794846534729,2,star,0.38837218284606934
945,1,quasar,0,galaxy,False,0,galaxy,False,True,0,galaxy,0.9843048453330994,0,galaxy,0.988251268863678,0,galaxy,0.9737614393234253,0,galaxy,0.963290274143219,0,galaxy,0.9222077131271362,0,galaxy,0.9060009717941284
946,1,quasar,1,quasar,True,1,quasar,True,True,1,quasar,0.48846524953842163,0,galaxy,0.35121288895606995,1,quasar,0.4490828812122345,0,galaxy,0.6451441645622253,1,quasar,0.6049938797950745,2,star,0.8280055522918701
947,1,quasar,0,galaxy,False,0,galaxy,False,True,2,star,0.9997233748435974,0,galaxy,0.3700958788394928,0,galaxy,0.7440610527992249,0,galaxy,0.7456373572349548,0,galaxy,0.6532443165779114,2,star,0.39026227593421936
948,1,quasar,2,star,False,2,star,False,True,2,star,0.545360803604126,1,quasar,0.525107741355896,2,star,0.6027212142944336,2,star,0.5360795855522156,1,quasar,0.8689789175987244,2,star,0.7182675004005432
949,1,quasar,1,quasar,True,1,quasar,True,True,1,quasar,0.811955451965332,1,quasar,0.7128663063049316,1,quasar,0.9018357396125793,1,quasar,0.5140873789787292,1,quasar,0.9502882957458496,2,star,0.44965818524360657
950,1,quasar,1,quasar,True,1,quasar,True,True,1,quasar,0.8094679117202759,1,quasar,0.6051314473152161,1,quasar,0.8616886734962463,1,quasar,0.5796923041343689,1,quasar,0.8859034180641174,0,galaxy,0.5079532861709595
951,1,quasar,1,quasar,True,2,star,False,False,1,quasar,0.7321499586105347,2,star,0.6796817183494568,1,quasar,0.4964160919189453,2,star,0.6372877955436707,1,quasar,0.51856929063797,2,star,0.5400753617286682
952,1,quasar,1,quasar,True,1,quasar,True,True,1,quasar,0.9318820238113403,1,quasar,0.9610229730606079,1,quasar,0.7481546998023987,1,quasar,0.5872341990470886,1,quasar,0.7885676622390747,0,galaxy,0.4470215439796448
953,1,quasar,1,quasar,True,1,quasar,True,True,1,quasar,0.9212071299552917,1,quasar,0.6940615177154541,1,quasar,0.8315035700798035,1,quasar,0.6104758381843567,1,quasar,0.8193011283874512,2,star,0.42384302616119385
954,1,quasar,1,quasar,True,1,quasar,True,True,1,quasar,0.7785605788230896,1,quasar,0.5077165365219116,1,quasar,0.6469654440879822,1,quasar,0.5138416886329651,1,quasar,0.6535326838493347,2,star,0.5482979416847229
955,1,quasar,1,quasar,True,1,quasar,True,True,1,quasar,0.9161840677261353,1,quasar,0.49008268117904663,1,quasar,0.6703911423683167,1,quasar,0.5459368824958801,1,quasar,0.747162938117981,0,galaxy,0.43118980526924133
956,1,quasar,1,quasar,True,1,quasar,True,True,2,star,0.4990215301513672,1,quasar,0.6209942102432251,1,quasar,0.5160177946090698,1,quasar,0.5741276741027832,1,quasar,0.6978920698165894,2,star,0.5626015663146973
957,1,quasar,1,quasar,True,1,quasar,True,True,1,quasar,0.7888928651809692,1,quasar,0.8186795115470886,1,quasar,0.5673194527626038,1,quasar,0.5766761302947998,1,quasar,0.6725729703903198,0,galaxy,0.5882205963134766
958,1,quasar,1,quasar,True,1,quasar,True,True,2,star,0.67920982837677,1,quasar,0.7457024455070496,1,quasar,0.8273850679397583,1,quasar,0.5954358577728271,1,quasar,0.9409810304641724,2,star,0.5218717455863953
959,1,quasar,1,quasar,True,1,quasar,True,True,1,quasar,0.7219089269638062,1,quasar,0.7330952286720276,1,quasar,0.8446770906448364,1,quasar,0.5944632887840271,1,quasar,0.7427072525024414,0,galaxy,0.5000261664390564
960,1,quasar,1,quasar,True,1,quasar,True,True,1,quasar,0.66685950756073,1,quasar,0.5327098965644836,1,quasar,0.7815346121788025,1,quasar,0.5978185534477234,1,quasar,0.8179394006729126,2,star,0.5121368765830994
961,1,quasar,1,quasar,True,1,quasar,True,True,1,quasar,0.7669919729232788,1,quasar,0.7625669240951538,1,quasar,0.7618115544319153,2,star,0.5602422952651978,1,quasar,0.964035153388977,2,star,0.6705142855644226
962,1,quasar,1,quasar,True,1,quasar,True,True,1,quasar,0.699070930480957,1,quasar,0.6810517311096191,1,quasar,0.8412464261054993,1,quasar,0.6497890949249268,1,quasar,0.8026893138885498,2,star,0.6740149259567261
963,1,quasar,1,quasar,True,1,quasar,True,True,1,quasar,0.6656862497329712,1,quasar,0.6745079159736633,1,quasar,0.7954009771347046,1,quasar,0.4815254807472229,1,quasar,0.8228216767311096,0,galaxy,0.5175078511238098
964,1,quasar,1,quasar,True,1,quasar,True,True,1,quasar,0.6732274293899536,1,quasar,0.6901982426643372,1,quasar,0.8423347473144531,1,quasar,0.6121689081192017,1,quasar,0.8908055424690247,2,star,0.4702955484390259
965,1,quasar,2,star,False,1,quasar,True,False,2,star,0.5325262546539307,1,quasar,0.6417334079742432,2,star,0.504875898361206,2,star,0.6495473384857178,1,quasar,0.6942553520202637,2,star,0.5421943664550781
966,1,quasar,1,quasar,True,2,star,False,False,1,quasar,0.43159782886505127,1,quasar,0.6239423751831055,1,quasar,0.5702764391899109,2,star,0.7316926121711731,2,star,0.742210865020752,0,galaxy,0.4877423346042633
967,1,quasar,1,quasar,True,1,quasar,True,True,1,quasar,0.9493903517723083,1,quasar,0.614749014377594,1,quasar,0.6741198897361755,1,quasar,0.6498261094093323,1,quasar,0.882255494594574,1,quasar,0.5863828063011169
968,1,quasar,1,quasar,True,1,quasar,True,True,1,quasar,0.5487893223762512,1,quasar,0.8677873611450195,1,quasar,0.8558619022369385,1,quasar,0.6366877555847168,1,quasar,0.8095864057540894,2,star,0.6177061200141907
969,1,quasar,1,quasar,True,1,quasar,True,True,1,quasar,0.7607768177986145,1,quasar,0.7166329026222229,1,quasar,0.8971638679504395,1,quasar,0.5891202688217163,1,quasar,0.9222448468208313,2,star,0.6051686406135559
970,1,quasar,1,quasar,True,1,quasar,True,True,2,star,0.6750837564468384,1,quasar,0.5358243584632874,1,quasar,0.7186217904090881,1,quasar,0.5858540534973145,1,quasar,0.6515716314315796,2,star,0.6377133727073669
971,1,quasar,1,quasar,True,1,quasar,True,True,1,quasar,0.9261282682418823,1,quasar,0.8474118709564209,1,quasar,0.8466367125511169,2,star,0.5081932544708252,1,quasar,0.9490134716033936,1,quasar,0.5006697177886963
972,1,quasar,1,quasar,True,1,quasar,True,True,2,star,0.6606828570365906,2,star,0.5657485127449036,1,quasar,0.5435179471969604,1,quasar,0.6056199669837952,1,quasar,0.8090004920959473,2,star,0.5260066390037537
973,1,quasar,1,quasar,True,1,quasar,True,True,1,quasar,0.8870007395744324,1,quasar,0.5233646631240845,1,quasar,0.6308368444442749,2,star,0.665355384349823,1,quasar,0.5273452401161194,2,star,0.5442863702774048
974,1,quasar,1,quasar,True,1,quasar,True,True,2,star,0.6391834020614624,1,quasar,0.6720781922340393,1,quasar,0.8876961469650269,1,quasar,0.634157121181488,1,quasar,0.9696266055107117,2,star,0.4022376239299774
975,1,quasar,1,quasar,True,1,quasar,True,True,1,quasar,0.8418269753456116,1,quasar,0.7560832500457764,1,quasar,0.8239737153053284,1,quasar,0.5625147819519043,1,quasar,0.8808372020721436,0,galaxy,0.5536836385726929
976,1,quasar,1,quasar,True,1,quasar,True,True,1,quasar,0.8089160323143005,2,star,0.4976329207420349,1,quasar,0.9027230143547058,2,star,0.4987453818321228,1,quasar,0.7812473773956299,2,star,0.5978066921234131
977,1,quasar,1,quasar,True,1,quasar,True,True,1,quasar,0.8163970708847046,2,star,0.6478703022003174,1,quasar,0.7938516139984131,1,quasar,0.49724143743515015,1,quasar,0.7653471827507019,2,star,0.5930286049842834
978,1,quasar,1,quasar,True,1,quasar,True,True,1,quasar,0.9070421457290649,1,quasar,0.7632597088813782,1,quasar,0.8282620906829834,1,quasar,0.5921841263771057,1,quasar,0.5037676095962524,2,star,0.7501747608184814
979,1,quasar,1,quasar,True,1,quasar,True,True,1,quasar,0.4982403814792633,1,quasar,0.8655861020088196,1,quasar,0.9033774137496948,1,quasar,0.6613611578941345,1,quasar,0.9700222611427307,1,quasar,0.5215509533882141
980,1,quasar,1,quasar,True,1,quasar,True,True,1,quasar,0.7051569819450378,1,quasar,0.6019540429115295,1,quasar,0.8446366190910339,2,star,0.5951587557792664,1,quasar,0.748069703578949,1,quasar,0.6544556021690369
981,1,quasar,1,quasar,True,1,quasar,True,True,1,quasar,0.540726363658905,1,quasar,0.8052029013633728,1,quasar,0.8578370213508606,1,quasar,0.5393827557563782,1,quasar,0.8458859920501709,1,quasar,0.47875624895095825
982,1,quasar,1,quasar,True,1,quasar,True,True,1,quasar,0.7799437046051025,1,quasar,0.5354511737823486,1,quasar,0.8033617734909058,1,quasar,0.6128998398780823,1,quasar,0.8432997465133667,1,quasar,0.6702399253845215
983,1,quasar,1,quasar,True,1,quasar,True,True,1,quasar,0.6139862537384033,1,quasar,0.9042662978172302,1,quasar,0.7788321375846863,1,quasar,0.6662957072257996,1,quasar,0.9216019511222839,1,quasar,0.5210817456245422
984,1,quasar,2,star,False,2,star,False,True,1,quasar,0.48151296377182007,2,star,0.657874345779419,2,star,0.9579088687896729,2,star,0.6639790534973145,2,star,0.6611427068710327,1,quasar,0.6075554490089417
985,1,quasar,1,quasar,True,1,quasar,True,True,1,quasar,0.9194430708885193,1,quasar,0.8623306155204773,1,quasar,0.8677958846092224,1,quasar,0.48662781715393066,1,quasar,0.8750236630439758,1,quasar,0.7760093808174133
986,1,quasar,1,quasar,True,1,quasar,True,True,1,quasar,0.9556206464767456,1,quasar,0.8908872604370117,1,quasar,0.7583519816398621,1,quasar,0.7065754532814026,1,quasar,0.5221067070960999,1,quasar,0.5327464938163757
987,1,quasar,1,quasar,True,1,quasar,True,True,1,quasar,0.8331251740455627,1,quasar,0.7794768810272217,1,quasar,0.6895224452018738,2,star,0.49300822615623474,1,quasar,0.8618974089622498,1,quasar,0.49683383107185364
988,1,quasar,1,quasar,True,1,quasar,True,True,2,star,0.5186113715171814,1,quasar,0.8171461820602417,1,quasar,0.861611545085907,2,star,0.5648239850997925,1,quasar,0.9360391497612,2,star,0.5014957785606384
989,1,quasar,0,galaxy,False,0,galaxy,False,True,0,galaxy,0.9680936336517334,0,galaxy,0.9629465937614441,0,galaxy,0.9434263110160828,0,galaxy,0.9286161065101624,0,galaxy,0.9275707006454468,0,galaxy,0.5509526133537292
990,1,quasar,1,quasar,True,1,quasar,True,True,1,quasar,0.998250424861908,1,quasar,0.953787088394165,1,quasar,0.691848874092102,1,quasar,0.6187853217124939,1,quasar,0.5843998193740845,1,quasar,0.771830677986145
991,1,quasar,1,quasar,True,1,quasar,True,True,1,quasar,0.9177522659301758,1,quasar,0.8085518479347229,1,quasar,0.8056343197822571,1,quasar,0.6610422730445862,1,quasar,0.7831336855888367,1,quasar,0.5097392797470093
992,1,quasar,1,quasar,True,1,quasar,True,True,1,quasar,0.912531852722168,1,quasar,0.8849607706069946,1,quasar,0.9007195234298706,1,quasar,0.6432918906211853,1,quasar,0.7206875085830688,1,quasar,0.7033814787864685
993,1,quasar,1,quasar,True,1,quasar,True,True,1,quasar,0.871617317199707,1,quasar,0.855852484703064,1,quasar,0.6972453594207764,1,quasar,0.5917064547538757,1,quasar,0.7883073091506958,1,quasar,0.37385788559913635
994,1,quasar,1,quasar,True,1,quasar,True,True,1,quasar,0.7885880470275879,1,quasar,0.8047401309013367,1,quasar,0.3831406831741333,0,galaxy,0.8553116917610168,1,quasar,0.7229979038238525,0,galaxy,0.4768298268318176
995,1,quasar,1,quasar,True,1,quasar,True,True,1,quasar,0.766971230506897,1,quasar,0.762495219707489,1,quasar,0.7699002027511597,1,quasar,0.6781794428825378,1,quasar,0.8223188519477844,1,quasar,0.4034915864467621
996,1,quasar,1,quasar,True,1,quasar,True,True,1,quasar,0.7319204807281494,1,quasar,0.5645363926887512,1,quasar,0.8776272535324097,2,star,0.5342512726783752,1,quasar,0.6272826790809631,1,quasar,0.5179092884063721
997,1,quasar,1,quasar,True,1,quasar,True,True,1,quasar,0.5832118988037109,1,quasar,0.8495966196060181,1,quasar,0.6687686443328857,1,quasar,0.5876110792160034,1,quasar,0.6633461713790894,1,quasar,0.43880775570869446
998,1,quasar,1,quasar,True,1,quasar,True,True,1,quasar,0.8184937238693237,1,quasar,0.8905587196350098,1,quasar,0.8324166536331177,1,quasar,0.6070417761802673,1,quasar,0.6696237325668335,1,quasar,0.566999077796936
999,1,quasar,1,quasar,True,1,quasar,True,True,2,star,0.5357220768928528,1,quasar,0.7277411818504333,2,star,0.5050503611564636,1,quasar,0.4731828272342682,1,quasar,0.7051619291305542,1,quasar,0.4455612301826477
1000,1,quasar,1,quasar,True,1,quasar,True,True,1,quasar,0.8081973195075989,1,quasar,0.776164174079895,1,quasar,0.8266428709030151,1,quasar,0.5892070531845093,1,quasar,0.7498002648353577,1,quasar,0.6409565806388855
1001,1,quasar,1,quasar,True,1,quasar,True,True,1,quasar,0.9590544700622559,1,quasar,0.8237901926040649,1,quasar,0.7396708130836487,1,quasar,0.5632970333099365,1,quasar,0.7539427280426025,1,quasar,0.5136154294013977
1002,1,quasar,1,quasar,True,1,quasar,True,True,2,star,0.6427072882652283,1,quasar,0.5740053057670593,1,quasar,0.6985880136489868,1,quasar,0.5122509598731995,1,quasar,0.5805103182792664,2,star,0.5036210417747498
1003,1,quasar,1,quasar,True,1,quasar,True,True,1,quasar,0.6393303871154785,1,quasar,0.8097048401832581,1,quasar,0.835416853427887,1,quasar,0.6996762752532959,1,quasar,0.9709248542785645,1,quasar,0.5520604848861694
1004,1,quasar,1,quasar,True,1,quasar,True,True,1,quasar,0.6375457048416138,1,quasar,0.6139060258865356,1,quasar,0.8530886173248291,1,quasar,0.6305698752403259,1,quasar,0.8065761923789978,2,star,0.8126459717750549
1005,1,quasar,1,quasar,True,1,quasar,True,True,1,quasar,0.7233720421791077,1,quasar,0.6574904918670654,2,star,0.5429077744483948,1,quasar,0.5755615234375,1,quasar,0.84737229347229,1,quasar,0.6363765597343445
1006,1,quasar,1,quasar,True,1,quasar,True,True,1,quasar,0.8686938285827637,1,quasar,0.8397987484931946,1,quasar,0.8485657572746277,1,quasar,0.5729116797447205,1,quasar,0.719158411026001,1,quasar,0.7195423245429993
1007,1,quasar,1,quasar,True,1,quasar,True,True,1,quasar,0.9520182609558105,1,quasar,0.8849225044250488,1,quasar,0.8651263117790222,1,quasar,0.49899885058403015,1,quasar,0.9358591437339783,2,star,0.4528798758983612
1008,1,quasar,1,quasar,True,1,quasar,True,True,1,quasar,0.9117112755775452,1,quasar,0.6867836713790894,1,quasar,0.7730827927589417,2,star,0.6018312573432922,1,quasar,0.7018133401870728,2,star,0.6492016315460205
1009,1,quasar,1,quasar,True,1,quasar,True,True,1,quasar,0.962095320224762,1,quasar,0.6708230376243591,1,quasar,0.8820142149925232,2,star,0.6461906433105469,1,quasar,0.7426011562347412,1,quasar,0.6370126008987427
1010,1,quasar,2,star,False,2,star,False,True,2,star,0.5181981921195984,2,star,0.4307044446468353,2,star,0.7004171013832092,2,star,0.6880687475204468,1,quasar,0.5434410572052002,2,star,0.7960285544395447
1011,1,quasar,1,quasar,True,1,quasar,True,True,2,star,0.5143027305603027,1,quasar,0.6106162667274475,1,quasar,0.8928001523017883,1,quasar,0.6291690468788147,1,quasar,0.8714830875396729,2,star,0.49695709347724915
1012,1,quasar,1,quasar,True,1,quasar,True,True,1,quasar,0.56946861743927,2,star,0.5141223669052124,1,quasar,0.443852037191391,1,quasar,0.5321711301803589,1,quasar,0.8651621341705322,2,star,0.6074162721633911
1013,1,quasar,1,quasar,True,1,quasar,True,True,1,quasar,0.9843912124633789,1,quasar,0.7772905826568604,1,quasar,0.8724843263626099,1,quasar,0.61299067735672,1,quasar,0.9184884428977966,0,galaxy,0.3850821554660797
1014,1,quasar,1,quasar,True,1,quasar,True,True,1,quasar,0.9584468007087708,1,quasar,0.6958519220352173,1,quasar,0.8744370341300964,1,quasar,0.6564436554908752,1,quasar,0.8591110706329346,2,star,0.3999782204627991
1015,1,quasar,1,quasar,True,1,quasar,True,True,1,quasar,0.9955541491508484,1,quasar,0.9418097138404846,1,quasar,0.8754463791847229,1,quasar,0.5949747562408447,1,quasar,0.9317907094955444,1,quasar,0.6034437417984009
1016,1,quasar,1,quasar,True,1,quasar,True,True,1,quasar,0.9362173676490784,1,quasar,0.9697423577308655,1,quasar,0.9218712449073792,1,quasar,0.5850527286529541,1,quasar,0.9766769409179688,1,quasar,0.5408064126968384
1017,1,quasar,1,quasar,True,1,quasar,True,True,1,quasar,0.820963442325592,1,quasar,0.860815703868866,1,quasar,0.851179838180542,1,quasar,0.6626570224761963,1,quasar,0.9681503176689148,1,quasar,0.6627523899078369
1018,1,quasar,1,quasar,True,1,quasar,True,True,1,quasar,0.9886015057563782,1,quasar,0.924800455570221,1,quasar,0.9080237150192261,1,quasar,0.6838538646697998,1,quasar,0.9747462868690491,1,quasar,0.6453779339790344
1019,1,quasar,1,quasar,True,1,quasar,True,True,1,quasar,0.9542829394340515,1,quasar,0.7286686897277832,1,quasar,0.8707491159439087,1,quasar,0.5384493470191956,1,quasar,0.6814602017402649,1,quasar,0.558738648891449
1020,1,quasar,1,quasar,True,1,quasar,True,True,1,quasar,0.6100867986679077,1,quasar,0.9722129106521606,1,quasar,0.5252992510795593,1,quasar,0.5828038454055786,1,quasar,0.8362963795661926,1,quasar,0.7713406682014465
1021,1,quasar,1,quasar,True,1,quasar,True,True,1,quasar,0.9891557097434998,1,quasar,0.9034557938575745,0,galaxy,0.8667272925376892,0,galaxy,0.8297261595726013,1,quasar,0.5528466105461121,1,quasar,0.5097655057907104
1022,1,quasar,1,quasar,True,1,quasar,True,True,1,quasar,0.9475314617156982,1,quasar,0.9089723825454712,1,quasar,0.6471768021583557,1,quasar,0.6148914694786072,1,quasar,0.9618707895278931,1,quasar,0.5986264944076538
1023,1,quasar,1,quasar,True,1,quasar,True,True,1,quasar,0.9234034419059753,1,quasar,0.7223958373069763,1,quasar,0.8723870515823364,2,star,0.5665606260299683,1,quasar,0.8606287837028503,1,quasar,0.5193780660629272
1024,1,quasar,1,quasar,True,1,quasar,True,True,1,quasar,0.997848629951477,1,quasar,0.9401870965957642,1,quasar,0.9186052083969116,1,quasar,0.5777125358581543,1,quasar,0.9743115305900574,1,quasar,0.5436081290245056
1025,1,quasar,1,quasar,True,1,quasar,True,True,1,quasar,0.9869329333305359,1,quasar,0.8157059550285339,1,quasar,0.7898590564727783,1,quasar,0.6083452701568604,1,quasar,0.8077725172042847,1,quasar,0.4225841462612152
1026,1,quasar,1,quasar,True,1,quasar,True,True,1,quasar,0.881563127040863,1,quasar,0.8936231732368469,1,quasar,0.8171548843383789,1,quasar,0.6654824018478394,1,quasar,0.9769431352615356,0,galaxy,0.5861579775810242
1027,1,quasar,1,quasar,True,1,quasar,True,True,2,star,0.5003803372383118,1,quasar,0.8449707627296448,1,quasar,0.8649751543998718,1,quasar,0.5459135174751282,1,quasar,0.8126482367515564,0,galaxy,0.9145588278770447
1028,1,quasar,1,quasar,True,1,quasar,True,True,1,quasar,0.9766204357147217,1,quasar,0.9829603433609009,1,quasar,0.7921098470687866,2,star,0.5531517863273621,1,quasar,0.8057678937911987,1,quasar,0.4965023696422577
1029,1,quasar,1,quasar,True,1,quasar,True,True,1,quasar,0.8988667130470276,1,quasar,0.836588442325592,1,quasar,0.7439535856246948,1,quasar,0.6193931102752686,1,quasar,0.8877213597297668,0,galaxy,0.4585467278957367
1030,1,quasar,1,quasar,True,1,quasar,True,True,1,quasar,0.9907596111297607,1,quasar,0.9460144639015198,1,quasar,0.8094269037246704,2,star,0.6068240404129028,1,quasar,0.9242888689041138,1,quasar,0.8141184449195862
1031,1,quasar,1,quasar,True,1,quasar,True,True,1,quasar,0.9350014925003052,1,quasar,0.47900840640068054,1,quasar,0.7834168076515198,2,star,0.5235165357589722,1,quasar,0.7773014307022095,2,star,0.48181581497192383
1032,1,quasar,1,quasar,True,1,quasar,True,True,1,quasar,0.8249831795692444,1,quasar,0.82145094871521,1,quasar,0.8413000106811523,1,quasar,0.6026479005813599,1,quasar,0.9418681263923645,0,galaxy,0.5602641105651855
1033,1,quasar,1,quasar,True,1,quasar,True,True,1,quasar,0.9659996032714844,1,quasar,0.8619461059570312,1,quasar,0.9211524128913879,2,star,0.5580438375473022,1,quasar,0.9791777729988098,1,quasar,0.47062280774116516
1034,1,quasar,1,quasar,True,1,quasar,True,True,1,quasar,0.9988495111465454,1,quasar,0.9258346557617188,1,quasar,0.8966243863105774,1,quasar,0.5564177632331848,1,quasar,0.9670965671539307,1,quasar,0.5397383570671082
1035,1,quasar,1,quasar,True,1,quasar,True,True,1,quasar,0.8738742470741272,1,quasar,0.8390888571739197,1,quasar,0.6536039710044861,1,quasar,0.522554337978363,1,quasar,0.8761927485466003,1,quasar,0.7341036796569824
1036,1,quasar,1,quasar,True,1,quasar,True,True,1,quasar,0.9864371418952942,1,quasar,0.9302398562431335,1,quasar,0.7969505786895752,1,quasar,0.5961599946022034,1,quasar,0.8751194477081299,1,quasar,0.7411462664604187
1037,1,quasar,1,quasar,True,1,quasar,True,True,1,quasar,0.6916636824607849,1,quasar,0.866765022277832,1,quasar,0.7207080125808716,1,quasar,0.671009361743927,1,quasar,0.9064069986343384,1,quasar,0.654829740524292
1038,1,quasar,1,quasar,True,1,quasar,True,True,1,quasar,0.9573672413825989,1,quasar,0.9305566549301147,1,quasar,0.560788631439209,0,galaxy,0.4673994183540344,1,quasar,0.7161796689033508,1,quasar,0.6480259895324707
1039,1,quasar,1,quasar,True,1,quasar,True,True,1,quasar,0.9750036597251892,1,quasar,0.8111506104469299,1,quasar,0.7850570678710938,1,quasar,0.6096370816230774,1,quasar,0.7854152321815491,1,quasar,0.5401195883750916
1040,1,quasar,1,quasar,True,1,quasar,True,True,1,quasar,0.9149904847145081,1,quasar,0.8442686200141907,1,quasar,0.8580368757247925,1,quasar,0.5910922884941101,1,quasar,0.8695927262306213,1,quasar,0.654437780380249
1041,1,quasar,1,quasar,True,1,quasar,True,True,1,quasar,0.9904682040214539,1,quasar,0.8332405090332031,1,quasar,0.8460023403167725,1,quasar,0.6347524523735046,1,quasar,0.8957201242446899,1,quasar,0.6875641942024231
1042,1,quasar,1,quasar,True,1,quasar,True,True,1,quasar,0.758882999420166,1,quasar,0.6686676144599915,1,quasar,0.7946025729179382,1,quasar,0.5297874212265015,1,quasar,0.8452371954917908,1,quasar,0.6204211115837097
1043,1,quasar,1,quasar,True,1,quasar,True,True,1,quasar,0.9169395565986633,1,quasar,0.7857496738433838,1,quasar,0.880627453327179,1,quasar,0.5967695116996765,1,quasar,0.9296795129776001,1,quasar,0.5018307566642761
1044,1,quasar,1,quasar,True,1,quasar,True,True,1,quasar,0.9563714265823364,1,quasar,0.8912624716758728,1,quasar,0.7261294722557068,1,quasar,0.6523935198783875,1,quasar,0.8313749432563782,1,quasar,0.685858428478241
1045,1,quasar,1,quasar,True,1,quasar,True,True,1,quasar,0.5964859127998352,1,quasar,0.6389579772949219,1,quasar,0.8715510964393616,2,star,0.610069751739502,1,quasar,0.9549728035926819,2,star,0.5375387072563171
1046,1,quasar,1,quasar,True,1,quasar,True,True,1,quasar,0.8521868586540222,0,galaxy,0.49570292234420776,0,galaxy,0.4665406346321106,1,quasar,0.47553253173828125,1,quasar,0.8787581920623779,1,quasar,0.46389326453208923
1047,1,quasar,1,quasar,True,1,quasar,True,True,1,quasar,0.9415489435195923,1,quasar,0.9622483849525452,1,quasar,0.741968035697937,1,quasar,0.605322539806366,1,quasar,0.8163009881973267,0,galaxy,0.5395448207855225
1048,1,quasar,1,quasar,True,1,quasar,True,True,1,quasar,0.9954264760017395,1,quasar,0.8039774298667908,1,quasar,0.8335123062133789,1,quasar,0.6003459692001343,1,quasar,0.8484707474708557,1,quasar,0.6181806921958923
1049,1,quasar,1,quasar,True,1,quasar,True,True,1,quasar,0.9878768920898438,1,quasar,0.6743869781494141,1,quasar,0.8197685480117798,1,quasar,0.6072949171066284,1,quasar,0.8590206503868103,1,quasar,0.564487636089325
1050,1,quasar,1,quasar,True,1,quasar,True,True,1,quasar,0.9939121007919312,1,quasar,0.8860201239585876,1,quasar,0.8563467264175415,1,quasar,0.6217942833900452,1,quasar,0.9391933083534241,1,quasar,0.5370011329650879
1051,1,quasar,1,quasar,True,1,quasar,True,True,1,quasar,0.8994126915931702,1,quasar,0.6671146750450134,1,quasar,0.6861163973808289,2,star,0.6232954859733582,1,quasar,0.8083398938179016,1,quasar,0.5724034309387207
1052,1,quasar,1,quasar,True,1,quasar,True,True,1,quasar,0.9975222945213318,1,quasar,0.8077593445777893,1,quasar,0.8039352893829346,1,quasar,0.6110609769821167,1,quasar,0.8430709838867188,1,quasar,0.6607800722122192
1053,1,quasar,1,quasar,True,1,quasar,True,True,2,star,0.7720566391944885,1,quasar,0.9746886491775513,1,quasar,0.8517709970474243,1,quasar,0.6054980158805847,1,quasar,0.8574376106262207,1,quasar,0.6673487424850464
1054,1,quasar,1,quasar,True,1,quasar,True,True,1,quasar,0.9866845011711121,1,quasar,0.8522397875785828,1,quasar,0.8479102253913879,1,quasar,0.5099032521247864,1,quasar,0.6996259689331055,1,quasar,0.6905356645584106
1055,1,quasar,1,quasar,True,1,quasar,True,True,1,quasar,0.8432570099830627,1,quasar,0.5508772730827332,1,quasar,0.8243391513824463,1,quasar,0.618482768535614,1,quasar,0.8991976976394653,1,quasar,0.5466405153274536
1056,1,quasar,1,quasar,True,1,quasar,True,True,0,galaxy,0.3815934956073761,1,quasar,0.7429074645042419,1,quasar,0.7477400898933411,1,quasar,0.6194390058517456,1,quasar,0.7717878818511963,1,quasar,0.540893018245697
1057,1,quasar,1,quasar,True,1,quasar,True,True,2,star,0.7711800336837769,1,quasar,0.7311301231384277,1,quasar,0.8236106038093567,1,quasar,0.6414677500724792,1,quasar,0.8484178781509399,1,quasar,0.5151032209396362
1058,1,quasar,1,quasar,True,1,quasar,True,True,1,quasar,0.9918035268783569,1,quasar,0.9259492754936218,1,quasar,0.88609778881073,1,quasar,0.6348797082901001,1,quasar,0.92192542552948,1,quasar,0.6771588921546936
1059,1,quasar,1,quasar,True,1,quasar,True,True,1,quasar,0.8753638863563538,1,quasar,0.9456881880760193,1,quasar,0.8278130292892456,1,quasar,0.6194773316383362,1,quasar,0.9254787564277649,1,quasar,0.6339529752731323
1060,1,quasar,1,quasar,True,1,quasar,True,True,1,quasar,0.999592125415802,1,quasar,0.9612898230552673,1,quasar,0.9161754846572876,1,quasar,0.6679332256317139,1,quasar,0.9642753005027771,1,quasar,0.6230084896087646
1061,1,quasar,1,quasar,True,1,quasar,True,True,1,quasar,0.9996355772018433,1,quasar,0.8414784669876099,1,quasar,0.8411465287208557,1,quasar,0.6002777814865112,1,quasar,0.8755162954330444,1,quasar,0.6252585649490356
1062,1,quasar,1,quasar,True,1,quasar,True,True,1,quasar,0.9414739012718201,1,quasar,0.8510145545005798,1,quasar,0.8254078030586243,1,quasar,0.6143136024475098,1,quasar,0.8317307233810425,1,quasar,0.5432430505752563
1063,1,quasar,1,quasar,True,1,quasar,True,True,1,quasar,0.9340280890464783,1,quasar,0.5956301093101501,1,quasar,0.7140333652496338,1,quasar,0.5123046636581421,1,quasar,0.830562949180603,1,quasar,0.597756564617157
1064,1,quasar,1,quasar,True,1,quasar,True,True,1,quasar,0.8636409044265747,1,quasar,0.9340745806694031,1,quasar,0.9074614644050598,1,quasar,0.5201433897018433,1,quasar,0.9576071500778198,1,quasar,0.6629716753959656
1065,1,quasar,2,star,False,2,star,False,True,2,star,0.7393775582313538,2,star,0.5196060538291931,2,star,0.7804383039474487,2,star,0.6206286549568176,1,quasar,0.767311155796051,1,quasar,0.4039061963558197
1066,1,quasar,1,quasar,True,1,quasar,True,True,1,quasar,0.6793611645698547,1,quasar,0.7857924699783325,1,quasar,0.8780683875083923,1,quasar,0.6165890097618103,1,quasar,0.909909725189209,1,quasar,0.46540671586990356
1067,1,quasar,1,quasar,True,1,quasar,True,True,1,quasar,0.9351099133491516,1,quasar,0.8224630951881409,1,quasar,0.8960750102996826,2,star,0.5497678518295288,1,quasar,0.8971794247627258,1,quasar,0.6486054062843323
1068,1,quasar,1,quasar,True,1,quasar,True,True,1,quasar,0.9827254414558411,1,quasar,0.9836905598640442,1,quasar,0.681159496307373,1,quasar,0.5482109785079956,1,quasar,0.8967715501785278,1,quasar,0.6999090909957886
1069,1,quasar,1,quasar,True,1,quasar,True,True,1,quasar,0.7716831564903259,1,quasar,0.8487074971199036,1,quasar,0.8243278861045837,1,quasar,0.5975826978683472,1,quasar,0.9093897938728333,1,quasar,0.4011964499950409
1070,1,quasar,1,quasar,True,1,quasar,True,True,1,quasar,0.8294965028762817,1,quasar,0.8490026593208313,1,quasar,0.7132302522659302,2,star,0.5322904586791992,1,quasar,0.6435253620147705,0,galaxy,0.3957841992378235
1071,1,quasar,1,quasar,True,1,quasar,True,True,1,quasar,0.9978653788566589,1,quasar,0.9469897747039795,1,quasar,0.8547965884208679,1,quasar,0.6118124127388,1,quasar,0.9623039960861206,1,quasar,0.4233846068382263
1072,1,quasar,1,quasar,True,1,quasar,True,True,1,quasar,0.9777429103851318,1,quasar,0.9749820232391357,1,quasar,0.8542051315307617,1,quasar,0.544157087802887,1,quasar,0.9416244029998779,1,quasar,0.8301851749420166
1073,1,quasar,1,quasar,True,1,quasar,True,True,1,quasar,0.96170574426651,1,quasar,0.9540826082229614,1,quasar,0.9230660200119019,2,star,0.5311226844787598,1,quasar,0.9710842370986938,1,quasar,0.6274697184562683
1074,1,quasar,1,quasar,True,1,quasar,True,True,1,quasar,0.9356644749641418,1,quasar,0.931707501411438,1,quasar,0.8791979551315308,1,quasar,0.6360756158828735,1,quasar,0.9231180548667908,1,quasar,0.7309485673904419
1075,1,quasar,1,quasar,True,1,quasar,True,True,1,quasar,0.8552628755569458,1,quasar,0.6946598291397095,1,quasar,0.8469527363777161,2,star,0.5211366415023804,1,quasar,0.9466438889503479,1,quasar,0.4461531937122345
1076,1,quasar,1,quasar,True,1,quasar,True,True,1,quasar,0.9955294728279114,1,quasar,0.9568122029304504,1,quasar,0.8806735277175903,1,quasar,0.6719256043434143,1,quasar,0.9753716588020325,1,quasar,0.5513088703155518
1077,1,quasar,1,quasar,True,1,quasar,True,True,1,quasar,0.9995606541633606,1,quasar,0.8684460520744324,1,quasar,0.80158931016922,1,quasar,0.5825010538101196,1,quasar,0.8417012691497803,1,quasar,0.8019895553588867
1078,1,quasar,1,quasar,True,1,quasar,True,True,1,quasar,0.9991365075111389,1,quasar,0.9700637459754944,1,quasar,0.7196390628814697,1,quasar,0.6493617296218872,1,quasar,0.8658970594406128,1,quasar,0.8121500015258789
1079,1,quasar,1,quasar,True,1,quasar,True,True,1,quasar,0.9363332986831665,1,quasar,0.9475517272949219,1,quasar,0.7613866329193115,1,quasar,0.6692211627960205,1,quasar,0.8020871877670288,1,quasar,0.8258792161941528
1080,1,quasar,1,quasar,True,1,quasar,True,True,1,quasar,0.9998743534088135,1,quasar,0.9853798747062683,1,quasar,0.8906774520874023,1,quasar,0.6700405478477478,1,quasar,0.9546108245849609,1,quasar,0.8960258960723877
1081,1,quasar,1,quasar,True,0,galaxy,False,False,1,quasar,0.6822344064712524,1,quasar,0.5331985950469971,2,star,0.5210272073745728,0,galaxy,0.9269260168075562,0,galaxy,0.8561309576034546,1,quasar,0.6000574231147766
1082,1,quasar,1,quasar,True,1,quasar,True,True,1,quasar,0.9953383207321167,1,quasar,0.9920348525047302,1,quasar,0.8852003216743469,1,quasar,0.6656544208526611,1,quasar,0.8025244474411011,1,quasar,0.8038426041603088
1083,1,quasar,1,quasar,True,1,quasar,True,True,1,quasar,0.999859094619751,1,quasar,0.9950408339500427,1,quasar,0.850621223449707,1,quasar,0.5833344459533691,1,quasar,0.9759113192558289,1,quasar,0.8028582334518433
1084,1,quasar,1,quasar,True,1,quasar,True,True,1,quasar,0.9895491600036621,1,quasar,0.9120591878890991,1,quasar,0.8637141585350037,1,quasar,0.5454666614532471,1,quasar,0.860024094581604,1,quasar,0.6054524779319763
1085,1,quasar,1,quasar,True,1,quasar,True,True,1,quasar,0.996058464050293,1,quasar,0.7422627210617065,2,star,0.6711873412132263,2,star,0.5113819241523743,2,star,0.8179819583892822,1,quasar,0.6601265072822571
1086,1,quasar,1,quasar,True,1,quasar,True,True,1,quasar,0.9997827410697937,1,quasar,0.9732460379600525,1,quasar,0.8776558041572571,1,quasar,0.673454999923706,1,quasar,0.964530348777771,1,quasar,0.8099856972694397
1087,1,quasar,1,quasar,True,1,quasar,True,True,1,quasar,0.9744716882705688,1,quasar,0.9040200114250183,1,quasar,0.9251430630683899,1,quasar,0.5086247324943542,1,quasar,0.9659267067909241,1,quasar,0.8153400421142578
1088,1,quasar,1,quasar,True,1,quasar,True,True,1,quasar,0.9313851594924927,1,quasar,0.7117144465446472,2,star,0.7061498165130615,1,quasar,0.6497191190719604,1,quasar,0.8483875393867493,1,quasar,0.45368894934654236
1089,1,quasar,2,star,False,2,star,False,True,2,star,0.9203755259513855,2,star,0.8145266771316528,2,star,0.6471369862556458,2,star,0.6238860487937927,2,star,0.8333307504653931,1,quasar,0.5537616014480591
1090,1,quasar,1,quasar,True,1,quasar,True,True,1,quasar,0.9916251301765442,1,quasar,0.9754087328910828,1,quasar,0.8944747447967529,1,quasar,0.6706711053848267,1,quasar,0.9210569262504578,1,quasar,0.8753933906555176
1091,1,quasar,1,quasar,True,1,quasar,True,True,1,quasar,0.9141811728477478,1,quasar,0.8473822474479675,1,quasar,0.7371524572372437,1,quasar,0.6009206771850586,1,quasar,0.7755569219589233,1,quasar,0.5390448570251465
1092,1,quasar,1,quasar,True,1,quasar,True,True,1,quasar,0.9985511898994446,1,quasar,0.9951199889183044,1,quasar,0.8696702718734741,1,quasar,0.6283631920814514,1,quasar,0.9124940633773804,1,quasar,0.7638092041015625
1093,1,quasar,1,quasar,True,1,quasar,True,True,1,quasar,0.9543164968490601,1,quasar,0.9879277348518372,1,quasar,0.849657416343689,2,star,0.6555731892585754,1,quasar,0.8719725608825684,1,quasar,0.6358457803726196
1094,1,quasar,1,quasar,True,1,quasar,True,True,1,quasar,0.9954596161842346,1,quasar,0.963523805141449,1,quasar,0.8640217781066895,1,quasar,0.6138768792152405,1,quasar,0.80241459608078,1,quasar,0.5647799968719482
1095,1,quasar,1,quasar,True,1,quasar,True,True,1,quasar,0.9820663928985596,1,quasar,0.9199586510658264,1,quasar,0.8301749229431152,1,quasar,0.6808791160583496,1,quasar,0.8450788259506226,1,quasar,0.625641405582428
1096,1,quasar,1,quasar,True,1,quasar,True,True,1,quasar,0.9374259114265442,1,quasar,0.9454850554466248,1,quasar,0.7724400758743286,1,quasar,0.6329262256622314,1,quasar,0.7753889560699463,1,quasar,0.5740665197372437
1097,1,quasar,1,quasar,True,1,quasar,True,True,1,quasar,0.984519362449646,1,quasar,0.9458895325660706,1,quasar,0.6669963598251343,2,star,0.6326898336410522,1,quasar,0.9731481671333313,1,quasar,0.8311842083930969
1098,1,quasar,1,quasar,True,1,quasar,True,True,1,quasar,0.9642404913902283,1,quasar,0.9611473679542542,1,quasar,0.8336999416351318,1,quasar,0.6367515921592712,1,quasar,0.8763255476951599,1,quasar,0.7912879586219788
1099,1,quasar,1,quasar,True,1,quasar,True,True,1,quasar,0.9918654561042786,1,quasar,0.8846150636672974,1,quasar,0.8683435916900635,1,quasar,0.5809968709945679,1,quasar,0.872401773929596,1,quasar,0.8135607838630676
1100,1,quasar,1,quasar,True,1,quasar,True,True,1,quasar,0.9841873645782471,1,quasar,0.955227792263031,1,quasar,0.8681333065032959,2,star,0.4979296624660492,1,quasar,0.9399769306182861,1,quasar,0.6722341179847717
1101,1,quasar,1,quasar,True,1,quasar,True,True,1,quasar,0.9989122152328491,1,quasar,0.9905051589012146,1,quasar,0.8224697709083557,1,quasar,0.6271801590919495,1,quasar,0.8732842803001404,1,quasar,0.7713561058044434
1102,1,quasar,1,quasar,True,1,quasar,True,True,1,quasar,0.9835264086723328,1,quasar,0.9125215411186218,1,quasar,0.8952346444129944,1,quasar,0.5659456849098206,1,quasar,0.8858758211135864,1,quasar,0.7654050588607788
1103,1,quasar,1,quasar,True,1,quasar,True,True,1,quasar,0.9850045442581177,1,quasar,0.9670224189758301,1,quasar,0.5189380645751953,2,star,0.5641753077507019,1,quasar,0.7860218286514282,1,quasar,0.7261833548545837
1104,1,quasar,1,quasar,True,1,quasar,True,True,1,quasar,0.7752487063407898,1,quasar,0.7264969348907471,1,quasar,0.7457573413848877,2,star,0.6149008870124817,1,quasar,0.7955678105354309,1,quasar,0.7212783694267273
1105,1,quasar,1,quasar,True,1,quasar,True,True,1,quasar,0.9870473146438599,1,quasar,0.9440727233886719,1,quasar,0.8957300782203674,1,quasar,0.5231189727783203,1,quasar,0.9353586435317993,1,quasar,0.9055954813957214
1106,1,quasar,1,quasar,True,1,quasar,True,True,1,quasar,0.9948166012763977,1,quasar,0.9804348945617676,1,quasar,0.8790958523750305,1,quasar,0.5773859024047852,1,quasar,0.9678347706794739,1,quasar,0.815619170665741
1107,1,quasar,1,quasar,True,1,quasar,True,True,1,quasar,0.9929935336112976,1,quasar,0.8876825571060181,1,quasar,0.7986160516738892,1,quasar,0.6081858277320862,1,quasar,0.8407648205757141,1,quasar,0.7220593094825745
1108,1,quasar,1,quasar,True,1,quasar,True,True,1,quasar,0.967004120349884,1,quasar,0.9875561594963074,1,quasar,0.936345636844635,2,star,0.5450541973114014,1,quasar,0.9749634265899658,1,quasar,0.8533333539962769
1109,1,quasar,1,quasar,True,2,star,False,False,1,quasar,0.5489578247070312,2,star,0.6472774147987366,2,star,0.8137805461883545,1,quasar,0.5144938230514526,1,quasar,0.6637725830078125,2,star,0.6035792231559753
1110,1,quasar,1,quasar,True,1,quasar,True,True,1,quasar,0.8441406488418579,1,quasar,0.8780661225318909,1,quasar,0.8680489659309387,2,star,0.49809446930885315,1,quasar,0.6813300848007202,2,star,0.6666748523712158
1111,1,quasar,1,quasar,True,1,quasar,True,True,1,quasar,0.9535227417945862,1,quasar,0.8486226797103882,1,quasar,0.8668115735054016,2,star,0.5291804671287537,1,quasar,0.9172216057777405,2,star,0.46779540181159973
1112,1,quasar,1,quasar,True,1,quasar,True,True,1,quasar,0.9553282260894775,1,quasar,0.8671417832374573,1,quasar,0.8426399827003479,1,quasar,0.6566019058227539,1,quasar,0.8938502669334412,2,star,0.40203553438186646
1113,1,quasar,1,quasar,True,1,quasar,True,True,1,quasar,0.8256829977035522,1,quasar,0.8078942894935608,1,quasar,0.8780648112297058,1,quasar,0.5921831130981445,1,quasar,0.9551936388015747,1,quasar,0.4823540151119232
1114,1,quasar,1,quasar,True,1,quasar,True,True,1,quasar,0.9704289436340332,1,quasar,0.8031402826309204,1,quasar,0.8475709557533264,2,star,0.5140768885612488,1,quasar,0.9634670615196228,2,star,0.42395588755607605
1115,1,quasar,1,quasar,True,1,quasar,True,True,2,star,0.5175256133079529,1,quasar,0.743469774723053,1,quasar,0.6691409945487976,1,quasar,0.6100420951843262,1,quasar,0.6782010793685913,2,star,0.5552409291267395
1116,1,quasar,1,quasar,True,1,quasar,True,True,2,star,0.6256357431411743,1,quasar,0.84241783618927,1,quasar,0.8943087458610535,1,quasar,0.6316269040107727,1,quasar,0.6831362843513489,1,quasar,0.646612823009491
1117,1,quasar,1,quasar,True,1,quasar,True,True,1,quasar,0.9018117785453796,1,quasar,0.771625816822052,1,quasar,0.8751771450042725,1,quasar,0.6120965480804443,1,quasar,0.922253429889679,2,star,0.6707162857055664
1118,1,quasar,1,quasar,True,1,quasar,True,True,1,quasar,0.778815507888794,1,quasar,0.8412103652954102,1,quasar,0.8952478766441345,1,quasar,0.6017612218856812,1,quasar,0.9762212634086609,1,quasar,0.46367147564888
1119,1,quasar,1,quasar,True,1,quasar,True,True,1,quasar,0.6533195972442627,1,quasar,0.8274778723716736,1,quasar,0.8976291418075562,1,quasar,0.6669842600822449,1,quasar,0.9737887978553772,2,star,0.46718117594718933
1120,1,quasar,1,quasar,True,1,quasar,True,True,1,quasar,0.540812611579895,1,quasar,0.5719479322433472,1,quasar,0.8664047718048096,1,quasar,0.626327633857727,1,quasar,0.8473601341247559,2,star,0.5101540684700012
1121,1,quasar,1,quasar,True,1,quasar,True,True,1,quasar,0.8848080635070801,1,quasar,0.7660087943077087,1,quasar,0.8695124983787537,1,quasar,0.5675678849220276,1,quasar,0.7831751108169556,1,quasar,0.42961379885673523
1122,1,quasar,1,quasar,True,1,quasar,True,True,1,quasar,0.9873225092887878,1,quasar,0.7970055937767029,1,quasar,0.8861418962478638,1,quasar,0.5759228467941284,1,quasar,0.9428791403770447,1,quasar,0.41106030344963074
1123,1,quasar,1,quasar,True,1,quasar,True,True,1,quasar,0.8943779468536377,1,quasar,0.807678759098053,1,quasar,0.8371663689613342,2,star,0.5455246567726135,1,quasar,0.7536391615867615,2,star,0.45141321420669556
1124,1,quasar,1,quasar,True,1,quasar,True,True,1,quasar,0.7480631470680237,1,quasar,0.8158898949623108,1,quasar,0.8513573408126831,1,quasar,0.6464698314666748,1,quasar,0.9558948278427124,2,star,0.5885485410690308
1125,1,quasar,1,quasar,True,1,quasar,True,True,1,quasar,0.8485121726989746,2,star,0.5429063439369202,1,quasar,0.8620324730873108,1,quasar,0.5733309984207153,1,quasar,0.8887749314308167,2,star,0.7043905854225159
1126,1,quasar,1,quasar,True,1,quasar,True,True,1,quasar,0.9087738394737244,1,quasar,0.9393463134765625,1,quasar,0.8333050608634949,1,quasar,0.5919818878173828,1,quasar,0.8081467747688293,1,quasar,0.3608570992946625
1127,1,quasar,1,quasar,True,1,quasar,True,True,1,quasar,0.7320907711982727,1,quasar,0.5313119292259216,1,quasar,0.8626318573951721,2,star,0.5488731861114502,1,quasar,0.9461400508880615,0,galaxy,0.6469154953956604
1128,1,quasar,1,quasar,True,1,quasar,True,True,2,star,0.5623869895935059,1,quasar,0.6867198348045349,1,quasar,0.671497106552124,1,quasar,0.5657438039779663,1,quasar,0.6591774225234985,2,star,0.49402251839637756
1129,1,quasar,1,quasar,True,1,quasar,True,True,1,quasar,0.7839704751968384,1,quasar,0.5498716831207275,1,quasar,0.8107786774635315,1,quasar,0.5618767738342285,1,quasar,0.922272801399231,2,star,0.928870677947998
1130,1,quasar,1,quasar,True,1,quasar,True,True,1,quasar,0.6965690851211548,1,quasar,0.8974162340164185,1,quasar,0.7492818832397461,1,quasar,0.6087870001792908,1,quasar,0.740236222743988,2,star,0.42017507553100586
1131,1,quasar,2,star,False,2,star,False,True,2,star,0.7328657507896423,1,quasar,0.4341732859611511,2,star,0.5510443449020386,2,star,0.605545699596405,2,star,0.9526165723800659,2,star,0.6899542808532715
1132,1,quasar,1,quasar,True,1,quasar,True,True,1,quasar,0.7652042508125305,1,quasar,0.7807204127311707,1,quasar,0.8977442979812622,1,quasar,0.643307626247406,1,quasar,0.9717276692390442,1,quasar,0.4419596493244171
1133,1,quasar,1,quasar,True,1,quasar,True,True,1,quasar,0.9435434341430664,1,quasar,0.6576241850852966,1,quasar,0.8161731362342834,1,quasar,0.6271829009056091,1,quasar,0.8035375475883484,2,star,0.5489228367805481
1134,1,quasar,1,quasar,True,1,quasar,True,True,1,quasar,0.9272653460502625,1,quasar,0.9431489109992981,1,quasar,0.7003844976425171,1,quasar,0.6723122596740723,1,quasar,0.7946735620498657,1,quasar,0.5717023611068726
1135,1,quasar,1,quasar,True,1,quasar,True,True,1,quasar,0.9921600222587585,1,quasar,0.8845911622047424,1,quasar,0.9037294387817383,1,quasar,0.6770960688591003,1,quasar,0.9719459414482117,2,star,0.5788328647613525
1136,1,quasar,1,quasar,True,1,quasar,True,True,2,star,0.5596385598182678,1,quasar,0.7750023603439331,1,quasar,0.8723706603050232,1,quasar,0.6221600770950317,1,quasar,0.946139395236969,2,star,0.44226139783859253
1137,1,quasar,1,quasar,True,1,quasar,True,True,2,star,0.48370447754859924,1,quasar,0.7758137583732605,1,quasar,0.7320010662078857,1,quasar,0.5852161049842834,1,quasar,0.6125727295875549,2,star,0.8063076734542847
1138,1,quasar,1,quasar,True,1,quasar,True,True,1,quasar,0.6890456080436707,1,quasar,0.8585816621780396,1,quasar,0.807220995426178,2,star,0.5411543846130371,1,quasar,0.9725082516670227,2,star,0.5267257690429688
1139,1,quasar,1,quasar,True,1,quasar,True,True,1,quasar,0.6425424814224243,1,quasar,0.6580880880355835,1,quasar,0.7852259278297424,1,quasar,0.5076084733009338,1,quasar,0.7762317061424255,0,galaxy,0.44220390915870667
1140,1,quasar,1,quasar,True,1,quasar,True,True,0,galaxy,0.41425129771232605,1,quasar,0.4991784393787384,1,quasar,0.595561683177948,1,quasar,0.4346735179424286,1,quasar,0.9070060849189758,2,star,0.48024287819862366
1141,1,quasar,1,quasar,True,1,quasar,True,True,1,quasar,0.9048689007759094,1,quasar,0.721993088722229,1,quasar,0.8339677453041077,1,quasar,0.6602575778961182,1,quasar,0.9556152820587158,2,star,0.38435497879981995
1142,1,quasar,1,quasar,True,1,quasar,True,True,1,quasar,0.7585445046424866,1,quasar,0.9512317180633545,1,quasar,0.575326681137085,2,star,0.5243119597434998,1,quasar,0.6515640616416931,0,galaxy,0.5085089206695557
1143,1,quasar,1,quasar,True,1,quasar,True,True,2,star,0.4064667224884033,2,star,0.5043889880180359,1,quasar,0.34357619285583496,1,quasar,0.4309982657432556,1,quasar,0.8248132467269897,2,star,0.5591425895690918
1144,1,quasar,1,quasar,True,1,quasar,True,True,1,quasar,0.8546596169471741,1,quasar,0.7824281454086304,1,quasar,0.8347445130348206,1,quasar,0.5272664427757263,1,quasar,0.8511088490486145,2,star,0.5621944069862366
1145,1,quasar,1,quasar,True,1,quasar,True,True,1,quasar,0.8353976607322693,1,quasar,0.6880745887756348,1,quasar,0.8023866415023804,1,quasar,0.5480425357818604,1,quasar,0.8001680970191956,2,star,0.6014435887336731
1146,1,quasar,1,quasar,True,1,quasar,True,True,1,quasar,0.7380459308624268,1,quasar,0.7601326704025269,1,quasar,0.49787279963493347,1,quasar,0.6067553162574768,1,quasar,0.7766004800796509,2,star,0.6439372301101685
1147,1,quasar,1,quasar,True,1,quasar,True,True,1,quasar,0.5406386256217957,1,quasar,0.7469443678855896,1,quasar,0.7324592471122742,1,quasar,0.6251361966133118,1,quasar,0.7160297632217407,2,star,0.42668312788009644
1148,1,quasar,1,quasar,True,1,quasar,True,True,1,quasar,0.8186634182929993,1,quasar,0.7633389234542847,1,quasar,0.7860234975814819,2,star,0.7000969052314758,1,quasar,0.7886452078819275,0,galaxy,0.47739699482917786
1149,1,quasar,1,quasar,True,1,quasar,True,True,1,quasar,0.9347153902053833,1,quasar,0.7262701392173767,1,quasar,0.6448094248771667,1,quasar,0.6351609826087952,1,quasar,0.9696646928787231,2,star,0.5030990242958069
1150,1,quasar,0,galaxy,False,0,galaxy,False,True,1,quasar,0.619740903377533,0,galaxy,0.5738308429718018,0,galaxy,0.5948368310928345,0,galaxy,0.6587904691696167,1,quasar,0.6383337378501892,0,galaxy,0.4030730426311493
1151,1,quasar,1,quasar,True,1,quasar,True,True,1,quasar,0.7214941382408142,1,quasar,0.6427633166313171,1,quasar,0.5669015645980835,1,quasar,0.5161520838737488,1,quasar,0.756630003452301,2,star,0.6543411016464233
1152,1,quasar,0,galaxy,False,0,galaxy,False,True,0,galaxy,0.9935983419418335,0,galaxy,0.9941655397415161,0,galaxy,0.8206014037132263,0,galaxy,0.7769167423248291,0,galaxy,0.949783980846405,0,galaxy,0.6186735033988953
1153,1,quasar,1,quasar,True,1,quasar,True,True,1,quasar,0.5524397492408752,1,quasar,0.79908686876297,1,quasar,0.9127917289733887,1,quasar,0.518378496170044,1,quasar,0.9543271064758301,2,star,0.7761499881744385
1154,1,quasar,2,star,False,2,star,False,True,1,quasar,0.7306075692176819,1,quasar,0.43350687623023987,2,star,0.8523236513137817,2,star,0.5233080983161926,2,star,0.7377915978431702,2,star,0.45917201042175293
1155,1,quasar,1,quasar,True,1,quasar,True,True,1,quasar,0.45364636182785034,1,quasar,0.7325872778892517,1,quasar,0.36019107699394226,2,star,0.4691328704357147,1,quasar,0.492052286863327,0,galaxy,0.4611196219921112
1156,1,quasar,1,quasar,True,1,quasar,True,True,1,quasar,0.7801874279975891,1,quasar,0.7597697973251343,1,quasar,0.6796508431434631,1,quasar,0.6416170597076416,1,quasar,0.8676245212554932,2,star,0.4839046597480774
1157,1,quasar,1,quasar,True,1,quasar,True,True,1,quasar,0.8777714371681213,1,quasar,0.8319026231765747,1,quasar,0.8534039855003357,1,quasar,0.6794160604476929,1,quasar,0.9538765549659729,1,quasar,0.4556809067726135
1158,1,quasar,1,quasar,True,1,quasar,True,True,1,quasar,0.6201037168502808,1,quasar,0.6594039797782898,1,quasar,0.8422650098800659,2,star,0.5658964514732361,1,quasar,0.7164586782455444,2,star,0.5218122601509094
1159,1,quasar,1,quasar,True,1,quasar,True,True,1,quasar,0.9413917064666748,1,quasar,0.9113254547119141,1,quasar,0.5556736588478088,1,quasar,0.6631125807762146,1,quasar,0.8221744298934937,1,quasar,0.999011754989624
1160,1,quasar,1,quasar,True,1,quasar,True,True,1,quasar,0.9877776503562927,1,quasar,0.9855225086212158,1,quasar,0.9299473762512207,1,quasar,0.5915634632110596,1,quasar,0.9632233381271362,1,quasar,0.8075197339057922
1161,1,quasar,1,quasar,True,1,quasar,True,True,1,quasar,0.7679129838943481,1,quasar,0.8669642210006714,1,quasar,0.9261765480041504,1,quasar,0.63958740234375,1,quasar,0.9199656844139099,1,quasar,0.7536935806274414
1162,1,quasar,1,quasar,True,1,quasar,True,True,1,quasar,0.8116591572761536,1,quasar,0.547886848449707,1,quasar,0.9074702858924866,1,quasar,0.657179594039917,1,quasar,0.9254878759384155,2,star,0.6703259944915771
1163,1,quasar,1,quasar,True,1,quasar,True,True,1,quasar,0.9963078498840332,1,quasar,0.9875909090042114,1,quasar,0.8816649913787842,1,quasar,0.6364945769309998,1,quasar,0.9147472381591797,1,quasar,0.6842674016952515
1164,1,quasar,1,quasar,True,1,quasar,True,True,1,quasar,0.954241931438446,1,quasar,0.6903181672096252,1,quasar,0.8498868942260742,1,quasar,0.6173440217971802,1,quasar,0.9136672019958496,1,quasar,0.6525272130966187
1165,1,quasar,1,quasar,True,1,quasar,True,True,1,quasar,0.9995061159133911,1,quasar,0.9703447222709656,1,quasar,0.7711130976676941,1,quasar,0.6565811634063721,1,quasar,0.9280675649642944,1,quasar,0.8034266829490662
1166,1,quasar,1,quasar,True,1,quasar,True,True,1,quasar,0.9301959276199341,1,quasar,0.8174734711647034,1,quasar,0.7246485948562622,2,star,0.5306184887886047,1,quasar,0.8178650736808777,1,quasar,0.7325469851493835
1167,1,quasar,1,quasar,True,1,quasar,True,True,1,quasar,0.9792582392692566,1,quasar,0.9483082890510559,1,quasar,0.7543607950210571,1,quasar,0.5535324215888977,1,quasar,0.898743748664856,1,quasar,0.7957900762557983
1168,1,quasar,1,quasar,True,1,quasar,True,True,1,quasar,0.9388983249664307,1,quasar,0.8946175575256348,1,quasar,0.7938398122787476,2,star,0.5028662085533142,1,quasar,0.8017711639404297,1,quasar,0.7103896141052246
1169,1,quasar,1,quasar,True,1,quasar,True,True,1,quasar,0.9985098242759705,1,quasar,0.9513862729072571,1,quasar,0.8463141918182373,1,quasar,0.5040777325630188,1,quasar,0.9073771238327026,1,quasar,0.7878071665763855
1170,1,quasar,1,quasar,True,1,quasar,True,True,1,quasar,0.9829005599021912,1,quasar,0.960233747959137,1,quasar,0.8503789305686951,1,quasar,0.6472906470298767,1,quasar,0.8802725076675415,1,quasar,0.640082061290741
1171,1,quasar,1,quasar,True,1,quasar,True,True,1,quasar,0.9927697777748108,1,quasar,0.9173840284347534,1,quasar,0.7825808525085449,1,quasar,0.5109174847602844,1,quasar,0.8463087677955627,1,quasar,0.7460047006607056
1172,1,quasar,1,quasar,True,1,quasar,True,True,0,galaxy,0.7735210061073303,1,quasar,0.9293883442878723,2,star,0.5810210108757019,0,galaxy,0.5892112255096436,1,quasar,0.6020182371139526,1,quasar,0.6860907673835754
1173,1,quasar,1,quasar,True,1,quasar,True,True,2,star,0.8296831846237183,1,quasar,0.5328942537307739,1,quasar,0.806670606136322,2,star,0.665944516658783,1,quasar,0.6955028772354126,1,quasar,0.6411991715431213
1174,1,quasar,1,quasar,True,1,quasar,True,True,1,quasar,0.9867511987686157,1,quasar,0.965289294719696,1,quasar,0.5138245224952698,2,star,0.7093309760093689,1,quasar,0.8704802989959717,1,quasar,0.8958161473274231
1175,1,quasar,1,quasar,True,1,quasar,True,True,1,quasar,0.7259201407432556,1,quasar,0.7022662162780762,1,quasar,0.819535493850708,1,quasar,0.6018176674842834,1,quasar,0.8098287582397461,1,quasar,0.762645423412323
1176,1,quasar,1,quasar,True,1,quasar,True,True,1,quasar,0.9837918281555176,1,quasar,0.8653261065483093,1,quasar,0.9172248244285583,1,quasar,0.5020732879638672,1,quasar,0.9072781801223755,1,quasar,0.7634324431419373
1177,1,quasar,1,quasar,True,1,quasar,True,True,1,quasar,0.9881163835525513,1,quasar,0.9037117958068848,1,quasar,0.8868871331214905,2,star,0.5913529992103577,1,quasar,0.8082930445671082,1,quasar,0.5444279909133911
1178,1,quasar,1,quasar,True,1,quasar,True,True,1,quasar,0.9974122643470764,1,quasar,0.9645273089408875,1,quasar,0.8081790208816528,1,quasar,0.6348682641983032,1,quasar,0.9251068234443665,1,quasar,0.5541410446166992
1179,1,quasar,1,quasar,True,1,quasar,True,True,1,quasar,0.9965094923973083,1,quasar,0.9839062690734863,1,quasar,0.8426658511161804,1,quasar,0.6458906531333923,1,quasar,0.8396029472351074,1,quasar,0.559289813041687
1180,1,quasar,1,quasar,True,1,quasar,True,True,1,quasar,0.9276602268218994,1,quasar,0.9339402914047241,1,quasar,0.8891091346740723,1,quasar,0.5810216069221497,1,quasar,0.8841360807418823,1,quasar,0.7349487543106079
1181,1,quasar,1,quasar,True,1,quasar,True,True,1,quasar,0.9977176189422607,1,quasar,0.9527850151062012,1,quasar,0.9035537242889404,1,quasar,0.6828086376190186,1,quasar,0.9675033092498779,1,quasar,0.7460142374038696
1182,1,quasar,1,quasar,True,1,quasar,True,True,1,quasar,0.9001290798187256,2,star,0.6058287620544434,1,quasar,0.5372767448425293,2,star,0.8634517192840576,1,quasar,0.7763129472732544,1,quasar,0.5136994123458862
1183,1,quasar,1,quasar,True,1,quasar,True,True,1,quasar,0.7776795029640198,1,quasar,0.5449053645133972,1,quasar,0.5979912281036377,1,quasar,0.5484114289283752,1,quasar,0.6927109360694885,1,quasar,0.41845718026161194
1184,1,quasar,1,quasar,True,1,quasar,True,True,1,quasar,0.9978858828544617,1,quasar,0.8205564022064209,1,quasar,0.8611701130867004,1,quasar,0.6215660572052002,1,quasar,0.8028674721717834,1,quasar,0.5678527355194092
1185,1,quasar,1,quasar,True,1,quasar,True,True,1,quasar,0.7563826441764832,1,quasar,0.6972256898880005,1,quasar,0.9011924266815186,1,quasar,0.6164924502372742,1,quasar,0.9564103484153748,1,quasar,0.517508864402771
1186,1,quasar,1,quasar,True,1,quasar,True,True,1,quasar,0.6516934037208557,1,quasar,0.7945031523704529,1,quasar,0.6782388687133789,2,star,0.6548595428466797,1,quasar,0.6787243485450745,1,quasar,0.6679804921150208
1187,1,quasar,1,quasar,True,1,quasar,True,True,1,quasar,0.9873225092887878,1,quasar,0.8376865983009338,1,quasar,0.8548377156257629,1,quasar,0.6419700384140015,1,quasar,0.8506501317024231,1,quasar,0.5825373530387878
1188,1,quasar,1,quasar,True,1,quasar,True,True,1,quasar,0.9491533637046814,1,quasar,0.8118402361869812,1,quasar,0.7371230721473694,1,quasar,0.6376727819442749,1,quasar,0.8357502818107605,1,quasar,0.631162703037262
1189,1,quasar,1,quasar,True,1,quasar,True,True,1,quasar,0.9115235209465027,1,quasar,0.8372126817703247,1,quasar,0.8915864825248718,1,quasar,0.5690191388130188,1,quasar,0.8624918460845947,1,quasar,0.6109463572502136
1190,1,quasar,1,quasar,True,1,quasar,True,True,1,quasar,0.8945633172988892,1,quasar,0.9853594303131104,1,quasar,0.8956403732299805,1,quasar,0.6132090091705322,1,quasar,0.9759376645088196,1,quasar,0.6696589589118958
1191,1,quasar,1,quasar,True,1,quasar,True,True,1,quasar,0.9044294953346252,1,quasar,0.7928254008293152,1,quasar,0.6969790458679199,1,quasar,0.5088422298431396,1,quasar,0.9352315664291382,1,quasar,0.5813377499580383
1192,1,quasar,0,galaxy,False,0,galaxy,False,True,1,quasar,0.8194626569747925,0,galaxy,0.6527020931243896,0,galaxy,0.7789480090141296,0,galaxy,0.6630954146385193,0,galaxy,0.7053207159042358,0,galaxy,0.5272027254104614
1193,1,quasar,1,quasar,True,1,quasar,True,True,1,quasar,0.968845784664154,1,quasar,0.8136019706726074,2,star,0.6827927827835083,2,star,0.6716796159744263,1,quasar,0.5822287201881409,1,quasar,0.6271752119064331
1194,1,quasar,1,quasar,True,1,quasar,True,True,1,quasar,0.9773617386817932,1,quasar,0.867510974407196,1,quasar,0.9044880867004395,1,quasar,0.4927275776863098,1,quasar,0.9329323768615723,1,quasar,0.6159269213676453
1195,1,quasar,1,quasar,True,1,quasar,True,True,1,quasar,0.5488529205322266,1,quasar,0.8056362867355347,1,quasar,0.5572317838668823,2,star,0.5127318501472473,1,quasar,0.722106397151947,0,galaxy,0.5722097158432007
1196,1,quasar,1,quasar,True,1,quasar,True,True,1,quasar,0.7017278671264648,1,quasar,0.7101007699966431,2,star,0.5391632914543152,2,star,0.5765863060951233,1,quasar,0.7586565613746643,0,galaxy,0.6497191190719604
1197,1,quasar,1,quasar,True,1,quasar,True,True,1,quasar,0.8066198825836182,1,quasar,0.6437239646911621,1,quasar,0.8074138760566711,1,quasar,0.6575664281845093,1,quasar,0.8844462037086487,1,quasar,0.39181479811668396
1198,1,quasar,1,quasar,True,1,quasar,True,True,1,quasar,0.9754598140716553,1,quasar,0.8732144832611084,1,quasar,0.7727806568145752,1,quasar,0.5612034201622009,1,quasar,0.8794543743133545,1,quasar,0.6659430861473083
1199,1,quasar,1,quasar,True,1,quasar,True,True,1,quasar,0.9805808067321777,1,quasar,0.8732540607452393,1,quasar,0.6986161470413208,1,quasar,0.5028875470161438,1,quasar,0.8193069100379944,1,quasar,0.922585129737854
1200,1,quasar,1,quasar,True,1,quasar,True,True,1,quasar,0.9277429580688477,1,quasar,0.8244308829307556,1,quasar,0.7972919940948486,2,star,0.50876784324646,1,quasar,0.8609648942947388,1,quasar,0.8333472013473511
1201,1,quasar,1,quasar,True,1,quasar,True,True,1,quasar,0.9967130422592163,1,quasar,0.9763834476470947,1,quasar,0.9207957983016968,2,star,0.5754476189613342,1,quasar,0.9394339919090271,1,quasar,0.9488368630409241
1202,1,quasar,1,quasar,True,1,quasar,True,True,1,quasar,0.9919136762619019,1,quasar,0.9842379689216614,1,quasar,0.8122342824935913,2,star,0.6175338625907898,1,quasar,0.8619645237922668,1,quasar,0.972526490688324
1203,1,quasar,1,quasar,True,1,quasar,True,True,1,quasar,0.9789549112319946,1,quasar,0.6990510821342468,1,quasar,0.8875155448913574,2,star,0.584843635559082,1,quasar,0.9513015151023865,1,quasar,0.8028170466423035
1204,1,quasar,1,quasar,True,1,quasar,True,True,1,quasar,0.9013425707817078,1,quasar,0.9812505841255188,1,quasar,0.9101812243461609,2,star,0.5253497362136841,1,quasar,0.836661696434021,1,quasar,0.9190115928649902
1205,1,quasar,1,quasar,True,1,quasar,True,True,1,quasar,0.9926596283912659,1,quasar,0.9471393823623657,1,quasar,0.8454897999763489,2,star,0.4992727041244507,1,quasar,0.9562439322471619,1,quasar,0.8441033363342285
1206,1,quasar,1,quasar,True,1,quasar,True,True,1,quasar,0.7678923010826111,1,quasar,0.6819407939910889,1,quasar,0.8797734975814819,1,quasar,0.5281286239624023,1,quasar,0.9492608904838562,2,star,0.5487001538276672
1207,1,quasar,1,quasar,True,1,quasar,True,True,1,quasar,0.8601616024971008,1,quasar,0.8862014412879944,1,quasar,0.858928382396698,1,quasar,0.5837935209274292,1,quasar,0.7819666266441345,1,quasar,0.5751251578330994
1208,1,quasar,1,quasar,True,1,quasar,True,True,2,star,0.6745055913925171,1,quasar,0.6723900437355042,1,quasar,0.5340026617050171,2,star,0.598348081111908,1,quasar,0.7580105066299438,2,star,0.5690715909004211
1209,1,quasar,1,quasar,True,1,quasar,True,True,1,quasar,0.9965835213661194,1,quasar,0.9407373666763306,1,quasar,0.8435181975364685,1,quasar,0.6309625506401062,1,quasar,0.8791663646697998,1,quasar,0.6634558439254761
1210,1,quasar,1,quasar,True,1,quasar,True,True,1,quasar,0.7545962333679199,1,quasar,0.600928544998169,1,quasar,0.7722359895706177,1,quasar,0.6232578158378601,1,quasar,0.7833821177482605,1,quasar,0.4058482050895691
1211,1,quasar,1,quasar,True,1,quasar,True,True,1,quasar,0.575253427028656,1,quasar,0.6778132915496826,1,quasar,0.7350800633430481,1,quasar,0.5809469819068909,1,quasar,0.5836840867996216,2,star,0.44378045201301575
1212,1,quasar,1,quasar,True,1,quasar,True,True,1,quasar,0.5703018307685852,1,quasar,0.7581042051315308,1,quasar,0.8549896478652954,1,quasar,0.6376897692680359,1,quasar,0.8594385981559753,2,star,0.5359430909156799
1213,1,quasar,1,quasar,True,1,quasar,True,True,1,quasar,0.9596539735794067,1,quasar,0.9306299686431885,1,quasar,0.9033677577972412,1,quasar,0.6727614998817444,1,quasar,0.7921106815338135,1,quasar,0.5148200392723083
1214,1,quasar,1,quasar,True,1,quasar,True,True,1,quasar,0.7619256377220154,1,quasar,0.8113552927970886,1,quasar,0.6363494396209717,1,quasar,0.622221052646637,1,quasar,0.7281723618507385,1,quasar,0.501961350440979
1215,1,quasar,1,quasar,True,1,quasar,True,True,1,quasar,0.8899375200271606,1,quasar,0.9398521184921265,1,quasar,0.8847395181655884,1,quasar,0.6452382206916809,1,quasar,0.9655161499977112,2,star,0.4357255697250366
1216,1,quasar,1,quasar,True,1,quasar,True,True,1,quasar,0.9334874153137207,1,quasar,0.890945553779602,1,quasar,0.8939865231513977,1,quasar,0.5826988816261292,1,quasar,0.9687508344650269,1,quasar,0.5704517960548401
1217,1,quasar,1,quasar,True,1,quasar,True,True,1,quasar,0.6640949249267578,1,quasar,0.9713350534439087,1,quasar,0.7534241676330566,1,quasar,0.6100084185600281,1,quasar,0.8724700808525085,2,star,0.5473542213439941
1218,1,quasar,1,quasar,True,1,quasar,True,True,1,quasar,0.9293611645698547,1,quasar,0.7812029719352722,1,quasar,0.9172341227531433,2,star,0.5951809883117676,1,quasar,0.9751656651496887,1,quasar,0.44670209288597107
1219,1,quasar,1,quasar,True,1,quasar,True,True,1,quasar,0.6820845007896423,1,quasar,0.9114423394203186,1,quasar,0.8499519228935242,1,quasar,0.6868932843208313,1,quasar,0.8532483577728271,1,quasar,0.46293509006500244
1220,1,quasar,2,star,False,2,star,False,True,2,star,0.5673156380653381,1,quasar,0.7280247211456299,2,star,0.7455472350120544,2,star,0.7593427300453186,2,star,0.6945404410362244,2,star,0.46222493052482605
1221,1,quasar,1,quasar,True,1,quasar,True,True,1,quasar,0.6235631704330444,1,quasar,0.7504030466079712,1,quasar,0.8811279535293579,1,quasar,0.6555367708206177,1,quasar,0.9505866765975952,2,star,0.544579267501831
1222,1,quasar,1,quasar,True,1,quasar,True,True,2,star,0.5153666734695435,1,quasar,0.7132278680801392,1,quasar,0.8238122463226318,1,quasar,0.5910781025886536,1,quasar,0.7684580683708191,2,star,0.561134934425354
1223,1,quasar,1,quasar,True,1,quasar,True,True,1,quasar,0.570941150188446,1,quasar,0.8853445053100586,1,quasar,0.78115314245224,1,quasar,0.6518699526786804,1,quasar,0.5978002548217773,0,galaxy,0.5909402370452881
1224,1,quasar,2,star,False,2,star,False,True,2,star,0.7215244174003601,2,star,0.7299376726150513,2,star,0.6767569780349731,2,star,0.5513387322425842,2,star,0.9402369856834412,2,star,0.5606503486633301
1225,1,quasar,1,quasar,True,1,quasar,True,True,1,quasar,0.7684628367424011,1,quasar,0.6766623854637146,1,quasar,0.8550058603286743,1,quasar,0.5531299710273743,1,quasar,0.8621050715446472,1,quasar,0.475533127784729
1226,1,quasar,1,quasar,True,1,quasar,True,True,1,quasar,0.9430323839187622,1,quasar,0.8875693678855896,1,quasar,0.7407059669494629,1,quasar,0.643988847732544,1,quasar,0.6639096736907959,2,star,0.3842051029205322
1227,1,quasar,1,quasar,True,2,star,False,False,2,star,0.7010373473167419,1,quasar,0.7039509415626526,2,star,0.6237004995346069,1,quasar,0.5238601565361023,2,star,0.6795843243598938,1,quasar,0.4947892725467682
1228,1,quasar,1,quasar,True,1,quasar,True,True,1,quasar,0.689385712146759,1,quasar,0.6420202255249023,1,quasar,0.8916694521903992,1,quasar,0.6808329820632935,1,quasar,0.9551451206207275,2,star,0.4551354646682739
1229,1,quasar,1,quasar,True,1,quasar,True,True,1,quasar,0.8853328227996826,1,quasar,0.6837024092674255,1,quasar,0.8634916543960571,1,quasar,0.5935661196708679,1,quasar,0.8128789067268372,2,star,0.4675310254096985
1230,1,quasar,0,galaxy,False,0,galaxy,False,True,0,galaxy,0.73679518699646,0,galaxy,0.42372843623161316,0,galaxy,0.8948859572410583,0,galaxy,0.6423365473747253,1,quasar,0.8289069533348083,0,galaxy,0.647050142288208
1231,1,quasar,1,quasar,True,1,quasar,True,True,1,quasar,0.8827762603759766,1,quasar,0.6302854418754578,1,quasar,0.8743602633476257,1,quasar,0.641017735004425,1,quasar,0.8662955164909363,2,star,0.4931618571281433
1232,1,quasar,1,quasar,True,1,quasar,True,True,1,quasar,0.8391174077987671,1,quasar,0.8608156442642212,1,quasar,0.8822457790374756,2,star,0.5514361262321472,1,quasar,0.8487604260444641,2,star,0.5130993127822876
1233,1,quasar,1,quasar,True,1,quasar,True,True,1,quasar,0.705916166305542,1,quasar,0.5104730129241943,1,quasar,0.8309057354927063,1,quasar,0.5743573307991028,1,quasar,0.6198187470436096,2,star,0.4694763422012329
1234,1,quasar,1,quasar,True,1,quasar,True,True,1,quasar,0.6886562705039978,1,quasar,0.4550651013851166,1,quasar,0.6315797567367554,1,quasar,0.5368345975875854,1,quasar,0.6464383006095886,2,star,0.6420434713363647
1235,1,quasar,1,quasar,True,1,quasar,True,True,1,quasar,0.6102905869483948,2,star,0.7731204628944397,1,quasar,0.8275123834609985,1,quasar,0.5786409974098206,1,quasar,0.5876469016075134,0,galaxy,0.463230162858963
1236,1,quasar,1,quasar,True,1,quasar,True,True,1,quasar,0.9492707848548889,2,star,0.5006998181343079,1,quasar,0.865856409072876,1,quasar,0.6140533685684204,1,quasar,0.8640047907829285,2,star,0.5923668146133423
1237,1,quasar,1,quasar,True,1,quasar,True,True,1,quasar,0.9584788680076599,1,quasar,0.7317165732383728,1,quasar,0.8468236327171326,1,quasar,0.6354699730873108,1,quasar,0.8121408820152283,2,star,0.666266143321991
1238,1,quasar,1,quasar,True,1,quasar,True,True,2,star,0.7251388430595398,2,star,0.5532912015914917,1,quasar,0.7620393633842468,1,quasar,0.6083673238754272,1,quasar,0.7107084393501282,2,star,0.44439637660980225
1239,1,quasar,1,quasar,True,1,quasar,True,True,1,quasar,0.9848601222038269,1,quasar,0.6305509209632874,1,quasar,0.7294952273368835,1,quasar,0.5495052337646484,1,quasar,0.8179649114608765,2,star,0.44709980487823486
1240,1,quasar,1,quasar,True,1,quasar,True,True,2,star,0.5042496919631958,1,quasar,0.6474288105964661,1,quasar,0.8115829825401306,1,quasar,0.5869789123535156,1,quasar,0.7133350968360901,2,star,0.5302956104278564
1241,1,quasar,1,quasar,True,1,quasar,True,True,1,quasar,0.8767121434211731,1,quasar,0.6890486478805542,1,quasar,0.8419176340103149,1,quasar,0.6008316874504089,1,quasar,0.9678357243537903,2,star,0.4718700647354126
1242,1,quasar,1,quasar,True,1,quasar,True,True,1,quasar,0.8022328019142151,1,quasar,0.7712593078613281,1,quasar,0.6782787442207336,1,quasar,0.594258189201355,1,quasar,0.7737812399864197,1,quasar,0.46379801630973816
1243,1,quasar,1,quasar,True,1,quasar,True,True,1,quasar,0.9811356663703918,1,quasar,0.744062066078186,1,quasar,0.7348155975341797,1,quasar,0.6172932982444763,1,quasar,0.794410765171051,1,quasar,0.5073009133338928
1244,1,quasar,1,quasar,True,1,quasar,True,True,1,quasar,0.58981853723526,1,quasar,0.8296221494674683,1,quasar,0.8194054961204529,1,quasar,0.6216040849685669,1,quasar,0.8753411769866943,0,galaxy,0.5869306921958923
1245,1,quasar,1,quasar,True,1,quasar,True,True,1,quasar,0.6581450700759888,1,quasar,0.5625907182693481,1,quasar,0.775905966758728,1,quasar,0.5614974498748779,1,quasar,0.6997466683387756,2,star,0.4688819646835327
1246,1,quasar,2,star,False,2,star,False,True,0,galaxy,0.704800009727478,2,star,0.5966038107872009,2,star,0.7415487170219421,2,star,0.7645254135131836,1,quasar,0.6250813603401184,2,star,0.7803365588188171
1247,1,quasar,1,quasar,True,1,quasar,True,True,1,quasar,0.7401519417762756,2,star,0.5251820087432861,1,quasar,0.9022626280784607,2,star,0.536038339138031,1,quasar,0.9578865170478821,2,star,0.648055374622345
1248,1,quasar,2,star,False,1,quasar,True,False,2,star,0.6758213639259338,2,star,0.5539640784263611,1,quasar,0.8504503965377808,2,star,0.5641118288040161,1,quasar,0.9654256105422974,2,star,0.5873247385025024
1249,1,quasar,1,quasar,True,1,quasar,True,True,1,quasar,0.9660630822181702,1,quasar,0.6646146774291992,1,quasar,0.8354300260543823,1,quasar,0.6117347478866577,1,quasar,0.7598172426223755,0,galaxy,0.41347041726112366
1250,1,quasar,1,quasar,True,1,quasar,True,True,1,quasar,0.6187965273857117,1,quasar,0.7753053307533264,1,quasar,0.8853330016136169,2,star,0.5652058720588684,1,quasar,0.9532375931739807,2,star,0.5674054026603699
1251,1,quasar,1,quasar,True,1,quasar,True,True,1,quasar,0.972743570804596,1,quasar,0.7187051177024841,1,quasar,0.8444277048110962,1,quasar,0.6387603878974915,1,quasar,0.7945911288261414,0,galaxy,0.45183369517326355
1252,1,quasar,1,quasar,True,1,quasar,True,True,2,star,0.7482126951217651,1,quasar,0.7046810388565063,1,quasar,0.6742109656333923,2,star,0.5587688684463501,1,quasar,0.6951473951339722,2,star,0.47324636578559875
1253,1,quasar,1,quasar,True,1,quasar,True,True,2,star,0.5878651142120361,1,quasar,0.9246857166290283,1,quasar,0.8564488291740417,1,quasar,0.676578164100647,1,quasar,0.9614646434783936,1,quasar,0.6197762489318848
1254,1,quasar,1,quasar,True,1,quasar,True,True,2,star,0.7803685665130615,1,quasar,0.758091926574707,1,quasar,0.7282898426055908,1,quasar,0.6388577818870544,1,quasar,0.6708393096923828,2,star,0.38498780131340027
1255,1,quasar,1,quasar,True,1,quasar,True,True,1,quasar,0.8981934785842896,1,quasar,0.8140140175819397,1,quasar,0.7419873476028442,1,quasar,0.6168200969696045,1,quasar,0.7132381796836853,1,quasar,0.4559839069843292
1256,1,quasar,1,quasar,True,1,quasar,True,True,1,quasar,0.923911988735199,1,quasar,0.6586673855781555,1,quasar,0.9126268625259399,1,quasar,0.6128132343292236,1,quasar,0.9479444622993469,1,quasar,0.8126509189605713
1257,1,quasar,2,star,False,2,star,False,True,2,star,0.8629510998725891,2,star,0.5968111753463745,1,quasar,0.6698803305625916,2,star,0.5351917147636414,1,quasar,0.9362244009971619,2,star,0.5363430976867676
1258,1,quasar,1,quasar,True,1,quasar,True,True,1,quasar,0.991113007068634,1,quasar,0.847765326499939,1,quasar,0.8392817974090576,2,star,0.5211626291275024,1,quasar,0.7434735894203186,1,quasar,0.7684398889541626
1259,1,quasar,1,quasar,True,1,quasar,True,True,1,quasar,0.6821606159210205,1,quasar,0.7895268201828003,1,quasar,0.8630466461181641,2,star,0.5294475555419922,1,quasar,0.8702157139778137,2,star,0.5633907914161682
1260,1,quasar,0,galaxy,False,0,galaxy,False,True,0,galaxy,0.6375726461410522,0,galaxy,0.7403587102890015,0,galaxy,0.5043551921844482,0,galaxy,0.41506311297416687,0,galaxy,0.6612971425056458,0,galaxy,0.4824434518814087
1261,1,quasar,0,galaxy,False,0,galaxy,False,True,1,quasar,0.4466422498226166,0,galaxy,0.5767251253128052,0,galaxy,0.8940480351448059,0,galaxy,0.9680087566375732,0,galaxy,0.8768004775047302,0,galaxy,0.6010854840278625
1262,1,quasar,1,quasar,True,1,quasar,True,True,1,quasar,0.862197995185852,1,quasar,0.8245729207992554,1,quasar,0.6918254494667053,1,quasar,0.5600926876068115,1,quasar,0.8028771877288818,2,star,0.5605509281158447
1263,1,quasar,1,quasar,True,1,quasar,True,True,1,quasar,0.7714796662330627,1,quasar,0.7377885580062866,1,quasar,0.8890497088432312,2,star,0.5215641856193542,1,quasar,0.9741928577423096,2,star,0.5855036377906799
1264,1,quasar,1,quasar,True,1,quasar,True,True,1,quasar,0.7764171361923218,1,quasar,0.8872234225273132,1,quasar,0.8396992683410645,2,star,0.5072828531265259,1,quasar,0.8605400323867798,1,quasar,0.48215073347091675
1265,1,quasar,1,quasar,True,1,quasar,True,True,1,quasar,0.9732551574707031,1,quasar,0.8870880603790283,1,quasar,0.6265535354614258,1,quasar,0.6292227506637573,1,quasar,0.7935665845870972,1,quasar,0.5545063614845276
1266,1,quasar,1,quasar,True,1,quasar,True,True,1,quasar,0.9738184213638306,1,quasar,0.7424528002738953,1,quasar,0.7207208871841431,2,star,0.4823535680770874,1,quasar,0.9257890582084656,1,quasar,0.5105158686637878
1267,1,quasar,1,quasar,True,1,quasar,True,True,1,quasar,0.9798775315284729,1,quasar,0.8791626691818237,1,quasar,0.8431503176689148,1,quasar,0.5845361948013306,1,quasar,0.9125192761421204,1,quasar,0.569952666759491
1268,1,quasar,1,quasar,True,1,quasar,True,True,1,quasar,0.7281230688095093,1,quasar,0.6162564158439636,1,quasar,0.8658367991447449,1,quasar,0.5133318305015564,1,quasar,0.7909481525421143,0,galaxy,0.49530234932899475
1269,1,quasar,1,quasar,True,1,quasar,True,True,1,quasar,0.8057796955108643,1,quasar,0.8294239640235901,1,quasar,0.909966766834259,1,quasar,0.6905112266540527,1,quasar,0.9649537205696106,1,quasar,0.53273606300354
1270,1,quasar,1,quasar,True,1,quasar,True,True,1,quasar,0.9316539764404297,1,quasar,0.8870269060134888,1,quasar,0.8633331656455994,1,quasar,0.5773670673370361,1,quasar,0.9034984111785889,2,star,0.4652862250804901
1271,1,quasar,1,quasar,True,1,quasar,True,True,1,quasar,0.9439154863357544,1,quasar,0.9234583377838135,1,quasar,0.8632315397262573,1,quasar,0.6741159558296204,1,quasar,0.8092019557952881,1,quasar,0.42113032937049866
1272,1,quasar,1,quasar,True,1,quasar,True,True,1,quasar,0.8048539757728577,2,star,0.5498756766319275,1,quasar,0.8278610110282898,2,star,0.5458255410194397,1,quasar,0.8728197813034058,2,star,0.5185156464576721
1273,1,quasar,1,quasar,True,1,quasar,True,True,1,quasar,0.9941434264183044,1,quasar,0.9274576902389526,1,quasar,0.8734350204467773,1,quasar,0.5985383987426758,1,quasar,0.8088544011116028,1,quasar,0.5396016240119934
1274,1,quasar,1,quasar,True,1,quasar,True,True,1,quasar,0.8950116038322449,1,quasar,0.7542381286621094,1,quasar,0.7774140238761902,1,quasar,0.6003044247627258,1,quasar,0.968178927898407,1,quasar,0.4160560965538025
1275,1,quasar,1,quasar,True,1,quasar,True,True,1,quasar,0.7506462931632996,1,quasar,0.8855828046798706,1,quasar,0.9061943888664246,1,quasar,0.5485876798629761,1,quasar,0.9701027870178223,1,quasar,0.5566840767860413
1276,1,quasar,1,quasar,True,1,quasar,True,True,1,quasar,0.612684428691864,1,quasar,0.845515251159668,1,quasar,0.8587750196456909,2,star,0.5293902158737183,1,quasar,0.8284845948219299,1,quasar,0.47698697447776794
1277,1,quasar,1,quasar,True,1,quasar,True,True,2,star,0.5168450474739075,1,quasar,0.7225029468536377,1,quasar,0.8737165927886963,1,quasar,0.5822846293449402,1,quasar,0.8182501196861267,2,star,0.4257768988609314
1278,1,quasar,1,quasar,True,1,quasar,True,True,1,quasar,0.802390456199646,1,quasar,0.7457324862480164,1,quasar,0.7057255506515503,1,quasar,0.5400269627571106,1,quasar,0.8491336107254028,2,star,0.39454710483551025
1279,1,quasar,1,quasar,True,1,quasar,True,True,1,quasar,0.8508147597312927,1,quasar,0.8002942204475403,1,quasar,0.8731294870376587,1,quasar,0.6180331110954285,1,quasar,0.9433789849281311,2,star,0.39722898602485657
1280,1,quasar,2,star,False,2,star,False,True,2,star,0.8068759441375732,2,star,0.5380887389183044,2,star,0.7494497895240784,2,star,0.5635643601417542,2,star,0.9242323040962219,2,star,0.47228509187698364
1281,1,quasar,1,quasar,True,1,quasar,True,True,1,quasar,0.5934575796127319,1,quasar,0.6392306089401245,1,quasar,0.6966966390609741,1,quasar,0.5163302421569824,1,quasar,0.5251680016517639,2,star,0.5119420289993286
1282,1,quasar,1,quasar,True,1,quasar,True,True,2,star,0.6422557830810547,1,quasar,0.677081286907196,1,quasar,0.8768643736839294,1,quasar,0.504899799823761,1,quasar,0.888507604598999,2,star,0.6490694284439087
1283,1,quasar,1,quasar,True,1,quasar,True,True,1,quasar,0.9018667340278625,1,quasar,0.8731563687324524,1,quasar,0.9209061861038208,2,star,0.4999362826347351,1,quasar,0.961469292640686,2,star,0.7744216322898865
1284,1,quasar,1,quasar,True,1,quasar,True,True,2,star,0.6105062365531921,0,galaxy,0.5098095536231995,1,quasar,0.7194312214851379,1,quasar,0.6178172826766968,1,quasar,0.7043579816818237,0,galaxy,0.6661759614944458
1285,1,quasar,1,quasar,True,1,quasar,True,True,2,star,0.640131950378418,1,quasar,0.6122190952301025,1,quasar,0.89292311668396,1,quasar,0.4943646192550659,1,quasar,0.9681745767593384,2,star,0.5777386426925659
1286,1,quasar,2,star,False,2,star,False,True,2,star,0.6101359128952026,2,star,0.626971960067749,2,star,0.5332301259040833,2,star,0.7094871997833252,2,star,0.5557419061660767,2,star,0.6543840169906616
1287,1,quasar,1,quasar,True,1,quasar,True,True,1,quasar,0.8127250075340271,2,star,0.5564844608306885,1,quasar,0.8140096664428711,2,star,0.5257740020751953,1,quasar,0.9662669897079468,2,star,0.8156590461730957
1288,1,quasar,1,quasar,True,1,quasar,True,True,1,quasar,0.8541468977928162,1,quasar,0.8542950749397278,1,quasar,0.91938716173172,1,quasar,0.5894462466239929,1,quasar,0.9767237901687622,0,galaxy,0.501262903213501
1289,1,quasar,1,quasar,True,1,quasar,True,True,1,quasar,0.7051396369934082,2,star,0.5209275484085083,1,quasar,0.8884016275405884,1,quasar,0.549708902835846,1,quasar,0.9038358330726624,2,star,0.4451218545436859
1290,1,quasar,1,quasar,True,1,quasar,True,True,1,quasar,0.8547734618186951,1,quasar,0.5445283651351929,1,quasar,0.9132763743400574,1,quasar,0.5588992238044739,1,quasar,0.9787678122520447,2,star,0.38420721888542175
1291,1,quasar,1,quasar,True,1,quasar,True,True,1,quasar,0.9968672394752502,1,quasar,0.6653734445571899,1,quasar,0.9120212197303772,1,quasar,0.6216460466384888,1,quasar,0.9692040085792542,1,quasar,0.5679382681846619
1292,1,quasar,1,quasar,True,1,quasar,True,True,1,quasar,0.9939365983009338,1,quasar,0.9372355937957764,1,quasar,0.8881015181541443,1,quasar,0.6704452037811279,1,quasar,0.9690355062484741,1,quasar,0.6898748874664307
1293,1,quasar,1,quasar,True,1,quasar,True,True,1,quasar,0.5518893599510193,1,quasar,0.6477456092834473,1,quasar,0.7651414275169373,1,quasar,0.5880650281906128,1,quasar,0.8190808296203613,1,quasar,0.43625572323799133
1294,1,quasar,1,quasar,True,1,quasar,True,True,1,quasar,0.9970062375068665,1,quasar,0.9248086214065552,1,quasar,0.873699963092804,1,quasar,0.638808012008667,1,quasar,0.9735093116760254,1,quasar,0.5279586911201477
1295,1,quasar,1,quasar,True,1,quasar,True,True,1,quasar,0.7051023244857788,1,quasar,0.7602563500404358,1,quasar,0.8933622241020203,1,quasar,0.6345513463020325,1,quasar,0.9665198922157288,2,star,0.7447187304496765
1296,1,quasar,1,quasar,True,1,quasar,True,True,1,quasar,0.9850037097930908,1,quasar,0.7362432479858398,1,quasar,0.6184378266334534,1,quasar,0.6222367882728577,1,quasar,0.7025456428527832,1,quasar,0.48415249586105347
1297,1,quasar,1,quasar,True,1,quasar,True,True,1,quasar,0.9698657989501953,1,quasar,0.8054269552230835,1,quasar,0.9014275074005127,1,quasar,0.5081624984741211,1,quasar,0.9367677569389343,2,star,0.528337836265564
1298,1,quasar,1,quasar,True,1,quasar,True,True,1,quasar,0.7521510720252991,1,quasar,0.8778172731399536,1,quasar,0.8054261803627014,1,quasar,0.5837305784225464,1,quasar,0.8308560252189636,1,quasar,0.5695160627365112
1299,1,quasar,1,quasar,True,1,quasar,True,True,1,quasar,0.9898721575737,1,quasar,0.860363245010376,1,quasar,0.8757367730140686,2,star,0.5109583735466003,1,quasar,0.955489993095398,1,quasar,0.5546939373016357
1300,1,quasar,1,quasar,True,1,quasar,True,True,1,quasar,0.9160038828849792,1,quasar,0.7345117330551147,1,quasar,0.5479481816291809,1,quasar,0.5057202577590942,1,quasar,0.7961550354957581,1,quasar,0.386736661195755
1301,1,quasar,1,quasar,True,1,quasar,True,True,1,quasar,0.9939203262329102,1,quasar,0.824732780456543,1,quasar,0.762634813785553,1,quasar,0.598057210445404,1,quasar,0.8448324203491211,1,quasar,0.45906221866607666
1302,1,quasar,1,quasar,True,1,quasar,True,True,1,quasar,0.9829705953598022,1,quasar,0.7601314783096313,1,quasar,0.8119655847549438,1,quasar,0.5784630179405212,1,quasar,0.9669545292854309,1,quasar,0.38181138038635254
1303,1,quasar,1,quasar,True,1,quasar,True,True,1,quasar,0.9996845722198486,1,quasar,0.9148706197738647,1,quasar,0.8895053267478943,1,quasar,0.6157652139663696,1,quasar,0.9135915637016296,1,quasar,0.5966504216194153
1304,1,quasar,1,quasar,True,1,quasar,True,True,1,quasar,0.9122468829154968,1,quasar,0.9003080725669861,1,quasar,0.9017520546913147,1,quasar,0.6264269351959229,1,quasar,0.9007083773612976,1,quasar,0.47214043140411377
1305,1,quasar,1,quasar,True,1,quasar,True,True,1,quasar,0.6623834371566772,1,quasar,0.969426691532135,1,quasar,0.5567108392715454,1,quasar,0.5717493295669556,1,quasar,0.8494666218757629,2,star,0.3872400224208832
1306,1,quasar,1,quasar,True,1,quasar,True,True,1,quasar,0.9684116244316101,1,quasar,0.9277536869049072,1,quasar,0.8863118290901184,1,quasar,0.6916021108627319,1,quasar,0.9736810326576233,1,quasar,0.5146363377571106
1307,1,quasar,1,quasar,True,1,quasar,True,True,1,quasar,0.8959343433380127,1,quasar,0.8742690682411194,1,quasar,0.7764543890953064,1,quasar,0.6440091133117676,1,quasar,0.9075291752815247,1,quasar,0.5068117380142212
1308,1,quasar,1,quasar,True,1,quasar,True,True,1,quasar,0.8600476384162903,1,quasar,0.6508983969688416,1,quasar,0.8490855097770691,2,star,0.587100625038147,1,quasar,0.9399361610412598,2,star,0.41274788975715637
1309,1,quasar,1,quasar,True,1,quasar,True,True,1,quasar,0.9424031972885132,1,quasar,0.9854485392570496,1,quasar,0.7990337014198303,1,quasar,0.5085229277610779,1,quasar,0.8069289922714233,0,galaxy,0.5344417691230774
1310,1,quasar,1,quasar,True,1,quasar,True,True,1,quasar,0.8409952521324158,1,quasar,0.9627741575241089,1,quasar,0.9114322066307068,2,star,0.5079092979431152,1,quasar,0.97532719373703,1,quasar,0.6270912885665894
1311,1,quasar,1,quasar,True,1,quasar,True,True,2,star,0.778733491897583,1,quasar,0.7135351896286011,1,quasar,0.8305226564407349,1,quasar,0.6212084889411926,1,quasar,0.8180943131446838,1,quasar,0.41455966234207153
1312,1,quasar,1,quasar,True,1,quasar,True,True,1,quasar,0.8278412222862244,1,quasar,0.8458917737007141,1,quasar,0.8457005023956299,1,quasar,0.5792211294174194,1,quasar,0.7836795449256897,1,quasar,0.35214218497276306
1313,1,quasar,1,quasar,True,1,quasar,True,True,2,star,0.6590526700019836,1,quasar,0.7139682173728943,1,quasar,0.6643470525741577,1,quasar,0.35434797406196594,1,quasar,0.9619803428649902,0,galaxy,0.48922523856163025
1314,1,quasar,1,quasar,True,1,quasar,True,True,1,quasar,0.8532964587211609,1,quasar,0.8959752917289734,1,quasar,0.8950127363204956,1,quasar,0.6479673981666565,1,quasar,0.9596685767173767,1,quasar,0.503448486328125
1315,1,quasar,1,quasar,True,1,quasar,True,True,1,quasar,0.7168807983398438,1,quasar,0.630115807056427,1,quasar,0.8978513479232788,2,star,0.5182070136070251,1,quasar,0.9647408723831177,2,star,0.6669813990592957
1316,1,quasar,1,quasar,True,1,quasar,True,True,1,quasar,0.9653542637825012,1,quasar,0.6734375953674316,1,quasar,0.9059529304504395,1,quasar,0.601521372795105,1,quasar,0.9781838059425354,2,star,0.4496312439441681
1317,1,quasar,1,quasar,True,1,quasar,True,True,1,quasar,0.9731993675231934,1,quasar,0.7578214406967163,1,quasar,0.8599117994308472,1,quasar,0.6100031733512878,1,quasar,0.9010109305381775,2,star,0.491041898727417
1318,1,quasar,1,quasar,True,1,quasar,True,True,1,quasar,0.8676307201385498,1,quasar,0.9532197117805481,1,quasar,0.8184469938278198,1,quasar,0.4973222017288208,1,quasar,0.8891825675964355,0,galaxy,0.5155296921730042
1319,1,quasar,1,quasar,True,1,quasar,True,True,1,quasar,0.8968695402145386,1,quasar,0.6134073138237,1,quasar,0.8833475708961487,1,quasar,0.5865013599395752,1,quasar,0.8730142712593079,0,galaxy,0.4392612874507904
1320,1,quasar,1,quasar,True,1,quasar,True,True,1,quasar,0.7777703404426575,1,quasar,0.8793187737464905,1,quasar,0.9340763092041016,1,quasar,0.5640445947647095,1,quasar,0.894906759262085,1,quasar,0.7107731699943542
1321,1,quasar,1,quasar,True,1,quasar,True,True,1,quasar,0.8820323944091797,1,quasar,0.8763096928596497,1,quasar,0.8973008394241333,1,quasar,0.6442766189575195,1,quasar,0.9581047892570496,1,quasar,0.4996286928653717
1322,1,quasar,1,quasar,True,1,quasar,True,True,1,quasar,0.9303392171859741,1,quasar,0.8162939548492432,1,quasar,0.916736364364624,1,quasar,0.5833958983421326,1,quasar,0.959702730178833,1,quasar,0.5877677202224731
1323,1,quasar,1,quasar,True,1,quasar,True,True,2,star,0.6326472163200378,1,quasar,0.8245581984519958,1,quasar,0.9044894576072693,1,quasar,0.5675877332687378,1,quasar,0.9055606126785278,1,quasar,0.5394153594970703
1324,1,quasar,1,quasar,True,1,quasar,True,True,1,quasar,0.9684296250343323,1,quasar,0.7362259030342102,1,quasar,0.901391327381134,2,star,0.6226521134376526,1,quasar,0.8927768468856812,1,quasar,0.608270525932312
1325,1,quasar,1,quasar,True,1,quasar,True,True,1,quasar,0.8829155564308167,1,quasar,0.6574435830116272,2,star,0.6910058856010437,2,star,0.5057128071784973,1,quasar,0.7965282201766968,1,quasar,0.5496294498443604
1326,1,quasar,1,quasar,True,1,quasar,True,True,1,quasar,0.7545286417007446,1,quasar,0.4846991002559662,1,quasar,0.6886845827102661,1,quasar,0.5579308867454529,1,quasar,0.7270210385322571,1,quasar,0.5139248371124268
1327,1,quasar,1,quasar,True,1,quasar,True,True,1,quasar,0.9401648640632629,1,quasar,0.8999931216239929,1,quasar,0.8352052569389343,1,quasar,0.5173811912536621,1,quasar,0.7612597942352295,1,quasar,0.6035683155059814
1328,1,quasar,1,quasar,True,1,quasar,True,True,1,quasar,0.8039926886558533,1,quasar,0.8175032734870911,1,quasar,0.8233444690704346,1,quasar,0.5903041362762451,1,quasar,0.8454652428627014,1,quasar,0.47329267859458923
1329,1,quasar,1,quasar,True,1,quasar,True,True,1,quasar,0.9668301343917847,1,quasar,0.8095688223838806,1,quasar,0.9008431434631348,1,quasar,0.6288504004478455,1,quasar,0.9777602553367615,0,galaxy,0.6457141637802124
1330,1,quasar,1,quasar,True,1,quasar,True,True,1,quasar,0.7666676044464111,1,quasar,0.7704647183418274,1,quasar,0.8752743005752563,1,quasar,0.5649210810661316,1,quasar,0.9697214365005493,0,galaxy,0.4806053638458252
1331,1,quasar,1,quasar,True,1,quasar,True,True,1,quasar,0.9862902760505676,1,quasar,0.9081489443778992,1,quasar,0.5719815492630005,1,quasar,0.582502007484436,1,quasar,0.812501847743988,1,quasar,0.4391472637653351
1332,1,quasar,1,quasar,True,1,quasar,True,True,1,quasar,0.4669335186481476,1,quasar,0.5618478059768677,1,quasar,0.8407058715820312,1,quasar,0.5952103734016418,1,quasar,0.8579546809196472,0,galaxy,0.5001863241195679
1333,1,quasar,1,quasar,True,1,quasar,True,True,1,quasar,0.7592655420303345,1,quasar,0.8102081418037415,1,quasar,0.9035122394561768,1,quasar,0.6769643425941467,1,quasar,0.9679728746414185,2,star,0.4805118143558502
1334,1,quasar,1,quasar,True,1,quasar,True,True,1,quasar,0.9572969079017639,1,quasar,0.7113534808158875,1,quasar,0.830410897731781,1,quasar,0.5045965313911438,1,quasar,0.7195547223091125,2,star,0.5608968138694763
1335,1,quasar,1,quasar,True,1,quasar,True,True,1,quasar,0.6936739087104797,1,quasar,0.6549955606460571,1,quasar,0.7448418140411377,1,quasar,0.583077073097229,1,quasar,0.566467821598053,2,star,0.6016964316368103
1336,1,quasar,1,quasar,True,1,quasar,True,True,1,quasar,0.9578038454055786,1,quasar,0.9277677536010742,1,quasar,0.8838300704956055,1,quasar,0.5793966054916382,1,quasar,0.9682947993278503,1,quasar,0.7033867835998535
1337,1,quasar,1,quasar,True,1,quasar,True,True,2,star,0.6823503375053406,1,quasar,0.7360696792602539,1,quasar,0.8363384008407593,1,quasar,0.5816969871520996,1,quasar,0.7578511238098145,2,star,0.4767519533634186
1338,1,quasar,1,quasar,True,1,quasar,True,True,1,quasar,0.9128830432891846,1,quasar,0.8009445071220398,1,quasar,0.8834688067436218,1,quasar,0.6725372076034546,1,quasar,0.8990194201469421,1,quasar,0.4478802978992462
1339,1,quasar,0,galaxy,False,0,galaxy,False,True,0,galaxy,0.9762667417526245,0,galaxy,0.4945754408836365,1,quasar,0.6273702383041382,0,galaxy,0.5693380832672119,1,quasar,0.7888825535774231,0,galaxy,0.6234825253486633
1340,1,quasar,1,quasar,True,1,quasar,True,True,1,quasar,0.8896955847740173,1,quasar,0.9190221428871155,1,quasar,0.8897518515586853,1,quasar,0.6414756178855896,1,quasar,0.9249648451805115,1,quasar,0.5229854583740234
1341,1,quasar,1,quasar,True,1,quasar,True,True,1,quasar,0.884895920753479,2,star,0.5147258639335632,1,quasar,0.8243762850761414,1,quasar,0.5317845344543457,1,quasar,0.7475078701972961,2,star,0.4568959176540375
1342,1,quasar,1,quasar,True,1,quasar,True,True,1,quasar,0.6170992851257324,1,quasar,0.656823992729187,1,quasar,0.7434945106506348,1,quasar,0.5668200254440308,1,quasar,0.742890477180481,1,quasar,0.5112759470939636
1343,1,quasar,0,galaxy,False,0,galaxy,False,True,0,galaxy,0.9081935882568359,0,galaxy,0.9675320982933044,0,galaxy,0.9153812527656555,0,galaxy,0.6379548907279968,0,galaxy,0.9103999137878418,2,star,0.36200737953186035
1344,1,quasar,1,quasar,True,1,quasar,True,True,1,quasar,0.8347019553184509,1,quasar,0.890163004398346,1,quasar,0.7753629088401794,2,star,0.5278159379959106,1,quasar,0.8799307942390442,1,quasar,0.5163901448249817
1345,1,quasar,1,quasar,True,1,quasar,True,True,2,star,0.5215308666229248,1,quasar,0.5582417845726013,1,quasar,0.88665372133255,2,star,0.5615956783294678,1,quasar,0.8886139392852783,2,star,0.5122455358505249
1346,1,quasar,1,quasar,True,1,quasar,True,True,1,quasar,0.9145916104316711,1,quasar,0.8140371441841125,2,star,0.7345986366271973,2,star,0.69491046667099,1,quasar,0.9296809434890747,2,star,0.48967576026916504
1347,1,quasar,1,quasar,True,1,quasar,True,True,2,star,0.5142331719398499,1,quasar,0.6425973773002625,1,quasar,0.8983730673789978,1,quasar,0.6101632714271545,1,quasar,0.9579912424087524,0,galaxy,0.35329368710517883
1348,1,quasar,2,star,False,2,star,False,True,2,star,0.5653756260871887,2,star,0.8887799382209778,2,star,0.8275105953216553,2,star,0.7357524037361145,2,star,0.6277408003807068,2,star,0.724595844745636
1349,1,quasar,1,quasar,True,1,quasar,True,True,2,star,0.6761367321014404,1,quasar,0.8944623470306396,1,quasar,0.9019266963005066,2,star,0.5119320154190063,1,quasar,0.9671816229820251,2,star,0.6085872054100037
1350,1,quasar,0,galaxy,False,0,galaxy,False,True,0,galaxy,0.8457076549530029,0,galaxy,0.5636792182922363,0,galaxy,0.6132442355155945,0,galaxy,0.5883808135986328,1,quasar,0.7351224422454834,0,galaxy,0.3905472457408905
1351,1,quasar,1,quasar,True,1,quasar,True,True,1,quasar,0.6895968914031982,1,quasar,0.4838303029537201,1,quasar,0.6724045276641846,1,quasar,0.580458402633667,1,quasar,0.7297293543815613,0,galaxy,0.39903438091278076
1352,1,quasar,2,star,False,2,star,False,True,1,quasar,0.9164113998413086,2,star,0.5433887243270874,1,quasar,0.543056070804596,2,star,0.670444130897522,2,star,0.846316397190094,2,star,0.6123360395431519
1353,1,quasar,1,quasar,True,1,quasar,True,True,1,quasar,0.7533379197120667,1,quasar,0.6265873312950134,1,quasar,0.7482284903526306,2,star,0.6104003190994263,1,quasar,0.7881332635879517,2,star,0.6781933903694153
1354,1,quasar,1,quasar,True,1,quasar,True,True,1,quasar,0.5825422406196594,1,quasar,0.7583790421485901,1,quasar,0.6088444590568542,2,star,0.6050770282745361,2,star,0.5289016366004944,1,quasar,0.5050957798957825
1355,1,quasar,1,quasar,True,1,quasar,True,True,1,quasar,0.9763234257698059,1,quasar,0.795319676399231,1,quasar,0.9196931719779968,2,star,0.5098525285720825,1,quasar,0.9582259654998779,1,quasar,0.7000096440315247
1356,1,quasar,1,quasar,True,1,quasar,True,True,2,star,0.5733850598335266,1,quasar,0.7687100172042847,1,quasar,0.7972707152366638,1,quasar,0.5777572393417358,1,quasar,0.8311210870742798,1,quasar,0.5395443439483643
1357,1,quasar,2,star,False,2,star,False,True,1,quasar,0.6571080684661865,1,quasar,0.6728141903877258,2,star,0.6911330223083496,2,star,0.7179111242294312,2,star,0.6663902401924133,2,star,0.7320649027824402
1358,1,quasar,1,quasar,True,1,quasar,True,True,1,quasar,0.8365170359611511,1,quasar,0.6454365253448486,1,quasar,0.8757962584495544,1,quasar,0.5490822196006775,1,quasar,0.9558185935020447,1,quasar,0.46162688732147217
1359,1,quasar,1,quasar,True,1,quasar,True,True,2,star,0.6714180111885071,1,quasar,0.6020389199256897,1,quasar,0.8327587842941284,1,quasar,0.6647436618804932,1,quasar,0.7844610214233398,2,star,0.5704489350318909
1360,1,quasar,1,quasar,True,1,quasar,True,True,1,quasar,0.8429743647575378,1,quasar,0.5947686433792114,1,quasar,0.8779674172401428,2,star,0.6468387246131897,2,star,0.5218433737754822,2,star,0.5072582364082336
1361,1,quasar,1,quasar,True,1,quasar,True,True,1,quasar,0.9189324378967285,1,quasar,0.7652982473373413,1,quasar,0.7987218499183655,1,quasar,0.6376623511314392,1,quasar,0.927757203578949,2,star,0.6568247079849243
1362,1,quasar,2,star,False,2,star,False,True,2,star,0.6328839063644409,2,star,0.5907203555107117,2,star,0.6282545328140259,2,star,0.6979357004165649,2,star,0.587200403213501,2,star,0.7197205424308777
1363,1,quasar,1,quasar,True,1,quasar,True,True,1,quasar,0.7010046243667603,1,quasar,0.8452898859977722,1,quasar,0.8820849657058716,1,quasar,0.647760272026062,1,quasar,0.7479376196861267,2,star,0.5852386951446533
1364,1,quasar,1,quasar,True,1,quasar,True,True,1,quasar,0.9695265889167786,1,quasar,0.8857591152191162,1,quasar,0.8620309233665466,1,quasar,0.6490941047668457,1,quasar,0.8142165541648865,2,star,0.519374668598175
1365,1,quasar,2,star,False,1,quasar,True,False,1,quasar,0.8138435482978821,2,star,0.543579638004303,0,galaxy,0.5001606941223145,2,star,0.7266703844070435,1,quasar,0.7675718665122986,2,star,0.5925649404525757
1366,1,quasar,0,galaxy,False,0,galaxy,False,True,0,galaxy,0.9620441198348999,0,galaxy,0.4930497109889984,0,galaxy,0.6661878824234009,0,galaxy,0.41711607575416565,1,quasar,0.6888081431388855,2,star,0.44449353218078613
1367,1,quasar,1,quasar,True,1,quasar,True,True,1,quasar,0.8365342020988464,1,quasar,0.8381516337394714,1,quasar,0.7191678285598755,2,star,0.5963720679283142,1,quasar,0.7617666125297546,2,star,0.7559465169906616
1368,1,quasar,1,quasar,True,1,quasar,True,True,1,quasar,0.7913118004798889,1,quasar,0.7536197900772095,1,quasar,0.8883458375930786,2,star,0.5105716586112976,1,quasar,0.9734839797019958,2,star,0.5992169976234436
1369,1,quasar,1,quasar,True,1,quasar,True,True,1,quasar,0.8572883605957031,1,quasar,0.570682168006897,1,quasar,0.6882386803627014,2,star,0.5655173063278198,1,quasar,0.6356545090675354,2,star,0.6187995076179504
1370,1,quasar,1,quasar,True,1,quasar,True,True,1,quasar,0.7707716822624207,2,star,0.6119918823242188,1,quasar,0.5943945050239563,1,quasar,0.6078761219978333,2,star,0.5965554118156433,2,star,0.5703020095825195
1371,1,quasar,2,star,False,2,star,False,True,1,quasar,0.5017921328544617,2,star,0.6769896149635315,2,star,0.6063365340232849,2,star,0.7032641172409058,2,star,0.7816740870475769,2,star,0.6534979343414307
1372,1,quasar,2,star,False,2,star,False,True,2,star,0.9366803765296936,2,star,0.7211992740631104,2,star,0.6772081851959229,2,star,0.6714913249015808,1,quasar,0.6805585622787476,2,star,0.5643011331558228
1373,1,quasar,1,quasar,True,1,quasar,True,True,1,quasar,0.581480085849762,1,quasar,0.5168301463127136,1,quasar,0.6854295134544373,1,quasar,0.6141728758811951,1,quasar,0.7285386323928833,2,star,0.5597176551818848
1374,1,quasar,1,quasar,True,1,quasar,True,True,1,quasar,0.8568152189254761,1,quasar,0.7695108652114868,1,quasar,0.7933827638626099,1,quasar,0.6021963953971863,1,quasar,0.7704073190689087,2,star,0.3984634578227997
1375,1,quasar,0,galaxy,False,0,galaxy,False,True,0,galaxy,0.9955548644065857,0,galaxy,0.9864014983177185,0,galaxy,0.8010358810424805,0,galaxy,0.9268548488616943,1,quasar,0.5709843039512634,0,galaxy,0.7445411086082458
1376,1,quasar,1,quasar,True,1,quasar,True,True,1,quasar,0.7255120873451233,1,quasar,0.8823044300079346,1,quasar,0.8943317532539368,1,quasar,0.6395057439804077,1,quasar,0.8258352279663086,0,galaxy,0.5577442646026611
1377,1,quasar,1,quasar,True,1,quasar,True,True,1,quasar,0.9141837954521179,1,quasar,0.6309857964515686,1,quasar,0.8542971014976501,1,quasar,0.6460256576538086,1,quasar,0.8634679913520813,1,quasar,0.3815692067146301
1378,1,quasar,1,quasar,True,1,quasar,True,True,2,star,0.5939604640007019,1,quasar,0.7501510977745056,1,quasar,0.842303454875946,1,quasar,0.6144344210624695,1,quasar,0.6787070035934448,2,star,0.572445809841156
1379,1,quasar,1,quasar,True,1,quasar,True,True,1,quasar,0.9837774038314819,1,quasar,0.9366683959960938,1,quasar,0.9397939443588257,1,quasar,0.5697072744369507,1,quasar,0.958436906337738,1,quasar,0.6105981469154358
1380,1,quasar,1,quasar,True,1,quasar,True,True,1,quasar,0.8201259970664978,1,quasar,0.6213035583496094,1,quasar,0.5589205622673035,1,quasar,0.5338135957717896,1,quasar,0.8722039461135864,0,galaxy,0.4693005383014679
1381,1,quasar,1,quasar,True,1,quasar,True,True,1,quasar,0.9225598573684692,0,galaxy,0.38627851009368896,2,star,0.5080077052116394,2,star,0.6155058741569519,1,quasar,0.5271702408790588,1,quasar,0.6058810949325562
1382,1,quasar,1,quasar,True,1,quasar,True,True,1,quasar,0.9586083292961121,1,quasar,0.9197160601615906,1,quasar,0.6881101727485657,2,star,0.5797035694122314,0,galaxy,0.47898200154304504,1,quasar,0.855475664138794
1383,1,quasar,1,quasar,True,1,quasar,True,True,1,quasar,0.968158483505249,1,quasar,0.5917106866836548,1,quasar,0.6728072166442871,1,quasar,0.6257404685020447,1,quasar,0.820705235004425,1,quasar,0.5066440105438232
1384,1,quasar,1,quasar,True,1,quasar,True,True,1,quasar,0.9713485836982727,0,galaxy,0.6178175210952759,1,quasar,0.7419201731681824,0,galaxy,0.6322658061981201,1,quasar,0.5586799383163452,1,quasar,0.7093336582183838
1385,1,quasar,1,quasar,True,1,quasar,True,True,1,quasar,0.7524359822273254,1,quasar,0.7288780212402344,1,quasar,0.8598024845123291,1,quasar,0.5848494172096252,1,quasar,0.9317838549613953,1,quasar,0.5007197260856628
1386,1,quasar,1,quasar,True,1,quasar,True,True,1,quasar,0.9086320996284485,1,quasar,0.6738382577896118,1,quasar,0.7544552087783813,2,star,0.6413673758506775,1,quasar,0.5415396094322205,1,quasar,0.8367971777915955
1387,1,quasar,0,galaxy,False,0,galaxy,False,True,1,quasar,0.6880278587341309,1,quasar,0.3501042425632477,0,galaxy,0.6868410110473633,0,galaxy,0.5378766655921936,0,galaxy,0.8779587745666504,1,quasar,0.4355413019657135
1388,1,quasar,1,quasar,True,1,quasar,True,True,1,quasar,0.9395112991333008,1,quasar,0.6011675000190735,2,star,0.7673144936561584,2,star,0.7067655324935913,0,galaxy,0.5324633121490479,1,quasar,0.6101565957069397
1389,1,quasar,1,quasar,True,1,quasar,True,True,1,quasar,0.7807285785675049,1,quasar,0.6467248201370239,1,quasar,0.8425211906433105,1,quasar,0.5596131086349487,1,quasar,0.8044140338897705,2,star,0.4709930121898651
1390,1,quasar,1,quasar,True,1,quasar,True,True,1,quasar,0.7104069590568542,1,quasar,0.8584250211715698,1,quasar,0.8814287185668945,1,quasar,0.6601823568344116,1,quasar,0.842444896697998,2,star,0.4900415539741516
1391,1,quasar,1,quasar,True,1,quasar,True,True,1,quasar,0.7626200914382935,1,quasar,0.8784219622612,1,quasar,0.8195897340774536,1,quasar,0.635077714920044,1,quasar,0.9686380624771118,1,quasar,0.7012923955917358
1392,1,quasar,1,quasar,True,1,quasar,True,True,1,quasar,0.879253089427948,1,quasar,0.9269078969955444,1,quasar,0.7949904203414917,1,quasar,0.5301997661590576,1,quasar,0.7893757224082947,1,quasar,0.7247075438499451
1393,1,quasar,1,quasar,True,1,quasar,True,True,1,quasar,0.855400800704956,1,quasar,0.6634648442268372,1,quasar,0.9044948220252991,1,quasar,0.531743049621582,1,quasar,0.8655412793159485,1,quasar,0.8556247353553772
1394,1,quasar,1,quasar,True,1,quasar,True,True,1,quasar,0.9670764803886414,1,quasar,0.8879501223564148,2,star,0.5980372428894043,1,quasar,0.46706122159957886,1,quasar,0.6005470156669617,1,quasar,0.6415995359420776
1395,1,quasar,0,galaxy,False,0,galaxy,False,True,1,quasar,0.8564246892929077,1,quasar,0.5495874881744385,0,galaxy,0.9275843501091003,0,galaxy,0.9016454219818115,0,galaxy,0.6475784182548523,1,quasar,0.6195374727249146
1396,1,quasar,0,galaxy,False,0,galaxy,False,True,1,quasar,0.7068352699279785,0,galaxy,0.5701389908790588,0,galaxy,0.7779822945594788,0,galaxy,0.9046598672866821,0,galaxy,0.5860427021980286,1,quasar,0.5882490277290344
1397,1,quasar,1,quasar,True,1,quasar,True,True,1,quasar,0.6612749099731445,1,quasar,0.36373186111450195,1,quasar,0.7902275323867798,2,star,0.5657418370246887,0,galaxy,0.6027514934539795,0,galaxy,0.6032833456993103
1398,1,quasar,1,quasar,True,1,quasar,True,True,1,quasar,0.9868541955947876,1,quasar,0.9166612029075623,1,quasar,0.8699235320091248,1,quasar,0.6531885266304016,1,quasar,0.8774458765983582,1,quasar,0.8111153244972229
1399,1,quasar,0,galaxy,False,0,galaxy,False,True,1,quasar,0.6613202691078186,0,galaxy,0.9980034232139587,1,quasar,0.42252808809280396,0,galaxy,0.7418412566184998,0,galaxy,0.6976948380470276,2,star,0.6988258957862854
1400,1,quasar,2,star,False,1,quasar,True,False,1,quasar,0.49424657225608826,2,star,0.6110527515411377,2,star,0.5196703672409058,2,star,0.572442352771759,1,quasar,0.7458294630050659,0,galaxy,0.9777217507362366
1401,1,quasar,1,quasar,True,1,quasar,True,True,0,galaxy,0.3969208300113678,1,quasar,0.6506462693214417,1,quasar,0.6500444412231445,1,quasar,0.4111122786998749,1,quasar,0.7602800726890564,1,quasar,0.7758730053901672
1402,1,quasar,1,quasar,True,1,quasar,True,True,1,quasar,0.9949147701263428,1,quasar,0.9715802073478699,1,quasar,0.9217426180839539,1,quasar,0.6738983392715454,1,quasar,0.9719793200492859,1,quasar,0.47767508029937744
1403,1,quasar,1,quasar,True,1,quasar,True,True,1,quasar,0.8015804290771484,1,quasar,0.7174683213233948,1,quasar,0.7449929714202881,2,star,0.47018304467201233,0,galaxy,0.48068010807037354,1,quasar,0.7656523585319519
1404,1,quasar,1,quasar,True,1,quasar,True,True,1,quasar,0.969791829586029,1,quasar,0.9553617238998413,1,quasar,0.891990065574646,1,quasar,0.49855366349220276,1,quasar,0.9274202585220337,1,quasar,0.5390869379043579
1405,1,quasar,1,quasar,True,1,quasar,True,True,1,quasar,0.9851253032684326,1,quasar,0.8966774940490723,1,quasar,0.9093130230903625,1,quasar,0.5638580918312073,1,quasar,0.8849396705627441,1,quasar,0.6470991969108582
1406,1,quasar,1,quasar,True,1,quasar,True,True,1,quasar,0.9924708604812622,1,quasar,0.8686789274215698,1,quasar,0.8844326138496399,1,quasar,0.533327043056488,1,quasar,0.9656742215156555,2,star,0.4846149981021881
1407,1,quasar,1,quasar,True,1,quasar,True,True,1,quasar,0.6815632581710815,1,quasar,0.5308469533920288,1,quasar,0.7010112404823303,1,quasar,0.527745246887207,1,quasar,0.9110274910926819,1,quasar,0.7017182111740112
1408,1,quasar,0,galaxy,False,0,galaxy,False,True,0,galaxy,0.6217942833900452,0,galaxy,0.9865198135375977,0,galaxy,0.76845383644104,0,galaxy,0.5661178827285767,1,quasar,0.5507028698921204,1,quasar,0.44598886370658875
1409,1,quasar,1,quasar,True,1,quasar,True,True,1,quasar,0.7594541311264038,1,quasar,0.986842691898346,1,quasar,0.8770104050636292,1,quasar,0.5444120168685913,1,quasar,0.9708812236785889,1,quasar,0.5126978158950806
1410,1,quasar,1,quasar,True,1,quasar,True,True,1,quasar,0.9033911228179932,1,quasar,0.9692754745483398,1,quasar,0.8941091299057007,1,quasar,0.5708587169647217,1,quasar,0.9745691418647766,1,quasar,0.71205735206604
1411,1,quasar,1,quasar,True,1,quasar,True,True,1,quasar,0.9995606541633606,1,quasar,0.9875764846801758,1,quasar,0.8881188035011292,1,quasar,0.6074953079223633,1,quasar,0.9044026732444763,1,quasar,0.8521305322647095
1412,1,quasar,1,quasar,True,1,quasar,True,True,1,quasar,0.8723829984664917,1,quasar,0.9759600758552551,1,quasar,0.9017027020454407,1,quasar,0.6093375086784363,1,quasar,0.8066996932029724,1,quasar,0.5279626846313477
1413,1,quasar,1,quasar,True,1,quasar,True,True,1,quasar,0.9872565269470215,1,quasar,0.9178414940834045,1,quasar,0.9185895919799805,1,quasar,0.6545594930648804,1,quasar,0.9666997790336609,1,quasar,0.7259321212768555
1414,1,quasar,1,quasar,True,1,quasar,True,True,1,quasar,0.9148751497268677,1,quasar,0.8476746082305908,1,quasar,0.9138986468315125,1,quasar,0.6488551497459412,1,quasar,0.9765803217887878,1,quasar,0.4745347499847412
1415,1,quasar,1,quasar,True,1,quasar,True,True,1,quasar,0.7038872241973877,1,quasar,0.9132598042488098,1,quasar,0.8770154714584351,1,quasar,0.522976279258728,1,quasar,0.9746530652046204,1,quasar,0.5872681736946106
1416,1,quasar,1,quasar,True,1,quasar,True,True,1,quasar,0.9733253121376038,1,quasar,0.6524196863174438,1,quasar,0.9183779954910278,1,quasar,0.5628035664558411,1,quasar,0.9443766474723816,0,galaxy,0.5973682403564453
1417,1,quasar,1,quasar,True,1,quasar,True,True,1,quasar,0.9773877263069153,1,quasar,0.9688510894775391,1,quasar,0.8842538595199585,1,quasar,0.5372509360313416,1,quasar,0.9616611003875732,1,quasar,0.48137032985687256
1418,1,quasar,1,quasar,True,1,quasar,True,True,1,quasar,0.9980359673500061,1,quasar,0.9706618189811707,1,quasar,0.888802707195282,1,quasar,0.6187545657157898,1,quasar,0.9747297167778015,1,quasar,0.6069322824478149
1419,1,quasar,0,galaxy,False,0,galaxy,False,True,0,galaxy,0.44215473532676697,1,quasar,0.3994252681732178,0,galaxy,0.8920257091522217,0,galaxy,0.8083662986755371,0,galaxy,0.6787498593330383,1,quasar,0.5688029527664185
1420,1,quasar,1,quasar,True,1,quasar,True,True,1,quasar,0.8036403656005859,0,galaxy,0.4614696800708771,1,quasar,0.4871760308742523,1,quasar,0.6152081489562988,1,quasar,0.5350354313850403,1,quasar,0.5984461903572083
1421,1,quasar,1,quasar,True,0,galaxy,False,False,0,galaxy,0.6477091312408447,1,quasar,0.37031152844429016,1,quasar,0.4783937633037567,2,star,0.4484151601791382,1,quasar,0.4748136103153229,0,galaxy,0.531632661819458
1422,1,quasar,1,quasar,True,1,quasar,True,True,1,quasar,0.594925582408905,1,quasar,0.657844603061676,1,quasar,0.7123037576675415,1,quasar,0.5439616441726685,1,quasar,0.8152037262916565,2,star,0.48844799399375916
1423,1,quasar,1,quasar,True,1,quasar,True,True,1,quasar,0.5807421803474426,1,quasar,0.7064390778541565,1,quasar,0.8207808136940002,1,quasar,0.6550058126449585,1,quasar,0.8081770539283752,2,star,0.4577944874763489
1424,1,quasar,1,quasar,True,1,quasar,True,True,1,quasar,0.8751736879348755,1,quasar,0.587191641330719,1,quasar,0.7036996483802795,1,quasar,0.49578917026519775,1,quasar,0.8269984722137451,1,quasar,0.42161494493484497
1425,1,quasar,1,quasar,True,1,quasar,True,True,1,quasar,0.8243640065193176,1,quasar,0.7345936298370361,1,quasar,0.8730503916740417,1,quasar,0.5372466444969177,1,quasar,0.6276129484176636,2,star,0.5256721377372742
1426,1,quasar,0,galaxy,False,0,galaxy,False,True,0,galaxy,0.9049203395843506,0,galaxy,0.8113290071487427,0,galaxy,0.9347692728042603,0,galaxy,0.9144341945648193,0,galaxy,0.8580624461174011,0,galaxy,0.5086061954498291
1427,1,quasar,1,quasar,True,1,quasar,True,True,1,quasar,0.9766080379486084,1,quasar,0.7882411479949951,1,quasar,0.817444384098053,1,quasar,0.4998025596141815,1,quasar,0.7016555666923523,1,quasar,0.4864296615123749
1428,1,quasar,1,quasar,True,1,quasar,True,True,2,star,0.500190258026123,1,quasar,0.5126954317092896,1,quasar,0.7728075385093689,2,star,0.5942082405090332,1,quasar,0.7773292660713196,2,star,0.5562434196472168
1429,1,quasar,1,quasar,True,1,quasar,True,True,1,quasar,0.8421642780303955,1,quasar,0.4496038556098938,1,quasar,0.7246919870376587,1,quasar,0.5451666116714478,1,quasar,0.8297411203384399,0,galaxy,0.37877053022384644
1430,1,quasar,1,quasar,True,1,quasar,True,True,2,star,0.6427536606788635,1,quasar,0.7967530488967896,1,quasar,0.8926608562469482,1,quasar,0.625180184841156,1,quasar,0.968269407749176,1,quasar,0.40837928652763367
1431,1,quasar,1,quasar,True,1,quasar,True,True,2,star,0.5755148530006409,1,quasar,0.8619709014892578,1,quasar,0.8624961376190186,1,quasar,0.6599425673484802,1,quasar,0.9587229490280151,2,star,0.4142177104949951
1432,1,quasar,1,quasar,True,1,quasar,True,True,1,quasar,0.534223198890686,1,quasar,0.5171539187431335,1,quasar,0.898240327835083,1,quasar,0.6160027980804443,1,quasar,0.9473552107810974,2,star,0.6253743767738342
1433,1,quasar,0,galaxy,False,0,galaxy,False,True,0,galaxy,0.4673428535461426,0,galaxy,0.8438957929611206,0,galaxy,0.9764106869697571,0,galaxy,0.93711256980896,0,galaxy,0.896173894405365,0,galaxy,0.4521476626396179
1434,1,quasar,1,quasar,True,1,quasar,True,True,2,star,0.5434948205947876,1,quasar,0.9132004380226135,1,quasar,0.8349624276161194,1,quasar,0.6681229472160339,1,quasar,0.8815963864326477,1,quasar,0.5680022835731506
1435,1,quasar,2,star,False,2,star,False,True,2,star,0.9718562960624695,1,quasar,0.7534247040748596,2,star,0.7934466004371643,2,star,0.6153441667556763,1,quasar,0.5814628601074219,2,star,0.5001682043075562
1436,1,quasar,1,quasar,True,1,quasar,True,True,1,quasar,0.5803593993186951,1,quasar,0.830115795135498,1,quasar,0.8846867680549622,1,quasar,0.5495584011077881,1,quasar,0.517736554145813,1,quasar,0.48632103204727173
1437,1,quasar,1,quasar,True,1,quasar,True,True,1,quasar,0.9825279116630554,1,quasar,0.7855404615402222,1,quasar,0.7870979309082031,1,quasar,0.5501183867454529,1,quasar,0.7785881161689758,1,quasar,0.5435351133346558
1438,1,quasar,1,quasar,True,1,quasar,True,True,1,quasar,0.5505822896957397,1,quasar,0.9565984606742859,1,quasar,0.5527801513671875,1,quasar,0.558997631072998,1,quasar,0.8479381203651428,1,quasar,0.41603219509124756
1439,1,quasar,1,quasar,True,1,quasar,True,True,1,quasar,0.8770365118980408,1,quasar,0.6887837052345276,1,quasar,0.8687341213226318,2,star,0.49312445521354675,1,quasar,0.9392147660255432,2,star,0.5087727308273315
1440,1,quasar,2,star,False,2,star,False,True,2,star,0.5886614322662354,2,star,0.7564196586608887,2,star,0.906417965888977,2,star,0.551415205001831,2,star,0.7038514018058777,2,star,0.6717430949211121
1441,1,quasar,0,galaxy,False,0,galaxy,False,True,1,quasar,0.9686048626899719,2,star,0.3866608440876007,0,galaxy,0.9727880358695984,0,galaxy,0.9292755126953125,0,galaxy,0.9730931520462036,0,galaxy,0.9254378080368042
1442,1,quasar,0,galaxy,False,0,galaxy,False,True,0,galaxy,0.7308733463287354,0,galaxy,0.52623450756073,1,quasar,0.5653049945831299,0,galaxy,0.45087477564811707,1,quasar,0.6676215529441833,2,star,0.4311320185661316
1443,1,quasar,0,galaxy,False,0,galaxy,False,True,1,quasar,0.9483203887939453,0,galaxy,0.5116379857063293,0,galaxy,0.9501593112945557,0,galaxy,0.830801784992218,0,galaxy,0.7171375751495361,0,galaxy,0.4135850667953491
1444,1,quasar,1,quasar,True,1,quasar,True,True,2,star,0.5384950637817383,1,quasar,0.7059428095817566,1,quasar,0.7841417193412781,1,quasar,0.5557253956794739,1,quasar,0.9014036059379578,2,star,0.47296610474586487
1445,1,quasar,1,quasar,True,1,quasar,True,True,2,star,0.8275911808013916,1,quasar,0.6815671920776367,1,quasar,0.6189876794815063,2,star,0.5504557490348816,1,quasar,0.8887181282043457,1,quasar,0.5451709032058716
1446,1,quasar,1,quasar,True,1,quasar,True,True,1,quasar,0.786785364151001,1,quasar,0.9238682389259338,1,quasar,0.8507217168807983,1,quasar,0.5792791247367859,1,quasar,0.9764677882194519,2,star,0.5261550545692444
1447,1,quasar,2,star,False,2,star,False,True,2,star,0.5121394395828247,2,star,0.7758707404136658,2,star,0.6147195100784302,2,star,0.6802127957344055,2,star,0.5518091917037964,2,star,0.7218313217163086
1448,1,quasar,1,quasar,True,1,quasar,True,True,1,quasar,0.7850052118301392,1,quasar,0.8297024369239807,1,quasar,0.7917851805686951,1,quasar,0.6301726698875427,1,quasar,0.7558526396751404,2,star,0.4081754982471466
1449,1,quasar,1,quasar,True,1,quasar,True,True,1,quasar,0.6718920469284058,1,quasar,0.915192723274231,1,quasar,0.8821948170661926,1,quasar,0.4933861792087555,1,quasar,0.9111114144325256,1,quasar,0.3393617272377014
1450,1,quasar,1,quasar,True,1,quasar,True,True,1,quasar,0.533622682094574,1,quasar,0.6726642847061157,1,quasar,0.8040960431098938,2,star,0.5607442855834961,1,quasar,0.7912507653236389,1,quasar,0.47343483567237854
1451,1,quasar,1,quasar,True,1,quasar,True,True,1,quasar,0.5624383091926575,1,quasar,0.6660536527633667,2,star,0.5453262329101562,2,star,0.5607587099075317,1,quasar,0.825624406337738,1,quasar,0.5783967971801758
1452,1,quasar,1,quasar,True,1,quasar,True,True,2,star,0.5541582107543945,2,star,0.5901950597763062,1,quasar,0.6873323321342468,1,quasar,0.5621651411056519,1,quasar,0.7500237226486206,2,star,0.49336180090904236
1453,1,quasar,0,galaxy,False,0,galaxy,False,True,0,galaxy,0.9872254729270935,0,galaxy,0.46775418519973755,0,galaxy,0.6820991039276123,0,galaxy,0.8532824516296387,0,galaxy,0.8933477997779846,0,galaxy,0.40984803438186646
1454,1,quasar,1,quasar,True,1,quasar,True,True,1,quasar,0.9004269242286682,1,quasar,0.8521906137466431,1,quasar,0.7650541663169861,1,quasar,0.6534265279769897,1,quasar,0.8000466227531433,1,quasar,0.41083717346191406
1455,1,quasar,1,quasar,True,1,quasar,True,True,1,quasar,0.955054521560669,1,quasar,0.8343642354011536,1,quasar,0.8444218039512634,1,quasar,0.6221380233764648,1,quasar,0.8138308525085449,2,star,0.5135349631309509
1456,1,quasar,1,quasar,True,1,quasar,True,True,1,quasar,0.8875630497932434,1,quasar,0.9040647745132446,1,quasar,0.8618634343147278,2,star,0.6053147315979004,1,quasar,0.7539020776748657,1,quasar,0.4849856197834015
1457,1,quasar,1,quasar,True,1,quasar,True,True,1,quasar,0.8029783368110657,1,quasar,0.6705971360206604,1,quasar,0.734105110168457,1,quasar,0.5699526071548462,1,quasar,0.8034517168998718,1,quasar,0.3966371417045593
1458,1,quasar,1,quasar,True,1,quasar,True,True,1,quasar,0.776462972164154,1,quasar,0.7469667196273804,1,quasar,0.8906365036964417,1,quasar,0.6851253509521484,1,quasar,0.9625380039215088,1,quasar,0.514186680316925
1459,1,quasar,1,quasar,True,2,star,False,False,1,quasar,0.6323100924491882,1,quasar,0.4198203682899475,2,star,0.5727314949035645,2,star,0.6815088391304016,1,quasar,0.5899491310119629,2,star,0.5424826741218567
1460,1,quasar,1,quasar,True,1,quasar,True,True,2,star,0.5724513530731201,1,quasar,0.662679135799408,1,quasar,0.880459725856781,1,quasar,0.5130984783172607,1,quasar,0.9279005527496338,2,star,0.568642258644104
1461,1,quasar,1,quasar,True,1,quasar,True,True,1,quasar,0.6684601306915283,1,quasar,0.606006920337677,1,quasar,0.8244052529335022,1,quasar,0.5394442677497864,1,quasar,0.8844765424728394,1,quasar,0.4660365879535675
1462,1,quasar,1,quasar,True,1,quasar,True,True,2,star,0.9440767168998718,1,quasar,0.5662855505943298,1,quasar,0.6799095273017883,1,quasar,0.5099308490753174,1,quasar,0.7450264096260071,2,star,0.37353554368019104
1463,1,quasar,1,quasar,True,1,quasar,True,True,2,star,0.681192934513092,1,quasar,0.5002685785293579,2,star,0.4699849486351013,1,quasar,0.5982134938240051,1,quasar,0.7342771291732788,2,star,0.450645387172699
1464,1,quasar,1,quasar,True,1,quasar,True,True,1,quasar,0.9410920143127441,1,quasar,0.747505247592926,1,quasar,0.8286107778549194,1,quasar,0.5552374124526978,1,quasar,0.9651018381118774,2,star,0.43208247423171997
1465,1,quasar,1,quasar,True,2,star,False,False,1,quasar,0.6803745031356812,2,star,0.7657281160354614,1,quasar,0.6943991184234619,2,star,0.6959282159805298,1,quasar,0.5759125351905823,2,star,0.6642339825630188
1466,1,quasar,1,quasar,True,1,quasar,True,True,2,star,0.8128946423530579,1,quasar,0.8529333472251892,1,quasar,0.8457670211791992,1,quasar,0.652122437953949,1,quasar,0.8503336906433105,0,galaxy,0.441976398229599
1467,1,quasar,1,quasar,True,1,quasar,True,True,1,quasar,0.832633376121521,1,quasar,0.7300949692726135,1,quasar,0.8734214901924133,1,quasar,0.6357624530792236,1,quasar,0.8342449069023132,2,star,0.4187376797199249
1468,1,quasar,1,quasar,True,1,quasar,True,True,1,quasar,0.791560709476471,1,quasar,0.6882014274597168,1,quasar,0.8191586136817932,2,star,0.5606522560119629,2,star,0.4888734519481659,2,star,0.5267490744590759
1469,1,quasar,2,star,False,2,star,False,True,0,galaxy,0.7094675302505493,2,star,0.6261288523674011,1,quasar,0.5526735782623291,2,star,0.3881918489933014,1,quasar,0.8337532877922058,2,star,0.6351845264434814
1470,1,quasar,2,star,False,2,star,False,True,2,star,0.6043114066123962,2,star,0.459506094455719,2,star,0.5825093984603882,2,star,0.5520197749137878,1,quasar,0.7670106291770935,2,star,0.6508572101593018
1471,1,quasar,1,quasar,True,1,quasar,True,True,0,galaxy,0.5086904764175415,1,quasar,0.5107514262199402,1,quasar,0.7079675197601318,1,quasar,0.4541185200214386,1,quasar,0.7476470470428467,0,galaxy,0.5052009224891663
1472,1,quasar,1,quasar,True,1,quasar,True,True,1,quasar,0.690269947052002,2,star,0.6702969670295715,1,quasar,0.6572596430778503,2,star,0.647891640663147,1,quasar,0.7204747200012207,2,star,0.6348890066146851
1473,1,quasar,1,quasar,True,1,quasar,True,True,1,quasar,0.9275454878807068,1,quasar,0.7010703086853027,1,quasar,0.8838754296302795,1,quasar,0.5641322135925293,1,quasar,0.7949454188346863,2,star,0.83257657289505
1474,1,quasar,1,quasar,True,1,quasar,True,True,1,quasar,0.7062119841575623,1,quasar,0.5364474058151245,1,quasar,0.7855937480926514,1,quasar,0.5920485258102417,1,quasar,0.7719425559043884,2,star,0.4341506361961365
1475,1,quasar,1,quasar,True,1,quasar,True,True,2,star,0.7529899477958679,1,quasar,0.6517782211303711,1,quasar,0.8152601718902588,1,quasar,0.590214192867279,1,quasar,0.7596395015716553,2,star,0.4377008080482483
1476,1,quasar,2,star,False,2,star,False,True,2,star,0.7500672340393066,2,star,0.6064352989196777,1,quasar,0.6679366230964661,2,star,0.620797872543335,1,quasar,0.6314569115638733,2,star,0.6144842505455017
1477,1,quasar,1,quasar,True,1,quasar,True,True,2,star,0.6873663663864136,1,quasar,0.6968237161636353,1,quasar,0.8990045785903931,1,quasar,0.6344470381736755,1,quasar,0.8426176905632019,2,star,0.6531641483306885
1478,1,quasar,1,quasar,True,1,quasar,True,True,1,quasar,0.6097675561904907,1,quasar,0.5669491291046143,1,quasar,0.5730921030044556,1,quasar,0.5997519493103027,1,quasar,0.6590402126312256,2,star,0.5836098194122314
1479,1,quasar,1,quasar,True,1,quasar,True,True,1,quasar,0.8443368077278137,1,quasar,0.8638263940811157,1,quasar,0.9207069277763367,1,quasar,0.5861425995826721,1,quasar,0.9602577090263367,2,star,0.49486225843429565
1480,1,quasar,1,quasar,True,1,quasar,True,True,1,quasar,0.532609760761261,1,quasar,0.9088519215583801,1,quasar,0.9203222990036011,2,star,0.5577540993690491,1,quasar,0.9707631468772888,2,star,0.6284124255180359
1481,1,quasar,1,quasar,True,1,quasar,True,True,1,quasar,0.9395902156829834,1,quasar,0.5202281475067139,1,quasar,0.7387054562568665,2,star,0.588437557220459,1,quasar,0.6942068338394165,2,star,0.5124651193618774
1482,1,quasar,1,quasar,True,1,quasar,True,True,1,quasar,0.9078366160392761,1,quasar,0.9115661382675171,1,quasar,0.9083200097084045,1,quasar,0.6020632982254028,1,quasar,0.9706728458404541,2,star,0.6797202825546265
1483,1,quasar,1,quasar,True,1,quasar,True,True,1,quasar,0.9559531211853027,1,quasar,0.9008052349090576,1,quasar,0.8726475238800049,1,quasar,0.6380370855331421,1,quasar,0.9117177128791809,2,star,0.4986749291419983
1484,1,quasar,1,quasar,True,1,quasar,True,True,1,quasar,0.9850772023200989,1,quasar,0.8065062165260315,1,quasar,0.788420557975769,2,star,0.524278461933136,1,quasar,0.6950757503509521,2,star,0.5506466627120972
1485,1,quasar,1,quasar,True,1,quasar,True,True,1,quasar,0.9510607719421387,1,quasar,0.5795710682868958,0,galaxy,0.6396710276603699,0,galaxy,0.7683411240577698,1,quasar,0.6465886235237122,2,star,0.5234084129333496
1486,1,quasar,1,quasar,True,1,quasar,True,True,1,quasar,0.8512119650840759,1,quasar,0.5802828073501587,1,quasar,0.7841610312461853,1,quasar,0.609869122505188,1,quasar,0.7848308682441711,2,star,0.5050686001777649
1487,1,quasar,2,star,False,2,star,False,True,2,star,0.49521470069885254,2,star,0.6208450794219971,1,quasar,0.6743580102920532,2,star,0.5367013216018677,1,quasar,0.7246261835098267,2,star,0.7754903435707092
1488,1,quasar,1,quasar,True,1,quasar,True,True,1,quasar,0.7279501557350159,1,quasar,0.7632610201835632,1,quasar,0.810331404209137,1,quasar,0.6787946224212646,1,quasar,0.9344009757041931,2,star,0.4218420684337616
1489,1,quasar,1,quasar,True,1,quasar,True,True,1,quasar,0.5664568543434143,1,quasar,0.6528473496437073,1,quasar,0.8132275938987732,1,quasar,0.6496730446815491,1,quasar,0.855258584022522,2,star,0.535189688205719
1490,1,quasar,1,quasar,True,1,quasar,True,True,2,star,0.7450842261314392,1,quasar,0.7398688197135925,1,quasar,0.8618974089622498,1,quasar,0.4995221793651581,1,quasar,0.9556019306182861,2,star,0.5908325910568237
1491,1,quasar,1,quasar,True,1,quasar,True,True,1,quasar,0.9145774841308594,2,star,0.531658947467804,1,quasar,0.8353763818740845,1,quasar,0.6276079416275024,1,quasar,0.8500715494155884,2,star,0.6911430358886719
1492,1,quasar,1,quasar,True,1,quasar,True,True,1,quasar,0.7218989729881287,1,quasar,0.5576246976852417,2,star,0.6345993876457214,2,star,0.6512627601623535,1,quasar,0.6140453219413757,0,galaxy,0.4522553086280823
1493,1,quasar,1,quasar,True,1,quasar,True,True,2,star,0.7700797319412231,2,star,0.47080281376838684,1,quasar,0.6618790626525879,1,quasar,0.5164272785186768,1,quasar,0.7035436034202576,2,star,0.4412950277328491
1494,1,quasar,1,quasar,True,1,quasar,True,True,1,quasar,0.9322265386581421,1,quasar,0.9048632383346558,1,quasar,0.9169350862503052,2,star,0.5186455845832825,1,quasar,0.9508079886436462,1,quasar,0.5596719980239868
1495,1,quasar,2,star,False,2,star,False,True,2,star,0.6854081749916077,2,star,0.7198551893234253,2,star,0.8801694512367249,2,star,0.6663218140602112,2,star,0.8866330981254578,2,star,0.7390170693397522
1496,1,quasar,1,quasar,True,1,quasar,True,True,1,quasar,0.8657233119010925,1,quasar,0.8266159892082214,1,quasar,0.8324770331382751,1,quasar,0.6484270691871643,1,quasar,0.7090011239051819,2,star,0.43908292055130005
1497,1,quasar,1,quasar,True,1,quasar,True,True,1,quasar,0.8958912491798401,1,quasar,0.8652237057685852,1,quasar,0.7689902186393738,1,quasar,0.6063148379325867,1,quasar,0.7466184496879578,2,star,0.5274853706359863
1498,1,quasar,1,quasar,True,1,quasar,True,True,1,quasar,0.9367359280586243,1,quasar,0.8738610148429871,1,quasar,0.8778121471405029,1,quasar,0.6724470853805542,1,quasar,0.8508749604225159,2,star,0.694128155708313
1499,1,quasar,1,quasar,True,1,quasar,True,True,2,star,0.5838156938552856,1,quasar,0.6008363962173462,1,quasar,0.8353129029273987,1,quasar,0.5138391256332397,1,quasar,0.6899908781051636,2,star,0.7956661581993103
1500,1,quasar,1,quasar,True,1,quasar,True,True,1,quasar,0.6114560961723328,1,quasar,0.7860642671585083,1,quasar,0.8673396110534668,1,quasar,0.6609015464782715,1,quasar,0.9179164171218872,2,star,0.43833550810813904
1501,1,quasar,2,star,False,2,star,False,True,0,galaxy,0.37772420048713684,2,star,0.6999587416648865,2,star,0.7396782040596008,2,star,0.4915953278541565,1,quasar,0.553628146648407,2,star,0.6143124103546143
1502,1,quasar,1,quasar,True,1,quasar,True,True,1,quasar,0.7561118602752686,1,quasar,0.8473386764526367,1,quasar,0.8053708076477051,2,star,0.5074366331100464,1,quasar,0.939616858959198,1,quasar,0.6141623258590698
1503,1,quasar,1,quasar,True,2,star,False,False,2,star,0.9488561153411865,2,star,0.799066424369812,1,quasar,0.7130165100097656,1,quasar,0.6025925874710083,1,quasar,0.8214743137359619,2,star,0.6610397696495056
1504,1,quasar,1,quasar,True,1,quasar,True,True,1,quasar,0.8265965580940247,1,quasar,0.7821754217147827,1,quasar,0.8760678172111511,1,quasar,0.6173112392425537,1,quasar,0.8001070618629456,2,star,0.6483865976333618
1505,1,quasar,2,star,False,2,star,False,True,2,star,0.5818793177604675,1,quasar,0.5360244512557983,2,star,0.5611225962638855,1,quasar,0.5297226309776306,2,star,0.5818146467208862,2,star,0.6271002292633057
1506,1,quasar,1,quasar,True,1,quasar,True,True,1,quasar,0.6084843873977661,1,quasar,0.864720344543457,1,quasar,0.8857139945030212,1,quasar,0.5445840358734131,1,quasar,0.9604504704475403,2,star,0.4001931846141815
1507,1,quasar,1,quasar,True,1,quasar,True,True,1,quasar,0.775551438331604,1,quasar,0.8600695133209229,1,quasar,0.9083274006843567,1,quasar,0.5269351005554199,1,quasar,0.9709803462028503,2,star,0.7071375846862793
1508,1,quasar,1,quasar,True,1,quasar,True,True,1,quasar,0.8197252154350281,1,quasar,0.9248612523078918,1,quasar,0.766823947429657,2,star,0.6597856283187866,1,quasar,0.9689589738845825,1,quasar,0.8333107233047485
1509,1,quasar,2,star,False,2,star,False,True,2,star,0.9718335866928101,2,star,0.8340407013893127,2,star,0.8540785908699036,2,star,0.6711912155151367,2,star,0.9749326109886169,2,star,0.6506725549697876
1510,1,quasar,1,quasar,True,1,quasar,True,True,1,quasar,0.9794296026229858,1,quasar,0.7940999865531921,1,quasar,0.8513713479042053,2,star,0.4658965468406677,1,quasar,0.7427078485488892,1,quasar,0.6801048517227173
1511,1,quasar,1,quasar,True,1,quasar,True,True,1,quasar,0.6202855706214905,1,quasar,0.8607021570205688,1,quasar,0.7954820990562439,1,quasar,0.6351539492607117,1,quasar,0.8506117463111877,1,quasar,0.4510975480079651
1512,1,quasar,2,star,False,2,star,False,True,1,quasar,0.8812454342842102,2,star,0.5075910091400146,1,quasar,0.5088040828704834,2,star,0.7296464443206787,2,star,0.6139489412307739,2,star,0.4804765284061432
1513,1,quasar,1,quasar,True,1,quasar,True,True,1,quasar,0.9890673756599426,1,quasar,0.9358630180358887,1,quasar,0.9104900360107422,1,quasar,0.5902983546257019,1,quasar,0.9747908115386963,1,quasar,0.6608657240867615
1514,1,quasar,1,quasar,True,1,quasar,True,True,1,quasar,0.7196823358535767,1,quasar,0.6806178092956543,1,quasar,0.7190736532211304,1,quasar,0.5920390486717224,1,quasar,0.8476842045783997,1,quasar,0.4594472348690033
1515,1,quasar,1,quasar,True,1,quasar,True,True,1,quasar,0.7631038427352905,1,quasar,0.7704173922538757,1,quasar,0.8561863899230957,2,star,0.5828610062599182,1,quasar,0.8919564485549927,1,quasar,0.49978169798851013
1516,1,quasar,1,quasar,True,1,quasar,True,True,1,quasar,0.7514786124229431,1,quasar,0.7729356288909912,1,quasar,0.909774124622345,1,quasar,0.5042556524276733,1,quasar,0.9636355042457581,0,galaxy,0.4669434428215027
1517,1,quasar,0,galaxy,False,0,galaxy,False,True,1,quasar,0.6715976595878601,2,star,0.3905400335788727,2,star,0.6920405030250549,0,galaxy,0.9575045108795166,0,galaxy,0.526921272277832,0,galaxy,0.8007895946502686
1518,1,quasar,1,quasar,True,1,quasar,True,True,1,quasar,0.9384585618972778,2,star,0.849947452545166,1,quasar,0.6335001587867737,2,star,0.5912724137306213,1,quasar,0.9318651556968689,2,star,0.5814168453216553
1519,1,quasar,1,quasar,True,1,quasar,True,True,1,quasar,0.6317773461341858,1,quasar,0.8887467980384827,1,quasar,0.7772484421730042,2,star,0.5665172338485718,1,quasar,0.6258721351623535,2,star,0.5430490970611572
1520,1,quasar,0,galaxy,False,1,quasar,True,False,1,quasar,0.8832992315292358,1,quasar,0.7163547873497009,0,galaxy,0.5121099352836609,0,galaxy,0.8228558301925659,1,quasar,0.49539923667907715,0,galaxy,0.4222255349159241
1521,1,quasar,1,quasar,True,1,quasar,True,True,2,star,0.5301864147186279,2,star,0.492414265871048,1,quasar,0.8327721357345581,1,quasar,0.5919755101203918,1,quasar,0.7389082312583923,2,star,0.4558131694793701
1522,1,quasar,1,quasar,True,1,quasar,True,True,1,quasar,0.9332729578018188,1,quasar,0.9134983420372009,1,quasar,0.8547729849815369,1,quasar,0.4985632598400116,1,quasar,0.8897907137870789,2,star,0.448697030544281
1523,1,quasar,1,quasar,True,1,quasar,True,True,1,quasar,0.9868125319480896,1,quasar,0.8675221800804138,1,quasar,0.866324782371521,1,quasar,0.6749579906463623,1,quasar,0.9167323708534241,0,galaxy,0.44966304302215576
1524,1,quasar,1,quasar,True,1,quasar,True,True,2,star,0.6423678994178772,1,quasar,0.9255015254020691,1,quasar,0.8310375809669495,1,quasar,0.6171140670776367,1,quasar,0.7390050888061523,1,quasar,0.4708298146724701
1525,2,star,2,star,True,2,star,True,True,0,galaxy,0.6231274604797363,0,galaxy,0.8709429502487183,2,star,0.9814155101776123,2,star,0.9659964442253113,2,star,0.9662981033325195,2,star,0.5398768186569214
1526,2,star,1,quasar,False,1,quasar,False,True,2,star,0.6473274827003479,2,star,0.5681884288787842,1,quasar,0.5385416746139526,1,quasar,0.5623356699943542,1,quasar,0.676825225353241,1,quasar,0.6979982256889343
1527,2,star,2,star,True,2,star,True,True,2,star,0.8800038695335388,2,star,0.9582934975624084,2,star,0.8752040863037109,2,star,0.8136049509048462,2,star,0.8663824796676636,2,star,0.7642353773117065
1528,2,star,1,quasar,False,1,quasar,False,True,2,star,0.9413588643074036,1,quasar,0.48526841402053833,1,quasar,0.5360717177391052,1,quasar,0.6473971009254456,1,quasar,0.7936975955963135,1,quasar,0.4354199469089508
1529,2,star,2,star,True,2,star,True,True,0,galaxy,0.5214146375656128,2,star,0.990882158279419,2,star,0.9854780435562134,2,star,0.9761427044868469,2,star,0.9934660792350769,2,star,0.6288573741912842
1530,2,star,2,star,True,2,star,True,True,2,star,0.9981149435043335,2,star,0.9949774146080017,2,star,0.994492769241333,2,star,0.9493250250816345,2,star,0.9963690042495728,2,star,0.8376960754394531
1531,2,star,2,star,True,2,star,True,True,2,star,0.8586094975471497,2,star,0.9924956560134888,2,star,0.9908217191696167,2,star,0.9338923692703247,2,star,0.9968928098678589,2,star,0.6547879576683044
1532,2,star,2,star,True,2,star,True,True,2,star,0.967801034450531,2,star,0.9995738863945007,2,star,0.9939213991165161,2,star,0.9614331126213074,2,star,0.9962090253829956,2,star,0.7246090769767761
1533,2,star,1,quasar,False,2,star,True,False,2,star,0.9952877759933472,2,star,0.6145436763763428,1,quasar,0.7473927140235901,2,star,0.5411458611488342,1,quasar,0.82380211353302,1,quasar,0.39685460925102234
1534,2,star,1,quasar,False,1,quasar,False,True,1,quasar,0.8457599878311157,1,quasar,0.817592978477478,1,quasar,0.839825451374054,2,star,0.6041486859321594,1,quasar,0.9580779075622559,1,quasar,0.5127814412117004
1535,2,star,2,star,True,2,star,True,True,2,star,0.9982156753540039,2,star,0.9988388419151306,2,star,0.9945732951164246,2,star,0.9720154404640198,2,star,0.996442973613739,2,star,0.6329334378242493
1536,2,star,2,star,True,2,star,True,True,2,star,0.9681439399719238,2,star,0.9993417859077454,2,star,0.9937193393707275,2,star,0.7829698920249939,2,star,0.9967881441116333,2,star,0.4026523530483246
1537,2,star,2,star,True,2,star,True,True,2,star,0.9483633637428284,2,star,0.8814041614532471,2,star,0.9813515543937683,2,star,0.970827043056488,2,star,0.9945850968360901,1,quasar,0.4115945100784302
1538,2,star,2,star,True,2,star,True,True,2,star,0.9942809343338013,2,star,0.9888172149658203,2,star,0.99321448802948,2,star,0.9780083298683167,2,star,0.9905905723571777,0,galaxy,0.5123790502548218
1539,2,star,0,galaxy,False,2,star,True,False,2,star,0.9427148103713989,0,galaxy,0.6231983304023743,2,star,0.9911409616470337,0,galaxy,0.7999849915504456,2,star,0.9943205118179321,0,galaxy,0.36150258779525757
1540,2,star,2,star,True,2,star,True,True,2,star,0.9948394894599915,2,star,0.9993776679039001,2,star,0.9738219976425171,2,star,0.9758809208869934,2,star,0.9826244711875916,2,star,0.587214469909668
1541,2,star,2,star,True,2,star,True,True,2,star,0.9713075160980225,2,star,0.9496694803237915,2,star,0.9856557846069336,2,star,0.7877975106239319,2,star,0.9649879932403564,2,star,0.4950045347213745
1542,2,star,2,star,True,2,star,True,True,2,star,0.9495033025741577,2,star,0.9944632649421692,2,star,0.9843559861183167,2,star,0.946843683719635,2,star,0.9964331388473511,2,star,0.6288493871688843
1543,2,star,2,star,True,2,star,True,True,2,star,0.9401729702949524,2,star,0.5059956312179565,1,quasar,0.735215961933136,2,star,0.49543896317481995,1,quasar,0.7793307900428772,2,star,0.49247127771377563
1544,2,star,1,quasar,False,1,quasar,False,True,2,star,0.7675150632858276,1,quasar,0.8386304974555969,1,quasar,0.8031958341598511,1,quasar,0.5947714447975159,1,quasar,0.7983220815658569,2,star,0.3769644498825073
1545,2,star,2,star,True,2,star,True,True,2,star,0.9337448477745056,2,star,0.9953409433364868,2,star,0.9924136996269226,2,star,0.9647465348243713,2,star,0.9919707775115967,2,star,0.6311866044998169
1546,2,star,2,star,True,2,star,True,True,2,star,0.984503984451294,2,star,0.9971234202384949,2,star,0.9920126795768738,2,star,0.9427376985549927,2,star,0.9948484897613525,0,galaxy,0.8535027503967285
1547,2,star,2,star,True,2,star,True,True,2,star,0.9969094395637512,2,star,0.9925210475921631,2,star,0.9950190782546997,2,star,0.9725616574287415,2,star,0.9931461811065674,2,star,0.7309688925743103
1548,2,star,2,star,True,2,star,True,True,2,star,0.9955881834030151,2,star,0.999790370464325,2,star,0.9919472336769104,2,star,0.9264795184135437,2,star,0.9944097399711609,2,star,0.8746607303619385
1549,2,star,1,quasar,False,1,quasar,False,True,2,star,0.8691639304161072,1,quasar,0.7019481658935547,1,quasar,0.8280874490737915,1,quasar,0.6081721782684326,1,quasar,0.6109747886657715,1,quasar,0.44394758343696594
1550,2,star,2,star,True,2,star,True,True,2,star,0.9040311574935913,2,star,0.9237044453620911,2,star,0.9101144671440125,2,star,0.9638217091560364,2,star,0.9369975924491882,2,star,0.5884758830070496
1551,2,star,2,star,True,2,star,True,True,1,quasar,0.5169095396995544,1,quasar,0.5054780840873718,2,star,0.5772307515144348,2,star,0.6134598255157471,2,star,0.555107057094574,2,star,0.5745515823364258
1552,2,star,0,galaxy,False,0,galaxy,False,True,0,galaxy,0.8180020451545715,0,galaxy,0.49059367179870605,0,galaxy,0.6360132098197937,0,galaxy,0.6583316922187805,2,star,0.5143213868141174,0,galaxy,0.5721948146820068
1553,2,star,2,star,True,2,star,True,True,2,star,0.9915512800216675,2,star,0.9185434579849243,2,star,0.9571778178215027,2,star,0.6940680742263794,2,star,0.9927685260772705,2,star,0.6069977283477783
1554,2,star,1,quasar,False,1,quasar,False,True,1,quasar,0.9981182813644409,1,quasar,0.816388726234436,2,star,0.6303582191467285,2,star,0.6885731816291809,1,quasar,0.7416784763336182,1,quasar,0.7653408050537109
1555,2,star,2,star,True,2,star,True,True,2,star,0.9508808255195618,2,star,0.9980687499046326,2,star,0.9802035093307495,2,star,0.8375017046928406,2,star,0.9725621342658997,2,star,0.8929871916770935
1556,2,star,1,quasar,False,2,star,True,False,2,star,0.8334701657295227,2,star,0.5570874810218811,1,quasar,0.7065227627754211,1,quasar,0.49154022336006165,1,quasar,0.6937198042869568,2,star,0.6077326536178589
1557,2,star,2,star,True,2,star,True,True,2,star,0.9550591111183167,2,star,0.9379680156707764,2,star,0.9694880843162537,2,star,0.728561282157898,2,star,0.9830923676490784,2,star,0.5519254803657532
1558,2,star,2,star,True,2,star,True,True,2,star,0.9517781138420105,2,star,0.991098940372467,2,star,0.9932723641395569,2,star,0.9418428540229797,2,star,0.9970601201057434,2,star,0.7160804867744446
1559,2,star,2,star,True,2,star,True,True,2,star,0.9563807845115662,2,star,0.9982811212539673,2,star,0.9888883233070374,2,star,0.8738431930541992,2,star,0.9721691012382507,2,star,0.7773761749267578
1560,2,star,2,star,True,2,star,True,True,0,galaxy,0.5570710897445679,2,star,0.7076054811477661,2,star,0.9605302810668945,0,galaxy,0.7410181164741516,1,quasar,0.7236018180847168,2,star,0.4269028306007385
1561,2,star,1,quasar,False,2,star,True,False,2,star,0.7469794154167175,2,star,0.5303042531013489,1,quasar,0.7639821171760559,1,quasar,0.48753640055656433,1,quasar,0.6389557123184204,2,star,0.4980359673500061
1562,2,star,2,star,True,2,star,True,True,2,star,0.9539523720741272,2,star,0.993914783000946,2,star,0.9904205799102783,2,star,0.8375908732414246,2,star,0.9934418201446533,2,star,0.815244734287262
1563,2,star,2,star,True,2,star,True,True,2,star,0.9532777667045593,2,star,0.9986224174499512,2,star,0.994655966758728,2,star,0.9790136814117432,2,star,0.9922997951507568,0,galaxy,0.6124043464660645
1564,2,star,1,quasar,False,1,quasar,False,True,2,star,0.6604851484298706,2,star,0.4893268644809723,1,quasar,0.5971933603286743,1,quasar,0.5363402366638184,1,quasar,0.739153265953064,1,quasar,0.46820008754730225
1565,2,star,2,star,True,2,star,True,True,2,star,0.7554370760917664,1,quasar,0.6076565980911255,1,quasar,0.5516520142555237,2,star,0.5607975125312805,2,star,0.6200780272483826,2,star,0.5426785349845886
1566,2,star,2,star,True,2,star,True,True,2,star,0.8749873638153076,2,star,0.9792345762252808,2,star,0.8761163949966431,2,star,0.6495770215988159,2,star,0.9112772941589355,2,star,0.7244912981987
1567,2,star,2,star,True,2,star,True,True,2,star,0.9228824973106384,2,star,0.98843914270401,2,star,0.9152024984359741,2,star,0.6922120451927185,2,star,0.9736446738243103,2,star,0.727422297000885
1568,2,star,2,star,True,2,star,True,True,2,star,0.9876319766044617,2,star,0.8907918334007263,2,star,0.9854595065116882,2,star,0.7342010736465454,2,star,0.9892038702964783,2,star,0.7155836224555969
1569,2,star,1,quasar,False,1,quasar,False,True,1,quasar,0.9823893308639526,1,quasar,0.9211581945419312,1,quasar,0.8945255279541016,1,quasar,0.6299698352813721,1,quasar,0.9555343389511108,2,star,0.5196141600608826
1570,2,star,2,star,True,2,star,True,True,2,star,0.9461576342582703,2,star,0.5403984189033508,1,quasar,0.7469556927680969,2,star,0.6598122119903564,1,quasar,0.5920878052711487,2,star,0.6146513223648071
1571,2,star,1,quasar,False,0,galaxy,False,False,2,star,0.6201786398887634,0,galaxy,0.9825676083564758,1,quasar,0.7867046594619751,1,quasar,0.527616560459137,1,quasar,0.5704841017723083,0,galaxy,0.8324063420295715
1572,2,star,1,quasar,False,1,quasar,False,True,1,quasar,0.5884773135185242,1,quasar,0.673668384552002,1,quasar,0.6723763346672058,2,star,0.6242084503173828,1,quasar,0.528885006904602,1,quasar,0.48632317781448364
1573,2,star,1,quasar,False,2,star,True,False,2,star,0.7538489103317261,1,quasar,0.4617445170879364,1,quasar,0.7196792364120483,1,quasar,0.556072473526001,2,star,0.7413026690483093,2,star,0.4641575515270233
1574,2,star,2,star,True,2,star,True,True,2,star,0.9917736649513245,2,star,0.9966327548027039,2,star,0.9725331664085388,2,star,0.9480112195014954,2,star,0.9924088716506958,2,star,0.9171605110168457
1575,2,star,2,star,True,2,star,True,True,2,star,0.7212955355644226,2,star,0.636091947555542,1,quasar,0.6294783353805542,2,star,0.6229528188705444,1,quasar,0.525286853313446,2,star,0.5292801856994629
1576,2,star,1,quasar,False,2,star,True,False,2,star,0.7849144339561462,2,star,0.5525534152984619,1,quasar,0.7702993750572205,1,quasar,0.5560025572776794,1,quasar,0.5648579001426697,2,star,0.6119204163551331
1577,2,star,2,star,True,2,star,True,True,2,star,0.9899370670318604,2,star,0.7503688335418701,2,star,0.7762167453765869,2,star,0.8927133083343506,2,star,0.9630401134490967,2,star,0.8883829712867737
1578,2,star,2,star,True,2,star,True,True,2,star,0.9885912537574768,2,star,0.998980700969696,2,star,0.9934491515159607,2,star,0.9833391904830933,2,star,0.9935170412063599,2,star,0.70560622215271
1579,2,star,2,star,True,2,star,True,True,2,star,0.9890670776367188,2,star,0.9907240271568298,2,star,0.9907938838005066,2,star,0.9870156049728394,2,star,0.9869990944862366,2,star,0.9244142174720764
1580,2,star,2,star,True,2,star,True,True,2,star,0.9954354166984558,2,star,0.9967586398124695,2,star,0.9954550266265869,2,star,0.9591989517211914,2,star,0.9903532266616821,2,star,0.8762531280517578
1581,2,star,1,quasar,False,1,quasar,False,True,1,quasar,0.5748608708381653,1,quasar,0.7209066152572632,1,quasar,0.8129914402961731,2,star,0.5038564801216125,1,quasar,0.5071700811386108,1,quasar,0.5490850806236267
1582,2,star,2,star,True,2,star,True,True,2,star,0.9363049864768982,2,star,0.8505905866622925,2,star,0.8904521465301514,2,star,0.6494559049606323,2,star,0.9787240028381348,2,star,0.6860361099243164
1583,2,star,2,star,True,2,star,True,True,2,star,0.9804154634475708,2,star,0.9335708022117615,2,star,0.9374988079071045,2,star,0.5520744323730469,2,star,0.9563344120979309,2,star,0.8217811584472656
1584,2,star,2,star,True,2,star,True,True,2,star,0.9082169532775879,2,star,0.9519089460372925,2,star,0.9558466672897339,2,star,0.79986572265625,2,star,0.9731147289276123,2,star,0.8924969434738159
1585,2,star,1,quasar,False,2,star,True,False,2,star,0.8437272310256958,1,quasar,0.6818172335624695,2,star,0.708113431930542,1,quasar,0.4727855622768402,1,quasar,0.7789740562438965,2,star,0.45546284317970276
1586,2,star,2,star,True,2,star,True,True,2,star,0.8600658774375916,2,star,0.7463467717170715,2,star,0.8662762641906738,1,quasar,0.49841225147247314,2,star,0.7076189517974854,0,galaxy,0.40114063024520874
1587,2,star,2,star,True,2,star,True,True,2,star,0.9452380537986755,2,star,0.7669472694396973,2,star,0.8400608897209167,1,quasar,0.48448824882507324,1,quasar,0.49475374817848206,2,star,0.5499815344810486
1588,2,star,2,star,True,2,star,True,True,2,star,0.9889777302742004,2,star,0.9967553019523621,2,star,0.9593477845191956,2,star,0.9661914110183716,2,star,0.9858232736587524,2,star,0.6304812431335449
1589,2,star,2,star,True,2,star,True,True,2,star,0.945460855960846,2,star,0.83944171667099,2,star,0.5234313607215881,2,star,0.6116001009941101,2,star,0.8734622001647949,2,star,0.7702581882476807
1590,2,star,1,quasar,False,2,star,True,False,2,star,0.8134730458259583,2,star,0.5835041999816895,1,quasar,0.6027475595474243,1,quasar,0.6209708452224731,1,quasar,0.622208833694458,2,star,0.7731564044952393
1591,2,star,2,star,True,2,star,True,True,2,star,0.9971544742584229,2,star,0.9887775778770447,2,star,0.8744773864746094,2,star,0.7833868265151978,2,star,0.877640962600708,2,star,0.7577588558197021
1592,2,star,1,quasar,False,1,quasar,False,True,1,quasar,0.6856218576431274,2,star,0.5864182114601135,1,quasar,0.6569646596908569,1,quasar,0.6355042457580566,1,quasar,0.6792493462562561,0,galaxy,0.6075051426887512
1593,2,star,1,quasar,False,2,star,True,False,2,star,0.8028556704521179,2,star,0.5878331661224365,1,quasar,0.675231397151947,1,quasar,0.5902693271636963,1,quasar,0.6905562281608582,2,star,0.8026412129402161
1594,2,star,2,star,True,2,star,True,True,2,star,0.928774356842041,2,star,0.9613197445869446,2,star,0.9859068393707275,2,star,0.8032222986221313,2,star,0.9952913522720337,2,star,0.7338717579841614
1595,2,star,1,quasar,False,2,star,True,False,2,star,0.9148805141448975,2,star,0.570815920829773,1,quasar,0.7586119174957275,1,quasar,0.6107400059700012,1,quasar,0.657164454460144,2,star,0.42351478338241577
1596,2,star,1,quasar,False,1,quasar,False,True,2,star,0.7079505324363708,1,quasar,0.5314251780509949,1,quasar,0.8104562759399414,1,quasar,0.553560197353363,1,quasar,0.745454728603363,2,star,0.7527413368225098
1597,2,star,2,star,True,2,star,True,True,2,star,0.9832592010498047,2,star,0.9527598023414612,2,star,0.9569974541664124,2,star,0.6482191681861877,2,star,0.9808010458946228,2,star,0.8597208261489868
1598,2,star,1,quasar,False,1,quasar,False,True,1,quasar,0.7819126844406128,2,star,0.5898911952972412,1,quasar,0.6400007009506226,2,star,0.571760356426239,1,quasar,0.7975881099700928,2,star,0.5702757835388184
1599,2,star,1,quasar,False,2,star,True,False,2,star,0.7893731594085693,1,quasar,0.47881144285202026,1,quasar,0.6464836001396179,1,quasar,0.5075627565383911,1,quasar,0.7455779910087585,2,star,0.7601117491722107
1600,2,star,2,star,True,2,star,True,True,2,star,0.9449600577354431,2,star,0.9371797442436218,2,star,0.9564383625984192,2,star,0.7669827342033386,2,star,0.9247651100158691,2,star,0.7971122860908508
1601,2,star,2,star,True,2,star,True,True,2,star,0.7131034731864929,1,quasar,0.695054829120636,2,star,0.577172040939331,2,star,0.5611815452575684,1,quasar,0.7181349992752075,2,star,0.5748815536499023
1602,2,star,2,star,True,2,star,True,True,2,star,0.9815011620521545,2,star,0.9495195150375366,2,star,0.9816216826438904,2,star,0.7344925999641418,2,star,0.9861084818840027,2,star,0.7905637621879578
1603,2,star,2,star,True,2,star,True,True,2,star,0.9544285535812378,2,star,0.9736749529838562,2,star,0.9508488178253174,2,star,0.8993201851844788,2,star,0.9360758066177368,2,star,0.637758731842041
1604,2,star,2,star,True,2,star,True,True,2,star,0.9551604986190796,2,star,0.769427478313446,2,star,0.6281075477600098,2,star,0.9279994368553162,2,star,0.9358063340187073,0,galaxy,0.8706037998199463
1605,2,star,1,quasar,False,2,star,True,False,2,star,0.8816400170326233,2,star,0.6302835941314697,1,quasar,0.7337644100189209,1,quasar,0.6171482801437378,1,quasar,0.7622495889663696,2,star,0.6121024489402771
1606,2,star,2,star,True,2,star,True,True,2,star,0.9821658730506897,2,star,0.8721007704734802,2,star,0.7879229187965393,2,star,0.655503511428833,1,quasar,0.7453322410583496,2,star,0.8483335375785828
1607,2,star,2,star,True,2,star,True,True,2,star,0.9137592911720276,2,star,0.6003119349479675,2,star,0.8791883587837219,2,star,0.7505141496658325,2,star,0.9538710117340088,2,star,0.3690269887447357
1608,2,star,2,star,True,2,star,True,True,2,star,0.9875255823135376,2,star,0.9894270896911621,2,star,0.9871193170547485,2,star,0.839638888835907,2,star,0.9543164968490601,2,star,0.538163423538208
1609,2,star,2,star,True,2,star,True,True,2,star,0.7594397068023682,2,star,0.8304736018180847,2,star,0.8981801867485046,2,star,0.6511496305465698,2,star,0.8220916986465454,2,star,0.4809890687465668
1610,2,star,2,star,True,2,star,True,True,2,star,0.9972834587097168,2,star,0.9743791222572327,2,star,0.968958854675293,2,star,0.8497526049613953,2,star,0.9735319018363953,2,star,0.7384179830551147
1611,2,star,2,star,True,2,star,True,True,2,star,0.955267071723938,2,star,0.831220805644989,1,quasar,0.506996214389801,2,star,0.667405366897583,1,quasar,0.5233500003814697,2,star,0.6311669945716858
1612,2,star,2,star,True,2,star,True,True,2,star,0.9924363493919373,2,star,0.9956316947937012,2,star,0.9890257716178894,2,star,0.9482092261314392,2,star,0.9901187419891357,2,star,0.6194777488708496
1613,2,star,2,star,True,2,star,True,True,2,star,0.9867636561393738,2,star,0.9628916382789612,2,star,0.985681414604187,2,star,0.8891465067863464,2,star,0.9824255108833313,2,star,0.5616323351860046
1614,2,star,2,star,True,2,star,True,True,2,star,0.6824182868003845,2,star,0.9972757697105408,2,star,0.991179883480072,2,star,0.8548887968063354,2,star,0.989779531955719,2,star,0.8590594530105591
1615,2,star,2,star,True,2,star,True,True,2,star,0.9903240203857422,2,star,0.9977134466171265,2,star,0.9897626042366028,2,star,0.8497917652130127,2,star,0.9792017340660095,2,star,0.8867554068565369
1616,2,star,2,star,True,2,star,True,True,2,star,0.8935971260070801,2,star,0.8829712867736816,2,star,0.9713223576545715,2,star,0.8615273237228394,2,star,0.9700614213943481,2,star,0.6661661267280579
1617,2,star,2,star,True,2,star,True,True,2,star,0.9378853440284729,2,star,0.9184403419494629,2,star,0.968549907207489,2,star,0.9455975890159607,2,star,0.9880563020706177,2,star,0.5488820672035217
1618,2,star,2,star,True,2,star,True,True,2,star,0.8873334527015686,2,star,0.9212414622306824,2,star,0.9555302858352661,2,star,0.7821388840675354,2,star,0.966597318649292,1,quasar,0.4094504415988922
1619,2,star,1,quasar,False,1,quasar,False,True,2,star,0.79461270570755,2,star,0.6855692863464355,1,quasar,0.7175224423408508,1,quasar,0.6129903793334961,1,quasar,0.7372416853904724,0,galaxy,0.35711270570755005
1620,2,star,2,star,True,2,star,True,True,2,star,0.9915635585784912,2,star,0.9662708640098572,2,star,0.9909261465072632,2,star,0.8290432691574097,2,star,0.9891538023948669,2,star,0.7478383183479309
1621,2,star,0,galaxy,False,0,galaxy,False,True,2,star,0.469134658575058,0,galaxy,0.9602414965629578,0,galaxy,0.5680946111679077,0,galaxy,0.6482480764389038,0,galaxy,0.8745828866958618,0,galaxy,0.7810262441635132
1622,2,star,2,star,True,2,star,True,True,2,star,0.9813913106918335,2,star,0.9988334774971008,2,star,0.9756430387496948,2,star,0.9444129467010498,2,star,0.9879697561264038,2,star,0.7199779152870178
1623,2,star,1,quasar,False,1,quasar,False,True,2,star,0.6623903512954712,1,quasar,0.6046193242073059,1,quasar,0.8468735814094543,1,quasar,0.6571582555770874,1,quasar,0.8883370161056519,0,galaxy,0.35228994488716125
1624,2,star,1,quasar,False,1,quasar,False,True,2,star,0.5987968444824219,1,quasar,0.5268798470497131,1,quasar,0.6692371368408203,2,star,0.496328204870224,1,quasar,0.8015428185462952,2,star,0.5359848141670227
1625,2,star,2,star,True,2,star,True,True,2,star,0.9344016909599304,2,star,0.993206262588501,2,star,0.9653832316398621,2,star,0.7690800428390503,2,star,0.99294513463974,2,star,0.7816025614738464
1626,2,star,2,star,True,2,star,True,True,2,star,0.8337082862854004,2,star,0.7618516087532043,2,star,0.6656414270401001,2,star,0.6026560068130493,2,star,0.8716837167739868,2,star,0.5640848278999329
1627,2,star,2,star,True,2,star,True,True,2,star,0.944840133190155,2,star,0.6679154634475708,2,star,0.9892405867576599,0,galaxy,0.6098108291625977,2,star,0.9860714077949524,0,galaxy,0.37280550599098206
1628,2,star,1,quasar,False,1,quasar,False,True,2,star,0.6719340085983276,1,quasar,0.5110941529273987,1,quasar,0.8816660642623901,1,quasar,0.6904509663581848,1,quasar,0.8658736348152161,0,galaxy,0.42452511191368103
1629,2,star,2,star,True,2,star,True,True,2,star,0.8046930432319641,1,quasar,0.6209213733673096,2,star,0.9558391571044922,2,star,0.9195376038551331,2,star,0.9036450982093811,0,galaxy,0.5634445548057556
1630,2,star,1,quasar,False,2,star,True,False,2,star,0.6439192891120911,1,quasar,0.5263404250144958,1,quasar,0.5373511910438538,1,quasar,0.5085018873214722,2,star,0.9630609154701233,0,galaxy,0.8259401321411133
1631,2,star,2,star,True,2,star,True,True,2,star,0.9186333417892456,2,star,0.512177586555481,1,quasar,0.6424179673194885,2,star,0.6062742471694946,2,star,0.590029776096344,2,star,0.5165079832077026
1632,2,star,1,quasar,False,2,star,True,False,2,star,0.803463339805603,1,quasar,0.48432299494743347,1,quasar,0.5928588509559631,0,galaxy,0.5378494262695312,1,quasar,0.5877177119255066,2,star,0.4588259160518646
1633,2,star,2,star,True,2,star,True,True,2,star,0.8510799407958984,2,star,0.9290673732757568,2,star,0.9063543081283569,2,star,0.909662663936615,2,star,0.9666678309440613,2,star,0.6776628494262695
1634,2,star,2,star,True,2,star,True,True,2,star,0.8498485088348389,2,star,0.9665252566337585,2,star,0.7157856225967407,2,star,0.6805699467658997,2,star,0.5654858350753784,2,star,0.6698315739631653
1635,2,star,2,star,True,2,star,True,True,2,star,0.9695289731025696,2,star,0.9644240736961365,2,star,0.9564769268035889,2,star,0.6635081171989441,2,star,0.9901577830314636,2,star,0.6305540800094604
1636,2,star,2,star,True,2,star,True,True,2,star,0.9828404188156128,2,star,0.7186709046363831,2,star,0.9611930847167969,2,star,0.9004155397415161,2,star,0.9778152704238892,2,star,0.6187589764595032
1637,2,star,2,star,True,2,star,True,True,2,star,0.918649435043335,2,star,0.9582000970840454,2,star,0.9840341806411743,2,star,0.8085789680480957,2,star,0.9764271974563599,2,star,0.748167097568512
1638,2,star,2,star,True,2,star,True,True,2,star,0.8402599096298218,2,star,0.9058054089546204,2,star,0.9250953197479248,2,star,0.7079828977584839,1,quasar,0.6098187565803528,2,star,0.4866311550140381
1639,2,star,0,galaxy,False,2,star,True,False,0,galaxy,0.7249718308448792,0,galaxy,0.3439810574054718,2,star,0.9769094586372375,2,star,0.6934104561805725,2,star,0.6517067551612854,0,galaxy,0.422372430562973
1640,2,star,0,galaxy,False,2,star,True,False,2,star,0.5029656291007996,1,quasar,0.5834482908248901,2,star,0.9265759587287903,0,galaxy,0.9489001035690308,1,quasar,0.6369263529777527,0,galaxy,0.6287503242492676
1641,2,star,2,star,True,2,star,True,True,2,star,0.9747425317764282,2,star,0.9142593145370483,2,star,0.9791041612625122,2,star,0.8716021180152893,2,star,0.9490501880645752,2,star,0.4915563762187958
1642,2,star,2,star,True,2,star,True,True,2,star,0.8664407134056091,0,galaxy,0.43476352095603943,1,quasar,0.6153669357299805,2,star,0.7112470269203186,2,star,0.4997781217098236,0,galaxy,0.7944087982177734
1643,2,star,1,quasar,False,1,quasar,False,True,1,quasar,0.49386534094810486,2,star,0.4986869692802429,1,quasar,0.5241599678993225,1,quasar,0.571666419506073,1,quasar,0.695500910282135,2,star,0.5021910667419434
1644,2,star,2,star,True,2,star,True,True,2,star,0.805720865726471,2,star,0.99769127368927,2,star,0.9799543023109436,2,star,0.8845650553703308,2,star,0.9467892050743103,1,quasar,0.539798378944397
1645,2,star,2,star,True,2,star,True,True,2,star,0.6090627908706665,2,star,0.8527114987373352,2,star,0.8702907562255859,2,star,0.7250335812568665,2,star,0.7621053457260132,2,star,0.49607226252555847
1646,2,star,2,star,True,2,star,True,True,2,star,0.5598556399345398,2,star,0.9348070621490479,2,star,0.9802554845809937,2,star,0.7577806711196899,2,star,0.9781600832939148,2,star,0.5756248235702515
1647,2,star,2,star,True,2,star,True,True,2,star,0.9129495620727539,2,star,0.9139148592948914,2,star,0.95217365026474,2,star,0.5946266651153564,2,star,0.9795993566513062,1,quasar,0.4815049469470978
1648,2,star,2,star,True,2,star,True,True,2,star,0.8170861601829529,2,star,0.7298003435134888,2,star,0.8586751818656921,2,star,0.7374862432479858,2,star,0.931198239326477,2,star,0.4016827344894409
1649,2,star,2,star,True,2,star,True,True,2,star,0.9819564819335938,2,star,0.8839656710624695,2,star,0.9037242531776428,2,star,0.7865952253341675,2,star,0.8893836736679077,0,galaxy,0.582198441028595
1650,2,star,2,star,True,2,star,True,True,2,star,0.9180800914764404,2,star,0.984633207321167,2,star,0.9851654767990112,2,star,0.9448026418685913,2,star,0.9922175407409668,0,galaxy,0.36283084750175476
1651,2,star,2,star,True,2,star,True,True,2,star,0.9436575770378113,2,star,0.9396299123764038,2,star,0.9411653876304626,2,star,0.7708911299705505,2,star,0.8270670175552368,2,star,0.5048131942749023
1652,2,star,2,star,True,2,star,True,True,2,star,0.9744439721107483,2,star,0.9891797304153442,2,star,0.9607266783714294,2,star,0.8693052530288696,2,star,0.9812349677085876,2,star,0.771010160446167
1653,2,star,2,star,True,2,star,True,True,2,star,0.9751529693603516,2,star,0.8668559789657593,2,star,0.9127488136291504,2,star,0.7100527882575989,2,star,0.8249719142913818,2,star,0.6546157002449036
1654,2,star,2,star,True,2,star,True,True,2,star,0.8489546775817871,2,star,0.553083598613739,2,star,0.5755199790000916,2,star,0.5892882943153381,1,quasar,0.8225700259208679,2,star,0.668487548828125
1655,2,star,2,star,True,2,star,True,True,2,star,0.970346987247467,2,star,0.997607946395874,2,star,0.9903068542480469,2,star,0.9453539848327637,2,star,0.9960352778434753,2,star,0.5177006125450134
1656,2,star,2,star,True,2,star,True,True,2,star,0.6937752962112427,2,star,0.5992391705513,2,star,0.934633731842041,2,star,0.7286843061447144,2,star,0.8041967153549194,1,quasar,0.8288016319274902
1657,2,star,2,star,True,2,star,True,True,2,star,0.9443387985229492,2,star,0.6981004476547241,2,star,0.9660318493843079,2,star,0.8018931150436401,2,star,0.9088185429573059,2,star,0.7279037833213806
1658,2,star,2,star,True,2,star,True,True,2,star,0.9930092096328735,2,star,0.9278557896614075,2,star,0.977820873260498,2,star,0.9245501160621643,2,star,0.9864306449890137,2,star,0.5620142817497253
1659,2,star,2,star,True,2,star,True,True,2,star,0.9640784859657288,2,star,0.7282631397247314,2,star,0.8204866647720337,2,star,0.7219824194908142,2,star,0.9705528020858765,2,star,0.6139087080955505
1660,2,star,2,star,True,2,star,True,True,2,star,0.996404767036438,2,star,0.9989326596260071,2,star,0.9959627985954285,2,star,0.9842214584350586,2,star,0.987794041633606,2,star,0.9663934111595154
1661,2,star,2,star,True,2,star,True,True,2,star,0.9395760297775269,2,star,0.9978886246681213,2,star,0.9971562623977661,2,star,0.9839901924133301,2,star,0.9826111197471619,2,star,0.9743345379829407
1662,2,star,2,star,True,2,star,True,True,2,star,0.8567079901695251,2,star,0.7445653676986694,2,star,0.7918174266815186,2,star,0.4871135652065277,2,star,0.864260196685791,2,star,0.5230051279067993
1663,2,star,1,quasar,False,1,quasar,False,True,2,star,0.5021482706069946,1,quasar,0.5199918746948242,1,quasar,0.6422793865203857,2,star,0.6113531589508057,1,quasar,0.7036469578742981,2,star,0.48484209179878235
1664,2,star,2,star,True,2,star,True,True,2,star,0.46858370304107666,2,star,0.5794442296028137,2,star,0.8393074870109558,2,star,0.831109881401062,2,star,0.9341191053390503,0,galaxy,0.42718231678009033
1665,2,star,2,star,True,2,star,True,True,2,star,0.9287586808204651,2,star,0.9292398691177368,2,star,0.9827262163162231,1,quasar,0.5662592649459839,2,star,0.8798999786376953,2,star,0.7401115894317627
1666,2,star,2,star,True,2,star,True,True,2,star,0.7322841882705688,2,star,0.8855781555175781,2,star,0.5621576309204102,1,quasar,0.6317135095596313,1,quasar,0.6458143591880798,2,star,0.5170450210571289
1667,2,star,1,quasar,False,2,star,True,False,2,star,0.7876288294792175,1,quasar,0.5799343585968018,1,quasar,0.6596709489822388,1,quasar,0.5653808116912842,1,quasar,0.5267528295516968,2,star,0.5936293005943298
1668,2,star,1,quasar,False,1,quasar,False,True,2,star,0.8085235953330994,2,star,0.529184103012085,1,quasar,0.7796190977096558,1,quasar,0.6172595620155334,1,quasar,0.8749783039093018,1,quasar,0.6084995865821838
1669,2,star,2,star,True,2,star,True,True,2,star,0.6760157942771912,2,star,0.7773120403289795,2,star,0.7507994174957275,2,star,0.7441750764846802,2,star,0.8866589665412903,2,star,0.8218876719474792
1670,2,star,2,star,True,2,star,True,True,2,star,0.8990433216094971,2,star,0.8220325708389282,2,star,0.8677088022232056,2,star,0.5545942783355713,2,star,0.9567645192146301,2,star,0.8038496971130371
1671,2,star,2,star,True,2,star,True,True,2,star,0.8767431974411011,2,star,0.7487214207649231,2,star,0.9711561799049377,2,star,0.6989696025848389,2,star,0.9045599699020386,2,star,0.7178051471710205
1672,2,star,2,star,True,2,star,True,True,2,star,0.8679770827293396,2,star,0.7249375581741333,1,quasar,0.845593273639679,2,star,0.4986115097999573,1,quasar,0.7228890657424927,2,star,0.6418766379356384
1673,2,star,1,quasar,False,1,quasar,False,True,2,star,0.8179943561553955,1,quasar,0.49003756046295166,1,quasar,0.7858778834342957,1,quasar,0.5839224457740784,1,quasar,0.7266908288002014,2,star,0.48047521710395813
1674,2,star,2,star,True,2,star,True,True,2,star,0.7275431752204895,2,star,0.667784571647644,1,quasar,0.6352218985557556,2,star,0.5326183438301086,2,star,0.8900773525238037,2,star,0.7947512865066528
1675,2,star,2,star,True,2,star,True,True,2,star,0.936669647693634,2,star,0.9896831512451172,2,star,0.986134946346283,2,star,0.8422251343727112,2,star,0.9948775768280029,2,star,0.5533639788627625
1676,2,star,2,star,True,2,star,True,True,2,star,0.9762499332427979,2,star,0.9299402832984924,2,star,0.9654217958450317,2,star,0.8410595059394836,2,star,0.9947084188461304,2,star,0.7110892534255981
1677,2,star,2,star,True,2,star,True,True,2,star,0.911603569984436,2,star,0.9939310550689697,2,star,0.9911656975746155,2,star,0.7701123952865601,2,star,0.9857041239738464,2,star,0.7464795112609863
1678,2,star,1,quasar,False,2,star,True,False,2,star,0.7426545023918152,2,star,0.8369205594062805,1,quasar,0.7133007645606995,1,quasar,0.5475122332572937,1,quasar,0.6411750912666321,2,star,0.5241624712944031
1679,2,star,2,star,True,2,star,True,True,2,star,0.9274834990501404,1,quasar,0.5611084699630737,2,star,0.9504523873329163,2,star,0.5974120497703552,2,star,0.8821707963943481,2,star,0.7194474339485168
1680,2,star,1,quasar,False,1,quasar,False,True,2,star,0.6912921071052551,1,quasar,0.702661395072937,1,quasar,0.5888938307762146,2,star,0.6180728077888489,1,quasar,0.6473738551139832,1,quasar,0.4480840265750885
1681,2,star,2,star,True,2,star,True,True,2,star,0.9457976818084717,2,star,0.9967255592346191,2,star,0.9897809028625488,2,star,0.9492517709732056,2,star,0.9694290161132812,2,star,0.7382363080978394
1682,2,star,2,star,True,2,star,True,True,2,star,0.9782119989395142,2,star,0.9987358450889587,2,star,0.980912983417511,2,star,0.8480276465415955,2,star,0.9908252358436584,2,star,0.8011831641197205
1683,2,star,2,star,True,2,star,True,True,2,star,0.8370414972305298,2,star,0.8715053796768188,2,star,0.9252923727035522,2,star,0.964937150478363,2,star,0.7011626362800598,0,galaxy,0.5338039398193359
1684,2,star,2,star,True,2,star,True,True,2,star,0.992259681224823,2,star,0.9906474947929382,2,star,0.988368570804596,2,star,0.9515067338943481,2,star,0.9678508043289185,2,star,0.8047801852226257
1685,2,star,2,star,True,2,star,True,True,2,star,0.9440571069717407,2,star,0.9360263347625732,2,star,0.9870160818099976,2,star,0.8469125032424927,2,star,0.9928392171859741,2,star,0.8168149590492249
1686,2,star,2,star,True,2,star,True,True,2,star,0.9544907808303833,2,star,0.6792501211166382,2,star,0.8752734661102295,2,star,0.563065767288208,2,star,0.6145511269569397,2,star,0.5642260909080505
1687,2,star,2,star,True,2,star,True,True,2,star,0.9729852676391602,2,star,0.7687754034996033,2,star,0.8560884594917297,2,star,0.554274320602417,2,star,0.8832761645317078,2,star,0.6107885837554932
1688,2,star,2,star,True,2,star,True,True,2,star,0.975375771522522,2,star,0.9958900809288025,2,star,0.9853143692016602,2,star,0.9755496382713318,2,star,0.9362867474555969,2,star,0.5984631776809692
1689,2,star,1,quasar,False,2,star,True,False,2,star,0.9778720736503601,2,star,0.6317983269691467,1,quasar,0.66622394323349,1,quasar,0.5157260894775391,1,quasar,0.832813024520874,2,star,0.5492717027664185
1690,2,star,2,star,True,2,star,True,True,2,star,0.9198464751243591,2,star,0.8657716512680054,2,star,0.9594935178756714,2,star,0.7593905329704285,2,star,0.915998101234436,2,star,0.8240132331848145
1691,2,star,2,star,True,2,star,True,True,2,star,0.940777063369751,2,star,0.8288732767105103,2,star,0.9121875166893005,2,star,0.6140559315681458,2,star,0.6089527606964111,2,star,0.6089579463005066
1692,2,star,2,star,True,2,star,True,True,2,star,0.9891712069511414,2,star,0.9964311122894287,2,star,0.9909961223602295,2,star,0.8463853597640991,2,star,0.9876960515975952,2,star,0.6988853812217712
1693,2,star,2,star,True,2,star,True,True,2,star,0.9709274172782898,2,star,0.9883484840393066,2,star,0.9842565655708313,2,star,0.7725834250450134,2,star,0.9874722957611084,2,star,0.826938807964325
1694,2,star,2,star,True,2,star,True,True,2,star,0.9744122624397278,2,star,0.6847800612449646,2,star,0.9465368390083313,2,star,0.9203782677650452,2,star,0.9787484407424927,0,galaxy,0.41357672214508057
1695,2,star,1,quasar,False,2,star,True,False,2,star,0.6788922548294067,2,star,0.7275056838989258,1,quasar,0.6533666253089905,1,quasar,0.6275918483734131,1,quasar,0.639534592628479,2,star,0.43504440784454346
1696,2,star,2,star,True,2,star,True,True,2,star,0.9531471729278564,2,star,0.9932295083999634,2,star,0.993571400642395,2,star,0.9713898301124573,2,star,0.9839510917663574,2,star,0.8511531352996826
1697,2,star,2,star,True,2,star,True,True,2,star,0.9012967944145203,2,star,0.895397424697876,2,star,0.8776095509529114,2,star,0.6387705206871033,2,star,0.9327537417411804,2,star,0.7443434596061707
1698,2,star,2,star,True,2,star,True,True,2,star,0.9960617423057556,2,star,0.9707684516906738,2,star,0.9871972799301147,2,star,0.8998913168907166,2,star,0.9886595010757446,2,star,0.7872512936592102
1699,2,star,2,star,True,2,star,True,True,2,star,0.9474995732307434,2,star,0.9748534560203552,2,star,0.9643460512161255,2,star,0.728580117225647,2,star,0.9645141363143921,2,star,0.834811270236969
1700,2,star,2,star,True,2,star,True,True,2,star,0.8256551623344421,2,star,0.9136956930160522,2,star,0.8935128450393677,2,star,0.7564376592636108,2,star,0.5847230553627014,2,star,0.682043194770813
1701,2,star,2,star,True,2,star,True,True,2,star,0.9950683116912842,2,star,0.9988279938697815,2,star,0.9873251914978027,2,star,0.9048401117324829,2,star,0.9928724765777588,2,star,0.9254888892173767
1702,2,star,2,star,True,2,star,True,True,2,star,0.9652212858200073,2,star,0.9981167316436768,2,star,0.9429137706756592,2,star,0.9063767194747925,2,star,0.9925488233566284,2,star,0.8332635760307312
1703,2,star,2,star,True,2,star,True,True,2,star,0.9940938353538513,2,star,0.992780864238739,2,star,0.9612963199615479,2,star,0.9032650589942932,2,star,0.9911221265792847,2,star,0.5798532962799072
1704,2,star,1,quasar,False,1,quasar,False,True,2,star,0.504073977470398,0,galaxy,0.7906508445739746,1,quasar,0.598243772983551,1,quasar,0.6050997376441956,1,quasar,0.6258445382118225,2,star,0.4482656717300415
1705,2,star,2,star,True,2,star,True,True,2,star,0.9209872484207153,2,star,0.9863438606262207,2,star,0.9890028238296509,2,star,0.8608405590057373,2,star,0.98770672082901,2,star,0.45248937606811523
1706,2,star,1,quasar,False,2,star,True,False,2,star,0.6537179350852966,1,quasar,0.5504903793334961,1,quasar,0.5988911390304565,2,star,0.5578404068946838,1,quasar,0.5995242595672607,2,star,0.5156509876251221
1707,2,star,2,star,True,2,star,True,True,2,star,0.951252818107605,2,star,0.9419629573822021,2,star,0.9738031625747681,2,star,0.6808242201805115,2,star,0.9805770516395569,2,star,0.6360887289047241
1708,2,star,2,star,True,2,star,True,True,2,star,0.9798731803894043,2,star,0.9438815116882324,2,star,0.9509621262550354,2,star,0.7562597393989563,2,star,0.9687820076942444,2,star,0.4448722004890442
1709,2,star,2,star,True,2,star,True,True,2,star,0.9520360827445984,2,star,0.9971492886543274,2,star,0.9939593076705933,2,star,0.9536176323890686,2,star,0.9963680505752563,2,star,0.6119889616966248
1710,2,star,1,quasar,False,1,quasar,False,True,1,quasar,0.7997234463691711,1,quasar,0.6205037832260132,1,quasar,0.6825785040855408,1,quasar,0.6309729814529419,1,quasar,0.7968204021453857,2,star,0.3657439053058624
1711,2,star,2,star,True,2,star,True,True,2,star,0.8706576824188232,2,star,0.914648175239563,2,star,0.9537890553474426,2,star,0.7483392953872681,2,star,0.770785927772522,2,star,0.5577958822250366
1712,2,star,2,star,True,2,star,True,True,2,star,0.9700713753700256,2,star,0.9618110060691833,2,star,0.987669050693512,2,star,0.7906091213226318,2,star,0.9896023869514465,2,star,0.7675092220306396
1713,2,star,1,quasar,False,1,quasar,False,True,2,star,0.6906079649925232,1,quasar,0.6466994881629944,1,quasar,0.7732205390930176,1,quasar,0.6566718220710754,1,quasar,0.8818973898887634,2,star,0.4450684189796448
1714,2,star,1,quasar,False,2,star,True,False,2,star,0.48646441102027893,1,quasar,0.4985767602920532,1,quasar,0.569875180721283,1,quasar,0.5878145694732666,2,star,0.7512666583061218,0,galaxy,0.7150682806968689
1715,2,star,2,star,True,2,star,True,True,2,star,0.8317415118217468,1,quasar,0.5717195272445679,2,star,0.9075115919113159,2,star,0.6658182144165039,1,quasar,0.7499904036521912,2,star,0.6640928983688354
1716,2,star,2,star,True,2,star,True,True,2,star,0.9907740950584412,2,star,0.9952667951583862,2,star,0.9842609167098999,2,star,0.8377413153648376,2,star,0.9876469373703003,2,star,0.7260441780090332
1717,2,star,2,star,True,2,star,True,True,1,quasar,0.502149760723114,2,star,0.7331526279449463,2,star,0.8757645487785339,2,star,0.6992864608764648,2,star,0.8034043908119202,2,star,0.5735126733779907
1718,2,star,1,quasar,False,1,quasar,False,True,1,quasar,0.4914286732673645,2,star,0.5183692574501038,2,star,0.510541558265686,1,quasar,0.5966297388076782,1,quasar,0.6720923185348511,0,galaxy,0.5255110263824463
1719,2,star,2,star,True,2,star,True,True,2,star,0.6308656334877014,2,star,0.7887153625488281,1,quasar,0.5913777351379395,2,star,0.5846095681190491,1,quasar,0.5188912749290466,2,star,0.6464146375656128
1720,2,star,2,star,True,2,star,True,True,2,star,0.993499755859375,2,star,0.9970788955688477,2,star,0.9747762084007263,2,star,0.908618152141571,2,star,0.9912074208259583,2,star,0.7283540368080139
1721,2,star,2,star,True,2,star,True,True,2,star,0.9595149159431458,2,star,0.7106725573539734,1,quasar,0.5954017043113708,2,star,0.5801081657409668,1,quasar,0.6573091745376587,2,star,0.7878792881965637
1722,2,star,2,star,True,2,star,True,True,2,star,0.7591637969017029,2,star,0.8522284030914307,1,quasar,0.4784599542617798,1,quasar,0.5786194801330566,2,star,0.8901326060295105,2,star,0.901441752910614
1723,2,star,2,star,True,2,star,True,True,2,star,0.9847071766853333,2,star,0.9436184763908386,2,star,0.9911382794380188,2,star,0.8684658408164978,2,star,0.9926813244819641,2,star,0.8618350625038147
1724,2,star,1,quasar,False,1,quasar,False,True,2,star,0.8987956643104553,1,quasar,0.5400972962379456,1,quasar,0.6108434200286865,1,quasar,0.6421496272087097,1,quasar,0.7736705541610718,2,star,0.39652055501937866
1725,2,star,2,star,True,2,star,True,True,2,star,0.9955060482025146,2,star,0.9980015158653259,2,star,0.9891162514686584,2,star,0.965506374835968,2,star,0.9902265071868896,2,star,0.8096190690994263
1726,2,star,2,star,True,2,star,True,True,2,star,0.9468026161193848,2,star,0.5932167172431946,2,star,0.7042294144630432,2,star,0.6453158855438232,2,star,0.76227867603302,2,star,0.7095543146133423
1727,2,star,0,galaxy,False,0,galaxy,False,True,0,galaxy,0.9967784285545349,0,galaxy,0.9393984079360962,0,galaxy,0.9449105858802795,0,galaxy,0.7597633600234985,0,galaxy,0.5864593386650085,0,galaxy,0.9626139998435974
1728,2,star,2,star,True,2,star,True,True,2,star,0.9921696782112122,2,star,0.9893789887428284,2,star,0.9877600073814392,2,star,0.7426784634590149,2,star,0.9875467419624329,2,star,0.6875659823417664
1729,2,star,2,star,True,2,star,True,True,2,star,0.9127025604248047,2,star,0.6310998201370239,2,star,0.832629919052124,1,quasar,0.6018170714378357,2,star,0.6412776708602905,2,star,0.48306092619895935
1730,2,star,1,quasar,False,1,quasar,False,True,1,quasar,0.8770736455917358,1,quasar,0.8417642116546631,1,quasar,0.8599538207054138,1,quasar,0.6181565523147583,1,quasar,0.8641418814659119,2,star,0.46423014998435974
1731,2,star,2,star,True,2,star,True,True,2,star,0.8690450191497803,2,star,0.7839495539665222,2,star,0.7361708283424377,2,star,0.679978609085083,2,star,0.6930707693099976,2,star,0.7988871335983276
1732,2,star,2,star,True,2,star,True,True,2,star,0.9952738881111145,2,star,0.9615486264228821,2,star,0.9863623976707458,2,star,0.8178452849388123,2,star,0.9904659986495972,2,star,0.7711457014083862
1733,2,star,2,star,True,2,star,True,True,2,star,0.8638049960136414,2,star,0.6565674543380737,2,star,0.8057389855384827,2,star,0.5449827909469604,2,star,0.8410452604293823,2,star,0.42115190625190735
1734,2,star,0,galaxy,False,0,galaxy,False,True,0,galaxy,0.6537407636642456,0,galaxy,0.8024711608886719,2,star,0.5222314596176147,1,quasar,0.4323384165763855,1,quasar,0.8269264101982117,0,galaxy,0.56903076171875
1735,2,star,1,quasar,False,1,quasar,False,True,2,star,0.7550262808799744,1,quasar,0.4904356896877289,1,quasar,0.8678279519081116,1,quasar,0.6751605272293091,1,quasar,0.7827938795089722,2,star,0.5016527771949768
1736,2,star,1,quasar,False,2,star,True,False,1,quasar,0.8057397603988647,2,star,0.886474609375,1,quasar,0.5710393786430359,2,star,0.6610338687896729,1,quasar,0.5632987022399902,2,star,0.5100477933883667
1737,2,star,2,star,True,2,star,True,True,2,star,0.9445794820785522,2,star,0.9974969029426575,2,star,0.991811990737915,2,star,0.9131416082382202,2,star,0.9904962778091431,2,star,0.7442730665206909
1738,2,star,2,star,True,2,star,True,True,2,star,0.8327524065971375,2,star,0.5555166006088257,2,star,0.9698085188865662,1,quasar,0.506395161151886,2,star,0.7123900055885315,2,star,0.49182870984077454
1739,2,star,2,star,True,2,star,True,True,2,star,0.9690932631492615,2,star,0.8688585758209229,2,star,0.9549476504325867,2,star,0.591727077960968,2,star,0.9789223670959473,0,galaxy,0.5244000554084778
1740,2,star,2,star,True,2,star,True,True,2,star,0.9877731204032898,2,star,0.7119899988174438,2,star,0.9504349231719971,2,star,0.8662136793136597,2,star,0.6945350170135498,0,galaxy,0.6222798228263855
1741,2,star,2,star,True,2,star,True,True,2,star,0.96781986951828,2,star,0.9075524210929871,2,star,0.9784400463104248,2,star,0.6236493587493896,2,star,0.9124520421028137,2,star,0.44080689549446106
1742,2,star,2,star,True,2,star,True,True,2,star,0.9643037915229797,2,star,0.9964445233345032,2,star,0.9892740845680237,2,star,0.6411594748497009,2,star,0.9955332279205322,2,star,0.6631199717521667
1743,2,star,2,star,True,1,quasar,False,False,2,star,0.5536300539970398,2,star,0.5293899774551392,1,quasar,0.7307574152946472,1,quasar,0.539647102355957,2,star,0.5505738258361816,0,galaxy,0.5075087547302246
1744,2,star,2,star,True,2,star,True,True,2,star,0.9217885732650757,2,star,0.7544125914573669,2,star,0.7170206308364868,2,star,0.6939529180526733,1,quasar,0.5800425410270691,2,star,0.5108601450920105
1745,2,star,2,star,True,2,star,True,True,2,star,0.93779456615448,2,star,0.8866721391677856,2,star,0.9637742042541504,2,star,0.5922064185142517,2,star,0.7512178421020508,2,star,0.7738129496574402
1746,2,star,2,star,True,2,star,True,True,2,star,0.5804315209388733,2,star,0.7004076838493347,2,star,0.727579653263092,2,star,0.5933691263198853,1,quasar,0.6016309261322021,2,star,0.5170393586158752
1747,2,star,2,star,True,2,star,True,True,2,star,0.9775801301002502,2,star,0.9267236590385437,2,star,0.9417598247528076,2,star,0.5644664764404297,2,star,0.9746895432472229,2,star,0.7254289984703064
1748,2,star,2,star,True,2,star,True,True,2,star,0.9592090249061584,2,star,0.558352530002594,1,quasar,0.5174762606620789,2,star,0.5154841542243958,2,star,0.8782448172569275,0,galaxy,0.5409000515937805
1749,2,star,1,quasar,False,1,quasar,False,True,2,star,0.6107459664344788,1,quasar,0.7409576177597046,1,quasar,0.7669714689254761,1,quasar,0.5277063250541687,1,quasar,0.5812526345252991,1,quasar,0.4617635905742645
1750,2,star,2,star,True,2,star,True,True,2,star,0.9782847762107849,2,star,0.9910449981689453,2,star,0.9772237539291382,2,star,0.8116046190261841,2,star,0.9785295724868774,2,star,0.7947203516960144
1751,2,star,1,quasar,False,1,quasar,False,True,2,star,0.8127992749214172,1,quasar,0.8820220232009888,1,quasar,0.7169805765151978,1,quasar,0.5046176314353943,1,quasar,0.5536685585975647,2,star,0.48580169677734375
1752,2,star,1,quasar,False,2,star,True,False,2,star,0.8247966766357422,2,star,0.5394524931907654,2,star,0.611920177936554,1,quasar,0.5223869681358337,1,quasar,0.7161399126052856,1,quasar,0.6333156824111938
1753,2,star,0,galaxy,False,2,star,True,False,0,galaxy,0.5357626676559448,2,star,0.540603756904602,2,star,0.9602372050285339,0,galaxy,0.44229239225387573,2,star,0.6507771611213684,0,galaxy,0.7353041172027588
1754,2,star,2,star,True,2,star,True,True,2,star,0.89915931224823,2,star,0.9621958136558533,2,star,0.9919037222862244,2,star,0.8050408959388733,2,star,0.9827489256858826,2,star,0.6881129741668701
1755,2,star,2,star,True,2,star,True,True,2,star,0.8712742924690247,2,star,0.8141788840293884,2,star,0.9381651878356934,2,star,0.6746534705162048,2,star,0.980309247970581,2,star,0.5446725487709045
1756,2,star,2,star,True,2,star,True,True,2,star,0.8695211410522461,2,star,0.5176386833190918,2,star,0.9867541193962097,2,star,0.6402556896209717,2,star,0.967169463634491,0,galaxy,0.35856497287750244
1757,2,star,1,quasar,False,1,quasar,False,True,2,star,0.5204591155052185,2,star,0.6032524704933167,1,quasar,0.7533378005027771,1,quasar,0.6192371249198914,1,quasar,0.8154563307762146,1,quasar,0.4150596559047699
1758,2,star,2,star,True,2,star,True,True,2,star,0.9781174063682556,2,star,0.9754840731620789,2,star,0.9802947044372559,2,star,0.7881996631622314,2,star,0.9863339066505432,2,star,0.6959290504455566
1759,2,star,1,quasar,False,2,star,True,False,2,star,0.5091925859451294,2,star,0.5295630097389221,1,quasar,0.5644542574882507,1,quasar,0.5987884998321533,1,quasar,0.6856309175491333,2,star,0.5135521292686462
1760,2,star,2,star,True,2,star,True,True,2,star,0.8706035017967224,2,star,0.976211428642273,2,star,0.9774510264396667,2,star,0.9054535627365112,2,star,0.978296160697937,2,star,0.5779114365577698
1761,2,star,2,star,True,2,star,True,True,2,star,0.8679127097129822,2,star,0.8911837339401245,2,star,0.9710156321525574,2,star,0.6346046328544617,2,star,0.9723568558692932,2,star,0.5185173749923706
1762,2,star,2,star,True,2,star,True,True,2,star,0.948490560054779,2,star,0.626693844795227,2,star,0.7550036311149597,2,star,0.5616058707237244,2,star,0.5467304587364197,2,star,0.5043207406997681
1763,2,star,1,quasar,False,1,quasar,False,True,2,star,0.8823868036270142,2,star,0.5573948621749878,2,star,0.5968567132949829,1,quasar,0.549308180809021,1,quasar,0.842190146446228,1,quasar,0.5628514885902405
1764,2,star,2,star,True,2,star,True,True,2,star,0.985846221446991,2,star,0.8248928785324097,2,star,0.9846488833427429,2,star,0.7233725786209106,2,star,0.9694364070892334,1,quasar,0.4590773284435272
1765,2,star,2,star,True,2,star,True,True,2,star,0.6115807294845581,2,star,0.9323475956916809,2,star,0.6991094946861267,2,star,0.6081860661506653,1,quasar,0.7024712562561035,2,star,0.6591747999191284
1766,2,star,2,star,True,2,star,True,True,2,star,0.9552932977676392,2,star,0.919219434261322,2,star,0.9872204065322876,2,star,0.5496392250061035,2,star,0.9758434891700745,0,galaxy,0.7925479412078857
1767,2,star,2,star,True,2,star,True,True,2,star,0.8687282800674438,2,star,0.9732057452201843,2,star,0.9769148826599121,2,star,0.7076689600944519,2,star,0.9453458786010742,2,star,0.8752100467681885
1768,2,star,2,star,True,2,star,True,True,2,star,0.9890903830528259,2,star,0.9860063791275024,2,star,0.988903820514679,2,star,0.9148778915405273,2,star,0.9896803498268127,2,star,0.4657529890537262
1769,2,star,2,star,True,2,star,True,True,2,star,0.7833728790283203,2,star,0.9997127652168274,2,star,0.9893156290054321,2,star,0.9203184843063354,2,star,0.9956134557723999,2,star,0.5092821717262268
1770,2,star,2,star,True,2,star,True,True,2,star,0.8747141361236572,2,star,0.6187349557876587,2,star,0.9842939972877502,2,star,0.9256421327590942,2,star,0.9869312644004822,2,star,0.748619556427002
1771,2,star,2,star,True,2,star,True,True,2,star,0.7298824191093445,2,star,0.7438659071922302,1,quasar,0.5130757689476013,2,star,0.6008998155593872,1,quasar,0.6428397297859192,0,galaxy,0.49313464760780334
1772,2,star,0,galaxy,False,0,galaxy,False,True,0,galaxy,0.9669747948646545,0,galaxy,0.7711073756217957,2,star,0.6216591000556946,0,galaxy,0.8491806983947754,2,star,0.9476765394210815,0,galaxy,0.44419121742248535
1773,2,star,1,quasar,False,1,quasar,False,True,1,quasar,0.8063040971755981,1,quasar,0.6393641829490662,1,quasar,0.6133837699890137,2,star,0.5474716424942017,1,quasar,0.8528932929039001,2,star,0.5232906341552734
1774,2,star,1,quasar,False,1,quasar,False,True,1,quasar,0.6585663557052612,1,quasar,0.5842041969299316,1,quasar,0.8764198422431946,2,star,0.5761727690696716,1,quasar,0.8842732906341553,2,star,0.7003583312034607
1775,2,star,1,quasar,False,2,star,True,False,2,star,0.9684774875640869,2,star,0.70654296875,1,quasar,0.7156170606613159,1,quasar,0.5275781154632568,1,quasar,0.7381016612052917,2,star,0.5164869427680969
1776,2,star,1,quasar,False,1,quasar,False,True,2,star,0.6433011889457703,1,quasar,0.5315817594528198,2,star,0.5215439200401306,1,quasar,0.5888398885726929,1,quasar,0.8099222779273987,1,quasar,0.40453124046325684
1777,2,star,1,quasar,False,1,quasar,False,True,2,star,0.8900046348571777,2,star,0.49565809965133667,1,quasar,0.8181260228157043,1,quasar,0.5340628623962402,1,quasar,0.7056878805160522,2,star,0.4174180328845978
1778,2,star,2,star,True,2,star,True,True,2,star,0.9300441145896912,2,star,0.8130656480789185,2,star,0.8958153128623962,2,star,0.69475919008255,2,star,0.9247043132781982,2,star,0.5642898082733154
1779,2,star,2,star,True,2,star,True,True,2,star,0.9556971788406372,2,star,0.999685525894165,2,star,0.992128849029541,2,star,0.9781282544136047,2,star,0.9823700189590454,2,star,0.7146041393280029
1780,2,star,2,star,True,2,star,True,True,2,star,0.9961950778961182,2,star,0.9990711212158203,2,star,0.9917860627174377,2,star,0.9712206125259399,2,star,0.9955518841743469,2,star,0.5254126787185669
1781,2,star,2,star,True,2,star,True,True,2,star,0.9120523929595947,2,star,0.9951502680778503,2,star,0.9825649261474609,2,star,0.8927332162857056,2,star,0.9782456159591675,2,star,0.7828972935676575
1782,2,star,2,star,True,2,star,True,True,2,star,0.9794953465461731,2,star,0.9915474057197571,2,star,0.9954203963279724,2,star,0.9639285206794739,2,star,0.9398775100708008,2,star,0.7909858822822571
1783,2,star,2,star,True,2,star,True,True,2,star,0.9447597861289978,2,star,0.8379400968551636,2,star,0.5584254264831543,2,star,0.5793431401252747,1,quasar,0.5709477066993713,2,star,0.7627367973327637
1784,2,star,2,star,True,2,star,True,True,2,star,0.9399005770683289,2,star,0.8874931335449219,2,star,0.9571086168289185,2,star,0.6103883385658264,2,star,0.6021831035614014,2,star,0.4547780752182007
1785,2,star,1,quasar,False,1,quasar,False,True,1,quasar,0.8363022208213806,2,star,0.5129148960113525,1,quasar,0.8426710963249207,1,quasar,0.5120136141777039,2,star,0.9037498831748962,1,quasar,0.4556570053100586
1786,2,star,1,quasar,False,2,star,True,False,2,star,0.8181028366088867,2,star,0.5804122686386108,1,quasar,0.5233190655708313,1,quasar,0.5622756481170654,1,quasar,0.7653758525848389,1,quasar,0.3910977840423584
1787,2,star,2,star,True,2,star,True,True,2,star,0.9689643383026123,2,star,0.9882368445396423,2,star,0.9931256771087646,2,star,0.9273470640182495,2,star,0.9946805834770203,2,star,0.41749098896980286
1788,2,star,1,quasar,False,1,quasar,False,True,2,star,0.8482723236083984,2,star,0.5862406492233276,1,quasar,0.8406736850738525,1,quasar,0.5698239207267761,1,quasar,0.7041231393814087,1,quasar,0.4986966848373413
1789,2,star,2,star,True,2,star,True,True,2,star,0.9852729439735413,2,star,0.9690349698066711,2,star,0.9761303067207336,2,star,0.8860380053520203,2,star,0.9809573888778687,0,galaxy,0.43724051117897034
1790,2,star,2,star,True,2,star,True,True,2,star,0.9908359050750732,2,star,0.9990990161895752,2,star,0.9849628210067749,2,star,0.9882742166519165,2,star,0.9765159487724304,2,star,0.6412783861160278
1791,2,star,2,star,True,2,star,True,True,2,star,0.985248863697052,2,star,0.9707704186439514,2,star,0.9752183556556702,2,star,0.8204730749130249,2,star,0.9898388385772705,2,star,0.6837896108627319
1792,2,star,2,star,True,2,star,True,True,2,star,0.9340502619743347,2,star,0.9023919701576233,2,star,0.972575306892395,2,star,0.6883732080459595,2,star,0.7970513701438904,2,star,0.49418050050735474
1793,2,star,1,quasar,False,1,quasar,False,True,2,star,0.8952294588088989,1,quasar,0.6629899144172668,1,quasar,0.6858389973640442,2,star,0.6173519492149353,1,quasar,0.9297696948051453,2,star,0.39244312047958374
1794,2,star,2,star,True,2,star,True,True,2,star,0.9743379354476929,2,star,0.5768173336982727,2,star,0.9351115226745605,1,quasar,0.503804624080658,2,star,0.5639451742172241,2,star,0.5101512670516968
1795,2,star,2,star,True,2,star,True,True,2,star,0.9614058136940002,2,star,0.9575091004371643,2,star,0.8169628381729126,2,star,0.7217668890953064,2,star,0.6141493320465088,1,quasar,0.4316614866256714
1796,2,star,2,star,True,2,star,True,True,2,star,0.9807335138320923,2,star,0.9266963005065918,2,star,0.9902826547622681,2,star,0.7318642735481262,2,star,0.9935758709907532,2,star,0.6946167945861816
1797,2,star,2,star,True,2,star,True,True,2,star,0.8793848752975464,2,star,0.9994294047355652,2,star,0.993257999420166,2,star,0.9670678973197937,2,star,0.985696017742157,2,star,0.5945490598678589
1798,2,star,2,star,True,2,star,True,True,2,star,0.9833161234855652,2,star,0.9985143542289734,2,star,0.9926207065582275,2,star,0.9664492011070251,2,star,0.9950352907180786,2,star,0.7490862607955933
1799,2,star,2,star,True,2,star,True,True,2,star,0.9963492155075073,2,star,0.981708288192749,2,star,0.9916672110557556,2,star,0.8945668935775757,2,star,0.9886876344680786,2,star,0.7021631598472595
1800,2,star,1,quasar,False,1,quasar,False,True,2,star,0.6234626770019531,1,quasar,0.49613460898399353,1,quasar,0.8225882649421692,1,quasar,0.6418415904045105,1,quasar,0.7568703293800354,2,star,0.40584465861320496
1801,2,star,2,star,True,2,star,True,True,2,star,0.9672451615333557,2,star,0.9615855813026428,2,star,0.971413254737854,2,star,0.6846175789833069,2,star,0.989510715007782,2,star,0.5956989526748657
1802,2,star,2,star,True,2,star,True,True,2,star,0.983247697353363,2,star,0.9972537159919739,2,star,0.9923417568206787,2,star,0.7921571731567383,2,star,0.985241711139679,2,star,0.9216729998588562
1803,2,star,2,star,True,2,star,True,True,2,star,0.9698939323425293,2,star,0.9990812540054321,2,star,0.9932546019554138,2,star,0.9068642854690552,2,star,0.9907552599906921,2,star,0.658870279788971
1804,2,star,2,star,True,2,star,True,True,2,star,0.8831303715705872,2,star,0.849465012550354,2,star,0.7584062814712524,2,star,0.5802867412567139,2,star,0.6761808395385742,2,star,0.5674304962158203
1805,2,star,2,star,True,2,star,True,True,2,star,0.9892327785491943,2,star,0.9942988157272339,2,star,0.9926969408988953,2,star,0.9788187742233276,2,star,0.9841187000274658,2,star,0.552230954170227
1806,2,star,2,star,True,2,star,True,True,2,star,0.8914040923118591,2,star,0.5902704000473022,2,star,0.6326838135719299,2,star,0.6471745371818542,1,quasar,0.7231457233428955,2,star,0.39096468687057495
1807,2,star,2,star,True,2,star,True,True,2,star,0.9569856524467468,2,star,0.9802154302597046,2,star,0.986573338508606,2,star,0.7530664205551147,2,star,0.9822647571563721,2,star,0.7368913888931274
1808,2,star,1,quasar,False,1,quasar,False,True,1,quasar,0.8620288372039795,1,quasar,0.6321085095405579,1,quasar,0.701768159866333,1,quasar,0.5984737277030945,1,quasar,0.654701828956604,2,star,0.430740624666214
1809,2,star,2,star,True,2,star,True,True,2,star,0.9881170988082886,2,star,0.6495299339294434,2,star,0.9546976089477539,2,star,0.9560064673423767,2,star,0.9771149158477783,0,galaxy,0.5362193584442139
1810,2,star,2,star,True,2,star,True,True,2,star,0.8916544914245605,2,star,0.999622106552124,2,star,0.9915184378623962,2,star,0.8253907561302185,2,star,0.9664191603660583,2,star,0.8044382929801941
1811,2,star,2,star,True,2,star,True,True,0,galaxy,0.603288471698761,2,star,0.9841517210006714,2,star,0.9802180528640747,2,star,0.8611640930175781,2,star,0.9789139032363892,2,star,0.8920406103134155
1812,2,star,1,quasar,False,2,star,True,False,2,star,0.9511780738830566,2,star,0.6061908602714539,1,quasar,0.6847968697547913,1,quasar,0.5786414742469788,1,quasar,0.7085534930229187,2,star,0.4486572742462158
1813,2,star,2,star,True,2,star,True,True,2,star,0.9889708757400513,2,star,0.9830530285835266,2,star,0.9901092052459717,2,star,0.8955050110816956,2,star,0.9773178100585938,2,star,0.7442478537559509
1814,2,star,2,star,True,2,star,True,True,2,star,0.9955779314041138,2,star,0.9972829818725586,2,star,0.971560537815094,2,star,0.9452263712882996,2,star,0.9765631556510925,2,star,0.611728310585022
1815,2,star,2,star,True,2,star,True,True,2,star,0.5851560235023499,2,star,0.7294186949729919,2,star,0.6374509930610657,2,star,0.6934283375740051,2,star,0.54520583152771,2,star,0.6015946865081787
1816,2,star,2,star,True,2,star,True,True,2,star,0.9963045120239258,2,star,0.9908692836761475,2,star,0.9821619391441345,2,star,0.9149003624916077,2,star,0.9938348531723022,2,star,0.7565088868141174
1817,2,star,1,quasar,False,2,star,True,False,2,star,0.7480068802833557,2,star,0.5328307151794434,1,quasar,0.6411838531494141,1,quasar,0.6207858920097351,1,quasar,0.7345001101493835,2,star,0.6284714937210083
1818,2,star,2,star,True,2,star,True,True,2,star,0.9325940608978271,2,star,0.9630762338638306,2,star,0.9594305157661438,2,star,0.6736454367637634,2,star,0.8904193639755249,2,star,0.6560582518577576
1819,2,star,2,star,True,2,star,True,True,2,star,0.9796232581138611,2,star,0.9457131624221802,2,star,0.8910375237464905,2,star,0.766548216342926,2,star,0.9694499969482422,2,star,0.7365533113479614
1820,2,star,2,star,True,2,star,True,True,2,star,0.9849712252616882,2,star,0.9978601336479187,2,star,0.9879218935966492,2,star,0.9124636054039001,2,star,0.9963766932487488,2,star,0.7783117294311523
1821,2,star,2,star,True,2,star,True,True,1,quasar,0.5005459785461426,2,star,0.8178004622459412,2,star,0.9464066624641418,2,star,0.7019947171211243,2,star,0.9431352615356445,2,star,0.7647641897201538
1822,2,star,2,star,True,2,star,True,True,2,star,0.9943142533302307,2,star,0.9996342658996582,2,star,0.995775043964386,2,star,0.9742352962493896,2,star,0.9852617383003235,2,star,0.6277338862419128
1823,2,star,0,galaxy,False,0,galaxy,False,True,0,galaxy,0.7178781628608704,0,galaxy,0.8604179620742798,2,star,0.9076215624809265,0,galaxy,0.8077148199081421,2,star,0.694282591342926,0,galaxy,0.4310043454170227
1824,2,star,2,star,True,2,star,True,True,2,star,0.9920591115951538,2,star,0.9720154404640198,2,star,0.9940336346626282,2,star,0.9531787633895874,2,star,0.9902821779251099,2,star,0.814484715461731
1825,2,star,2,star,True,2,star,True,True,2,star,0.9949547648429871,2,star,0.9816336035728455,2,star,0.9938147068023682,2,star,0.9753121137619019,2,star,0.9960187077522278,2,star,0.7425703406333923
1826,2,star,2,star,True,2,star,True,True,2,star,0.9865477681159973,2,star,0.9881842136383057,2,star,0.9830688238143921,2,star,0.9437444806098938,2,star,0.9863573312759399,2,star,0.6803290247917175
1827,2,star,2,star,True,2,star,True,True,2,star,0.9922652244567871,2,star,0.9935991764068604,2,star,0.9933971166610718,2,star,0.9650564193725586,2,star,0.9875133633613586,2,star,0.7211859226226807
1828,2,star,1,quasar,False,1,quasar,False,True,2,star,0.6952873468399048,2,star,0.47426995635032654,1,quasar,0.7637428641319275,1,quasar,0.631250262260437,1,quasar,0.8197479844093323,2,star,0.43540072441101074
1829,2,star,2,star,True,2,star,True,True,2,star,0.9916545152664185,2,star,0.9869939684867859,2,star,0.9929654598236084,2,star,0.9080653786659241,2,star,0.9918357133865356,2,star,0.5940070748329163
1830,2,star,2,star,True,2,star,True,True,2,star,0.6470943093299866,2,star,0.8336315155029297,2,star,0.6282587051391602,0,galaxy,0.4931049644947052,2,star,0.7978382110595703,2,star,0.45838701725006104
1831,2,star,2,star,True,2,star,True,True,2,star,0.9311865568161011,2,star,0.9393887519836426,2,star,0.9717199802398682,2,star,0.9609737396240234,2,star,0.9897996187210083,2,star,0.48178112506866455
1832,2,star,1,quasar,False,2,star,True,False,1,quasar,0.5223495960235596,1,quasar,0.5767737030982971,2,star,0.8695094585418701,2,star,0.6165727376937866,1,quasar,0.7779420018196106,2,star,0.4687194228172302
1833,2,star,2,star,True,2,star,True,True,2,star,0.9891688823699951,2,star,0.9948194622993469,2,star,0.9848660230636597,2,star,0.9626517295837402,2,star,0.9754094481468201,2,star,0.5076003670692444
1834,2,star,2,star,True,2,star,True,True,2,star,0.9871680736541748,2,star,0.990272581577301,2,star,0.9940387010574341,2,star,0.9595919847488403,2,star,0.9909865260124207,2,star,0.7831147313117981
1835,2,star,2,star,True,2,star,True,True,2,star,0.5785619020462036,2,star,0.9947838187217712,2,star,0.9941163063049316,0,galaxy,0.5824726223945618,2,star,0.9840668439865112,2,star,0.668400764465332
1836,2,star,2,star,True,2,star,True,True,2,star,0.9853717684745789,2,star,0.9874058365821838,2,star,0.9908413887023926,2,star,0.897172749042511,2,star,0.9887191653251648,2,star,0.8425431251525879
1837,2,star,2,star,True,2,star,True,True,2,star,0.7653253078460693,2,star,0.8718186020851135,2,star,0.6614900231361389,2,star,0.6868404150009155,1,quasar,0.49797317385673523,2,star,0.7360610961914062
1838,2,star,2,star,True,2,star,True,True,2,star,0.9406092166900635,2,star,0.6116153597831726,2,star,0.6516522169113159,2,star,0.5386797785758972,1,quasar,0.5374709963798523,2,star,0.7773619890213013
1839,2,star,2,star,True,2,star,True,True,2,star,0.9720672369003296,2,star,0.8930102586746216,2,star,0.946047306060791,2,star,0.9163625240325928,2,star,0.9858923554420471,2,star,0.6416906714439392
1840,2,star,2,star,True,2,star,True,True,2,star,0.6223282814025879,2,star,0.6598621010780334,2,star,0.796741247177124,2,star,0.6457851529121399,2,star,0.6706855297088623,2,star,0.48681640625
1841,2,star,2,star,True,2,star,True,True,2,star,0.9007400274276733,2,star,0.6728569865226746,2,star,0.7882724404335022,2,star,0.6766342520713806,2,star,0.8229308128356934,2,star,0.5252798199653625
1842,2,star,2,star,True,2,star,True,True,2,star,0.8659335970878601,2,star,0.9868438839912415,2,star,0.9841427206993103,2,star,0.9546193480491638,2,star,0.9886916875839233,2,star,0.7317442297935486
1843,2,star,2,star,True,2,star,True,True,2,star,0.9506476521492004,2,star,0.9869575500488281,2,star,0.9722636342048645,2,star,0.8949006199836731,2,star,0.9522745013237,2,star,0.6964762806892395
1844,2,star,2,star,True,2,star,True,True,2,star,0.858323872089386,2,star,0.9050418138504028,2,star,0.9268088340759277,2,star,0.5504505634307861,2,star,0.7594660520553589,2,star,0.577150821685791
1845,2,star,2,star,True,2,star,True,True,2,star,0.9972972273826599,2,star,0.9933881759643555,2,star,0.9876985549926758,2,star,0.8977033495903015,2,star,0.9921702742576599,2,star,0.7554521560668945
1846,2,star,2,star,True,2,star,True,True,2,star,0.8841249942779541,1,quasar,0.5032027363777161,2,star,0.9822624921798706,2,star,0.7941539883613586,2,star,0.9760273694992065,2,star,0.5038315653800964
1847,2,star,2,star,True,2,star,True,True,2,star,0.913108766078949,2,star,0.7658904194831848,2,star,0.8670006990432739,2,star,0.6882070899009705,2,star,0.7654209733009338,2,star,0.611110508441925
1848,2,star,2,star,True,2,star,True,True,2,star,0.7908661961555481,2,star,0.5411919355392456,2,star,0.7575984001159668,2,star,0.5579925775527954,2,star,0.8177134990692139,2,star,0.6009970903396606
1849,2,star,2,star,True,2,star,True,True,2,star,0.9740216135978699,2,star,0.9526617527008057,2,star,0.9858556389808655,2,star,0.7776635885238647,2,star,0.9845796823501587,2,star,0.6849122047424316
1850,2,star,2,star,True,2,star,True,True,2,star,0.9380939602851868,2,star,0.9604510068893433,2,star,0.9896255135536194,2,star,0.7613755464553833,2,star,0.9640084505081177,2,star,0.9735194444656372
1851,2,star,2,star,True,2,star,True,True,2,star,0.97305828332901,2,star,0.9722647666931152,2,star,0.9878026843070984,2,star,0.8179203867912292,2,star,0.9736186861991882,0,galaxy,0.5444108247756958
1852,2,star,2,star,True,2,star,True,True,2,star,0.9809110164642334,2,star,0.9269890785217285,2,star,0.974930465221405,2,star,0.7401764988899231,2,star,0.9906373620033264,2,star,0.7436532974243164
1853,2,star,2,star,True,2,star,True,True,2,star,0.960359513759613,2,star,0.9974427223205566,2,star,0.9857352375984192,2,star,0.8773654699325562,2,star,0.9956629872322083,2,star,0.8009534478187561
1854,2,star,2,star,True,2,star,True,True,2,star,0.9482076168060303,2,star,0.99162757396698,2,star,0.9821439981460571,2,star,0.9160807132720947,2,star,0.9831638932228088,2,star,0.5591720938682556
1855,2,star,2,star,True,2,star,True,True,2,star,0.9176867008209229,2,star,0.9837104082107544,2,star,0.9876406788825989,2,star,0.7941136360168457,2,star,0.9943163990974426,2,star,0.7767190337181091
1856,2,star,2,star,True,2,star,True,True,2,star,0.8385908007621765,2,star,0.8241300582885742,2,star,0.9787624478340149,2,star,0.6949959993362427,2,star,0.9881588816642761,2,star,0.5507674813270569
1857,2,star,2,star,True,2,star,True,True,2,star,0.9436835646629333,2,star,0.9184053540229797,2,star,0.9825940728187561,2,star,0.8138532042503357,2,star,0.9935411214828491,2,star,0.4764253497123718
1858,2,star,2,star,True,2,star,True,True,1,quasar,0.5222405195236206,2,star,0.6713026762008667,2,star,0.9438195824623108,2,star,0.7284406423568726,2,star,0.6347079873085022,2,star,0.643958330154419
1859,2,star,2,star,True,2,star,True,True,2,star,0.9657447934150696,2,star,0.9945251941680908,2,star,0.9848806858062744,2,star,0.725002110004425,2,star,0.9943314790725708,2,star,0.7202563285827637
1860,2,star,2,star,True,2,star,True,True,2,star,0.9856459498405457,2,star,0.9438292384147644,2,star,0.9807250499725342,2,star,0.867327094078064,2,star,0.8975841403007507,2,star,0.8484430909156799
1861,2,star,2,star,True,2,star,True,True,2,star,0.9770374298095703,2,star,0.8236861228942871,2,star,0.9864816665649414,2,star,0.7760900855064392,2,star,0.9860596656799316,2,star,0.6050974726676941
1862,2,star,2,star,True,2,star,True,True,2,star,0.9363335967063904,2,star,0.9469864964485168,2,star,0.9688041806221008,2,star,0.9040811061859131,2,star,0.9832331538200378,2,star,0.532338559627533
1863,2,star,2,star,True,2,star,True,True,2,star,0.9037291407585144,2,star,0.941471517086029,2,star,0.9759528040885925,2,star,0.7447197437286377,2,star,0.9695912599563599,2,star,0.7412219047546387
1864,2,star,2,star,True,2,star,True,True,1,quasar,0.49911120533943176,2,star,0.5460522174835205,2,star,0.6322649717330933,1,quasar,0.5645515322685242,2,star,0.784651517868042,2,star,0.5260361433029175
1865,2,star,2,star,True,2,star,True,True,0,galaxy,0.567356288433075,2,star,0.5189592242240906,2,star,0.8169587254524231,2,star,0.7039364576339722,2,star,0.9142879247665405,0,galaxy,0.45133742690086365
1866,2,star,2,star,True,2,star,True,True,2,star,0.9910770654678345,2,star,0.9871808886528015,2,star,0.9775077700614929,2,star,0.843709409236908,2,star,0.976718544960022,2,star,0.5328034162521362
1867,2,star,2,star,True,2,star,True,True,2,star,0.5996282696723938,2,star,0.8432237505912781,2,star,0.9761486053466797,2,star,0.744896411895752,2,star,0.9928380846977234,2,star,0.739141047000885
1868,2,star,2,star,True,2,star,True,True,2,star,0.8329631686210632,2,star,0.5992379784584045,2,star,0.8522787094116211,2,star,0.564171314239502,2,star,0.5709498524665833,2,star,0.5090697407722473
1869,2,star,2,star,True,2,star,True,True,2,star,0.9199245572090149,2,star,0.8484395146369934,2,star,0.9924091100692749,2,star,0.9628718495368958,2,star,0.9820849299430847,2,star,0.58828204870224
1870,2,star,2,star,True,2,star,True,True,2,star,0.9315429925918579,2,star,0.9875192642211914,2,star,0.9922865629196167,2,star,0.9281449317932129,2,star,0.9839222431182861,2,star,0.6619538068771362
1871,2,star,2,star,True,2,star,True,True,2,star,0.9859225749969482,2,star,0.9905683398246765,2,star,0.9890928268432617,2,star,0.8565922379493713,2,star,0.9930213093757629,2,star,0.8765628337860107
1872,2,star,2,star,True,2,star,True,True,2,star,0.8631750345230103,2,star,0.9103214144706726,2,star,0.9469365477561951,2,star,0.6361957788467407,2,star,0.5582484006881714,2,star,0.7691688537597656
1873,2,star,2,star,True,2,star,True,True,2,star,0.9696356654167175,2,star,0.9432845711708069,2,star,0.9854830503463745,2,star,0.8653112053871155,2,star,0.9845991134643555,2,star,0.7091831564903259
1874,2,star,2,star,True,2,star,True,True,2,star,0.9265358448028564,2,star,0.9762601256370544,2,star,0.9733849167823792,2,star,0.8284044861793518,2,star,0.9933366775512695,2,star,0.8424155116081238
1875,2,star,2,star,True,2,star,True,True,2,star,0.64876788854599,2,star,0.7776378393173218,2,star,0.958264172077179,2,star,0.9098626375198364,2,star,0.7750546336174011,2,star,0.6288884282112122
1876,2,star,2,star,True,2,star,True,True,2,star,0.9980403780937195,2,star,0.997789740562439,2,star,0.9900674819946289,2,star,0.9771304130554199,2,star,0.9954657554626465,2,star,0.9091552495956421
1877,2,star,2,star,True,2,star,True,True,2,star,0.9628480076789856,2,star,0.9448280930519104,2,star,0.9709566235542297,2,star,0.8314663767814636,2,star,0.9678433537483215,2,star,0.8779593110084534
1878,2,star,2,star,True,2,star,True,True,2,star,0.8732339143753052,2,star,0.3852797746658325,2,star,0.8994348645210266,2,star,0.9219430685043335,2,star,0.95473313331604,2,star,0.8445127606391907
1879,2,star,2,star,True,2,star,True,True,2,star,0.868107259273529,2,star,0.8541808128356934,2,star,0.9340335130691528,2,star,0.7696881294250488,2,star,0.9635531306266785,2,star,0.6349123120307922
1880,2,star,2,star,True,2,star,True,True,2,star,0.9767430424690247,2,star,0.9724105000495911,2,star,0.9739287495613098,2,star,0.7039659023284912,2,star,0.9857450723648071,2,star,0.6707842946052551
1881,2,star,2,star,True,2,star,True,True,2,star,0.9528307914733887,2,star,0.7478422522544861,2,star,0.9818741083145142,2,star,0.7766499519348145,2,star,0.9867645502090454,2,star,0.7656165361404419
1882,2,star,2,star,True,2,star,True,True,2,star,0.8562643527984619,2,star,0.9829716086387634,2,star,0.9247897863388062,2,star,0.9444707632064819,2,star,0.9778789281845093,2,star,0.5713659524917603
1883,2,star,2,star,True,2,star,True,True,2,star,0.8084320425987244,2,star,0.9199339151382446,2,star,0.9045092463493347,2,star,0.7535516023635864,2,star,0.9708860516548157,2,star,0.5089946389198303
1884,2,star,2,star,True,2,star,True,True,0,galaxy,0.8496237397193909,2,star,0.9248965978622437,2,star,0.988481879234314,2,star,0.9487950205802917,2,star,0.993117094039917,0,galaxy,0.707797110080719
1885,2,star,2,star,True,2,star,True,True,0,galaxy,0.6225185394287109,2,star,0.9857111573219299,2,star,0.9879222512245178,2,star,0.9408701062202454,2,star,0.9779096841812134,2,star,0.5112558603286743
1886,2,star,2,star,True,2,star,True,True,2,star,0.9979819059371948,2,star,0.9989030361175537,2,star,0.9959632158279419,2,star,0.9792596101760864,2,star,0.9931285381317139,2,star,0.9498100876808167
1887,2,star,2,star,True,2,star,True,True,2,star,0.793422281742096,2,star,0.9993143081665039,2,star,0.9634908437728882,2,star,0.8384590744972229,2,star,0.9872941374778748,2,star,0.8242782354354858
1888,2,star,2,star,True,2,star,True,True,2,star,0.7740392088890076,2,star,0.8805620074272156,2,star,0.975227415561676,2,star,0.8557717800140381,2,star,0.9942173957824707,0,galaxy,0.4036012291908264
1889,2,star,2,star,True,2,star,True,True,0,galaxy,0.9556207656860352,2,star,0.7996177077293396,2,star,0.9325647354125977,2,star,0.9327618479728699,2,star,0.9442080855369568,2,star,0.5963914394378662
1890,2,star,2,star,True,2,star,True,True,2,star,0.7879274487495422,2,star,0.5233010053634644,1,quasar,0.6389032602310181,1,quasar,0.5814234614372253,2,star,0.7894479632377625,0,galaxy,0.40451323986053467
1891,2,star,0,galaxy,False,2,star,True,False,0,galaxy,0.8198749423027039,2,star,0.8830476999282837,2,star,0.9921302199363708,0,galaxy,0.9186573028564453,2,star,0.9956339001655579,0,galaxy,0.4701905846595764
1892,2,star,0,galaxy,False,2,star,True,False,0,galaxy,0.8597034215927124,0,galaxy,0.912645161151886,2,star,0.9749700427055359,2,star,0.9759047627449036,2,star,0.9870031476020813,0,galaxy,0.8227697014808655
1893,2,star,2,star,True,2,star,True,True,0,galaxy,0.684115469455719,2,star,0.9516651034355164,2,star,0.971484899520874,2,star,0.9159398078918457,2,star,0.935039222240448,2,star,0.5400196313858032
1894,2,star,1,quasar,False,2,star,True,False,2,star,0.9128499627113342,0,galaxy,0.6695992350578308,1,quasar,0.6006888151168823,1,quasar,0.5571967363357544,1,quasar,0.7058221101760864,2,star,0.45154285430908203
1895,2,star,2,star,True,2,star,True,True,2,star,0.8499172925949097,2,star,0.9950687885284424,2,star,0.9922115802764893,2,star,0.8671209812164307,2,star,0.981238603591919,2,star,0.770607054233551
1896,2,star,2,star,True,2,star,True,True,0,galaxy,0.9660534262657166,2,star,0.9648622870445251,2,star,0.8524317741394043,2,star,0.9628645777702332,2,star,0.9685580730438232,0,galaxy,0.6305139064788818
1897,2,star,2,star,True,2,star,True,True,0,galaxy,0.9051072001457214,2,star,0.9664562344551086,2,star,0.9736121296882629,2,star,0.9628598093986511,2,star,0.994587779045105,0,galaxy,0.630137026309967
1898,2,star,2,star,True,2,star,True,True,0,galaxy,0.7635812759399414,2,star,0.6088563799858093,2,star,0.8500997424125671,2,star,0.9452565908432007,2,star,0.95362389087677,2,star,0.5246082544326782
1899,2,star,2,star,True,2,star,True,True,0,galaxy,0.9509595036506653,2,star,0.8816083073616028,2,star,0.9848939776420593,2,star,0.9748438000679016,2,star,0.9873145818710327,2,star,0.4522556960582733
1900,2,star,2,star,True,2,star,True,True,2,star,0.7665824294090271,2,star,0.9966478943824768,2,star,0.9878635406494141,2,star,0.9745652079582214,2,star,0.9942960143089294,2,star,0.7878723740577698
1901,2,star,2,star,True,2,star,True,True,2,star,0.9956063628196716,2,star,0.9986467957496643,2,star,0.9918443560600281,2,star,0.9797051548957825,2,star,0.9968728423118591,2,star,0.6250128149986267
1902,2,star,2,star,True,2,star,True,True,0,galaxy,0.8999386429786682,2,star,0.9869437217712402,2,star,0.9869421124458313,2,star,0.9736340641975403,2,star,0.9962984919548035,2,star,0.5580424666404724
1903,2,star,2,star,True,2,star,True,True,2,star,0.5530086159706116,2,star,0.9523876905441284,2,star,0.9589931964874268,2,star,0.9569435119628906,2,star,0.9436569213867188,2,star,0.5339055061340332
1904,2,star,2,star,True,2,star,True,True,2,star,0.658124566078186,2,star,0.7534385919570923,2,star,0.9632939100265503,2,star,0.8210849761962891,2,star,0.7642999291419983,2,star,0.742499828338623
1905,2,star,2,star,True,2,star,True,True,0,galaxy,0.6422256231307983,2,star,0.8446606397628784,2,star,0.9501499533653259,2,star,0.9513625502586365,2,star,0.9466075301170349,0,galaxy,0.4268393814563751
1906,2,star,2,star,True,2,star,True,True,2,star,0.858879566192627,2,star,0.6807941198348999,2,star,0.9410629868507385,2,star,0.5016489624977112,2,star,0.9493086934089661,0,galaxy,0.4317081868648529
1907,2,star,2,star,True,2,star,True,True,2,star,0.9553688168525696,2,star,0.9943873286247253,2,star,0.9840444326400757,2,star,0.8625955581665039,2,star,0.989554762840271,2,star,0.5875748991966248
1908,2,star,2,star,True,2,star,True,True,2,star,0.7959161400794983,0,galaxy,0.8680418729782104,2,star,0.909980833530426,0,galaxy,0.47882357239723206,2,star,0.6913900375366211,2,star,0.5698196291923523
1909,2,star,2,star,True,2,star,True,True,2,star,0.9427318572998047,2,star,0.9425148963928223,2,star,0.9628399014472961,2,star,0.756497323513031,2,star,0.9913232326507568,0,galaxy,0.6174811124801636
1910,2,star,2,star,True,2,star,True,True,2,star,0.9941480159759521,2,star,0.9773015379905701,2,star,0.9849624633789062,2,star,0.9187203049659729,2,star,0.9377782940864563,2,star,0.4200943112373352
1911,2,star,2,star,True,2,star,True,True,2,star,0.9214379787445068,2,star,0.9702391624450684,2,star,0.9826326370239258,2,star,0.9173216223716736,2,star,0.7839881181716919,2,star,0.5531281232833862
1912,2,star,2,star,True,2,star,True,True,2,star,0.9755599498748779,2,star,0.9974358677864075,2,star,0.9933472871780396,2,star,0.7199090123176575,2,star,0.9959596991539001,0,galaxy,0.4109635353088379
1913,2,star,2,star,True,2,star,True,True,2,star,0.6640910506248474,2,star,0.7001481652259827,2,star,0.9330534934997559,2,star,0.928317129611969,2,star,0.9224436283111572,0,galaxy,0.3903521001338959
1914,2,star,2,star,True,2,star,True,True,2,star,0.9930389523506165,2,star,0.8931317925453186,2,star,0.8962067365646362,2,star,0.6344766020774841,2,star,0.6803993582725525,0,galaxy,0.44061025977134705
1915,2,star,2,star,True,2,star,True,True,2,star,0.9620308876037598,2,star,0.9871522784233093,2,star,0.9775586724281311,2,star,0.8505105972290039,2,star,0.9921974539756775,2,star,0.8508557677268982
1916,2,star,2,star,True,2,star,True,True,2,star,0.9944037199020386,2,star,0.9998083710670471,2,star,0.980732798576355,2,star,0.9608649015426636,2,star,0.9917588829994202,2,star,0.5574946403503418
1917,2,star,2,star,True,2,star,True,True,2,star,0.9683187007904053,2,star,0.8701425790786743,2,star,0.9534045457839966,2,star,0.7170327305793762,2,star,0.8590047955513,2,star,0.4289615750312805
1918,2,star,2,star,True,2,star,True,True,2,star,0.6598386168479919,2,star,0.9731735587120056,2,star,0.9885773658752441,2,star,0.9275174736976624,2,star,0.978962242603302,2,star,0.49090003967285156
1919,2,star,1,quasar,False,1,quasar,False,True,2,star,0.6147770285606384,1,quasar,0.6556057333946228,1,quasar,0.6093340516090393,1,quasar,0.4941811263561249,1,quasar,0.5481711030006409,2,star,0.4832906424999237
1920,2,star,2,star,True,2,star,True,True,2,star,0.9835653901100159,2,star,0.9170871376991272,2,star,0.9605891704559326,2,star,0.9249179363250732,2,star,0.8546552658081055,0,galaxy,0.7012835741043091
1921,2,star,2,star,True,2,star,True,True,2,star,0.6579918265342712,2,star,0.9982631802558899,2,star,0.9931914210319519,2,star,0.754045844078064,2,star,0.9929212927818298,2,star,0.5493756532669067
1922,2,star,2,star,True,2,star,True,True,2,star,0.9982871413230896,2,star,0.995776891708374,2,star,0.9922559261322021,2,star,0.9556964039802551,2,star,0.9661203026771545,0,galaxy,0.4451679289340973
1923,2,star,2,star,True,2,star,True,True,2,star,0.8522751927375793,2,star,0.8296305537223816,2,star,0.9234452247619629,2,star,0.7020260095596313,2,star,0.9356457591056824,2,star,0.4183869957923889
1924,2,star,2,star,True,2,star,True,True,2,star,0.9232295751571655,2,star,0.5611317753791809,2,star,0.6544080376625061,1,quasar,0.5569282174110413,2,star,0.5327891707420349,2,star,0.47021567821502686
1925,2,star,2,star,True,2,star,True,True,2,star,0.9944370985031128,2,star,0.6266193985939026,2,star,0.9614659547805786,2,star,0.6932899951934814,2,star,0.9459748864173889,2,star,0.43926599621772766
1926,2,star,2,star,True,2,star,True,True,2,star,0.9693421125411987,2,star,0.9993155002593994,2,star,0.9902229309082031,2,star,0.9533367156982422,2,star,0.9963079690933228,2,star,0.48937442898750305
1927,2,star,1,quasar,False,1,quasar,False,True,2,star,0.882750928401947,1,quasar,0.7288942933082581,1,quasar,0.8771072626113892,1,quasar,0.6361505389213562,1,quasar,0.7549080848693848,2,star,0.4129759669303894
1928,2,star,2,star,True,2,star,True,True,2,star,0.9517049193382263,2,star,0.9961873888969421,2,star,0.9928247928619385,0,galaxy,0.8762685060501099,2,star,0.9942441582679749,2,star,0.6047791838645935
1929,2,star,2,star,True,2,star,True,True,2,star,0.7235903739929199,2,star,0.9564737677574158,2,star,0.9297773241996765,2,star,0.9448007345199585,2,star,0.9751207828521729,0,galaxy,0.4281243085861206
1930,2,star,1,quasar,False,1,quasar,False,True,1,quasar,0.5234537124633789,2,star,0.6259524822235107,1,quasar,0.7751632928848267,1,quasar,0.60053551197052,1,quasar,0.7466245293617249,0,galaxy,0.39532870054244995
1931,2,star,1,quasar,False,2,star,True,False,2,star,0.8944017291069031,2,star,0.5587360858917236,1,quasar,0.4841025173664093,1,quasar,0.5525361895561218,1,quasar,0.6421449780464172,0,galaxy,0.4788593351840973
1932,2,star,2,star,True,2,star,True,True,0,galaxy,0.6584758758544922,2,star,0.5740967988967896,2,star,0.9707834720611572,2,star,0.5331621766090393,2,star,0.9925519227981567,2,star,0.5127171874046326
1933,2,star,2,star,True,2,star,True,True,2,star,0.9206506609916687,2,star,0.9314759373664856,2,star,0.9531496167182922,2,star,0.7999343872070312,2,star,0.9904210567474365,2,star,0.6579548716545105
1934,2,star,1,quasar,False,2,star,True,False,2,star,0.9070267677307129,1,quasar,0.5407914519309998,1,quasar,0.5026042461395264,1,quasar,0.5812780857086182,1,quasar,0.5594863891601562,2,star,0.6736990809440613
1935,2,star,1,quasar,False,2,star,True,False,2,star,0.945188581943512,2,star,0.5033283829689026,1,quasar,0.6590048670768738,1,quasar,0.5120482444763184,1,quasar,0.7220547199249268,2,star,0.4334537982940674
1936,2,star,2,star,True,2,star,True,True,2,star,0.8374258875846863,2,star,0.9968053102493286,2,star,0.9912097454071045,2,star,0.9200461506843567,2,star,0.9905331134796143,2,star,0.5785927772521973
1937,2,star,2,star,True,2,star,True,True,2,star,0.9976156949996948,2,star,0.9977887868881226,2,star,0.9705901741981506,2,star,0.8677845597267151,2,star,0.9782183766365051,2,star,0.8700497150421143
1938,2,star,2,star,True,2,star,True,True,2,star,0.9920265078544617,2,star,0.9871276617050171,2,star,0.9909817576408386,0,galaxy,0.8799149990081787,2,star,0.9941995143890381,0,galaxy,0.47445380687713623
1939,2,star,2,star,True,2,star,True,True,2,star,0.7564793229103088,2,star,0.9964821338653564,2,star,0.9923664927482605,2,star,0.984931230545044,2,star,0.9927141070365906,2,star,0.6108717918395996
1940,2,star,2,star,True,2,star,True,True,2,star,0.9022079110145569,2,star,0.6762946844100952,2,star,0.9145233631134033,2,star,0.6590152978897095,2,star,0.7936841249465942,2,star,0.4871973693370819
1941,2,star,2,star,True,2,star,True,True,2,star,0.9204548001289368,2,star,0.843863308429718,2,star,0.8477669954299927,2,star,0.5453060269355774,2,star,0.5225507020950317,2,star,0.5304795503616333
1942,2,star,2,star,True,2,star,True,True,2,star,0.8058728575706482,2,star,0.9989197254180908,2,star,0.9937800765037537,0,galaxy,0.7205848097801208,2,star,0.9947804808616638,2,star,0.5601220726966858
1943,2,star,1,quasar,False,1,quasar,False,True,1,quasar,0.793639063835144,1,quasar,0.7236894369125366,1,quasar,0.7685902118682861,1,quasar,0.6475617289543152,1,quasar,0.8415356278419495,2,star,0.577687680721283
1944,2,star,2,star,True,2,star,True,True,2,star,0.8068557977676392,2,star,0.5499086380004883,1,quasar,0.789017379283905,2,star,0.5373988747596741,1,quasar,0.5228880047798157,2,star,0.41323933005332947
1945,2,star,2,star,True,2,star,True,True,2,star,0.8367218971252441,2,star,0.8989806771278381,1,quasar,0.7325445413589478,2,star,0.5888804793357849,1,quasar,0.8382226824760437,2,star,0.6589483022689819
1946,2,star,2,star,True,2,star,True,True,2,star,0.919572114944458,2,star,0.8768278956413269,2,star,0.8012713193893433,2,star,0.5645670294761658,2,star,0.8826313018798828,2,star,0.6859537363052368
1947,2,star,2,star,True,2,star,True,True,2,star,0.996182382106781,2,star,0.8804258704185486,2,star,0.9878624677658081,2,star,0.8526667356491089,2,star,0.9905363917350769,2,star,0.8094763159751892
1948,2,star,2,star,True,2,star,True,True,2,star,0.9845512509346008,2,star,0.9985287189483643,2,star,0.9879597425460815,2,star,0.9578999876976013,2,star,0.9949369430541992,2,star,0.681329071521759
1949,2,star,2,star,True,2,star,True,True,2,star,0.9945259690284729,2,star,0.9946240186691284,2,star,0.9929419755935669,2,star,0.9821339249610901,2,star,0.9972352385520935,2,star,0.6859602332115173
1950,2,star,2,star,True,2,star,True,True,2,star,0.6649944186210632,2,star,0.7294219136238098,2,star,0.5057469606399536,2,star,0.6257840991020203,1,quasar,0.7115986347198486,2,star,0.5161107778549194
1951,2,star,2,star,True,2,star,True,True,2,star,0.9709153771400452,2,star,0.9905242323875427,2,star,0.9539862275123596,2,star,0.8482567071914673,2,star,0.9847495555877686,2,star,0.7968934178352356
1952,2,star,1,quasar,False,1,quasar,False,True,2,star,0.9076532125473022,2,star,0.7554160952568054,1,quasar,0.9043097496032715,1,quasar,0.5757810473442078,1,quasar,0.868999183177948,2,star,0.5127123594284058
1953,2,star,1,quasar,False,1,quasar,False,True,2,star,0.6911322474479675,2,star,0.6496777534484863,1,quasar,0.77078777551651,1,quasar,0.607025682926178,1,quasar,0.731917142868042,2,star,0.6259450316429138
1954,2,star,2,star,True,2,star,True,True,2,star,0.9694895148277283,2,star,0.9808744788169861,2,star,0.9852928519248962,2,star,0.913684606552124,2,star,0.9876470565795898,2,star,0.8480550646781921
1955,2,star,2,star,True,2,star,True,True,2,star,0.873879075050354,2,star,0.7192866802215576,1,quasar,0.7615435123443604,2,star,0.8001196384429932,2,star,0.695208728313446,2,star,0.5164292454719543
1956,2,star,2,star,True,2,star,True,True,2,star,0.7590748071670532,2,star,0.9578994512557983,2,star,0.9733903408050537,2,star,0.8497656583786011,2,star,0.9681840538978577,2,star,0.6233413815498352
1957,2,star,2,star,True,2,star,True,True,2,star,0.6961908936500549,2,star,0.9583806395530701,2,star,0.8431093692779541,2,star,0.48201054334640503,2,star,0.5032126307487488,0,galaxy,0.43651336431503296
1958,2,star,2,star,True,2,star,True,True,2,star,0.868068516254425,2,star,0.9302133321762085,2,star,0.954473078250885,2,star,0.5354689955711365,2,star,0.6215962767601013,2,star,0.5833030939102173
1959,2,star,2,star,True,2,star,True,True,2,star,0.9941948056221008,2,star,0.9961466789245605,2,star,0.9823566675186157,2,star,0.9652333855628967,2,star,0.9952815175056458,0,galaxy,0.9130887985229492
1960,2,star,2,star,True,2,star,True,True,2,star,0.9984652996063232,2,star,0.9347394704818726,2,star,0.7882521748542786,2,star,0.9105011224746704,2,star,0.8179377913475037,0,galaxy,0.768791675567627
1961,2,star,2,star,True,2,star,True,True,2,star,0.9917512536048889,2,star,0.7344450354576111,2,star,0.9664182662963867,2,star,0.6860759854316711,2,star,0.9880616664886475,1,quasar,0.4613633453845978
1962,2,star,1,quasar,False,1,quasar,False,True,2,star,0.5852206945419312,1,quasar,0.5378758311271667,1,quasar,0.7834299802780151,1,quasar,0.5771422386169434,1,quasar,0.8923898935317993,2,star,0.5796461701393127
1963,2,star,2,star,True,2,star,True,True,2,star,0.98760986328125,2,star,0.9875845313072205,2,star,0.9843168258666992,2,star,0.7659468054771423,2,star,0.9868524670600891,2,star,0.6068846583366394
1964,2,star,2,star,True,2,star,True,True,2,star,0.9964033365249634,2,star,0.9634625315666199,2,star,0.9651980996131897,2,star,0.6839853525161743,2,star,0.951549768447876,2,star,0.7182556986808777
1965,2,star,2,star,True,2,star,True,True,2,star,0.957770586013794,2,star,0.9909381866455078,2,star,0.9890839457511902,2,star,0.9842170476913452,2,star,0.9962401390075684,1,quasar,0.41411563754081726
1966,2,star,2,star,True,2,star,True,True,2,star,0.9760459065437317,2,star,0.9569090008735657,2,star,0.9803368449211121,2,star,0.9859574437141418,2,star,0.9938029050827026,0,galaxy,0.8185378313064575
1967,2,star,2,star,True,2,star,True,True,2,star,0.88693767786026,2,star,0.7892217636108398,2,star,0.9363114237785339,2,star,0.6595169901847839,2,star,0.9466479420661926,2,star,0.692999541759491
1968,2,star,2,star,True,2,star,True,True,2,star,0.9925738573074341,2,star,0.9873558878898621,2,star,0.9743846654891968,2,star,0.9302384853363037,2,star,0.996595561504364,2,star,0.6783222556114197
1969,2,star,2,star,True,2,star,True,True,2,star,0.9593440294265747,2,star,0.9477829337120056,2,star,0.9818955063819885,2,star,0.7756116986274719,2,star,0.9860304594039917,2,star,0.7127479314804077
1970,2,star,1,quasar,False,2,star,True,False,2,star,0.83732670545578,2,star,0.5021326541900635,1,quasar,0.6117545962333679,1,quasar,0.5903537273406982,1,quasar,0.6738807559013367,1,quasar,0.3953342139720917
1971,2,star,2,star,True,2,star,True,True,2,star,0.9855136871337891,2,star,0.8101387023925781,2,star,0.985792338848114,2,star,0.7781356573104858,2,star,0.993320882320404,2,star,0.5206745862960815
1972,2,star,2,star,True,2,star,True,True,2,star,0.9826483130455017,2,star,0.9789475202560425,2,star,0.9850407242774963,2,star,0.8003993630409241,2,star,0.9862062335014343,2,star,0.7365862131118774
1973,2,star,1,quasar,False,1,quasar,False,True,1,quasar,0.7281451225280762,1,quasar,0.7833214402198792,1,quasar,0.8407842516899109,2,star,0.5996499061584473,1,quasar,0.8153282403945923,1,quasar,0.48431891202926636
1974,2,star,2,star,True,2,star,True,True,2,star,0.851276695728302,2,star,0.8248133063316345,2,star,0.9556100964546204,2,star,0.784520149230957,2,star,0.9017109274864197,2,star,0.6650017499923706
1975,2,star,2,star,True,2,star,True,True,2,star,0.9534125328063965,2,star,0.9983248114585876,2,star,0.9897336363792419,2,star,0.9423004388809204,2,star,0.9952793121337891,2,star,0.7298957705497742
1976,2,star,0,galaxy,False,2,star,True,False,0,galaxy,0.884984016418457,0,galaxy,0.5105604529380798,2,star,0.9090206623077393,0,galaxy,0.4162351191043854,2,star,0.9338085651397705,0,galaxy,0.4622764587402344
1977,2,star,2,star,True,2,star,True,True,2,star,0.9704058170318604,2,star,0.954564094543457,2,star,0.9868922829627991,2,star,0.8581706881523132,2,star,0.9945830702781677,2,star,0.563052237033844
1978,2,star,2,star,True,2,star,True,True,2,star,0.6387465596199036,2,star,0.5344098806381226,1,quasar,0.6094416379928589,1,quasar,0.5184881091117859,2,star,0.6588292717933655,0,galaxy,0.4171539843082428
1979,2,star,2,star,True,2,star,True,True,2,star,0.9785313606262207,2,star,0.9634135961532593,2,star,0.9526746273040771,2,star,0.9191095232963562,2,star,0.9575170874595642,0,galaxy,0.4880269169807434
1980,2,star,2,star,True,2,star,True,True,2,star,0.9743283987045288,2,star,0.944305419921875,2,star,0.989769697189331,2,star,0.8263862729072571,2,star,0.9935170412063599,2,star,0.6916868686676025
1981,2,star,2,star,True,2,star,True,True,2,star,0.9300904870033264,2,star,0.9771779775619507,2,star,0.9734702110290527,2,star,0.911184549331665,2,star,0.9920167922973633,2,star,0.6229792237281799
1982,2,star,2,star,True,2,star,True,True,2,star,0.9511591196060181,2,star,0.8099634647369385,2,star,0.6529920697212219,2,star,0.534363329410553,2,star,0.6289803385734558,2,star,0.5967873930931091
1983,2,star,2,star,True,2,star,True,True,2,star,0.9783747792243958,2,star,0.7573912739753723,1,quasar,0.5724695920944214,2,star,0.5400148630142212,1,quasar,0.6602169275283813,2,star,0.46037596464157104
1984,2,star,1,quasar,False,1,quasar,False,True,2,star,0.6107508540153503,1,quasar,0.5708662867546082,1,quasar,0.6815012097358704,2,star,0.5832808017730713,1,quasar,0.6483141183853149,2,star,0.4686242938041687
1985,2,star,1,quasar,False,2,star,True,False,2,star,0.6459673047065735,2,star,0.6619784832000732,1,quasar,0.6251243948936462,1,quasar,0.5499469637870789,1,quasar,0.689864456653595,2,star,0.4860767126083374
1986,2,star,1,quasar,False,1,quasar,False,True,1,quasar,0.9571876525878906,1,quasar,0.6616019010543823,1,quasar,0.9141362905502319,2,star,0.5511411428451538,1,quasar,0.9423198699951172,1,quasar,0.4578859508037567
1987,2,star,2,star,True,2,star,True,True,2,star,0.9981896281242371,2,star,0.9986687898635864,2,star,0.9910489320755005,2,star,0.96045982837677,2,star,0.9892035126686096,2,star,0.7319894433021545
1988,2,star,1,quasar,False,1,quasar,False,True,1,quasar,0.9551675319671631,1,quasar,0.6640878915786743,1,quasar,0.797589898109436,1,quasar,0.6371966600418091,1,quasar,0.7786861062049866,1,quasar,0.6969007849693298
1989,2,star,2,star,True,2,star,True,True,2,star,0.9821449518203735,2,star,0.9589911103248596,2,star,0.9777281284332275,2,star,0.9290398955345154,2,star,0.9801795482635498,1,quasar,0.5454050898551941
1990,2,star,2,star,True,2,star,True,True,2,star,0.8260979056358337,2,star,0.7776300311088562,2,star,0.9316401481628418,2,star,0.7587518095970154,2,star,0.6831529140472412,2,star,0.5234328508377075
1991,2,star,2,star,True,2,star,True,True,2,star,0.9729308485984802,2,star,0.7585488557815552,2,star,0.962385892868042,2,star,0.8823181390762329,2,star,0.98811274766922,2,star,0.5351722836494446
1992,2,star,2,star,True,2,star,True,True,2,star,0.9530909657478333,2,star,0.9811104536056519,2,star,0.9878318905830383,2,star,0.9333059191703796,2,star,0.9531249403953552,2,star,0.7416568994522095
1993,2,star,2,star,True,2,star,True,True,2,star,0.8214020729064941,2,star,0.7793822884559631,2,star,0.9792327284812927,2,star,0.9099704623222351,2,star,0.9861198663711548,1,quasar,0.38702937960624695
1994,2,star,2,star,True,2,star,True,True,2,star,0.9662336707115173,2,star,0.9930417537689209,2,star,0.986126720905304,2,star,0.9495537877082825,2,star,0.8909384608268738,2,star,0.6728847026824951
1995,2,star,2,star,True,2,star,True,True,2,star,0.9405127167701721,1,quasar,0.6034127473831177,2,star,0.7215824127197266,2,star,0.5804769992828369,2,star,0.7458581328392029,2,star,0.5730631351470947
1996,2,star,1,quasar,False,1,quasar,False,True,2,star,0.9394130110740662,1,quasar,0.6299106478691101,1,quasar,0.7771537899971008,1,quasar,0.6217778921127319,1,quasar,0.7315816879272461,2,star,0.5245871543884277
1997,2,star,1,quasar,False,1,quasar,False,True,1,quasar,0.5797456502914429,1,quasar,0.5483335256576538,1,quasar,0.49793314933776855,1,quasar,0.6287208199501038,1,quasar,0.6854563355445862,2,star,0.5004966855049133
1998,2,star,1,quasar,False,1,quasar,False,True,1,quasar,0.951270341873169,1,quasar,0.8433451056480408,1,quasar,0.811750590801239,1,quasar,0.5291182398796082,1,quasar,0.8220415711402893,1,quasar,0.3985849618911743
1999,2,star,1,quasar,False,1,quasar,False,True,1,quasar,0.8426026105880737,1,quasar,0.7829499244689941,1,quasar,0.8204842209815979,1,quasar,0.5493476390838623,1,quasar,0.8121823072433472,1,quasar,0.37437355518341064
2000,2,star,2,star,True,2,star,True,True,2,star,0.9840064644813538,2,star,0.9988127946853638,2,star,0.9958783388137817,2,star,0.9866212606430054,2,star,0.9927647709846497,0,galaxy,0.4792999029159546
2001,2,star,2,star,True,2,star,True,True,0,galaxy,0.9242860674858093,2,star,0.9488484859466553,2,star,0.953221321105957,2,star,0.9657270908355713,2,star,0.9429534077644348,2,star,0.5045433044433594
2002,2,star,2,star,True,2,star,True,True,2,star,0.9858415722846985,2,star,0.9080167412757874,2,star,0.9580369591712952,2,star,0.9048574566841125,2,star,0.9715881943702698,2,star,0.664462149143219
2003,2,star,2,star,True,2,star,True,True,2,star,0.9019873738288879,2,star,0.978816032409668,2,star,0.910025417804718,2,star,0.6786208748817444,2,star,0.9821667671203613,2,star,0.5553421974182129
2004,2,star,2,star,True,2,star,True,True,2,star,0.9664955139160156,2,star,0.9741731882095337,2,star,0.975243866443634,2,star,0.8676415085792542,2,star,0.9925635457038879,2,star,0.6617898344993591
2005,2,star,2,star,True,2,star,True,True,2,star,0.9660738706588745,2,star,0.9759984612464905,2,star,0.9904162883758545,2,star,0.878203809261322,2,star,0.9926815629005432,2,star,0.8793023824691772
2006,2,star,2,star,True,2,star,True,True,0,galaxy,0.9821273684501648,2,star,0.9904711246490479,2,star,0.9852421879768372,2,star,0.9524564743041992,2,star,0.9820135235786438,2,star,0.5168559551239014
2007,2,star,2,star,True,2,star,True,True,2,star,0.9130697250366211,2,star,0.4259779453277588,2,star,0.716195821762085,2,star,0.5444413423538208,2,star,0.8993768095970154,1,quasar,0.33828869462013245
2008,2,star,2,star,True,2,star,True,True,2,star,0.4442572295665741,0,galaxy,0.5269851684570312,2,star,0.8671146035194397,2,star,0.6625502109527588,2,star,0.8469409346580505,2,star,0.9571040272712708
2009,2,star,1,quasar,False,1,quasar,False,True,1,quasar,0.5107974410057068,1,quasar,0.9357969164848328,1,quasar,0.8648483753204346,1,quasar,0.5316125750541687,1,quasar,0.7596245408058167,2,star,0.4969750642776489
2010,2,star,2,star,True,2,star,True,True,2,star,0.969353199005127,2,star,0.8439005613327026,2,star,0.9603310823440552,2,star,0.8440025448799133,2,star,0.9700837135314941,2,star,0.43219509720802307
2011,2,star,1,quasar,False,1,quasar,False,True,2,star,0.6893549561500549,1,quasar,0.7050696015357971,1,quasar,0.877390444278717,1,quasar,0.5175650715827942,1,quasar,0.6409586071968079,1,quasar,0.5488998889923096
2012,2,star,2,star,True,2,star,True,True,2,star,0.7257078289985657,2,star,0.9646889567375183,2,star,0.9483312368392944,2,star,0.8494764566421509,2,star,0.9847350120544434,2,star,0.4856923222541809
2013,2,star,1,quasar,False,2,star,True,False,2,star,0.506294310092926,1,quasar,0.5267137885093689,1,quasar,0.44712671637535095,1,quasar,0.3645784854888916,2,star,0.7374133467674255,0,galaxy,0.5022169351577759
2014,2,star,2,star,True,2,star,True,True,2,star,0.7693564891815186,2,star,0.4986952245235443,1,quasar,0.6487529873847961,2,star,0.615690290927887,2,star,0.5893675088882446,1,quasar,0.5202019214630127
2015,2,star,2,star,True,2,star,True,True,2,star,0.9760425090789795,2,star,0.9765084385871887,2,star,0.9901280999183655,2,star,0.8150804042816162,2,star,0.9859302639961243,2,star,0.7040610909461975
2016,2,star,1,quasar,False,1,quasar,False,True,2,star,0.5352259278297424,1,quasar,0.7182323932647705,1,quasar,0.8187658190727234,1,quasar,0.5452114939689636,1,quasar,0.7550053596496582,2,star,0.420509397983551
2017,2,star,2,star,True,2,star,True,True,2,star,0.9983736276626587,2,star,0.8235056400299072,2,star,0.9871242046356201,2,star,0.8213024735450745,2,star,0.9864875674247742,2,star,0.6893033385276794
2018,2,star,2,star,True,2,star,True,True,2,star,0.7586950063705444,2,star,0.8321641087532043,2,star,0.9502986073493958,2,star,0.7495263814926147,2,star,0.8700807094573975,2,star,0.782270610332489
2019,2,star,2,star,True,2,star,True,True,2,star,0.993044912815094,2,star,0.9036938548088074,2,star,0.6195954084396362,2,star,0.8860003352165222,1,quasar,0.8525172472000122,2,star,0.7076467871665955
2020,2,star,2,star,True,2,star,True,True,2,star,0.9862986207008362,2,star,0.8288515210151672,2,star,0.9273930788040161,2,star,0.6002938747406006,2,star,0.8384029269218445,2,star,0.635877788066864
2021,2,star,1,quasar,False,2,star,True,False,2,star,0.7986205220222473,2,star,0.48221996426582336,1,quasar,0.511779248714447,1,quasar,0.5533607602119446,1,quasar,0.7381101846694946,0,galaxy,0.40541601181030273
2022,2,star,2,star,True,2,star,True,True,1,quasar,0.5283401012420654,2,star,0.5764304399490356,1,quasar,0.5033115744590759,2,star,0.6474223732948303,2,star,0.8291516900062561,2,star,0.6926205158233643
2023,2,star,2,star,True,2,star,True,True,2,star,0.6864081621170044,2,star,0.5806108713150024,2,star,0.8162321448326111,2,star,0.5582656264305115,2,star,0.7283172607421875,2,star,0.43402448296546936
2024,2,star,2,star,True,2,star,True,True,2,star,0.7449312806129456,2,star,0.9481852054595947,2,star,0.9681553244590759,2,star,0.8693307638168335,2,star,0.9873619079589844,2,star,0.8646436333656311
2025,2,star,2,star,True,2,star,True,True,2,star,0.7900028824806213,2,star,0.9935106635093689,2,star,0.9787030816078186,2,star,0.48560333251953125,2,star,0.9906884431838989,2,star,0.6961449384689331
2026,2,star,2,star,True,2,star,True,True,2,star,0.710508406162262,2,star,0.8609984517097473,2,star,0.8605233430862427,2,star,0.664779007434845,1,quasar,0.8201168775558472,1,quasar,0.5266011357307434
2027,2,star,2,star,True,2,star,True,True,2,star,0.7044044137001038,2,star,0.522757351398468,2,star,0.8525882959365845,2,star,0.6241925358772278,1,quasar,0.6502830386161804,2,star,0.6727954745292664
2028,2,star,1,quasar,False,1,quasar,False,True,1,quasar,0.5171997547149658,2,star,0.5016323924064636,1,quasar,0.8522574305534363,1,quasar,0.6341685056686401,1,quasar,0.7991647720336914,2,star,0.43443191051483154
2029,2,star,2,star,True,2,star,True,True,2,star,0.9935910701751709,2,star,0.9866369366645813,2,star,0.994293212890625,2,star,0.8820698857307434,2,star,0.9950778484344482,2,star,0.8306766152381897
2030,2,star,2,star,True,2,star,True,True,2,star,0.998673677444458,2,star,0.9979952573776245,2,star,0.9902307391166687,2,star,0.926550567150116,2,star,0.993557870388031,2,star,0.6438427567481995
2031,2,star,0,galaxy,False,0,galaxy,False,True,2,star,0.4927971661090851,0,galaxy,0.42051735520362854,0,galaxy,0.8614821434020996,0,galaxy,0.662531852722168,0,galaxy,0.7824957966804504,0,galaxy,0.5907357931137085
2032,2,star,2,star,True,2,star,True,True,2,star,0.9490652084350586,2,star,0.5674895644187927,2,star,0.8387945294380188,2,star,0.5807491540908813,2,star,0.5778622627258301,2,star,0.5000207424163818
2033,2,star,1,quasar,False,1,quasar,False,True,1,quasar,0.6879267692565918,1,quasar,0.667855978012085,1,quasar,0.8402854204177856,1,quasar,0.6794204711914062,1,quasar,0.7145923376083374,2,star,0.5806632041931152
2034,2,star,2,star,True,2,star,True,True,2,star,0.8451134562492371,2,star,0.7650858759880066,2,star,0.94014573097229,2,star,0.5520085096359253,2,star,0.9729571342468262,2,star,0.5152193903923035
2035,2,star,2,star,True,2,star,True,True,2,star,0.9844878315925598,2,star,0.9483708143234253,2,star,0.9866500496864319,2,star,0.8284648656845093,2,star,0.9915052056312561,2,star,0.7437664270401001
2036,2,star,1,quasar,False,1,quasar,False,True,1,quasar,0.9742917418479919,1,quasar,0.8189195394515991,2,star,0.6329041123390198,1,quasar,0.6566311717033386,1,quasar,0.6367250680923462,1,quasar,0.3912883996963501
2037,2,star,2,star,True,2,star,True,True,2,star,0.5907721519470215,0,galaxy,0.44395172595977783,2,star,0.4660705327987671,2,star,0.9231932163238525,1,quasar,0.6330084800720215,0,galaxy,0.9822373986244202
2038,2,star,1,quasar,False,2,star,True,False,2,star,0.9385750889778137,2,star,0.5270513296127319,1,quasar,0.5735684037208557,1,quasar,0.6328927278518677,1,quasar,0.7344040274620056,0,galaxy,0.6457146406173706
2039,2,star,2,star,True,2,star,True,True,2,star,0.9443127512931824,2,star,0.9452494978904724,2,star,0.977955162525177,2,star,0.6653286814689636,2,star,0.9304724335670471,2,star,0.571975827217102
2040,2,star,2,star,True,2,star,True,True,2,star,0.9731046557426453,2,star,0.9509134888648987,2,star,0.8031711578369141,2,star,0.7642205953598022,2,star,0.8657093048095703,2,star,0.6894930005073547
2041,2,star,1,quasar,False,1,quasar,False,True,2,star,0.7679316401481628,1,quasar,0.4952838122844696,1,quasar,0.8602368235588074,1,quasar,0.6439222693443298,1,quasar,0.8443076014518738,0,galaxy,0.3939049243927002
2042,2,star,2,star,True,2,star,True,True,2,star,0.9946538209915161,2,star,0.8564435243606567,2,star,0.9559258818626404,2,star,0.7912682890892029,2,star,0.8713497519493103,2,star,0.5352561473846436
2043,2,star,2,star,True,2,star,True,True,1,quasar,0.7527583241462708,2,star,0.6258664131164551,2,star,0.7304184436798096,1,quasar,0.6591094136238098,2,star,0.738997757434845,2,star,0.4266586899757385
2044,2,star,2,star,True,2,star,True,True,2,star,0.9359262585639954,2,star,0.975257396697998,2,star,0.9754348397254944,2,star,0.8575178980827332,2,star,0.9925544857978821,2,star,0.6836503148078918
2045,2,star,2,star,True,2,star,True,True,2,star,0.7513514161109924,2,star,0.8963363766670227,2,star,0.809266984462738,2,star,0.8220245838165283,2,star,0.9473839998245239,2,star,0.6344195604324341
2046,2,star,1,quasar,False,1,quasar,False,True,2,star,0.8218271732330322,1,quasar,0.5487052202224731,1,quasar,0.7372409105300903,1,quasar,0.5852242708206177,1,quasar,0.7657058835029602,2,star,0.6516398787498474
2047,2,star,2,star,True,2,star,True,True,2,star,0.9619473218917847,2,star,0.964343249797821,2,star,0.9859354496002197,2,star,0.9897103905677795,2,star,0.9904863238334656,2,star,0.7955296039581299
2048,2,star,1,quasar,False,1,quasar,False,True,2,star,0.6440961956977844,2,star,0.5220268964767456,1,quasar,0.6944059729576111,1,quasar,0.5836725234985352,1,quasar,0.6094038486480713,2,star,0.5407986640930176
2049,2,star,2,star,True,2,star,True,True,2,star,0.9281336069107056,2,star,0.9973853230476379,2,star,0.9965961575508118,2,star,0.8390953540802002,2,star,0.9736377596855164,2,star,0.9967800974845886
2050,2,star,2,star,True,2,star,True,True,2,star,0.9951188564300537,2,star,0.8245813846588135,2,star,0.9525604248046875,2,star,0.7271341681480408,2,star,0.9746469855308533,2,star,0.7626809477806091
2051,2,star,2,star,True,2,star,True,True,2,star,0.8748314380645752,2,star,0.6822944283485413,2,star,0.8472723364830017,2,star,0.7889877557754517,2,star,0.630342423915863,2,star,0.7256093621253967
2052,2,star,2,star,True,2,star,True,True,1,quasar,0.5451589822769165,2,star,0.7427918314933777,2,star,0.8355895280838013,2,star,0.64132159948349,2,star,0.8686282634735107,2,star,0.5828011631965637
2053,2,star,2,star,True,2,star,True,True,2,star,0.8789287805557251,1,quasar,0.6396481990814209,2,star,0.6533788442611694,2,star,0.7373209595680237,1,quasar,0.6666640043258667,2,star,0.7274393439292908
2054,2,star,2,star,True,2,star,True,True,2,star,0.9840271472930908,2,star,0.9974464178085327,2,star,0.9734697937965393,2,star,0.8806742429733276,2,star,0.993402898311615,2,star,0.7463895082473755
2055,2,star,2,star,True,2,star,True,True,2,star,0.8455889225006104,2,star,0.5500980019569397,1,quasar,0.581337034702301,1,quasar,0.6196918487548828,2,star,0.5007502436637878,2,star,0.507211446762085
2056,2,star,2,star,True,2,star,True,True,2,star,0.9296356439590454,2,star,0.9898234009742737,2,star,0.9528939127922058,2,star,0.7479271292686462,2,star,0.98011314868927,2,star,0.634185254573822
2057,2,star,2,star,True,2,star,True,True,2,star,0.8691034913063049,2,star,0.894842803478241,2,star,0.9855217337608337,2,star,0.895613431930542,2,star,0.9695066809654236,0,galaxy,0.767988383769989
2058,2,star,2,star,True,2,star,True,True,2,star,0.8339805006980896,2,star,0.8083284497261047,2,star,0.8202418684959412,2,star,0.7030459642410278,2,star,0.9722505807876587,2,star,0.6540600061416626
2059,2,star,1,quasar,False,2,star,True,False,2,star,0.778348982334137,2,star,0.7424732446670532,1,quasar,0.6918927431106567,1,quasar,0.6214984059333801,1,quasar,0.8282886147499084,2,star,0.49186521768569946
2060,2,star,2,star,True,2,star,True,True,2,star,0.882821261882782,2,star,0.5541566014289856,1,quasar,0.5846735239028931,2,star,0.631714940071106,2,star,0.7882038354873657,2,star,0.39593225717544556
2061,2,star,2,star,True,2,star,True,True,0,galaxy,0.5675444006919861,2,star,0.3564497232437134,2,star,0.4792086184024811,0,galaxy,0.5651270151138306,2,star,0.7868435382843018,2,star,0.534706175327301
2062,2,star,2,star,True,2,star,True,True,2,star,0.8297452926635742,2,star,0.9532801508903503,2,star,0.9545067548751831,2,star,0.6340997219085693,2,star,0.8120314478874207,2,star,0.7663343548774719
2063,2,star,2,star,True,2,star,True,True,2,star,0.714411199092865,1,quasar,0.6313785314559937,2,star,0.6750580668449402,2,star,0.569325864315033,2,star,0.5289437770843506,2,star,0.4633834958076477
2064,2,star,2,star,True,2,star,True,True,2,star,0.8275038003921509,2,star,0.6893739104270935,2,star,0.9759165644645691,2,star,0.603049099445343,2,star,0.8917645812034607,2,star,0.606891930103302
2065,2,star,2,star,True,2,star,True,True,2,star,0.9303774833679199,1,quasar,0.4924696683883667,2,star,0.4954022765159607,2,star,0.6763697266578674,2,star,0.9506554007530212,2,star,0.41328468918800354
2066,2,star,1,quasar,False,1,quasar,False,True,2,star,0.7742305397987366,1,quasar,0.41997838020324707,1,quasar,0.6606996655464172,1,quasar,0.6171178817749023,1,quasar,0.6141254901885986,0,galaxy,0.4033889174461365
2067,2,star,2,star,True,2,star,True,True,2,star,0.9671398997306824,2,star,0.9713338613510132,2,star,0.9882199764251709,2,star,0.9428166151046753,2,star,0.9916427135467529,2,star,0.45657795667648315
2068,2,star,2,star,True,2,star,True,True,2,star,0.9915558099746704,2,star,0.9969155788421631,2,star,0.9881822466850281,2,star,0.8543331027030945,2,star,0.9908211827278137,2,star,0.7271479964256287
2069,2,star,2,star,True,2,star,True,True,2,star,0.860737144947052,2,star,0.5036095380783081,2,star,0.6143223643302917,2,star,0.5549639463424683,1,quasar,0.6111109256744385,2,star,0.39578860998153687
2070,2,star,2,star,True,2,star,True,True,2,star,0.8155279159545898,2,star,0.6601502299308777,1,quasar,0.8417892456054688,2,star,0.6756427884101868,1,quasar,0.7001344561576843,2,star,0.6178752183914185
2071,2,star,2,star,True,2,star,True,True,2,star,0.9506075978279114,1,quasar,0.574409008026123,2,star,0.6759148240089417,2,star,0.6570605635643005,2,star,0.8706789612770081,2,star,0.45507586002349854
2072,2,star,2,star,True,2,star,True,True,2,star,0.879003643989563,2,star,0.9495412111282349,2,star,0.9913762211799622,2,star,0.9708379507064819,2,star,0.972184956073761,2,star,0.6970323920249939
2073,2,star,2,star,True,2,star,True,True,2,star,0.9873785376548767,2,star,0.9908378720283508,2,star,0.9875778555870056,2,star,0.8144427537918091,2,star,0.995101273059845,2,star,0.5708869099617004
2074,2,star,2,star,True,2,star,True,True,2,star,0.9907379746437073,2,star,0.995835542678833,2,star,0.9936596751213074,2,star,0.9271120429039001,2,star,0.9903771281242371,2,star,0.6199638843536377
2075,2,star,2,star,True,2,star,True,True,2,star,0.7138487100601196,2,star,0.9194144606590271,2,star,0.9643446803092957,2,star,0.7250614762306213,2,star,0.9408383369445801,2,star,0.6589391827583313
2076,2,star,2,star,True,2,star,True,True,2,star,0.960853099822998,2,star,0.9873636364936829,2,star,0.8543789982795715,2,star,0.7645231485366821,2,star,0.9127747416496277,2,star,0.6758732795715332
2077,2,star,2,star,True,2,star,True,True,2,star,0.9935898780822754,2,star,0.9915071129798889,2,star,0.9541563987731934,2,star,0.9148247241973877,2,star,0.9578205943107605,2,star,0.6377018690109253
2078,2,star,2,star,True,2,star,True,True,2,star,0.989764928817749,2,star,0.9928608536720276,2,star,0.9898322820663452,2,star,0.8099921941757202,2,star,0.9960761666297913,2,star,0.748401403427124
2079,2,star,2,star,True,2,star,True,True,2,star,0.8169856071472168,2,star,0.5727866888046265,2,star,0.9549723267555237,2,star,0.6810184717178345,2,star,0.9206032752990723,1,quasar,0.49283960461616516
2080,2,star,2,star,True,2,star,True,True,2,star,0.7226470112800598,1,quasar,0.3761267066001892,2,star,0.9916915893554688,0,galaxy,0.6684548258781433,2,star,0.9779685139656067,0,galaxy,0.43305152654647827
2081,2,star,1,quasar,False,2,star,True,False,2,star,0.8498755097389221,2,star,0.6418124437332153,1,quasar,0.7150721549987793,1,quasar,0.6326979398727417,1,quasar,0.7239540815353394,2,star,0.5313003659248352
2082,2,star,2,star,True,2,star,True,True,2,star,0.9627675414085388,2,star,0.6169100403785706,1,quasar,0.6851410269737244,2,star,0.555994987487793,2,star,0.6253010630607605,2,star,0.6466249227523804
2083,2,star,2,star,True,2,star,True,True,2,star,0.9895638823509216,2,star,0.9292329549789429,2,star,0.9800988435745239,2,star,0.9232033491134644,2,star,0.9788493514060974,2,star,0.619040310382843
2084,2,star,0,galaxy,False,0,galaxy,False,True,0,galaxy,0.9971574544906616,0,galaxy,0.9654781222343445,0,galaxy,0.8152094483375549,0,galaxy,0.9479362368583679,0,galaxy,0.9660190343856812,0,galaxy,0.799751341342926
2085,2,star,2,star,True,2,star,True,True,2,star,0.7888461947441101,2,star,0.9663962125778198,2,star,0.9757047295570374,2,star,0.8548538088798523,2,star,0.9759936928749084,2,star,0.5443248748779297
2086,2,star,2,star,True,2,star,True,True,2,star,0.9542234539985657,2,star,0.9851813316345215,2,star,0.9811850190162659,2,star,0.9137933850288391,2,star,0.9329376816749573,2,star,0.9062696099281311
2087,2,star,2,star,True,2,star,True,True,2,star,0.8972571492195129,2,star,0.6615431904792786,2,star,0.774570107460022,2,star,0.5994226336479187,1,quasar,0.5225685238838196,2,star,0.5465467572212219
2088,2,star,2,star,True,2,star,True,True,2,star,0.9378043413162231,1,quasar,0.5276585221290588,2,star,0.9626657962799072,2,star,0.7011234760284424,2,star,0.9940939545631409,1,quasar,0.6361031532287598
2089,2,star,2,star,True,2,star,True,True,2,star,0.9817667603492737,2,star,0.8968080282211304,2,star,0.7496532201766968,2,star,0.8867354989051819,2,star,0.9190369248390198,0,galaxy,0.42496559023857117
2090,2,star,2,star,True,2,star,True,True,2,star,0.9952699542045593,2,star,0.9918510317802429,2,star,0.9445696473121643,2,star,0.8162744641304016,2,star,0.9866922497749329,1,quasar,0.5726603865623474
2091,2,star,2,star,True,2,star,True,True,2,star,0.9849119186401367,2,star,0.7674434185028076,2,star,0.9501624703407288,2,star,0.6998711824417114,2,star,0.9927640557289124,2,star,0.5790786147117615
2092,2,star,1,quasar,False,2,star,True,False,2,star,0.8983604907989502,2,star,0.5493989586830139,1,quasar,0.5156601071357727,1,quasar,0.5910630822181702,1,quasar,0.6436520218849182,1,quasar,0.48572900891304016
2093,2,star,2,star,True,2,star,True,True,2,star,0.9494025707244873,2,star,0.5434340238571167,2,star,0.7043336629867554,2,star,0.6212745308876038,2,star,0.49956539273262024,2,star,0.6600433588027954
2094,2,star,2,star,True,2,star,True,True,2,star,0.8150541186332703,1,quasar,0.6840453147888184,2,star,0.8387145400047302,2,star,0.6216227412223816,1,quasar,0.7228561043739319,2,star,0.5586063265800476
2095,2,star,1,quasar,False,1,quasar,False,True,1,quasar,0.8767837285995483,1,quasar,0.744032621383667,1,quasar,0.6976835131645203,1,quasar,0.6539790034294128,1,quasar,0.7460411787033081,2,star,0.5741536021232605
2096,2,star,2,star,True,2,star,True,True,2,star,0.5141909718513489,2,star,0.4449988305568695,2,star,0.8634302020072937,2,star,0.6271457076072693,2,star,0.7323672771453857,2,star,0.44940176606178284
2097,2,star,2,star,True,2,star,True,True,2,star,0.979566752910614,2,star,0.6804738640785217,2,star,0.9596509337425232,2,star,0.7114384174346924,2,star,0.966708242893219,2,star,0.8038802742958069
2098,2,star,2,star,True,2,star,True,True,2,star,0.9394657611846924,2,star,0.9978821873664856,2,star,0.9899132251739502,2,star,0.8532297611236572,2,star,0.9856041669845581,2,star,0.7357745170593262
2099,2,star,1,quasar,False,2,star,True,False,2,star,0.675043523311615,1,quasar,0.6834787130355835,2,star,0.7027850151062012,1,quasar,0.5159440040588379,1,quasar,0.7476679086685181,2,star,0.45977234840393066
2100,2,star,2,star,True,2,star,True,True,2,star,0.7684891223907471,2,star,0.5217832326889038,1,quasar,0.6317391991615295,1,quasar,0.6289036870002747,2,star,0.529057502746582,2,star,0.5277915596961975
2101,2,star,1,quasar,False,2,star,True,False,2,star,0.8274231553077698,2,star,0.6340705156326294,1,quasar,0.6687092185020447,1,quasar,0.6300753951072693,1,quasar,0.5613658428192139,2,star,0.7441215515136719
2102,2,star,2,star,True,2,star,True,True,2,star,0.9296417832374573,2,star,0.5444380044937134,2,star,0.8174182176589966,2,star,0.6910203099250793,2,star,0.9540500640869141,2,star,0.5912467241287231
2103,2,star,2,star,True,2,star,True,True,2,star,0.9627870917320251,2,star,0.9916663765907288,2,star,0.9899396300315857,2,star,0.9254396557807922,2,star,0.9824601411819458,2,star,0.7764054536819458
2104,2,star,1,quasar,False,1,quasar,False,True,2,star,0.6071637272834778,2,star,0.5819100737571716,1,quasar,0.8098435401916504,1,quasar,0.650037944316864,1,quasar,0.7714580297470093,1,quasar,0.44711077213287354
2105,2,star,2,star,True,2,star,True,True,2,star,0.7659649848937988,2,star,0.560154378414154,2,star,0.8289861679077148,2,star,0.6637791991233826,1,quasar,0.6660716533660889,2,star,0.6791603565216064
2106,2,star,2,star,True,2,star,True,True,2,star,0.9724107384681702,2,star,0.9842919111251831,2,star,0.9790391325950623,2,star,0.8858370184898376,2,star,0.9828271865844727,2,star,0.7835461497306824
2107,2,star,2,star,True,2,star,True,True,2,star,0.9638170599937439,2,star,0.8362545967102051,2,star,0.9737007021903992,2,star,0.9446645379066467,2,star,0.9879342317581177,2,star,0.5882218480110168
2108,2,star,1,quasar,False,1,quasar,False,True,1,quasar,0.6334855556488037,1,quasar,0.7654806971549988,1,quasar,0.44288370013237,1,quasar,0.6178808808326721,1,quasar,0.6793166995048523,1,quasar,0.4666218161582947
2109,2,star,1,quasar,False,1,quasar,False,True,2,star,0.5282296538352966,2,star,0.7170369625091553,1,quasar,0.8344168066978455,1,quasar,0.5566713809967041,1,quasar,0.6950392723083496,2,star,0.44794008135795593
2110,2,star,2,star,True,2,star,True,True,2,star,0.9928695559501648,2,star,0.9660087823867798,2,star,0.9902744293212891,2,star,0.7896360158920288,2,star,0.9779096841812134,2,star,0.7016817331314087
2111,2,star,2,star,True,2,star,True,True,2,star,0.9578423500061035,2,star,0.994279146194458,2,star,0.9913386106491089,2,star,0.946295976638794,2,star,0.9888314008712769,2,star,0.8657583594322205
2112,2,star,2,star,True,2,star,True,True,2,star,0.9530404806137085,2,star,0.98903489112854,2,star,0.9912261366844177,2,star,0.9254348874092102,2,star,0.9768980741500854,2,star,0.7927191257476807
2113,2,star,2,star,True,2,star,True,True,2,star,0.880832850933075,2,star,0.7540619969367981,2,star,0.7927915453910828,2,star,0.7570856213569641,2,star,0.7091765999794006,2,star,0.7332098484039307
2114,2,star,2,star,True,2,star,True,True,2,star,0.9652276039123535,2,star,0.940102219581604,2,star,0.9579335451126099,2,star,0.8071352243423462,2,star,0.8428295254707336,0,galaxy,0.5679979920387268
2115,2,star,2,star,True,2,star,True,True,1,quasar,0.5751925110816956,2,star,0.7162624001502991,2,star,0.7249074578285217,2,star,0.6092946529388428,2,star,0.541843056678772,2,star,0.6078172326087952
2116,2,star,2,star,True,2,star,True,True,2,star,0.9455534815788269,2,star,0.969795823097229,2,star,0.9527692198753357,2,star,0.8565350770950317,2,star,0.7626822590827942,2,star,0.673858106136322
2117,2,star,2,star,True,2,star,True,True,2,star,0.5732141137123108,2,star,0.6084313988685608,2,star,0.8908681869506836,2,star,0.7929038405418396,2,star,0.8574744462966919,2,star,0.44616326689720154
2118,2,star,2,star,True,2,star,True,True,2,star,0.8242450952529907,2,star,0.8174190521240234,2,star,0.8389307856559753,2,star,0.48339685797691345,2,star,0.7745660543441772,0,galaxy,0.4248937666416168
2119,2,star,2,star,True,2,star,True,True,2,star,0.6539972424507141,1,quasar,0.6131541728973389,2,star,0.7969135642051697,2,star,0.5359793901443481,2,star,0.9116979837417603,2,star,0.7456687092781067
2120,2,star,2,star,True,2,star,True,True,2,star,0.9596900939941406,2,star,0.5570854544639587,2,star,0.9491044878959656,1,quasar,0.4914417564868927,2,star,0.7410169243812561,2,star,0.6558825373649597
2121,2,star,2,star,True,2,star,True,True,0,galaxy,0.7026150226593018,2,star,0.8098354935646057,2,star,0.9690166711807251,2,star,0.5497188568115234,2,star,0.9874182939529419,1,quasar,0.4286405146121979
2122,2,star,2,star,True,2,star,True,True,2,star,0.8604745268821716,2,star,0.8657807111740112,2,star,0.8813859224319458,2,star,0.6782655119895935,2,star,0.8926541209220886,2,star,0.6863577961921692
2123,2,star,2,star,True,2,star,True,True,2,star,0.7531211376190186,2,star,0.8123958706855774,2,star,0.9433523416519165,2,star,0.7940768599510193,2,star,0.9363461136817932,2,star,0.5705234408378601
2124,2,star,2,star,True,2,star,True,True,2,star,0.5946133732795715,2,star,0.9862841367721558,2,star,0.9908846020698547,2,star,0.6393176913261414,2,star,0.9902331829071045,0,galaxy,0.9983795881271362
2125,2,star,2,star,True,2,star,True,True,2,star,0.9803106188774109,2,star,0.9718042016029358,2,star,0.969289243221283,2,star,0.815053403377533,2,star,0.977910578250885,2,star,0.7336911559104919
2126,2,star,2,star,True,2,star,True,True,2,star,0.9374350905418396,2,star,0.7838350534439087,2,star,0.8769745230674744,2,star,0.6556761860847473,2,star,0.5000514388084412,2,star,0.628127932548523
2127,2,star,2,star,True,2,star,True,True,1,quasar,0.4355195462703705,2,star,0.9424504041671753,2,star,0.3538287878036499,2,star,0.8335158228874207,0,galaxy,0.42092034220695496,2,star,0.5684208273887634
2128,2,star,1,quasar,False,1,quasar,False,True,1,quasar,0.7698675990104675,2,star,0.5373683571815491,1,quasar,0.8106532096862793,2,star,0.5862904191017151,1,quasar,0.6829916834831238,2,star,0.3563222885131836
2129,2,star,1,quasar,False,2,star,True,False,1,quasar,0.5525861978530884,0,galaxy,0.386526495218277,2,star,0.9024145007133484,2,star,0.6081545948982239,1,quasar,0.5134051442146301,1,quasar,0.4367119073867798
2130,2,star,2,star,True,2,star,True,True,2,star,0.9520086646080017,2,star,0.9406524896621704,2,star,0.8931002020835876,2,star,0.7119625806808472,2,star,0.8430614471435547,2,star,0.9201259613037109
2131,2,star,2,star,True,2,star,True,True,2,star,0.9088241457939148,2,star,0.5543283224105835,2,star,0.919273316860199,2,star,0.689045250415802,2,star,0.9220491051673889,1,quasar,0.4716232419013977
2132,2,star,2,star,True,2,star,True,True,2,star,0.44695037603378296,1,quasar,0.34901419281959534,2,star,0.912930428981781,2,star,0.8830486536026001,2,star,0.6600170135498047,2,star,0.5739644169807434
2133,2,star,2,star,True,2,star,True,True,2,star,0.6141427755355835,2,star,0.9832906723022461,2,star,0.9846744537353516,2,star,0.7305934429168701,2,star,0.9135894775390625,2,star,0.6094617247581482
2134,2,star,2,star,True,2,star,True,True,2,star,0.9424678087234497,2,star,0.994335949420929,2,star,0.9827933311462402,2,star,0.9203292727470398,2,star,0.988899290561676,2,star,0.6342969536781311
2135,2,star,2,star,True,2,star,True,True,2,star,0.9869641661643982,2,star,0.9955702424049377,2,star,0.9902442097663879,2,star,0.9797837734222412,2,star,0.9912687540054321,2,star,0.683362603187561
2136,2,star,2,star,True,2,star,True,True,2,star,0.9671104550361633,2,star,0.996049702167511,2,star,0.9880869388580322,2,star,0.8680752515792847,2,star,0.9957048296928406,2,star,0.8390382528305054
2137,2,star,2,star,True,2,star,True,True,2,star,0.9056298136711121,1,quasar,0.4841820001602173,2,star,0.753318190574646,2,star,0.7005470395088196,2,star,0.6008676886558533,2,star,0.5534565448760986
2138,2,star,2,star,True,2,star,True,True,2,star,0.8223769068717957,2,star,0.968877911567688,2,star,0.9755433797836304,2,star,0.8883296847343445,2,star,0.980543315410614,2,star,0.6548106670379639
2139,2,star,2,star,True,2,star,True,True,2,star,0.9974736571311951,2,star,0.9994593262672424,2,star,0.9730799794197083,2,star,0.8217435479164124,2,star,0.9879270195960999,2,star,0.8362175226211548
2140,2,star,2,star,True,2,star,True,True,1,quasar,0.4687005877494812,2,star,0.5068902969360352,2,star,0.7863830924034119,2,star,0.6984933614730835,2,star,0.6420764327049255,2,star,0.6826625466346741
2141,2,star,2,star,True,2,star,True,True,2,star,0.9867331385612488,2,star,0.7929994463920593,2,star,0.8277438879013062,2,star,0.5870949029922485,2,star,0.5264369249343872,2,star,0.7617037892341614
2142,2,star,2,star,True,2,star,True,True,2,star,0.9840030074119568,2,star,0.9979440569877625,2,star,0.9924639463424683,2,star,0.9644160866737366,2,star,0.9912859797477722,2,star,0.42897212505340576
2143,2,star,2,star,True,2,star,True,True,2,star,0.9342947006225586,2,star,0.9975466132164001,2,star,0.9875115156173706,2,star,0.9088777303695679,2,star,0.9897946715354919,2,star,0.7765544056892395
2144,2,star,2,star,True,2,star,True,True,2,star,0.8795473575592041,2,star,0.9875419735908508,2,star,0.991557240486145,2,star,0.9817989468574524,2,star,0.9950267672538757,2,star,0.4708520472049713
2145,2,star,1,quasar,False,2,star,True,False,2,star,0.7013925909996033,2,star,0.5056631565093994,1,quasar,0.551822304725647,1,quasar,0.5901973843574524,1,quasar,0.4984959363937378,2,star,0.5618714690208435
2146,2,star,2,star,True,2,star,True,True,2,star,0.9715304970741272,2,star,0.9680155515670776,2,star,0.9672898054122925,2,star,0.8206247687339783,2,star,0.7624579668045044,2,star,0.7965154647827148
2147,2,star,2,star,True,2,star,True,True,2,star,0.9541811347007751,2,star,0.9962694644927979,2,star,0.9919432401657104,2,star,0.8921558856964111,2,star,0.9949485063552856,2,star,0.5458782315254211
2148,2,star,2,star,True,2,star,True,True,2,star,0.6507317423820496,2,star,0.9269635677337646,2,star,0.6040539145469666,2,star,0.7929765582084656,2,star,0.6329198479652405,1,quasar,0.5376347899436951
2149,2,star,2,star,True,2,star,True,True,2,star,0.917717695236206,2,star,0.9352236390113831,2,star,0.9409319758415222,2,star,0.9727275967597961,2,star,0.9910789132118225,1,quasar,0.38119402527809143
2150,2,star,2,star,True,2,star,True,True,2,star,0.9833952188491821,2,star,0.9925407767295837,2,star,0.9261479377746582,2,star,0.8266707062721252,2,star,0.984684944152832,2,star,0.7641189098358154
2151,2,star,2,star,True,2,star,True,True,2,star,0.9920217990875244,2,star,0.984631359577179,2,star,0.9897408485412598,2,star,0.8589556217193604,2,star,0.994981586933136,2,star,0.7273831963539124
2152,2,star,2,star,True,2,star,True,True,2,star,0.9708459377288818,2,star,0.9899250268936157,2,star,0.9909694790840149,2,star,0.8686895966529846,2,star,0.9933003187179565,2,star,0.62550950050354
2153,2,star,2,star,True,2,star,True,True,2,star,0.984298825263977,2,star,0.9687318801879883,2,star,0.9839237332344055,2,star,0.8300619721412659,2,star,0.9918745160102844,2,star,0.7671855092048645
2154,2,star,2,star,True,2,star,True,True,2,star,0.7784547805786133,2,star,0.9342391490936279,2,star,0.9014151096343994,2,star,0.7025392055511475,2,star,0.9869207143783569,2,star,0.7493852376937866
2155,2,star,2,star,True,2,star,True,True,2,star,0.8220804929733276,2,star,0.877056360244751,2,star,0.9231473803520203,2,star,0.6569427251815796,2,star,0.7660017013549805,2,star,0.7237333655357361
2156,2,star,2,star,True,2,star,True,True,2,star,0.8736127614974976,2,star,0.8688105940818787,2,star,0.9627535939216614,2,star,0.6683027744293213,2,star,0.7948222160339355,2,star,0.6371920108795166
2157,2,star,2,star,True,2,star,True,True,2,star,0.9874479174613953,2,star,0.9994794726371765,2,star,0.9908299446105957,2,star,0.9365015029907227,2,star,0.9961994290351868,2,star,0.6544369459152222
2158,2,star,0,galaxy,False,0,galaxy,False,True,0,galaxy,0.9988094568252563,0,galaxy,0.9979183077812195,0,galaxy,0.8423181772232056,0,galaxy,0.9727693200111389,2,star,0.8841545581817627,0,galaxy,0.5953405499458313
2159,2,star,2,star,True,2,star,True,True,2,star,0.6651052236557007,2,star,0.9981671571731567,2,star,0.9875247478485107,2,star,0.9675472974777222,2,star,0.9938310384750366,2,star,0.6106057167053223
2160,2,star,1,quasar,False,2,star,True,False,1,quasar,0.5506336092948914,2,star,0.7252615094184875,1,quasar,0.6534430384635925,2,star,0.665328323841095,1,quasar,0.6674185991287231,2,star,0.6509236097335815
2161,2,star,2,star,True,2,star,True,True,2,star,0.9567131400108337,2,star,0.9016303420066833,1,quasar,0.5560550093650818,2,star,0.5364592671394348,2,star,0.9377884864807129,2,star,0.9186674356460571
2162,2,star,2,star,True,2,star,True,True,0,galaxy,0.7092052102088928,2,star,0.9680758714675903,2,star,0.9629707932472229,2,star,0.604272186756134,2,star,0.9313274621963501,2,star,0.41278496384620667
2163,2,star,2,star,True,2,star,True,True,2,star,0.9900239109992981,2,star,0.9984897375106812,2,star,0.9926359057426453,2,star,0.9789217114448547,2,star,0.9968523383140564,2,star,0.7330663800239563
2164,2,star,2,star,True,2,star,True,True,2,star,0.9437304735183716,2,star,0.9713864922523499,2,star,0.9886745810508728,0,galaxy,0.5344890356063843,2,star,0.9899877905845642,2,star,0.38483256101608276
2165,2,star,2,star,True,2,star,True,True,2,star,0.9314634203910828,2,star,0.7148723006248474,2,star,0.9775307774543762,2,star,0.6255868673324585,2,star,0.9789327383041382,1,quasar,0.5016017556190491
2166,2,star,1,quasar,False,1,quasar,False,True,2,star,0.5049042105674744,1,quasar,0.6860955357551575,1,quasar,0.6238969564437866,2,star,0.5314810872077942,1,quasar,0.7572416663169861,1,quasar,0.5397331118583679
2167,2,star,1,quasar,False,1,quasar,False,True,2,star,0.4828847348690033,1,quasar,0.6940781474113464,1,quasar,0.7457076907157898,2,star,0.5798495411872864,1,quasar,0.7592129111289978,2,star,0.6490333676338196
2168,2,star,2,star,True,2,star,True,True,2,star,0.9918580651283264,2,star,0.9599422812461853,2,star,0.984214186668396,2,star,0.9200900197029114,2,star,0.9841728210449219,2,star,0.8745492100715637
2169,2,star,2,star,True,2,star,True,True,2,star,0.9115728735923767,2,star,0.8741967082023621,2,star,0.892551600933075,2,star,0.8989884853363037,2,star,0.9487467408180237,2,star,0.6242604851722717
2170,2,star,1,quasar,False,1,quasar,False,True,2,star,0.7329016923904419,1,quasar,0.557227373123169,1,quasar,0.7111818790435791,2,star,0.5443779826164246,1,quasar,0.9141382575035095,2,star,0.5334612131118774
2171,2,star,2,star,True,2,star,True,True,2,star,0.962993323802948,2,star,0.8507885336875916,2,star,0.9215231537818909,2,star,0.7655137777328491,2,star,0.9861103296279907,2,star,0.8391279578208923
2172,2,star,2,star,True,2,star,True,True,2,star,0.9127641916275024,2,star,0.8528038859367371,2,star,0.9643062353134155,2,star,0.7196291089057922,2,star,0.9922601580619812,2,star,0.5753459334373474
2173,2,star,2,star,True,2,star,True,True,2,star,0.9941051006317139,2,star,0.9900612831115723,2,star,0.9900728464126587,2,star,0.9287757873535156,2,star,0.9408537745475769,2,star,0.6032617688179016
2174,2,star,2,star,True,2,star,True,True,2,star,0.9702975153923035,2,star,0.9853964447975159,2,star,0.9855208992958069,2,star,0.7568889260292053,2,star,0.9963874816894531,2,star,0.6122927665710449
2175,2,star,1,quasar,False,1,quasar,False,True,1,quasar,0.9889999032020569,1,quasar,0.7482175827026367,1,quasar,0.8558581471443176,1,quasar,0.6367586851119995,1,quasar,0.93784099817276,2,star,0.3843899071216583
2176,2,star,2,star,True,2,star,True,True,2,star,0.9953233599662781,2,star,0.9347435235977173,2,star,0.9225637316703796,2,star,0.7951611280441284,2,star,0.9616486430168152,2,star,0.6510608196258545
2177,2,star,2,star,True,2,star,True,True,2,star,0.967228353023529,2,star,0.9607527256011963,2,star,0.7645324468612671,2,star,0.6515232920646667,2,star,0.9822478890419006,2,star,0.5402393341064453
2178,2,star,2,star,True,2,star,True,True,2,star,0.7785227298736572,2,star,0.6289318799972534,1,quasar,0.6179925799369812,1,quasar,0.5536539554595947,2,star,0.5347453355789185,2,star,0.5105302929878235
2179,2,star,2,star,True,2,star,True,True,2,star,0.69642174243927,2,star,0.9737604260444641,2,star,0.9812723398208618,2,star,0.960896372795105,2,star,0.9879578948020935,0,galaxy,0.4494074881076813
2180,2,star,1,quasar,False,2,star,True,False,2,star,0.975795328617096,1,quasar,0.6715896725654602,1,quasar,0.5420091152191162,1,quasar,0.6538086533546448,2,star,0.6770637035369873,2,star,0.44362714886665344
2181,2,star,2,star,True,2,star,True,True,2,star,0.688080906867981,2,star,0.7433510422706604,2,star,0.9263961315155029,2,star,0.49586936831474304,2,star,0.94663405418396,2,star,0.7356721758842468
2182,2,star,2,star,True,2,star,True,True,2,star,0.9525817036628723,2,star,0.7650421261787415,2,star,0.7006409168243408,2,star,0.7222693562507629,2,star,0.9038398265838623,2,star,0.7215225100517273
2183,2,star,2,star,True,2,star,True,True,2,star,0.7963793873786926,2,star,0.36424386501312256,2,star,0.5590165853500366,2,star,0.9519720077514648,2,star,0.9124906063079834,2,star,0.48871374130249023
2184,2,star,1,quasar,False,2,star,True,False,2,star,0.940575361251831,2,star,0.5313854217529297,1,quasar,0.647603452205658,1,quasar,0.6597703695297241,1,quasar,0.7080166935920715,2,star,0.7337896227836609
2185,2,star,2,star,True,2,star,True,True,2,star,0.9752771258354187,2,star,0.926315426826477,2,star,0.9774725437164307,2,star,0.7276672720909119,2,star,0.8022167682647705,2,star,0.8000330924987793
2186,2,star,2,star,True,2,star,True,True,2,star,0.9450427889823914,2,star,0.871696949005127,2,star,0.9711840152740479,2,star,0.7085006237030029,2,star,0.7034344673156738,2,star,0.623652458190918
2187,2,star,2,star,True,2,star,True,True,2,star,0.9939025640487671,2,star,0.9934635162353516,2,star,0.9945894479751587,2,star,0.8917310833930969,2,star,0.9945672750473022,2,star,0.7324227690696716
2188,2,star,2,star,True,2,star,True,True,2,star,0.8103350400924683,2,star,0.595871090888977,2,star,0.5598114132881165,2,star,0.4934538006782532,1,quasar,0.7844166159629822,2,star,0.5080872178077698
2189,2,star,2,star,True,2,star,True,True,2,star,0.9925047159194946,2,star,0.9923684000968933,2,star,0.9920364022254944,2,star,0.9815261363983154,2,star,0.9953483939170837,2,star,0.42227059602737427
2190,2,star,2,star,True,2,star,True,True,2,star,0.9990366697311401,2,star,0.9832599759101868,2,star,0.9808103442192078,2,star,0.8746558427810669,2,star,0.9910975694656372,2,star,0.6192301511764526
2191,2,star,2,star,True,2,star,True,True,2,star,0.8796717524528503,2,star,0.994636595249176,2,star,0.9879570603370667,2,star,0.9388667345046997,2,star,0.9956473708152771,2,star,0.6717508435249329
2192,2,star,2,star,True,2,star,True,True,2,star,0.8570911288261414,2,star,0.9963143467903137,2,star,0.9892467856407166,2,star,0.9084722995758057,2,star,0.995310366153717,2,star,0.7955197095870972
2193,2,star,2,star,True,2,star,True,True,2,star,0.9951261281967163,2,star,0.9929211735725403,2,star,0.9916553497314453,2,star,0.9726482629776001,2,star,0.982160210609436,2,star,0.6593316793441772
2194,2,star,2,star,True,2,star,True,True,2,star,0.9918897747993469,2,star,0.9992893934249878,2,star,0.9913354516029358,2,star,0.8783010840415955,2,star,0.9964652061462402,2,star,0.6440181136131287
2195,2,star,2,star,True,2,star,True,True,2,star,0.9930069446563721,2,star,0.9989451766014099,2,star,0.9928601384162903,2,star,0.8888204097747803,2,star,0.9924615025520325,2,star,0.8074643015861511
2196,2,star,2,star,True,2,star,True,True,2,star,0.9593677520751953,2,star,0.9901581406593323,2,star,0.9928311109542847,2,star,0.5176770091056824,2,star,0.9910003542900085,2,star,0.7562209963798523
2197,2,star,2,star,True,2,star,True,True,2,star,0.9867120981216431,2,star,0.9710078835487366,2,star,0.9797092080116272,2,star,0.8478764295578003,2,star,0.993687093257904,1,quasar,0.46486273407936096
2198,2,star,2,star,True,2,star,True,True,2,star,0.7744287848472595,2,star,0.9982845187187195,2,star,0.9842731952667236,2,star,0.9547682404518127,2,star,0.9932886958122253,0,galaxy,0.4377874433994293
2199,2,star,2,star,True,2,star,True,True,2,star,0.9931776523590088,2,star,0.96263188123703,2,star,0.9919288158416748,2,star,0.9603642821311951,2,star,0.9912818670272827,2,star,0.534684956073761
2200,2,star,2,star,True,2,star,True,True,2,star,0.9861063957214355,2,star,0.9993557333946228,2,star,0.9780381917953491,2,star,0.9723872542381287,2,star,0.9951766729354858,2,star,0.780315101146698
2201,2,star,2,star,True,2,star,True,True,2,star,0.8889617323875427,2,star,0.9662060737609863,2,star,0.9811320304870605,2,star,0.77647864818573,2,star,0.9682042598724365,2,star,0.8274620175361633
2202,2,star,2,star,True,2,star,True,True,2,star,0.9359177350997925,2,star,0.8565844893455505,2,star,0.9895337224006653,2,star,0.7424213290214539,2,star,0.9863068461418152,2,star,0.8975418210029602
2203,2,star,2,star,True,2,star,True,True,2,star,0.9231695532798767,2,star,0.8072653412818909,2,star,0.9269090890884399,2,star,0.7944027185440063,2,star,0.6526212096214294,2,star,0.6355425715446472
2204,2,star,1,quasar,False,1,quasar,False,True,1,quasar,0.6226508021354675,1,quasar,0.5507611632347107,1,quasar,0.8655939102172852,2,star,0.5433641076087952,1,quasar,0.5514150261878967,2,star,0.5140546560287476
2205,2,star,2,star,True,2,star,True,True,2,star,0.9623836874961853,2,star,0.9792107939720154,2,star,0.9913122057914734,2,star,0.9769067168235779,2,star,0.993674635887146,2,star,0.5136302709579468
2206,2,star,2,star,True,2,star,True,True,2,star,0.9566240906715393,2,star,0.9779560565948486,2,star,0.9952495098114014,2,star,0.6074663400650024,2,star,0.9831974506378174,2,star,0.5539178848266602
2207,2,star,2,star,True,2,star,True,True,2,star,0.9865381717681885,2,star,0.8854426145553589,2,star,0.9665244817733765,2,star,0.6310508251190186,2,star,0.9329742193222046,2,star,0.5446685552597046
2208,2,star,2,star,True,2,star,True,True,2,star,0.9921985268592834,2,star,0.9965603947639465,2,star,0.9905514717102051,2,star,0.9446184635162354,2,star,0.9941135048866272,2,star,0.6704763174057007
2209,2,star,2,star,True,2,star,True,True,2,star,0.9903063774108887,2,star,0.9855667352676392,2,star,0.9815019965171814,2,star,0.7449942231178284,2,star,0.9920365810394287,2,star,0.7268094420433044
2210,2,star,2,star,True,2,star,True,True,2,star,0.9896382093429565,2,star,0.9425275325775146,2,star,0.9847669005393982,2,star,0.781480073928833,2,star,0.9923021793365479,2,star,0.5685391426086426
2211,2,star,2,star,True,2,star,True,True,2,star,0.7300757765769958,2,star,0.6197179555892944,2,star,0.6164894700050354,2,star,0.706318736076355,2,star,0.6676839590072632,2,star,0.6774628758430481
2212,2,star,2,star,True,2,star,True,True,2,star,0.8999948501586914,2,star,0.9752876162528992,2,star,0.9814730286598206,2,star,0.7377960681915283,2,star,0.9942578077316284,2,star,0.7258397936820984
2213,2,star,2,star,True,2,star,True,True,2,star,0.8313220143318176,2,star,0.7225168347358704,2,star,0.9139053225517273,2,star,0.6639466285705566,2,star,0.988111138343811,2,star,0.6315932869911194
2214,2,star,1,quasar,False,2,star,True,False,1,quasar,0.748602032661438,2,star,0.6066244840621948,2,star,0.8228916525840759,2,star,0.5208376049995422,1,quasar,0.5112290382385254,1,quasar,0.46312013268470764
2215,2,star,2,star,True,2,star,True,True,2,star,0.9481284022331238,2,star,0.7756339311599731,2,star,0.9086089134216309,2,star,0.7118113040924072,2,star,0.7269030213356018,2,star,0.612675130367279
2216,2,star,1,quasar,False,1,quasar,False,True,1,quasar,0.5945462584495544,1,quasar,0.9002896547317505,1,quasar,0.8976321220397949,1,quasar,0.5936792492866516,1,quasar,0.9641948342323303,1,quasar,0.41220635175704956
2217,2,star,2,star,True,2,star,True,True,2,star,0.9551523327827454,2,star,0.9573829770088196,2,star,0.8675447106361389,2,star,0.7195529341697693,2,star,0.9923573732376099,2,star,0.5671595335006714
2218,2,star,2,star,True,2,star,True,True,2,star,0.9484917521476746,2,star,0.9779090881347656,2,star,0.9780554175376892,2,star,0.907052755355835,2,star,0.989476203918457,2,star,0.5388690233230591
2219,2,star,2,star,True,2,star,True,True,2,star,0.9517775774002075,2,star,0.5777735114097595,2,star,0.891880214214325,2,star,0.610702633857727,2,star,0.8840207457542419,2,star,0.7367041707038879
2220,2,star,2,star,True,2,star,True,True,2,star,0.9976763129234314,2,star,0.949738085269928,2,star,0.9802476167678833,2,star,0.9278154969215393,2,star,0.9556025862693787,2,star,0.4440794885158539
2221,2,star,2,star,True,2,star,True,True,2,star,0.936052143573761,2,star,0.9996721744537354,2,star,0.9865146279335022,2,star,0.9302970767021179,2,star,0.9968231916427612,2,star,0.7199774980545044
2222,2,star,2,star,True,2,star,True,True,2,star,0.9839786887168884,2,star,0.9947251677513123,2,star,0.9849687814712524,2,star,0.8925985097885132,2,star,0.9923627376556396,2,star,0.7243784666061401
2223,2,star,2,star,True,2,star,True,True,2,star,0.9803353548049927,2,star,0.7326050996780396,2,star,0.7852423787117004,2,star,0.619709849357605,2,star,0.6002486348152161,2,star,0.6415247917175293
2224,2,star,2,star,True,2,star,True,True,2,star,0.9926353096961975,2,star,0.992840051651001,2,star,0.9867333769798279,2,star,0.8754090666770935,2,star,0.9488121867179871,2,star,0.8096954226493835
2225,2,star,2,star,True,2,star,True,True,2,star,0.8730297088623047,2,star,0.7393906116485596,2,star,0.9273262619972229,2,star,0.8481500744819641,2,star,0.8239345550537109,1,quasar,0.5503035187721252
2226,2,star,2,star,True,2,star,True,True,2,star,0.9881365299224854,2,star,0.9816142916679382,2,star,0.9831143617630005,2,star,0.8676978945732117,2,star,0.9859076142311096,2,star,0.6116977334022522
2227,2,star,2,star,True,2,star,True,True,2,star,0.9929872155189514,2,star,0.9661568999290466,2,star,0.957586407661438,2,star,0.7877138257026672,2,star,0.9357878565788269,0,galaxy,0.41687723994255066
2228,2,star,2,star,True,2,star,True,True,2,star,0.966084897518158,2,star,0.9974673986434937,2,star,0.9933266639709473,2,star,0.9683666825294495,2,star,0.9902730584144592,2,star,0.43986785411834717
2229,2,star,2,star,True,2,star,True,True,2,star,0.990486204624176,2,star,0.9979056119918823,2,star,0.9924960136413574,2,star,0.9363248944282532,2,star,0.9947178959846497,2,star,0.5296722054481506
2230,2,star,2,star,True,2,star,True,True,2,star,0.9748616218566895,2,star,0.9346367716789246,2,star,0.9264089465141296,2,star,0.6857249736785889,2,star,0.9927800297737122,2,star,0.6956527829170227
2231,2,star,2,star,True,2,star,True,True,2,star,0.8455162048339844,2,star,0.7103537917137146,2,star,0.6185205578804016,1,quasar,0.5976940393447876,1,quasar,0.7721663117408752,2,star,0.431870698928833
2232,2,star,1,quasar,False,1,quasar,False,True,1,quasar,0.8744446635246277,1,quasar,0.607231855392456,1,quasar,0.7490817904472351,1,quasar,0.6177241802215576,1,quasar,0.7850486040115356,2,star,0.40013667941093445
2233,2,star,2,star,True,2,star,True,True,2,star,0.7871540188789368,2,star,0.8578701615333557,2,star,0.876906156539917,2,star,0.6306238174438477,2,star,0.960699737071991,2,star,0.6425867676734924
2234,2,star,1,quasar,False,1,quasar,False,True,2,star,0.8887401819229126,1,quasar,0.6147894859313965,1,quasar,0.7769186496734619,1,quasar,0.6484492421150208,1,quasar,0.6921459436416626,2,star,0.509769856929779
2235,2,star,2,star,True,2,star,True,True,2,star,0.9555273652076721,2,star,0.9573148488998413,2,star,0.9741352796554565,2,star,0.7149460911750793,2,star,0.9937134385108948,1,quasar,0.45925790071487427
2236,2,star,2,star,True,2,star,True,True,2,star,0.9874892830848694,2,star,0.9960395097732544,2,star,0.9931921362876892,2,star,0.9379964470863342,2,star,0.9970276951789856,2,star,0.7448011040687561
2237,2,star,2,star,True,2,star,True,True,2,star,0.9528717994689941,2,star,0.9906469583511353,2,star,0.9891336560249329,2,star,0.9653998017311096,2,star,0.9788516759872437,1,quasar,0.4629501700401306
2238,2,star,2,star,True,2,star,True,True,2,star,0.9743160605430603,2,star,0.6825687885284424,2,star,0.8841491341590881,2,star,0.9467564821243286,2,star,0.7909504771232605,1,quasar,0.4102689027786255
2239,2,star,2,star,True,2,star,True,True,2,star,0.9821935892105103,2,star,0.9922776222229004,2,star,0.986732542514801,2,star,0.8576565980911255,2,star,0.9925141930580139,2,star,0.6164844632148743
2240,2,star,2,star,True,2,star,True,True,2,star,0.808417558670044,2,star,0.6594342589378357,2,star,0.6519792675971985,2,star,0.611260712146759,1,quasar,0.5113472938537598,2,star,0.8026958703994751
2241,2,star,2,star,True,2,star,True,True,2,star,0.8107064962387085,2,star,0.6069056987762451,1,quasar,0.6517800092697144,2,star,0.6179376244544983,1,quasar,0.7106456756591797,2,star,0.5526896119117737
2242,2,star,1,quasar,False,1,quasar,False,True,2,star,0.7100867629051208,1,quasar,0.5506832003593445,1,quasar,0.7662531137466431,1,quasar,0.4995281994342804,1,quasar,0.6144179701805115,2,star,0.5697812438011169
2243,2,star,2,star,True,2,star,True,True,2,star,0.9568725824356079,2,star,0.9936343431472778,2,star,0.9892846941947937,2,star,0.8487865328788757,2,star,0.9915192723274231,2,star,0.7272739410400391
2244,2,star,2,star,True,2,star,True,True,2,star,0.7470077276229858,2,star,0.9257449507713318,2,star,0.9321947693824768,2,star,0.4778252840042114,2,star,0.6339234709739685,2,star,0.5316692590713501
2245,2,star,2,star,True,2,star,True,True,2,star,0.637253999710083,2,star,0.8474323153495789,2,star,0.9860911965370178,2,star,0.8289872407913208,2,star,0.9283088445663452,2,star,0.5189988613128662
2246,2,star,2,star,True,2,star,True,True,2,star,0.797920286655426,2,star,0.9040578603744507,2,star,0.9617313146591187,2,star,0.84369957447052,2,star,0.9830038547515869,0,galaxy,0.4346446096897125
2247,2,star,2,star,True,2,star,True,True,2,star,0.9455373883247375,2,star,0.5195773243904114,1,quasar,0.5982803106307983,1,quasar,0.6109157800674438,2,star,0.4939299523830414,2,star,0.4629332423210144
2248,2,star,2,star,True,2,star,True,True,2,star,0.8391860127449036,2,star,0.8113763332366943,2,star,0.6621721982955933,2,star,0.739530086517334,2,star,0.912140429019928,2,star,0.5564804673194885
2249,2,star,2,star,True,1,quasar,False,False,1,quasar,0.8442996740341187,2,star,0.39109721779823303,2,star,0.4628565311431885,2,star,0.4866449236869812,1,quasar,0.841162919998169,2,star,0.36880016326904297
2250,2,star,1,quasar,False,1,quasar,False,True,1,quasar,0.6030054688453674,1,quasar,0.8183915019035339,1,quasar,0.6903230547904968,1,quasar,0.5476173758506775,1,quasar,0.7287672162055969,2,star,0.39892318844795227
2251,2,star,2,star,True,2,star,True,True,2,star,0.9951545000076294,2,star,0.9974702596664429,2,star,0.9820980429649353,2,star,0.9022749662399292,2,star,0.988649845123291,2,star,0.8272074460983276
2252,2,star,2,star,True,2,star,True,True,2,star,0.599733829498291,2,star,0.4804680645465851,2,star,0.9368269443511963,2,star,0.6957127451896667,2,star,0.8687329888343811,2,star,0.5299884080886841
2253,2,star,2,star,True,2,star,True,True,2,star,0.9355797171592712,1,quasar,0.5464791059494019,2,star,0.5033934712409973,2,star,0.6787775158882141,1,quasar,0.6108876466751099,2,star,0.6133672595024109
2254,2,star,2,star,True,2,star,True,True,1,quasar,0.6304817795753479,2,star,0.6574777960777283,2,star,0.7650961875915527,2,star,0.6428956389427185,1,quasar,0.6683075428009033,2,star,0.5360494256019592
2255,2,star,1,quasar,False,1,quasar,False,True,2,star,0.6716616749763489,1,quasar,0.7457298636436462,1,quasar,0.6906054019927979,1,quasar,0.6730207204818726,1,quasar,0.7841674089431763,2,star,0.470748633146286
2256,2,star,1,quasar,False,1,quasar,False,True,2,star,0.7348328232765198,1,quasar,0.7493311762809753,1,quasar,0.6932512521743774,1,quasar,0.6218067407608032,1,quasar,0.7052940130233765,2,star,0.4582898020744324
2257,2,star,0,galaxy,False,0,galaxy,False,True,0,galaxy,0.6813070774078369,2,star,0.6128858327865601,2,star,0.7381291389465332,2,star,0.7120062708854675,0,galaxy,0.8382237553596497,0,galaxy,0.6170763969421387
2258,2,star,1,quasar,False,1,quasar,False,True,2,star,0.5790587663650513,1,quasar,0.5239347219467163,1,quasar,0.5399079322814941,1,quasar,0.51921546459198,1,quasar,0.6314496397972107,2,star,0.5690286159515381
2259,2,star,2,star,True,2,star,True,True,2,star,0.9906601309776306,2,star,0.9996020197868347,2,star,0.9928357005119324,2,star,0.7911585569381714,2,star,0.9946014881134033,2,star,0.7809866666793823
2260,2,star,1,quasar,False,1,quasar,False,True,1,quasar,0.5012396574020386,1,quasar,0.7144097089767456,1,quasar,0.8427649736404419,1,quasar,0.5780112743377686,1,quasar,0.7730173468589783,2,star,0.5117906332015991
2261,2,star,2,star,True,2,star,True,True,2,star,0.9919684529304504,2,star,0.9963437914848328,2,star,0.987591028213501,2,star,0.8620126247406006,2,star,0.9880102276802063,2,star,0.6950257420539856
2262,2,star,1,quasar,False,1,quasar,False,True,1,quasar,0.5827078223228455,1,quasar,0.5461679100990295,1,quasar,0.8856126666069031,2,star,0.5436840057373047,1,quasar,0.5049044489860535,2,star,0.6495159268379211
2263,2,star,2,star,True,2,star,True,True,2,star,0.9578248262405396,2,star,0.9593815803527832,2,star,0.9465973973274231,2,star,0.823375403881073,2,star,0.9841969609260559,2,star,0.6139609217643738
2264,2,star,0,galaxy,False,0,galaxy,False,True,0,galaxy,0.9976018071174622,0,galaxy,0.996209979057312,0,galaxy,0.9229931831359863,0,galaxy,0.8282343745231628,0,galaxy,0.7237375378608704,0,galaxy,0.6260231137275696
2265,2,star,2,star,True,2,star,True,True,2,star,0.5971685647964478,2,star,0.8430232405662537,2,star,0.8813619017601013,2,star,0.682051956653595,2,star,0.7511979937553406,2,star,0.6858707666397095
2266,2,star,2,star,True,2,star,True,True,2,star,0.9243907928466797,2,star,0.9498560428619385,2,star,0.9589717388153076,2,star,0.885742723941803,2,star,0.8137839436531067,2,star,0.5252266526222229
2267,2,star,2,star,True,2,star,True,True,2,star,0.6280402541160583,2,star,0.780970573425293,2,star,0.9344764351844788,2,star,0.7799677848815918,2,star,0.9650347232818604,2,star,0.6927095651626587
2268,2,star,2,star,True,2,star,True,True,2,star,0.5384508371353149,2,star,0.6500285267829895,2,star,0.9337652325630188,2,star,0.6247596144676208,2,star,0.7734938859939575,2,star,0.6017939448356628
2269,2,star,2,star,True,2,star,True,True,2,star,0.8863725066184998,2,star,0.9817726016044617,2,star,0.9867136478424072,2,star,0.8281228542327881,2,star,0.9952099919319153,2,star,0.6509522199630737
2270,2,star,2,star,True,2,star,True,True,2,star,0.8301970958709717,2,star,0.6369864344596863,1,quasar,0.6040962934494019,2,star,0.516448438167572,1,quasar,0.6184930801391602,0,galaxy,0.34824615716934204
2271,2,star,2,star,True,2,star,True,True,2,star,0.7248212099075317,2,star,0.9105234742164612,2,star,0.8809041380882263,2,star,0.7496460676193237,2,star,0.9488013386726379,2,star,0.44883736968040466
2272,2,star,1,quasar,False,1,quasar,False,True,1,quasar,0.8416229486465454,1,quasar,0.7013224959373474,1,quasar,0.5923166871070862,1,quasar,0.5744550228118896,1,quasar,0.7116529941558838,2,star,0.44495734572410583
2273,2,star,2,star,True,2,star,True,True,2,star,0.8755019307136536,2,star,0.7578005194664001,2,star,0.7747746109962463,2,star,0.6344274878501892,2,star,0.9674578309059143,2,star,0.6062930226325989
2274,2,star,2,star,True,2,star,True,True,2,star,0.9034589529037476,2,star,0.9990730285644531,2,star,0.9858294129371643,2,star,0.914374828338623,2,star,0.9953619837760925,2,star,0.811772882938385
2275,2,star,1,quasar,False,2,star,True,False,2,star,0.7068110704421997,2,star,0.7325701117515564,1,quasar,0.7468855977058411,1,quasar,0.5657670497894287,1,quasar,0.6987914443016052,2,star,0.4193222224712372
2276,2,star,0,galaxy,False,2,star,True,False,0,galaxy,0.5876603722572327,2,star,0.5926384329795837,2,star,0.8386449217796326,0,galaxy,0.6167120933532715,2,star,0.9217476844787598,0,galaxy,0.4305557310581207
2277,2,star,2,star,True,2,star,True,True,2,star,0.9334542751312256,2,star,0.9659296274185181,2,star,0.9239320158958435,2,star,0.5121528506278992,2,star,0.9829902648925781,2,star,0.6106272339820862
2278,2,star,2,star,True,2,star,True,True,2,star,0.6796230673789978,2,star,0.9713829755783081,2,star,0.9220453500747681,2,star,0.770431399345398,2,star,0.9615221619606018,2,star,0.6065422296524048
2279,2,star,2,star,True,2,star,True,True,2,star,0.5467071533203125,2,star,0.9093982577323914,2,star,0.9551352262496948,2,star,0.965976893901825,2,star,0.9635437726974487,2,star,0.33772310614585876
2280,2,star,1,quasar,False,2,star,True,False,2,star,0.9377865791320801,2,star,0.5308297276496887,1,quasar,0.6609957218170166,1,quasar,0.5930288434028625,1,quasar,0.5821418166160583,2,star,0.44747012853622437
2281,2,star,2,star,True,2,star,True,True,1,quasar,0.5351377129554749,2,star,0.588523805141449,2,star,0.6016727685928345,1,quasar,0.5068074464797974,2,star,0.9757712483406067,0,galaxy,0.5099053382873535
2282,2,star,2,star,True,2,star,True,True,2,star,0.5774075984954834,2,star,0.6926143169403076,1,quasar,0.8264228701591492,1,quasar,0.5006958842277527,2,star,0.5536803007125854,2,star,0.6349994540214539
2283,2,star,2,star,True,2,star,True,True,2,star,0.59433913230896,2,star,0.6999109983444214,2,star,0.9631450176239014,2,star,0.9738366007804871,2,star,0.9234241843223572,2,star,0.4556349217891693
2284,2,star,2,star,True,2,star,True,True,2,star,0.5976125597953796,2,star,0.9689721465110779,2,star,0.8279405832290649,1,quasar,0.5031360387802124,2,star,0.636332631111145,2,star,0.8500487208366394
2285,2,star,2,star,True,2,star,True,True,2,star,0.8360218405723572,2,star,0.7113020420074463,1,quasar,0.7115357518196106,2,star,0.6531317234039307,2,star,0.7096079587936401,2,star,0.6165178418159485
2286,2,star,2,star,True,2,star,True,True,2,star,0.7870246767997742,2,star,0.7012819051742554,2,star,0.769547164440155,2,star,0.49990740418434143,2,star,0.9096569418907166,2,star,0.6742464303970337
2287,2,star,2,star,True,2,star,True,True,2,star,0.8486356139183044,2,star,0.7694705128669739,1,quasar,0.708472728729248,1,quasar,0.6178749203681946,2,star,0.632235586643219,2,star,0.5392294526100159
2288,2,star,2,star,True,1,quasar,False,False,2,star,0.49070218205451965,2,star,0.48511451482772827,1,quasar,0.8230509161949158,1,quasar,0.6173853874206543,2,star,0.7670636177062988,2,star,0.5730106830596924
2289,2,star,2,star,True,2,star,True,True,2,star,0.930566132068634,2,star,0.9568966627120972,2,star,0.6961877346038818,2,star,0.8058130145072937,2,star,0.9182578921318054,2,star,0.7902272343635559
2290,2,star,0,galaxy,False,0,galaxy,False,True,2,star,0.6392914652824402,2,star,0.5340787172317505,2,star,0.641749918460846,0,galaxy,0.8160672783851624,0,galaxy,0.5513524413108826,0,galaxy,0.4733832776546478
2291,2,star,2,star,True,2,star,True,True,2,star,0.9315635561943054,1,quasar,0.5627385377883911,2,star,0.60124671459198,1,quasar,0.570435643196106,2,star,0.5472139120101929,2,star,0.5527299046516418
2292,2,star,1,quasar,False,1,quasar,False,True,1,quasar,0.5160929560661316,1,quasar,0.6722210645675659,1,quasar,0.8103277087211609,1,quasar,0.5898559093475342,1,quasar,0.9698926210403442,2,star,0.4031530022621155
2293,2,star,2,star,True,2,star,True,True,2,star,0.9442200064659119,2,star,0.9870643615722656,2,star,0.9878191947937012,2,star,0.9532592296600342,2,star,0.9949750900268555,2,star,0.604400098323822
2294,2,star,2,star,True,2,star,True,True,2,star,0.9407148361206055,2,star,0.8450112342834473,2,star,0.8906444907188416,2,star,0.677133321762085,2,star,0.8070895075798035,2,star,0.7585271596908569
2295,2,star,2,star,True,2,star,True,True,2,star,0.9471845030784607,2,star,0.981825590133667,2,star,0.9786457419395447,2,star,0.8105378746986389,2,star,0.9746159315109253,2,star,0.7775511145591736
2296,2,star,2,star,True,2,star,True,True,2,star,0.9639426469802856,2,star,0.9978222846984863,2,star,0.9919447302818298,2,star,0.7868881225585938,2,star,0.9946466088294983,2,star,0.8733310699462891
2297,2,star,2,star,True,2,star,True,True,2,star,0.8205207586288452,2,star,0.5566383004188538,2,star,0.7390684485435486,2,star,0.6382913589477539,2,star,0.9590418934822083,2,star,0.622392475605011
2298,2,star,2,star,True,2,star,True,True,2,star,0.8559908270835876,2,star,0.990264892578125,2,star,0.9932692646980286,2,star,0.8795649409294128,2,star,0.9922978281974792,2,star,0.7948179244995117
2299,2,star,2,star,True,2,star,True,True,2,star,0.9859634041786194,2,star,0.9721273183822632,2,star,0.9770307540893555,2,star,0.9323452115058899,2,star,0.990497887134552,2,star,0.6425318717956543
2300,2,star,2,star,True,2,star,True,True,2,star,0.6546446084976196,2,star,0.7013362050056458,2,star,0.6187722682952881,2,star,0.5010522603988647,1,quasar,0.6015706658363342,2,star,0.5472642183303833
2301,2,star,2,star,True,2,star,True,True,0,galaxy,0.656361997127533,2,star,0.8883818984031677,2,star,0.8667048811912537,2,star,0.8609305024147034,2,star,0.9263759255409241,2,star,0.5719441771507263
2302,2,star,2,star,True,2,star,True,True,2,star,0.9962640404701233,2,star,0.9979173541069031,2,star,0.9880083799362183,2,star,0.8654178977012634,2,star,0.9930797219276428,2,star,0.6710181832313538
2303,2,star,2,star,True,2,star,True,True,2,star,0.9919420480728149,2,star,0.9058862328529358,2,star,0.9926367998123169,2,star,0.897200345993042,2,star,0.9942991733551025,2,star,0.9009857773780823
2304,2,star,2,star,True,2,star,True,True,2,star,0.9764356017112732,2,star,0.9915667176246643,2,star,0.9909273386001587,2,star,0.8111754059791565,2,star,0.9935798645019531,2,star,0.777592658996582
2305,2,star,2,star,True,2,star,True,True,2,star,0.8823796510696411,2,star,0.6289058327674866,2,star,0.651237964630127,2,star,0.6218967437744141,1,quasar,0.5382004380226135,2,star,0.7035071849822998
2306,2,star,2,star,True,2,star,True,True,2,star,0.8958997130393982,2,star,0.8868995308876038,1,quasar,0.6448248624801636,2,star,0.5749066472053528,2,star,0.5554717183113098,0,galaxy,0.5279573798179626
2307,2,star,2,star,True,2,star,True,True,2,star,0.9850776195526123,2,star,0.9988864064216614,2,star,0.9892528653144836,2,star,0.8723906874656677,2,star,0.9942026734352112,2,star,0.8568115234375
2308,2,star,2,star,True,2,star,True,True,2,star,0.9485229253768921,2,star,0.9971416592597961,2,star,0.9562474489212036,2,star,0.8270097374916077,2,star,0.9948611855506897,2,star,0.8244999647140503
2309,2,star,2,star,True,2,star,True,True,2,star,0.9726269841194153,2,star,0.9937738180160522,2,star,0.9777553677558899,2,star,0.9019445180892944,2,star,0.9935854077339172,2,star,0.7470084428787231
2310,2,star,2,star,True,2,star,True,True,2,star,0.9026502966880798,2,star,0.5451877117156982,1,quasar,0.6757858991622925,2,star,0.5423438549041748,1,quasar,0.5107333660125732,2,star,0.5545157194137573
2311,2,star,2,star,True,2,star,True,True,2,star,0.5935888886451721,1,quasar,0.6141669750213623,1,quasar,0.8387201428413391,2,star,0.6204031705856323,2,star,0.6949923634529114,2,star,0.6878698468208313
2312,2,star,2,star,True,2,star,True,True,2,star,0.9567306637763977,2,star,0.9642515778541565,2,star,0.9454267621040344,2,star,0.940140426158905,2,star,0.9639319181442261,2,star,0.5421574115753174
2313,2,star,2,star,True,2,star,True,True,2,star,0.9914885759353638,1,quasar,0.5190635323524475,1,quasar,0.7475147247314453,2,star,0.5637227296829224,2,star,0.5984209179878235,2,star,0.762927234172821
2314,2,star,2,star,True,2,star,True,True,2,star,0.9186868071556091,2,star,0.5215153098106384,2,star,0.8343411684036255,2,star,0.652980387210846,2,star,0.828080952167511,2,star,0.6501577496528625
2315,2,star,2,star,True,2,star,True,True,2,star,0.987281858921051,2,star,0.997835099697113,2,star,0.9929293990135193,2,star,0.8991553783416748,2,star,0.984686553478241,2,star,0.8383212685585022
2316,2,star,2,star,True,2,star,True,True,2,star,0.9662608504295349,2,star,0.9275422096252441,2,star,0.9174228310585022,2,star,0.7943947911262512,2,star,0.9734001755714417,2,star,0.5788214206695557
2317,2,star,1,quasar,False,1,quasar,False,True,2,star,0.5623711943626404,2,star,0.6083883047103882,1,quasar,0.7102518677711487,1,quasar,0.6418062448501587,1,quasar,0.8704023361206055,2,star,0.7763339877128601
2318,2,star,2,star,True,2,star,True,True,2,star,0.9968260526657104,2,star,0.996039628982544,2,star,0.989888608455658,2,star,0.8589646816253662,2,star,0.9957674741744995,2,star,0.7002812027931213
2319,2,star,0,galaxy,False,1,quasar,False,False,0,galaxy,0.6205129027366638,2,star,0.6771427392959595,1,quasar,0.6622490286827087,2,star,0.40461328625679016,1,quasar,0.8802518248558044,0,galaxy,0.7031397223472595
2320,2,star,2,star,True,2,star,True,True,2,star,0.9853282570838928,2,star,0.9933145642280579,2,star,0.9898808598518372,2,star,0.9444488883018494,2,star,0.9909073114395142,2,star,0.777703583240509
2321,2,star,2,star,True,2,star,True,True,2,star,0.9959545135498047,2,star,0.998429000377655,2,star,0.9796785116195679,2,star,0.8682466149330139,2,star,0.992966890335083,2,star,0.7314959764480591
2322,2,star,2,star,True,2,star,True,True,2,star,0.7085452079772949,2,star,0.7869522571563721,2,star,0.7895738482475281,2,star,0.6697819232940674,2,star,0.9358598589897156,1,quasar,0.6469559669494629
2323,2,star,2,star,True,2,star,True,True,2,star,0.9822813272476196,2,star,0.9498404264450073,2,star,0.9853296875953674,2,star,0.8469433784484863,2,star,0.9940671920776367,2,star,0.9017413854598999
2324,2,star,2,star,True,2,star,True,True,2,star,0.9868430495262146,2,star,0.9996638298034668,2,star,0.9899119734764099,2,star,0.8732371926307678,2,star,0.9811431169509888,2,star,0.8155513405799866
2325,2,star,2,star,True,2,star,True,True,2,star,0.9520531892776489,2,star,0.9944889545440674,2,star,0.9900366067886353,2,star,0.9649899005889893,2,star,0.9930214285850525,2,star,0.8855756521224976
2326,2,star,2,star,True,2,star,True,True,2,star,0.9602571725845337,2,star,0.988970160484314,2,star,0.9788327217102051,2,star,0.8205381631851196,2,star,0.9961203932762146,2,star,0.6966453790664673
2327,2,star,2,star,True,2,star,True,True,2,star,0.920584499835968,2,star,0.9508283734321594,2,star,0.9825261831283569,2,star,0.6302395462989807,2,star,0.9503690004348755,2,star,0.7802307605743408
2328,2,star,2,star,True,2,star,True,True,1,quasar,0.6007124185562134,2,star,0.7787162065505981,2,star,0.9139091968536377,2,star,0.6712729334831238,2,star,0.964076817035675,1,quasar,0.523192286491394
2329,2,star,2,star,True,2,star,True,True,2,star,0.6694957613945007,1,quasar,0.5105278491973877,2,star,0.6601294875144958,2,star,0.562627375125885,2,star,0.5079085826873779,2,star,0.5267718434333801
2330,2,star,2,star,True,2,star,True,True,2,star,0.9620148539543152,2,star,0.8391090035438538,2,star,0.9306473731994629,2,star,0.7486023902893066,2,star,0.7791391611099243,2,star,0.7502720952033997
2331,2,star,2,star,True,2,star,True,True,2,star,0.9885413646697998,2,star,0.6723259091377258,2,star,0.9028806090354919,2,star,0.8843148350715637,2,star,0.9459315538406372,0,galaxy,0.45513615012168884
2332,2,star,2,star,True,2,star,True,True,2,star,0.431367427110672,1,quasar,0.49128246307373047,2,star,0.830581545829773,2,star,0.813533365726471,2,star,0.9594037532806396,2,star,0.49097561836242676
2333,2,star,2,star,True,2,star,True,True,2,star,0.8244712948799133,2,star,0.737429678440094,2,star,0.9391049742698669,2,star,0.7840924263000488,2,star,0.979076623916626,2,star,0.8201760649681091
2334,2,star,2,star,True,2,star,True,True,2,star,0.8982610106468201,2,star,0.891986072063446,2,star,0.9379655718803406,2,star,0.6648576259613037,2,star,0.9212720990180969,2,star,0.6895958185195923
2335,2,star,2,star,True,2,star,True,True,2,star,0.9609222412109375,2,star,0.9912835359573364,2,star,0.8584368228912354,2,star,0.9494172930717468,2,star,0.6775903701782227,0,galaxy,0.4111553132534027
2336,2,star,2,star,True,2,star,True,True,2,star,0.9694346189498901,2,star,0.9844939112663269,2,star,0.9817509055137634,2,star,0.9708749651908875,2,star,0.9942902326583862,2,star,0.5273792147636414
2337,2,star,1,quasar,False,1,quasar,False,True,1,quasar,0.6786823272705078,1,quasar,0.5281404852867126,1,quasar,0.811185896396637,1,quasar,0.6375917196273804,1,quasar,0.933872401714325,2,star,0.43786585330963135
2338,2,star,1,quasar,False,0,galaxy,False,False,0,galaxy,0.8807371258735657,1,quasar,0.42253577709198,1,quasar,0.41323569416999817,2,star,0.43062835931777954,2,star,0.6665356755256653,1,quasar,0.45010602474212646
2339,2,star,2,star,True,2,star,True,True,2,star,0.8593184947967529,2,star,0.5966987609863281,2,star,0.7078843712806702,2,star,0.7261044979095459,2,star,0.7820923924446106,2,star,0.4363943636417389
2340,2,star,2,star,True,2,star,True,True,2,star,0.7717282176017761,2,star,0.6320174336433411,2,star,0.7524124979972839,1,quasar,0.5589674115180969,1,quasar,0.7223796844482422,2,star,0.5378705859184265
2341,2,star,2,star,True,2,star,True,True,2,star,0.9843178987503052,2,star,0.9924977421760559,2,star,0.9785553216934204,2,star,0.8709983825683594,2,star,0.9844799637794495,2,star,0.7548663020133972
2342,2,star,2,star,True,2,star,True,True,2,star,0.9846514463424683,2,star,0.9991121888160706,2,star,0.9928608536720276,2,star,0.9860706925392151,2,star,0.9968183040618896,2,star,0.7098210453987122
2343,2,star,2,star,True,2,star,True,True,2,star,0.9361780881881714,2,star,0.9423127174377441,2,star,0.9695918560028076,2,star,0.7632002830505371,2,star,0.9331544637680054,1,quasar,0.5038018822669983
2344,2,star,2,star,True,2,star,True,True,2,star,0.9808330535888672,2,star,0.6740671396255493,2,star,0.9557374715805054,1,quasar,0.5191499590873718,2,star,0.7482977509498596,0,galaxy,0.43462619185447693
2345,2,star,2,star,True,1,quasar,False,False,2,star,0.687879741191864,2,star,0.5570745468139648,1,quasar,0.7010237574577332,2,star,0.564584493637085,1,quasar,0.7823270559310913,0,galaxy,0.3583540916442871
2346,2,star,2,star,True,2,star,True,True,2,star,0.7352503538131714,2,star,0.6581910252571106,2,star,0.6089325547218323,1,quasar,0.594305157661438,2,star,0.5083231329917908,2,star,0.4648265242576599
2347,2,star,2,star,True,2,star,True,True,2,star,0.9951772689819336,2,star,0.9985713958740234,2,star,0.9954813718795776,2,star,0.968993067741394,2,star,0.9864441752433777,2,star,0.8029165267944336
2348,2,star,1,quasar,False,1,quasar,False,True,2,star,0.7037729620933533,1,quasar,0.6420219540596008,1,quasar,0.828161358833313,1,quasar,0.6344501376152039,1,quasar,0.6380408406257629,2,star,0.37714168429374695
2349,2,star,2,star,True,2,star,True,True,2,star,0.6396766901016235,2,star,0.9918069243431091,2,star,0.9773818850517273,2,star,0.9555595517158508,2,star,0.9936363697052002,2,star,0.5848147869110107
2350,2,star,2,star,True,2,star,True,True,2,star,0.9631156325340271,2,star,0.9982233643531799,2,star,0.9931145310401917,2,star,0.9348094463348389,2,star,0.9888982176780701,2,star,0.7845558524131775
2351,2,star,2,star,True,2,star,True,True,2,star,0.9815643429756165,2,star,0.7151747941970825,2,star,0.6946284174919128,2,star,0.6177712082862854,2,star,0.6936270594596863,2,star,0.7159304618835449
2352,2,star,2,star,True,2,star,True,True,2,star,0.8772670030593872,2,star,0.5739392042160034,2,star,0.8428128957748413,2,star,0.6535215377807617,2,star,0.8871942758560181,1,quasar,0.45839932560920715
2353,2,star,2,star,True,2,star,True,True,2,star,0.5313507318496704,2,star,0.7740920782089233,0,galaxy,0.5801587700843811,2,star,0.5094671845436096,2,star,0.7800089120864868,1,quasar,0.5591335296630859
