sample_index,true_label,true_class,majority_vote_label,majority_vote_class,majority_vote_correct,mean_probability_label,mean_probability_class,mean_probability_correct,strategies_agree,efficientnet_b0_label,efficientnet_b0_class,efficientnet_b0_confidence,resnet50_label,resnet50_class,resnet50_confidence,convnext_tiny_label,convnext_tiny_class,convnext_tiny_confidence,vit_b_16_label,vit_b_16_class,vit_b_16_confidence,vmamba_label,vmamba_class,vmamba_confidence,cnn_shallow_label,cnn_shallow_class,cnn_shallow_confidence
0,0,galaxy,0,galaxy,True,0,galaxy,True,True,0,galaxy,0.9917978048324585,0,galaxy,0.962864339351654,0,galaxy,0.9729987978935242,0,galaxy,0.9395562410354614,0,galaxy,0.3580492436885834,0,galaxy,0.5162391662597656
1,0,galaxy,0,galaxy,True,0,galaxy,True,True,0,galaxy,0.9895625710487366,0,galaxy,0.9695690870285034,0,galaxy,0.9718047380447388,0,galaxy,0.9859271049499512,0,galaxy,0.35805216431617737,0,galaxy,0.6503291726112366
2,0,galaxy,0,galaxy,True,0,galaxy,True,True,0,galaxy,0.9329224228858948,0,galaxy,0.7835065126419067,0,galaxy,0.9865706562995911,0,galaxy,0.9893180727958679,0,galaxy,0.3580486476421356,0,galaxy,0.7054749727249146
3,0,galaxy,0,galaxy,True,0,galaxy,True,True,0,galaxy,0.9858405590057373,0,galaxy,0.9999558925628662,0,galaxy,0.9884338974952698,0,galaxy,0.9834989905357361,0,galaxy,0.3580504059791565,0,galaxy,0.9787275195121765
4,0,galaxy,0,galaxy,True,0,galaxy,True,True,0,galaxy,0.9904038906097412,0,galaxy,0.9979331493377686,0,galaxy,0.9850258231163025,0,galaxy,0.9909619688987732,0,galaxy,0.3580436408519745,0,galaxy,0.9614430665969849
5,0,galaxy,0,galaxy,True,0,galaxy,True,True,0,galaxy,0.9311047196388245,0,galaxy,0.9308779835700989,0,galaxy,0.9615862369537354,0,galaxy,0.8395411372184753,0,galaxy,0.3580494523048401,0,galaxy,0.49518901109695435
6,0,galaxy,0,galaxy,True,0,galaxy,True,True,0,galaxy,0.989548921585083,0,galaxy,0.9968181848526001,0,galaxy,0.9859809875488281,0,galaxy,0.9888041615486145,0,galaxy,0.35805124044418335,0,galaxy,0.7362948656082153
7,0,galaxy,0,galaxy,True,0,galaxy,True,True,0,galaxy,0.9385513663291931,0,galaxy,0.9470856785774231,0,galaxy,0.9581832885742188,0,galaxy,0.44665563106536865,0,galaxy,0.3580494821071625,1,quasar,0.3900284171104431
8,0,galaxy,0,galaxy,True,0,galaxy,True,True,0,galaxy,0.9505918622016907,0,galaxy,0.9693478941917419,0,galaxy,0.9685127139091492,0,galaxy,0.8415013551712036,0,galaxy,0.3580460846424103,0,galaxy,0.44857320189476013
9,0,galaxy,0,galaxy,True,0,galaxy,True,True,0,galaxy,0.9860644340515137,0,galaxy,0.9728615880012512,0,galaxy,0.9759568572044373,0,galaxy,0.9666024446487427,0,galaxy,0.35804954171180725,2,star,0.4558471143245697
10,0,galaxy,0,galaxy,True,0,galaxy,True,True,0,galaxy,0.9847087860107422,0,galaxy,0.9964994192123413,0,galaxy,0.9847961664199829,0,galaxy,0.9793844223022461,0,galaxy,0.35804983973503113,0,galaxy,0.7920141220092773
11,0,galaxy,0,galaxy,True,0,galaxy,True,True,0,galaxy,0.7703338861465454,0,galaxy,0.9597150087356567,0,galaxy,0.949504554271698,0,galaxy,0.9094851613044739,0,galaxy,0.35804980993270874,0,galaxy,0.5701570510864258
12,0,galaxy,0,galaxy,True,0,galaxy,True,True,0,galaxy,0.7020032405853271,0,galaxy,0.8799511790275574,0,galaxy,0.9688422083854675,0,galaxy,0.43204373121261597,0,galaxy,0.35803738236427307,0,galaxy,0.4802880883216858
13,0,galaxy,0,galaxy,True,0,galaxy,True,True,0,galaxy,0.9018837809562683,0,galaxy,0.9532322883605957,0,galaxy,0.978042721748352,0,galaxy,0.9634407162666321,0,galaxy,0.3580491840839386,2,star,0.6771820187568665
14,0,galaxy,0,galaxy,True,0,galaxy,True,True,0,galaxy,0.9388257265090942,0,galaxy,0.9694002270698547,0,galaxy,0.986440122127533,0,galaxy,0.6041039824485779,0,galaxy,0.358051598072052,0,galaxy,0.8278971910476685
15,0,galaxy,0,galaxy,True,0,galaxy,True,True,0,galaxy,0.9874765276908875,0,galaxy,0.9985986351966858,0,galaxy,0.9847265481948853,0,galaxy,0.9706619381904602,0,galaxy,0.35805007815361023,0,galaxy,0.692544162273407
16,0,galaxy,0,galaxy,True,0,galaxy,True,True,0,galaxy,0.5969460010528564,0,galaxy,0.9710524082183838,0,galaxy,0.9376417398452759,0,galaxy,0.7997056245803833,0,galaxy,0.35805177688598633,2,star,0.6598706841468811
17,0,galaxy,0,galaxy,True,0,galaxy,True,True,0,galaxy,0.8532671332359314,0,galaxy,0.9239000678062439,0,galaxy,0.907396137714386,0,galaxy,0.8136356472969055,0,galaxy,0.35804134607315063,0,galaxy,0.41003942489624023
18,0,galaxy,0,galaxy,True,0,galaxy,True,True,0,galaxy,0.9837974905967712,0,galaxy,0.9832212924957275,0,galaxy,0.9851668477058411,0,galaxy,0.9879213571548462,0,galaxy,0.35805121064186096,0,galaxy,0.7246111631393433
19,0,galaxy,0,galaxy,True,0,galaxy,True,True,0,galaxy,0.9789400696754456,0,galaxy,0.8729590773582458,0,galaxy,0.9807271957397461,0,galaxy,0.9684011936187744,0,galaxy,0.3580491542816162,0,galaxy,0.7267303466796875
20,0,galaxy,0,galaxy,True,0,galaxy,True,True,0,galaxy,0.9717268347740173,0,galaxy,0.9732277393341064,0,galaxy,0.9711354970932007,0,galaxy,0.9792371988296509,0,galaxy,0.35805007815361023,2,star,0.43560072779655457
21,0,galaxy,0,galaxy,True,0,galaxy,True,True,0,galaxy,0.9690946340560913,0,galaxy,0.997032642364502,0,galaxy,0.9844231009483337,0,galaxy,0.9445972442626953,0,galaxy,0.3580527901649475,0,galaxy,0.5918431282043457
22,0,galaxy,0,galaxy,True,0,galaxy,True,True,0,galaxy,0.9364227652549744,0,galaxy,0.8800413012504578,0,galaxy,0.9678995013237,0,galaxy,0.9463146328926086,0,galaxy,0.358049601316452,0,galaxy,0.8540770411491394
23,0,galaxy,0,galaxy,True,0,galaxy,True,True,0,galaxy,0.9883008599281311,0,galaxy,0.9909668564796448,0,galaxy,0.9758826494216919,0,galaxy,0.9867750406265259,0,galaxy,0.35805007815361023,0,galaxy,0.6526864171028137
24,0,galaxy,0,galaxy,True,0,galaxy,True,True,0,galaxy,0.9829429388046265,0,galaxy,0.9850165843963623,0,galaxy,0.987863302230835,0,galaxy,0.9873910546302795,0,galaxy,0.35805246233940125,0,galaxy,0.6940718293190002
25,0,galaxy,0,galaxy,True,0,galaxy,True,True,0,galaxy,0.9940266609191895,0,galaxy,0.9967419505119324,0,galaxy,0.9891498684883118,0,galaxy,0.9875509142875671,0,galaxy,0.3580501973628998,0,galaxy,0.880549430847168
26,0,galaxy,0,galaxy,True,0,galaxy,True,True,0,galaxy,0.993166983127594,0,galaxy,0.9979573488235474,0,galaxy,0.9888315200805664,0,galaxy,0.9859341979026794,0,galaxy,0.35804373025894165,0,galaxy,0.9284067153930664
27,0,galaxy,0,galaxy,True,0,galaxy,True,True,0,galaxy,0.9215590357780457,0,galaxy,0.9792795777320862,0,galaxy,0.931184709072113,0,galaxy,0.9678139686584473,0,galaxy,0.35805022716522217,0,galaxy,0.6881779432296753
28,0,galaxy,0,galaxy,True,0,galaxy,True,True,0,galaxy,0.9067803025245667,0,galaxy,0.9153192639350891,0,galaxy,0.9398936033248901,0,galaxy,0.961407482624054,0,galaxy,0.358047217130661,0,galaxy,0.46006888151168823
29,0,galaxy,0,galaxy,True,0,galaxy,True,True,0,galaxy,0.9791663289070129,0,galaxy,0.9901376962661743,0,galaxy,0.9556515216827393,0,galaxy,0.9856290221214294,0,galaxy,0.3580523133277893,0,galaxy,0.9279928207397461
30,0,galaxy,0,galaxy,True,0,galaxy,True,True,0,galaxy,0.9861502051353455,0,galaxy,0.9956796765327454,0,galaxy,0.9737106561660767,0,galaxy,0.9609148502349854,0,galaxy,0.35806432366371155,0,galaxy,0.7467175126075745
31,0,galaxy,0,galaxy,True,0,galaxy,True,True,0,galaxy,0.950433075428009,0,galaxy,0.8620885014533997,0,galaxy,0.96368807554245,0,galaxy,0.9521311521530151,0,galaxy,0.35804951190948486,0,galaxy,0.6125259399414062
32,0,galaxy,0,galaxy,True,0,galaxy,True,True,0,galaxy,0.9650744795799255,0,galaxy,0.9927002787590027,0,galaxy,0.9780552983283997,0,galaxy,0.972015917301178,0,galaxy,0.3580504059791565,0,galaxy,0.659343957901001
33,0,galaxy,0,galaxy,True,0,galaxy,True,True,0,galaxy,0.9673608541488647,0,galaxy,0.9645008444786072,0,galaxy,0.913572371006012,0,galaxy,0.9548255205154419,0,galaxy,0.3580493628978729,0,galaxy,0.7033807635307312
34,0,galaxy,0,galaxy,True,0,galaxy,True,True,0,galaxy,0.9559889435768127,0,galaxy,0.924069344997406,0,galaxy,0.960582435131073,0,galaxy,0.9814440011978149,0,galaxy,0.3580561578273773,0,galaxy,0.5114818811416626
35,0,galaxy,0,galaxy,True,0,galaxy,True,True,0,galaxy,0.9924168586730957,0,galaxy,0.9927610158920288,0,galaxy,0.9848204255104065,0,galaxy,0.9855951070785522,0,galaxy,0.3580508232116699,0,galaxy,0.473594605922699
36,0,galaxy,0,galaxy,True,0,galaxy,True,True,0,galaxy,0.7873912453651428,0,galaxy,0.9329482316970825,0,galaxy,0.908741295337677,0,galaxy,0.9060170650482178,0,galaxy,0.3580481708049774,0,galaxy,0.8804695010185242
37,0,galaxy,0,galaxy,True,0,galaxy,True,True,0,galaxy,0.7873113751411438,0,galaxy,0.9816938042640686,0,galaxy,0.8965092897415161,0,galaxy,0.7191083431243896,0,galaxy,0.3580498695373535,0,galaxy,0.451284795999527
38,0,galaxy,0,galaxy,True,2,star,False,False,0,galaxy,0.5523967146873474,0,galaxy,0.9046764373779297,2,star,0.551401674747467,2,star,0.5474955439567566,0,galaxy,0.3580569326877594,2,star,0.6390851140022278
39,0,galaxy,0,galaxy,True,0,galaxy,True,True,0,galaxy,0.9891411066055298,0,galaxy,0.991195797920227,0,galaxy,0.9784712195396423,0,galaxy,0.9897943139076233,0,galaxy,0.3580595850944519,0,galaxy,0.8874101042747498
40,0,galaxy,0,galaxy,True,0,galaxy,True,True,0,galaxy,0.9931362867355347,0,galaxy,0.9865424633026123,0,galaxy,0.9821204543113708,0,galaxy,0.9848822951316833,0,galaxy,0.3580518066883087,0,galaxy,0.7388848066329956
41,0,galaxy,0,galaxy,True,0,galaxy,True,True,0,galaxy,0.9264878630638123,0,galaxy,0.9317319989204407,0,galaxy,0.9607417583465576,0,galaxy,0.8618499636650085,0,galaxy,0.3580397665500641,0,galaxy,0.43737512826919556
42,0,galaxy,0,galaxy,True,0,galaxy,True,True,0,galaxy,0.9069461822509766,0,galaxy,0.9284001588821411,0,galaxy,0.9566642642021179,0,galaxy,0.9436128735542297,0,galaxy,0.3580496609210968,2,star,0.38074108958244324
43,0,galaxy,0,galaxy,True,0,galaxy,True,True,0,galaxy,0.9416555166244507,0,galaxy,0.9881320595741272,0,galaxy,0.9599456787109375,0,galaxy,0.9721047878265381,0,galaxy,0.35804808139801025,0,galaxy,0.573505163192749
44,0,galaxy,0,galaxy,True,0,galaxy,True,True,0,galaxy,0.9322569370269775,0,galaxy,0.9703889489173889,0,galaxy,0.9853668212890625,0,galaxy,0.9821348190307617,0,galaxy,0.35804975032806396,0,galaxy,0.7254249453544617
45,0,galaxy,0,galaxy,True,0,galaxy,True,True,0,galaxy,0.913796603679657,0,galaxy,0.8930345177650452,0,galaxy,0.9560353755950928,0,galaxy,0.9323612451553345,0,galaxy,0.3580472767353058,0,galaxy,0.735200822353363
46,0,galaxy,0,galaxy,True,0,galaxy,True,True,0,galaxy,0.9477419257164001,0,galaxy,0.9518898129463196,0,galaxy,0.95161372423172,0,galaxy,0.9023541212081909,0,galaxy,0.3580493927001953,2,star,0.418140172958374
47,0,galaxy,0,galaxy,True,0,galaxy,True,True,0,galaxy,0.9513269662857056,0,galaxy,0.992957353591919,0,galaxy,0.9794949293136597,0,galaxy,0.9576928615570068,0,galaxy,0.35805070400238037,0,galaxy,0.7698959708213806
48,0,galaxy,0,galaxy,True,0,galaxy,True,True,0,galaxy,0.9846087098121643,0,galaxy,0.9435268044471741,0,galaxy,0.9759629964828491,0,galaxy,0.9458866715431213,0,galaxy,0.3580494225025177,0,galaxy,0.6360735297203064
49,0,galaxy,0,galaxy,True,0,galaxy,True,True,0,galaxy,0.9620049595832825,0,galaxy,0.9120640754699707,0,galaxy,0.9729686975479126,0,galaxy,0.9611894488334656,0,galaxy,0.35804927349090576,0,galaxy,0.5703576803207397
50,0,galaxy,0,galaxy,True,0,galaxy,True,True,0,galaxy,0.9175652265548706,0,galaxy,0.9055781960487366,0,galaxy,0.565331757068634,2,star,0.38014066219329834,0,galaxy,0.3580487072467804,0,galaxy,0.6176005601882935
51,0,galaxy,0,galaxy,True,0,galaxy,True,True,0,galaxy,0.946723997592926,0,galaxy,0.8583115339279175,0,galaxy,0.9716435670852661,0,galaxy,0.9712499380111694,0,galaxy,0.3580402433872223,0,galaxy,0.5139049291610718
52,0,galaxy,0,galaxy,True,0,galaxy,True,True,0,galaxy,0.9806298613548279,0,galaxy,0.9011619091033936,0,galaxy,0.9768900871276855,0,galaxy,0.9725964069366455,0,galaxy,0.3580497205257416,2,star,0.611188530921936
53,0,galaxy,0,galaxy,True,0,galaxy,True,True,0,galaxy,0.9581989049911499,0,galaxy,0.9126609563827515,0,galaxy,0.9708346128463745,0,galaxy,0.9675485491752625,0,galaxy,0.35804983973503113,0,galaxy,0.626868724822998
54,0,galaxy,0,galaxy,True,0,galaxy,True,True,0,galaxy,0.8779821991920471,0,galaxy,0.9275025129318237,0,galaxy,0.846332311630249,0,galaxy,0.7565913200378418,0,galaxy,0.35804858803749084,0,galaxy,0.6051297783851624
55,0,galaxy,0,galaxy,True,0,galaxy,True,True,0,galaxy,0.9455530047416687,0,galaxy,0.9538468718528748,0,galaxy,0.9695386290550232,0,galaxy,0.9355801343917847,0,galaxy,0.3580494523048401,0,galaxy,0.5229236483573914
56,0,galaxy,0,galaxy,True,0,galaxy,True,True,0,galaxy,0.9397380352020264,0,galaxy,0.788795530796051,0,galaxy,0.9769360423088074,0,galaxy,0.9772964119911194,0,galaxy,0.3580527901649475,0,galaxy,0.6871738433837891
57,0,galaxy,0,galaxy,True,0,galaxy,True,True,0,galaxy,0.987480103969574,0,galaxy,0.8839970827102661,0,galaxy,0.9840413331985474,0,galaxy,0.9831622838973999,0,galaxy,0.35805001854896545,0,galaxy,0.6309185028076172
58,0,galaxy,0,galaxy,True,0,galaxy,True,True,0,galaxy,0.9836355447769165,0,galaxy,0.9353591799736023,0,galaxy,0.9415646195411682,0,galaxy,0.9510650634765625,0,galaxy,0.3580496609210968,0,galaxy,0.8390998840332031
59,0,galaxy,0,galaxy,True,0,galaxy,True,True,0,galaxy,0.996204674243927,0,galaxy,0.9276940226554871,0,galaxy,0.9846546649932861,0,galaxy,0.9330490231513977,0,galaxy,0.3580491542816162,0,galaxy,0.9143195152282715
60,0,galaxy,0,galaxy,True,0,galaxy,True,True,0,galaxy,0.9900156855583191,0,galaxy,0.9486570358276367,0,galaxy,0.9800155758857727,0,galaxy,0.9793577194213867,0,galaxy,0.35805004835128784,0,galaxy,0.7974712252616882
61,0,galaxy,0,galaxy,True,0,galaxy,True,True,0,galaxy,0.9600114822387695,0,galaxy,0.9955152869224548,0,galaxy,0.9735723733901978,0,galaxy,0.9850096106529236,0,galaxy,0.3580528199672699,0,galaxy,0.7575327157974243
62,0,galaxy,0,galaxy,True,0,galaxy,True,True,0,galaxy,0.9906124472618103,0,galaxy,0.9990290403366089,0,galaxy,0.9927581548690796,0,galaxy,0.9919258952140808,0,galaxy,0.3580532670021057,0,galaxy,0.8036200404167175
63,0,galaxy,0,galaxy,True,0,galaxy,True,True,0,galaxy,0.9913472533226013,0,galaxy,0.9480605721473694,0,galaxy,0.9758865833282471,0,galaxy,0.9749465584754944,0,galaxy,0.35805249214172363,0,galaxy,0.5227720737457275
64,0,galaxy,2,star,False,2,star,False,True,1,quasar,0.4242153465747833,0,galaxy,0.5677876472473145,2,star,0.5490705966949463,2,star,0.5785887837409973,0,galaxy,0.35804903507232666,2,star,0.4081236720085144
65,0,galaxy,0,galaxy,True,0,galaxy,True,True,0,galaxy,0.9746385812759399,0,galaxy,0.8766459226608276,0,galaxy,0.8516076803207397,0,galaxy,0.766403079032898,0,galaxy,0.35804978013038635,0,galaxy,0.5774083137512207
66,0,galaxy,0,galaxy,True,0,galaxy,True,True,0,galaxy,0.9862492680549622,0,galaxy,0.9903222918510437,0,galaxy,0.9851539134979248,0,galaxy,0.9880685210227966,0,galaxy,0.3580532670021057,2,star,0.5062153935432434
67,0,galaxy,0,galaxy,True,0,galaxy,True,True,1,quasar,0.5067381858825684,0,galaxy,0.4340347945690155,0,galaxy,0.4971025288105011,2,star,0.520939826965332,0,galaxy,0.35804978013038635,0,galaxy,0.6065887808799744
68,0,galaxy,0,galaxy,True,0,galaxy,True,True,0,galaxy,0.9915607571601868,0,galaxy,0.9902031421661377,0,galaxy,0.988295316696167,0,galaxy,0.9870883226394653,0,galaxy,0.35805588960647583,0,galaxy,0.8272667527198792
69,0,galaxy,1,quasar,False,1,quasar,False,True,1,quasar,0.3955213725566864,1,quasar,0.35318052768707275,0,galaxy,0.580390453338623,1,quasar,0.5091231465339661,0,galaxy,0.358029305934906,1,quasar,0.41734981536865234
70,0,galaxy,0,galaxy,True,0,galaxy,True,True,1,quasar,0.49399521946907043,1,quasar,0.4825913906097412,0,galaxy,0.4763043224811554,2,star,0.4941976070404053,0,galaxy,0.35804927349090576,0,galaxy,0.7029464840888977
71,0,galaxy,0,galaxy,True,0,galaxy,True,True,0,galaxy,0.7276953458786011,0,galaxy,0.4943293035030365,0,galaxy,0.8995423913002014,0,galaxy,0.6813109517097473,0,galaxy,0.35804855823516846,0,galaxy,0.7433440089225769
72,0,galaxy,0,galaxy,True,0,galaxy,True,True,0,galaxy,0.3946933448314667,1,quasar,0.3895462155342102,0,galaxy,0.5737007260322571,2,star,0.38561204075813293,0,galaxy,0.35807788372039795,0,galaxy,0.5786042809486389
73,0,galaxy,1,quasar,False,1,quasar,False,True,1,quasar,0.6200369596481323,1,quasar,0.6891175508499146,1,quasar,0.771504819393158,1,quasar,0.8141653537750244,0,galaxy,0.35805001854896545,1,quasar,0.628771960735321
74,0,galaxy,0,galaxy,True,1,quasar,False,False,0,galaxy,0.6365454196929932,0,galaxy,0.6560945510864258,1,quasar,0.4809602200984955,2,star,0.7428771257400513,0,galaxy,0.3580498993396759,1,quasar,0.7976056337356567
75,0,galaxy,0,galaxy,True,0,galaxy,True,True,0,galaxy,0.7200018167495728,0,galaxy,0.4787288010120392,2,star,0.5326966047286987,0,galaxy,0.509036123752594,0,galaxy,0.3580474555492401,0,galaxy,0.8893206715583801
76,0,galaxy,0,galaxy,True,0,galaxy,True,True,1,quasar,0.4884693920612335,1,quasar,0.434385746717453,1,quasar,0.46109768748283386,0,galaxy,0.4312443733215332,0,galaxy,0.35800260305404663,0,galaxy,0.7007623910903931
77,0,galaxy,0,galaxy,True,0,galaxy,True,True,0,galaxy,0.9471498727798462,0,galaxy,0.8636214137077332,0,galaxy,0.972423255443573,0,galaxy,0.9802645444869995,0,galaxy,0.35803934931755066,0,galaxy,0.9524672627449036
78,0,galaxy,0,galaxy,True,0,galaxy,True,True,0,galaxy,0.983601987361908,0,galaxy,0.9960442781448364,0,galaxy,0.9753112196922302,0,galaxy,0.9846030473709106,0,galaxy,0.3580532968044281,0,galaxy,0.909785807132721
79,0,galaxy,0,galaxy,True,0,galaxy,True,True,0,galaxy,0.3912682831287384,0,galaxy,0.6021111607551575,0,galaxy,0.947549045085907,2,star,0.4549257159233093,0,galaxy,0.358041375875473,1,quasar,0.6403825283050537
80,0,galaxy,0,galaxy,True,0,galaxy,True,True,0,galaxy,0.9841068983078003,0,galaxy,0.9508458971977234,0,galaxy,0.9757861495018005,0,galaxy,0.9015117883682251,0,galaxy,0.358049601316452,0,galaxy,0.6855760216712952
81,0,galaxy,0,galaxy,True,0,galaxy,True,True,1,quasar,0.46784093976020813,0,galaxy,0.403402179479599,0,galaxy,0.9368312358856201,0,galaxy,0.913102924823761,0,galaxy,0.3580312728881836,0,galaxy,0.8812562823295593
82,0,galaxy,0,galaxy,True,0,galaxy,True,True,0,galaxy,0.826966404914856,0,galaxy,0.8464996218681335,0,galaxy,0.9503663182258606,0,galaxy,0.8268953561782837,0,galaxy,0.35804831981658936,2,star,0.37788835167884827
83,0,galaxy,0,galaxy,True,0,galaxy,True,True,0,galaxy,0.9608559608459473,0,galaxy,0.9963801503181458,0,galaxy,0.9283596873283386,0,galaxy,0.9779282808303833,0,galaxy,0.3580522835254669,0,galaxy,0.9272630214691162
84,0,galaxy,0,galaxy,True,0,galaxy,True,True,2,star,0.6641798615455627,0,galaxy,0.43891641497612,0,galaxy,0.7921699285507202,2,star,0.5851004719734192,0,galaxy,0.35804787278175354,0,galaxy,0.5356721878051758
85,0,galaxy,0,galaxy,True,0,galaxy,True,True,0,galaxy,0.9561489224433899,0,galaxy,0.7672494053840637,0,galaxy,0.986054003238678,0,galaxy,0.9609986543655396,0,galaxy,0.3580504357814789,0,galaxy,0.7774004340171814
86,0,galaxy,0,galaxy,True,0,galaxy,True,True,0,galaxy,0.6848655343055725,0,galaxy,0.8419219255447388,0,galaxy,0.8278453350067139,0,galaxy,0.8381144404411316,0,galaxy,0.35803642868995667,0,galaxy,0.7883042693138123
87,0,galaxy,0,galaxy,True,0,galaxy,True,True,0,galaxy,0.9274033308029175,0,galaxy,0.9873399138450623,0,galaxy,0.9761378765106201,0,galaxy,0.5515860319137573,0,galaxy,0.35805371403694153,0,galaxy,0.5565986037254333
88,0,galaxy,0,galaxy,True,0,galaxy,True,True,0,galaxy,0.9529556035995483,0,galaxy,0.81415194272995,0,galaxy,0.9685974717140198,0,galaxy,0.9748274683952332,0,galaxy,0.35804829001426697,0,galaxy,0.7662909626960754
89,0,galaxy,0,galaxy,True,0,galaxy,True,True,0,galaxy,0.7131756544113159,0,galaxy,0.7565827369689941,0,galaxy,0.9734321236610413,0,galaxy,0.8862504959106445,0,galaxy,0.3580554723739624,0,galaxy,0.6796994805335999
90,0,galaxy,0,galaxy,True,0,galaxy,True,True,0,galaxy,0.9758077263832092,0,galaxy,0.9882144927978516,0,galaxy,0.9844924211502075,0,galaxy,0.9789760708808899,0,galaxy,0.35804471373558044,1,quasar,0.396327942609787
91,0,galaxy,0,galaxy,True,0,galaxy,True,True,0,galaxy,0.974534273147583,0,galaxy,0.9600219130516052,0,galaxy,0.985461413860321,0,galaxy,0.9800280332565308,0,galaxy,0.35804930329322815,0,galaxy,0.6744996905326843
92,0,galaxy,0,galaxy,True,0,galaxy,True,True,0,galaxy,0.9169524312019348,0,galaxy,0.8554486036300659,0,galaxy,0.9452932476997375,0,galaxy,0.9437865614891052,0,galaxy,0.35805389285087585,1,quasar,0.58409184217453
93,0,galaxy,0,galaxy,True,0,galaxy,True,True,0,galaxy,0.9714969396591187,0,galaxy,0.8382635116577148,0,galaxy,0.9620043635368347,0,galaxy,0.9753270149230957,0,galaxy,0.35804983973503113,1,quasar,0.4502221345901489
94,0,galaxy,1,quasar,False,1,quasar,False,True,1,quasar,0.5902683138847351,1,quasar,0.4071424603462219,0,galaxy,0.700054407119751,2,star,0.3929300606250763,0,galaxy,0.3580425977706909,1,quasar,0.5030113458633423
95,0,galaxy,0,galaxy,True,0,galaxy,True,True,0,galaxy,0.49799734354019165,0,galaxy,0.5564365983009338,0,galaxy,0.9016726016998291,2,star,0.470350444316864,0,galaxy,0.358047753572464,1,quasar,0.572417140007019
96,0,galaxy,0,galaxy,True,0,galaxy,True,True,0,galaxy,0.483784019947052,0,galaxy,0.5184431076049805,0,galaxy,0.4000038802623749,1,quasar,0.4999698996543884,0,galaxy,0.3580457866191864,0,galaxy,0.3963400721549988
97,0,galaxy,0,galaxy,True,0,galaxy,True,True,0,galaxy,0.9450498223304749,0,galaxy,0.9041136503219604,0,galaxy,0.9807794094085693,0,galaxy,0.9678192138671875,0,galaxy,0.3580479621887207,1,quasar,0.5511438846588135
98,0,galaxy,0,galaxy,True,0,galaxy,True,True,0,galaxy,0.8289036154747009,0,galaxy,0.8336514234542847,0,galaxy,0.9731073975563049,0,galaxy,0.7280181050300598,0,galaxy,0.35805103182792664,1,quasar,0.5732858777046204
99,0,galaxy,0,galaxy,True,0,galaxy,True,True,0,galaxy,0.5389916300773621,0,galaxy,0.8228965997695923,0,galaxy,0.7463842034339905,0,galaxy,0.4789920449256897,0,galaxy,0.3580475151538849,1,quasar,0.37801840901374817
100,0,galaxy,0,galaxy,True,0,galaxy,True,True,0,galaxy,0.9703236222267151,0,galaxy,0.9160610437393188,0,galaxy,0.9716339111328125,0,galaxy,0.9321388006210327,0,galaxy,0.3580387234687805,0,galaxy,0.671445369720459
101,0,galaxy,0,galaxy,True,0,galaxy,True,True,0,galaxy,0.9666427373886108,0,galaxy,0.957290768623352,0,galaxy,0.9721904993057251,0,galaxy,0.9666383862495422,0,galaxy,0.3580492436885834,0,galaxy,0.7657849788665771
102,0,galaxy,0,galaxy,True,0,galaxy,True,True,1,quasar,0.5502026677131653,0,galaxy,0.959196925163269,0,galaxy,0.8763437867164612,1,quasar,0.3797151446342468,0,galaxy,0.3580397963523865,0,galaxy,0.5497467517852783
103,0,galaxy,0,galaxy,True,0,galaxy,True,True,0,galaxy,0.9730330109596252,0,galaxy,0.9853929877281189,0,galaxy,0.9744855165481567,0,galaxy,0.9776986837387085,0,galaxy,0.3580244481563568,1,quasar,0.45076167583465576
104,0,galaxy,0,galaxy,True,0,galaxy,True,True,0,galaxy,0.7883923649787903,0,galaxy,0.9107627868652344,0,galaxy,0.8158903121948242,0,galaxy,0.8285442590713501,0,galaxy,0.3581514358520508,0,galaxy,0.46738389134407043
105,0,galaxy,0,galaxy,True,0,galaxy,True,True,0,galaxy,0.9491471648216248,0,galaxy,0.9363172054290771,0,galaxy,0.9816964268684387,0,galaxy,0.9797894954681396,0,galaxy,0.3580513298511505,0,galaxy,0.7094268202781677
106,0,galaxy,0,galaxy,True,0,galaxy,True,True,0,galaxy,0.5299078226089478,0,galaxy,0.4539433419704437,0,galaxy,0.824419379234314,0,galaxy,0.8304807543754578,0,galaxy,0.3580443561077118,0,galaxy,0.4379841387271881
107,0,galaxy,0,galaxy,True,0,galaxy,True,True,0,galaxy,0.7638716101646423,0,galaxy,0.5869417786598206,0,galaxy,0.9390004277229309,0,galaxy,0.7168993949890137,0,galaxy,0.35804906487464905,0,galaxy,0.8694658875465393
108,0,galaxy,1,quasar,False,1,quasar,False,True,1,quasar,0.4854738712310791,0,galaxy,0.33836179971694946,1,quasar,0.5761889219284058,1,quasar,0.6272000670433044,0,galaxy,0.35805341601371765,1,quasar,0.558071494102478
109,0,galaxy,0,galaxy,True,1,quasar,False,False,1,quasar,0.5052144527435303,1,quasar,0.5411742329597473,0,galaxy,0.4615578055381775,1,quasar,0.4461272358894348,0,galaxy,0.3580484092235565,0,galaxy,0.5186761021614075
110,0,galaxy,0,galaxy,True,0,galaxy,True,True,0,galaxy,0.5573864579200745,1,quasar,0.4779769778251648,1,quasar,0.42626479268074036,0,galaxy,0.3969446122646332,0,galaxy,0.3580475151538849,0,galaxy,0.9334020018577576
111,0,galaxy,0,galaxy,True,0,galaxy,True,True,0,galaxy,0.9469234943389893,0,galaxy,0.9945483803749084,0,galaxy,0.986115574836731,0,galaxy,0.9843465089797974,0,galaxy,0.3580508232116699,0,galaxy,0.80489581823349
112,0,galaxy,0,galaxy,True,0,galaxy,True,True,1,quasar,0.9998248219490051,2,star,0.4161185026168823,0,galaxy,0.9132758975028992,0,galaxy,0.7419496774673462,0,galaxy,0.3580482602119446,0,galaxy,0.7536529898643494
113,0,galaxy,0,galaxy,True,0,galaxy,True,True,2,star,0.9974871873855591,0,galaxy,0.6583982706069946,0,galaxy,0.9565747976303101,0,galaxy,0.9617352485656738,0,galaxy,0.35805052518844604,0,galaxy,0.7899765968322754
114,0,galaxy,0,galaxy,True,0,galaxy,True,True,1,quasar,0.384380578994751,0,galaxy,0.6155177354812622,0,galaxy,0.5394646525382996,2,star,0.4730072617530823,0,galaxy,0.3580493927001953,0,galaxy,0.6172388195991516
115,0,galaxy,0,galaxy,True,0,galaxy,True,True,0,galaxy,0.8044019937515259,0,galaxy,0.9022084474563599,0,galaxy,0.9738522171974182,0,galaxy,0.8941121101379395,0,galaxy,0.3580491840839386,0,galaxy,0.9151763319969177
116,0,galaxy,0,galaxy,True,0,galaxy,True,True,0,galaxy,0.9062734246253967,0,galaxy,0.9683182835578918,0,galaxy,0.9799515604972839,0,galaxy,0.8985483050346375,0,galaxy,0.35804951190948486,0,galaxy,0.5803220868110657
117,0,galaxy,0,galaxy,True,0,galaxy,True,True,0,galaxy,0.8641912937164307,0,galaxy,0.9078953266143799,0,galaxy,0.9173123836517334,0,galaxy,0.9409379959106445,0,galaxy,0.3580487370491028,0,galaxy,0.5190100073814392
118,0,galaxy,0,galaxy,True,0,galaxy,True,True,0,galaxy,0.9646517634391785,0,galaxy,0.9184880256652832,0,galaxy,0.9689287543296814,0,galaxy,0.9631328582763672,0,galaxy,0.35804954171180725,0,galaxy,0.38298675417900085
119,0,galaxy,0,galaxy,True,0,galaxy,True,True,0,galaxy,0.9627258777618408,0,galaxy,0.9814937114715576,0,galaxy,0.9825268387794495,0,galaxy,0.9882661700248718,0,galaxy,0.35805365443229675,0,galaxy,0.7163515090942383
120,0,galaxy,0,galaxy,True,0,galaxy,True,True,0,galaxy,0.4856257438659668,0,galaxy,0.7801386713981628,0,galaxy,0.9234157800674438,0,galaxy,0.4393446743488312,0,galaxy,0.35804957151412964,0,galaxy,0.3824754059314728
121,0,galaxy,0,galaxy,True,0,galaxy,True,True,0,galaxy,0.9445582032203674,0,galaxy,0.8969522714614868,0,galaxy,0.9187906980514526,0,galaxy,0.9634526968002319,0,galaxy,0.3580494821071625,0,galaxy,0.8148773908615112
122,0,galaxy,0,galaxy,True,0,galaxy,True,True,0,galaxy,0.9922266006469727,0,galaxy,0.9695042967796326,0,galaxy,0.9859287142753601,0,galaxy,0.9776523113250732,0,galaxy,0.3580642342567444,0,galaxy,0.9705536961555481
123,0,galaxy,0,galaxy,True,0,galaxy,True,True,0,galaxy,0.9735399484634399,0,galaxy,0.9901665449142456,0,galaxy,0.9716761112213135,0,galaxy,0.976791262626648,0,galaxy,0.35804519057273865,0,galaxy,0.7823603749275208
124,0,galaxy,0,galaxy,True,0,galaxy,True,True,0,galaxy,0.5626099705696106,0,galaxy,0.9641757011413574,0,galaxy,0.9704402685165405,0,galaxy,0.9381831288337708,0,galaxy,0.35804831981658936,0,galaxy,0.49888575077056885
125,0,galaxy,0,galaxy,True,0,galaxy,True,True,0,galaxy,0.9923638105392456,0,galaxy,0.9895602464675903,0,galaxy,0.9869606494903564,0,galaxy,0.9882169365882874,0,galaxy,0.35805025696754456,0,galaxy,0.6772937178611755
126,0,galaxy,0,galaxy,True,0,galaxy,True,True,0,galaxy,0.9634872078895569,0,galaxy,0.9913504123687744,0,galaxy,0.9679296612739563,0,galaxy,0.9786739945411682,0,galaxy,0.3580552041530609,0,galaxy,0.4288380742073059
127,0,galaxy,0,galaxy,True,0,galaxy,True,True,0,galaxy,0.9922910332679749,0,galaxy,0.8976280689239502,0,galaxy,0.9788259863853455,0,galaxy,0.9200470447540283,0,galaxy,0.3580496609210968,0,galaxy,0.6273091435432434
128,0,galaxy,0,galaxy,True,0,galaxy,True,True,0,galaxy,0.9429455995559692,0,galaxy,0.9554316997528076,0,galaxy,0.9727925658226013,0,galaxy,0.9667468070983887,0,galaxy,0.35804903507232666,0,galaxy,0.5577748417854309
129,0,galaxy,0,galaxy,True,0,galaxy,True,True,0,galaxy,0.9359474778175354,0,galaxy,0.8956748247146606,0,galaxy,0.9703149795532227,0,galaxy,0.8994356393814087,0,galaxy,0.3580499291419983,2,star,0.4269510507583618
130,0,galaxy,0,galaxy,True,0,galaxy,True,True,0,galaxy,0.9472532868385315,0,galaxy,0.8965451717376709,0,galaxy,0.9712857007980347,0,galaxy,0.9421288371086121,0,galaxy,0.35804906487464905,2,star,0.5395923852920532
131,0,galaxy,0,galaxy,True,0,galaxy,True,True,0,galaxy,0.9821978211402893,0,galaxy,0.9154472947120667,0,galaxy,0.9618279933929443,0,galaxy,0.9871280193328857,0,galaxy,0.3580520749092102,1,quasar,0.4365456998348236
132,0,galaxy,0,galaxy,True,0,galaxy,True,True,0,galaxy,0.9315544962882996,0,galaxy,0.9280570149421692,0,galaxy,0.9373352527618408,0,galaxy,0.9071124792098999,0,galaxy,0.3580494225025177,2,star,0.46368345618247986
133,0,galaxy,0,galaxy,True,0,galaxy,True,True,0,galaxy,0.9023600816726685,0,galaxy,0.9154802560806274,0,galaxy,0.9621840119361877,0,galaxy,0.6323332786560059,0,galaxy,0.3580472767353058,0,galaxy,0.46533602476119995
134,0,galaxy,0,galaxy,True,0,galaxy,True,True,0,galaxy,0.9701658487319946,0,galaxy,0.8963782787322998,0,galaxy,0.9780916571617126,0,galaxy,0.9597218632698059,0,galaxy,0.35805046558380127,0,galaxy,0.7265269756317139
135,0,galaxy,1,quasar,False,2,star,False,False,2,star,0.661305844783783,1,quasar,0.6037112474441528,1,quasar,0.5147483348846436,1,quasar,0.5163384079933167,0,galaxy,0.3580494225025177,2,star,0.5741869211196899
136,0,galaxy,0,galaxy,True,0,galaxy,True,True,0,galaxy,0.9693629145622253,0,galaxy,0.5603548288345337,0,galaxy,0.9272001385688782,0,galaxy,0.9711097478866577,0,galaxy,0.3580497205257416,0,galaxy,0.7477579116821289
137,0,galaxy,0,galaxy,True,0,galaxy,True,True,0,galaxy,0.9490604996681213,0,galaxy,0.855108380317688,0,galaxy,0.9808182716369629,0,galaxy,0.985716700553894,0,galaxy,0.3580504059791565,0,galaxy,0.8106950521469116
138,0,galaxy,0,galaxy,True,0,galaxy,True,True,0,galaxy,0.9972835779190063,0,galaxy,0.9976492524147034,0,galaxy,0.9846379160881042,0,galaxy,0.9855924248695374,0,galaxy,0.35805606842041016,0,galaxy,0.8388702869415283
139,0,galaxy,0,galaxy,True,0,galaxy,True,True,0,galaxy,0.548128604888916,0,galaxy,0.9552035331726074,0,galaxy,0.87580406665802,0,galaxy,0.959114670753479,0,galaxy,0.3580196797847748,0,galaxy,0.4831317067146301
140,0,galaxy,0,galaxy,True,0,galaxy,True,True,0,galaxy,0.9868818521499634,0,galaxy,0.9766578674316406,0,galaxy,0.9837936758995056,0,galaxy,0.9802731275558472,0,galaxy,0.3580488860607147,2,star,0.45536160469055176
141,0,galaxy,0,galaxy,True,0,galaxy,True,True,0,galaxy,0.8947829604148865,0,galaxy,0.9414923191070557,0,galaxy,0.9858476519584656,0,galaxy,0.963436484336853,0,galaxy,0.3580525517463684,0,galaxy,0.5730373859405518
142,0,galaxy,0,galaxy,True,0,galaxy,True,True,0,galaxy,0.9450384378433228,0,galaxy,0.9097575545310974,0,galaxy,0.9319853186607361,0,galaxy,0.8269166350364685,0,galaxy,0.35804933309555054,0,galaxy,0.7088761925697327
143,0,galaxy,0,galaxy,True,0,galaxy,True,True,0,galaxy,0.6938055157661438,0,galaxy,0.8374699354171753,0,galaxy,0.8643292188644409,0,galaxy,0.8469597697257996,0,galaxy,0.3580494225025177,0,galaxy,0.4276205003261566
144,0,galaxy,0,galaxy,True,0,galaxy,True,True,0,galaxy,0.9313839077949524,0,galaxy,0.8360088467597961,0,galaxy,0.962916374206543,0,galaxy,0.6325027346611023,0,galaxy,0.3580470383167267,0,galaxy,0.5854234099388123
145,0,galaxy,0,galaxy,True,0,galaxy,True,True,0,galaxy,0.8637475967407227,0,galaxy,0.8763054013252258,0,galaxy,0.9620263576507568,0,galaxy,0.9169065952301025,0,galaxy,0.3580547869205475,0,galaxy,0.7930741906166077
146,0,galaxy,0,galaxy,True,0,galaxy,True,True,0,galaxy,0.9105423092842102,0,galaxy,0.8976854085922241,0,galaxy,0.9672126173973083,0,galaxy,0.9021807312965393,0,galaxy,0.3580443561077118,0,galaxy,0.7862207889556885
147,0,galaxy,0,galaxy,True,0,galaxy,True,True,0,galaxy,0.9837877750396729,0,galaxy,0.998450756072998,0,galaxy,0.9842983484268188,0,galaxy,0.9819380044937134,0,galaxy,0.3580535054206848,2,star,0.370575875043869
148,0,galaxy,0,galaxy,True,0,galaxy,True,True,0,galaxy,0.9933395981788635,0,galaxy,0.9993045330047607,0,galaxy,0.9835276007652283,0,galaxy,0.9866674542427063,0,galaxy,0.35805898904800415,0,galaxy,0.8775734901428223
149,0,galaxy,0,galaxy,True,0,galaxy,True,True,0,galaxy,0.9582803845405579,0,galaxy,0.9922388792037964,0,galaxy,0.9845666289329529,0,galaxy,0.9837303161621094,0,galaxy,0.3580503761768341,0,galaxy,0.620518684387207
150,0,galaxy,0,galaxy,True,0,galaxy,True,True,0,galaxy,0.9375810623168945,0,galaxy,0.9350197315216064,0,galaxy,0.9574996829032898,0,galaxy,0.9427624344825745,0,galaxy,0.3580491840839386,0,galaxy,0.6464362740516663
151,0,galaxy,0,galaxy,True,0,galaxy,True,True,0,galaxy,0.9685156941413879,0,galaxy,0.9770467877388,0,galaxy,0.9770259261131287,0,galaxy,0.9828306436538696,0,galaxy,0.35805025696754456,0,galaxy,0.7253629565238953
152,0,galaxy,0,galaxy,True,0,galaxy,True,True,0,galaxy,0.951164186000824,0,galaxy,0.9805528521537781,0,galaxy,0.9218401312828064,0,galaxy,0.9710401296615601,0,galaxy,0.3580462634563446,0,galaxy,0.9834873080253601
153,0,galaxy,0,galaxy,True,0,galaxy,True,True,0,galaxy,0.9504469633102417,0,galaxy,0.9962430000305176,0,galaxy,0.9795265793800354,0,galaxy,0.9691060185432434,0,galaxy,0.3580631613731384,0,galaxy,0.9207911491394043
154,0,galaxy,0,galaxy,True,0,galaxy,True,True,0,galaxy,0.9731025099754333,0,galaxy,0.7572148442268372,0,galaxy,0.9074176549911499,0,galaxy,0.5142985582351685,0,galaxy,0.35804933309555054,0,galaxy,0.4384666085243225
155,0,galaxy,0,galaxy,True,0,galaxy,True,True,0,galaxy,0.9917142987251282,0,galaxy,0.9823924899101257,0,galaxy,0.9894680380821228,0,galaxy,0.9845199584960938,0,galaxy,0.3580421805381775,0,galaxy,0.9303289651870728
156,0,galaxy,0,galaxy,True,0,galaxy,True,True,0,galaxy,0.9499247670173645,0,galaxy,0.9478358626365662,0,galaxy,0.9550833702087402,0,galaxy,0.9469786882400513,0,galaxy,0.3580493927001953,0,galaxy,0.6020610332489014
157,0,galaxy,0,galaxy,True,0,galaxy,True,True,0,galaxy,0.9802811741828918,0,galaxy,0.9624888300895691,0,galaxy,0.9835224151611328,0,galaxy,0.981856644153595,0,galaxy,0.3580533564090729,0,galaxy,0.6836843490600586
158,0,galaxy,0,galaxy,True,0,galaxy,True,True,0,galaxy,0.9782483577728271,0,galaxy,0.9741498827934265,0,galaxy,0.9790604114532471,0,galaxy,0.9501229524612427,0,galaxy,0.35805070400238037,2,star,0.5862545967102051
159,0,galaxy,0,galaxy,True,0,galaxy,True,True,0,galaxy,0.7954970598220825,0,galaxy,0.8818908333778381,0,galaxy,0.9078269600868225,2,star,0.4299337565898895,0,galaxy,0.35804927349090576,0,galaxy,0.41218796372413635
160,0,galaxy,0,galaxy,True,0,galaxy,True,True,0,galaxy,0.9109970331192017,0,galaxy,0.9098838567733765,0,galaxy,0.9507688879966736,0,galaxy,0.9387692213058472,0,galaxy,0.35804882645606995,0,galaxy,0.4623822569847107
161,0,galaxy,0,galaxy,True,0,galaxy,True,True,0,galaxy,0.9777675271034241,0,galaxy,0.8209592700004578,0,galaxy,0.9419631958007812,0,galaxy,0.9690608978271484,0,galaxy,0.3580368161201477,0,galaxy,0.6457173228263855
162,0,galaxy,0,galaxy,True,0,galaxy,True,True,0,galaxy,0.993436336517334,0,galaxy,0.996473491191864,0,galaxy,0.9878919124603271,0,galaxy,0.9895150661468506,0,galaxy,0.3580548167228699,0,galaxy,0.9303117394447327
163,0,galaxy,0,galaxy,True,0,galaxy,True,True,1,quasar,0.5438442230224609,0,galaxy,0.8540080189704895,0,galaxy,0.9439266324043274,0,galaxy,0.8469359874725342,0,galaxy,0.3580501973628998,0,galaxy,0.7162798047065735
164,0,galaxy,0,galaxy,True,0,galaxy,True,True,0,galaxy,0.9508517384529114,0,galaxy,0.8696374297142029,0,galaxy,0.9425151348114014,0,galaxy,0.8096268773078918,0,galaxy,0.3580482304096222,2,star,0.4804496169090271
165,0,galaxy,0,galaxy,True,0,galaxy,True,True,0,galaxy,0.8869987726211548,0,galaxy,0.9875358939170837,0,galaxy,0.9205240607261658,0,galaxy,0.5492281317710876,0,galaxy,0.35807690024375916,2,star,0.4141961634159088
166,0,galaxy,0,galaxy,True,0,galaxy,True,True,0,galaxy,0.9328872561454773,0,galaxy,0.9718126654624939,0,galaxy,0.9577406644821167,0,galaxy,0.9758864641189575,0,galaxy,0.35805007815361023,0,galaxy,0.64374840259552
167,0,galaxy,2,star,False,2,star,False,True,2,star,0.8032056093215942,1,quasar,0.40833336114883423,0,galaxy,0.48290425539016724,2,star,0.476249098777771,0,galaxy,0.3580493628978729,2,star,0.4518643617630005
168,0,galaxy,0,galaxy,True,0,galaxy,True,True,0,galaxy,0.947018563747406,0,galaxy,0.9902905821800232,0,galaxy,0.9748913049697876,0,galaxy,0.9295765161514282,0,galaxy,0.358050137758255,0,galaxy,0.9221022129058838
169,0,galaxy,0,galaxy,True,0,galaxy,True,True,0,galaxy,0.9948465824127197,0,galaxy,0.9939625859260559,0,galaxy,0.9883214831352234,0,galaxy,0.9912719130516052,0,galaxy,0.35805365443229675,0,galaxy,0.6680126786231995
170,0,galaxy,0,galaxy,True,0,galaxy,True,True,0,galaxy,0.997706413269043,0,galaxy,0.9966109395027161,0,galaxy,0.9840061068534851,0,galaxy,0.9791169762611389,0,galaxy,0.3580610454082489,0,galaxy,0.9340124726295471
171,0,galaxy,0,galaxy,True,0,galaxy,True,True,0,galaxy,0.9948415160179138,0,galaxy,0.9948425889015198,0,galaxy,0.9872955679893494,0,galaxy,0.9822772145271301,0,galaxy,0.35805651545524597,0,galaxy,0.9283595085144043
172,0,galaxy,0,galaxy,True,0,galaxy,True,True,0,galaxy,0.9891373515129089,0,galaxy,0.9912667870521545,0,galaxy,0.9741991758346558,0,galaxy,0.9441254138946533,0,galaxy,0.35805103182792664,0,galaxy,0.7228607535362244
173,0,galaxy,0,galaxy,True,0,galaxy,True,True,0,galaxy,0.5439650416374207,0,galaxy,0.7224808931350708,0,galaxy,0.9262665510177612,0,galaxy,0.9625469446182251,0,galaxy,0.3580494821071625,0,galaxy,0.606025218963623
174,0,galaxy,0,galaxy,True,0,galaxy,True,True,0,galaxy,0.8133456707000732,0,galaxy,0.9315311908721924,0,galaxy,0.9714544415473938,0,galaxy,0.9282855987548828,0,galaxy,0.3580470383167267,1,quasar,0.3879186809062958
175,0,galaxy,0,galaxy,True,0,galaxy,True,True,0,galaxy,0.968748927116394,0,galaxy,0.9656236171722412,0,galaxy,0.9826367497444153,0,galaxy,0.9504875540733337,0,galaxy,0.3580508828163147,0,galaxy,0.7244170904159546
176,0,galaxy,0,galaxy,True,0,galaxy,True,True,0,galaxy,0.8778128027915955,0,galaxy,0.9327924251556396,0,galaxy,0.8570694923400879,0,galaxy,0.696986198425293,0,galaxy,0.358049213886261,0,galaxy,0.6029079556465149
177,0,galaxy,0,galaxy,True,0,galaxy,True,True,0,galaxy,0.9372105598449707,0,galaxy,0.8666970133781433,0,galaxy,0.9801177382469177,0,galaxy,0.948397159576416,0,galaxy,0.35803914070129395,0,galaxy,0.5435242056846619
178,0,galaxy,0,galaxy,True,0,galaxy,True,True,0,galaxy,0.9869052767753601,0,galaxy,0.9732474088668823,0,galaxy,0.9623440504074097,0,galaxy,0.9779768586158752,0,galaxy,0.35804957151412964,0,galaxy,0.6210851073265076
179,0,galaxy,0,galaxy,True,0,galaxy,True,True,0,galaxy,0.9792095422744751,0,galaxy,0.9579229354858398,0,galaxy,0.9675542116165161,0,galaxy,0.9904749989509583,0,galaxy,0.3580544888973236,0,galaxy,0.7972859144210815
180,0,galaxy,0,galaxy,True,0,galaxy,True,True,0,galaxy,0.9095377922058105,0,galaxy,0.9818333983421326,0,galaxy,0.9702637195587158,0,galaxy,0.960357129573822,0,galaxy,0.3580491542816162,1,quasar,0.4493635296821594
181,0,galaxy,0,galaxy,True,0,galaxy,True,True,0,galaxy,0.9956220984458923,0,galaxy,0.9834620952606201,0,galaxy,0.9853326678276062,0,galaxy,0.9854674339294434,0,galaxy,0.35805296897888184,0,galaxy,0.8405195474624634
182,0,galaxy,0,galaxy,True,0,galaxy,True,True,0,galaxy,0.8656115531921387,0,galaxy,0.9770618081092834,0,galaxy,0.9834610223770142,0,galaxy,0.9885222911834717,0,galaxy,0.3580508530139923,0,galaxy,0.7138035297393799
183,0,galaxy,0,galaxy,True,0,galaxy,True,True,0,galaxy,0.9965379238128662,0,galaxy,0.9959937334060669,0,galaxy,0.987256646156311,0,galaxy,0.9661923050880432,0,galaxy,0.35805007815361023,0,galaxy,0.6491743922233582
184,0,galaxy,0,galaxy,True,0,galaxy,True,True,0,galaxy,0.9770570397377014,0,galaxy,0.9821088314056396,0,galaxy,0.9741300344467163,0,galaxy,0.9789929986000061,0,galaxy,0.3580487370491028,0,galaxy,0.5957825183868408
185,0,galaxy,0,galaxy,True,0,galaxy,True,True,0,galaxy,0.9841045141220093,0,galaxy,0.990959644317627,0,galaxy,0.9873471260070801,0,galaxy,0.9784669876098633,0,galaxy,0.3580503463745117,0,galaxy,0.5648439526557922
186,0,galaxy,0,galaxy,True,0,galaxy,True,True,0,galaxy,0.9877740740776062,0,galaxy,0.9982916712760925,0,galaxy,0.9790712594985962,0,galaxy,0.9917593598365784,0,galaxy,0.35805264115333557,0,galaxy,0.7562549114227295
187,0,galaxy,0,galaxy,True,0,galaxy,True,True,0,galaxy,0.49343591928482056,0,galaxy,0.9806643724441528,0,galaxy,0.9615479707717896,0,galaxy,0.9712995290756226,0,galaxy,0.3579219877719879,0,galaxy,0.4307803511619568
188,0,galaxy,0,galaxy,True,0,galaxy,True,True,0,galaxy,0.8684027194976807,0,galaxy,0.8054662346839905,0,galaxy,0.9502238035202026,0,galaxy,0.9690105319023132,0,galaxy,0.35804519057273865,0,galaxy,0.46489596366882324
189,0,galaxy,0,galaxy,True,0,galaxy,True,True,0,galaxy,0.9663280844688416,0,galaxy,0.9983484745025635,0,galaxy,0.9889172315597534,0,galaxy,0.9743695855140686,0,galaxy,0.35805848240852356,0,galaxy,0.8639386892318726
190,0,galaxy,0,galaxy,True,0,galaxy,True,True,0,galaxy,0.9350683093070984,0,galaxy,0.943668782711029,0,galaxy,0.9305590391159058,0,galaxy,0.9858456254005432,0,galaxy,0.3580499291419983,0,galaxy,0.7519146800041199
191,0,galaxy,0,galaxy,True,0,galaxy,True,True,0,galaxy,0.8845951557159424,0,galaxy,0.91722172498703,0,galaxy,0.9108629822731018,0,galaxy,0.8638396859169006,0,galaxy,0.3580893576145172,2,star,0.37496206164360046
192,0,galaxy,0,galaxy,True,0,galaxy,True,True,0,galaxy,0.9831801652908325,0,galaxy,0.9945299029350281,0,galaxy,0.9869035482406616,0,galaxy,0.9838196635246277,0,galaxy,0.3580121397972107,0,galaxy,0.643795907497406
193,0,galaxy,0,galaxy,True,0,galaxy,True,True,0,galaxy,0.9824544787406921,0,galaxy,0.947155773639679,0,galaxy,0.9805305004119873,0,galaxy,0.9748051762580872,0,galaxy,0.3580414652824402,0,galaxy,0.8776479959487915
194,0,galaxy,0,galaxy,True,0,galaxy,True,True,0,galaxy,0.8940809369087219,0,galaxy,0.9652607440948486,0,galaxy,0.9750640988349915,0,galaxy,0.9651277661323547,0,galaxy,0.35809874534606934,0,galaxy,0.6342282295227051
195,0,galaxy,0,galaxy,True,0,galaxy,True,True,0,galaxy,0.9940185546875,0,galaxy,0.9863274097442627,0,galaxy,0.9906376600265503,0,galaxy,0.989959716796875,0,galaxy,0.35805508494377136,0,galaxy,0.8086174726486206
196,0,galaxy,0,galaxy,True,0,galaxy,True,True,0,galaxy,0.978486180305481,0,galaxy,0.9957988858222961,0,galaxy,0.9765259623527527,0,galaxy,0.9873155355453491,0,galaxy,0.35805025696754456,0,galaxy,0.8423421382904053
197,0,galaxy,0,galaxy,True,0,galaxy,True,True,0,galaxy,0.7775238752365112,0,galaxy,0.9148125648498535,0,galaxy,0.9049810767173767,0,galaxy,0.8622834086418152,0,galaxy,0.3580498695373535,2,star,0.6087291836738586
198,0,galaxy,0,galaxy,True,0,galaxy,True,True,0,galaxy,0.9660854935646057,0,galaxy,0.9448585510253906,0,galaxy,0.9608173370361328,0,galaxy,0.9443132281303406,0,galaxy,0.3580498993396759,2,star,0.5422201156616211
199,0,galaxy,0,galaxy,True,2,star,False,False,0,galaxy,0.5517212748527527,0,galaxy,0.44656336307525635,2,star,0.7849945425987244,1,quasar,0.44575366377830505,0,galaxy,0.35805004835128784,0,galaxy,0.429161012172699
200,0,galaxy,0,galaxy,True,0,galaxy,True,True,0,galaxy,0.9892128705978394,0,galaxy,0.9960111379623413,0,galaxy,0.9792212843894958,0,galaxy,0.9707539081573486,0,galaxy,0.35805171728134155,0,galaxy,0.6234504580497742
201,0,galaxy,0,galaxy,True,0,galaxy,True,True,0,galaxy,0.9833434820175171,0,galaxy,0.9714075326919556,0,galaxy,0.9609540700912476,0,galaxy,0.9486932158470154,0,galaxy,0.3580493628978729,0,galaxy,0.5321310758590698
202,0,galaxy,0,galaxy,True,0,galaxy,True,True,0,galaxy,0.9784231781959534,0,galaxy,0.9588404297828674,0,galaxy,0.9758791923522949,0,galaxy,0.9828876256942749,0,galaxy,0.3580538034439087,0,galaxy,0.7249457240104675
203,0,galaxy,0,galaxy,True,0,galaxy,True,True,0,galaxy,0.983772337436676,0,galaxy,0.9969935417175293,0,galaxy,0.9858815670013428,0,galaxy,0.9836454391479492,0,galaxy,0.358048677444458,0,galaxy,0.6762508749961853
204,0,galaxy,0,galaxy,True,0,galaxy,True,True,0,galaxy,0.8985756635665894,0,galaxy,0.9518174529075623,0,galaxy,0.9700250625610352,0,galaxy,0.9548016786575317,0,galaxy,0.35805046558380127,0,galaxy,0.6981467604637146
205,0,galaxy,0,galaxy,True,0,galaxy,True,True,0,galaxy,0.9432263374328613,0,galaxy,0.9611800909042358,0,galaxy,0.9508265256881714,0,galaxy,0.655270516872406,0,galaxy,0.3580452501773834,0,galaxy,0.942628026008606
206,0,galaxy,0,galaxy,True,0,galaxy,True,True,0,galaxy,0.8282732963562012,0,galaxy,0.9547792077064514,0,galaxy,0.9004606008529663,0,galaxy,0.8142005205154419,0,galaxy,0.35804954171180725,0,galaxy,0.5071733593940735
207,0,galaxy,0,galaxy,True,0,galaxy,True,True,0,galaxy,0.9005195498466492,0,galaxy,0.9549276828765869,0,galaxy,0.8953273296356201,0,galaxy,0.9090520739555359,0,galaxy,0.3580496609210968,0,galaxy,0.5428980588912964
208,0,galaxy,0,galaxy,True,0,galaxy,True,True,0,galaxy,0.9754455089569092,0,galaxy,0.9655892848968506,0,galaxy,0.9855417609214783,0,galaxy,0.9884114861488342,0,galaxy,0.3580563962459564,0,galaxy,0.7383036613464355
209,0,galaxy,0,galaxy,True,0,galaxy,True,True,0,galaxy,0.8429304957389832,0,galaxy,0.8862910866737366,0,galaxy,0.961287260055542,0,galaxy,0.8491460084915161,0,galaxy,0.35800987482070923,2,star,0.5797755122184753
210,0,galaxy,0,galaxy,True,0,galaxy,True,True,0,galaxy,0.961566686630249,0,galaxy,0.847122848033905,0,galaxy,0.978438675403595,0,galaxy,0.9741250872612,0,galaxy,0.3580387234687805,0,galaxy,0.6931899785995483
211,0,galaxy,0,galaxy,True,0,galaxy,True,True,0,galaxy,0.9686720371246338,0,galaxy,0.9368705749511719,0,galaxy,0.9819515943527222,0,galaxy,0.9707349538803101,0,galaxy,0.3580498695373535,0,galaxy,0.5636009573936462
212,0,galaxy,1,quasar,False,1,quasar,False,True,1,quasar,0.49888479709625244,1,quasar,0.5806660652160645,1,quasar,0.48158201575279236,1,quasar,0.48980969190597534,0,galaxy,0.35804980993270874,2,star,0.37917181849479675
213,0,galaxy,0,galaxy,True,0,galaxy,True,True,0,galaxy,0.9575835466384888,0,galaxy,0.9076436758041382,0,galaxy,0.9748398661613464,0,galaxy,0.9601170420646667,0,galaxy,0.35804104804992676,0,galaxy,0.5590167045593262
214,0,galaxy,0,galaxy,True,0,galaxy,True,True,0,galaxy,0.8701280951499939,0,galaxy,0.9099871516227722,0,galaxy,0.951151430606842,0,galaxy,0.7777402400970459,0,galaxy,0.35804879665374756,0,galaxy,0.532564640045166
215,0,galaxy,0,galaxy,True,0,galaxy,True,True,0,galaxy,0.9608299136161804,0,galaxy,0.9756021499633789,0,galaxy,0.9795479774475098,0,galaxy,0.9575524926185608,0,galaxy,0.35806238651275635,0,galaxy,0.896185576915741
216,0,galaxy,0,galaxy,True,0,galaxy,True,True,0,galaxy,0.5713407397270203,0,galaxy,0.9138832092285156,0,galaxy,0.949370265007019,0,galaxy,0.9163092970848083,0,galaxy,0.3580399453639984,0,galaxy,0.6310799717903137
217,0,galaxy,0,galaxy,True,0,galaxy,True,True,2,star,0.4865069091320038,0,galaxy,0.9484879970550537,0,galaxy,0.9438574910163879,0,galaxy,0.6172335147857666,0,galaxy,0.35802221298217773,0,galaxy,0.8197652697563171
218,0,galaxy,0,galaxy,True,0,galaxy,True,True,0,galaxy,0.9553779363632202,0,galaxy,0.9837622046470642,0,galaxy,0.966174840927124,0,galaxy,0.9685442447662354,0,galaxy,0.3580494523048401,0,galaxy,0.7700735330581665
219,0,galaxy,0,galaxy,True,0,galaxy,True,True,0,galaxy,0.9926134347915649,0,galaxy,0.9946653842926025,0,galaxy,0.9861499071121216,0,galaxy,0.9838485717773438,0,galaxy,0.3580535650253296,0,galaxy,0.9191680550575256
220,0,galaxy,0,galaxy,True,0,galaxy,True,True,0,galaxy,0.9839990735054016,0,galaxy,0.9845016598701477,0,galaxy,0.9851968288421631,0,galaxy,0.9827053546905518,0,galaxy,0.3580568730831146,0,galaxy,0.5635523796081543
221,0,galaxy,0,galaxy,True,0,galaxy,True,True,0,galaxy,0.47645777463912964,0,galaxy,0.957161009311676,0,galaxy,0.9538064002990723,0,galaxy,0.9394376277923584,0,galaxy,0.3580484390258789,2,star,0.4697558581829071
222,0,galaxy,0,galaxy,True,0,galaxy,True,True,0,galaxy,0.8883939385414124,0,galaxy,0.9109570384025574,0,galaxy,0.9554914236068726,0,galaxy,0.9810711741447449,0,galaxy,0.35805222392082214,0,galaxy,0.7359864115715027
223,0,galaxy,0,galaxy,True,0,galaxy,True,True,0,galaxy,0.9973779916763306,0,galaxy,0.9990265369415283,0,galaxy,0.9881030917167664,0,galaxy,0.9734348654747009,0,galaxy,0.3580612242221832,0,galaxy,0.725019633769989
224,0,galaxy,0,galaxy,True,0,galaxy,True,True,0,galaxy,0.9969021081924438,0,galaxy,0.9961106181144714,0,galaxy,0.9857423305511475,0,galaxy,0.9880784153938293,0,galaxy,0.35805580019950867,0,galaxy,0.8923081159591675
225,0,galaxy,0,galaxy,True,0,galaxy,True,True,0,galaxy,0.9534446597099304,0,galaxy,0.9401818513870239,0,galaxy,0.990416407585144,0,galaxy,0.9839881062507629,0,galaxy,0.3580484986305237,0,galaxy,0.8760229349136353
226,0,galaxy,0,galaxy,True,0,galaxy,True,True,0,galaxy,0.8935747146606445,0,galaxy,0.9703214168548584,0,galaxy,0.9473176598548889,0,galaxy,0.9651619791984558,0,galaxy,0.3580497205257416,0,galaxy,0.532599925994873
227,0,galaxy,0,galaxy,True,0,galaxy,True,True,0,galaxy,0.9718071222305298,0,galaxy,0.980504035949707,0,galaxy,0.9516647458076477,0,galaxy,0.9785330891609192,0,galaxy,0.35805121064186096,0,galaxy,0.5882924199104309
228,0,galaxy,0,galaxy,True,0,galaxy,True,True,0,galaxy,0.7928608655929565,0,galaxy,0.9220266938209534,0,galaxy,0.9749495387077332,0,galaxy,0.9382035136222839,0,galaxy,0.3580513000488281,0,galaxy,0.6486021280288696
229,0,galaxy,0,galaxy,True,0,galaxy,True,True,0,galaxy,0.9651313424110413,0,galaxy,0.9752625823020935,0,galaxy,0.9739137291908264,0,galaxy,0.9398177266120911,0,galaxy,0.358049601316452,0,galaxy,0.36093613505363464
230,0,galaxy,0,galaxy,True,0,galaxy,True,True,0,galaxy,0.9977834820747375,0,galaxy,0.9701581001281738,0,galaxy,0.9882661700248718,0,galaxy,0.9885353446006775,0,galaxy,0.3580562174320221,0,galaxy,0.7825818657875061
231,0,galaxy,0,galaxy,True,0,galaxy,True,True,0,galaxy,0.8384301662445068,0,galaxy,0.89469313621521,0,galaxy,0.8675538301467896,0,galaxy,0.7664207220077515,0,galaxy,0.358049601316452,0,galaxy,0.5089560151100159
232,0,galaxy,0,galaxy,True,0,galaxy,True,True,0,galaxy,0.956110417842865,0,galaxy,0.8327163457870483,0,galaxy,0.9516274929046631,0,galaxy,0.8455677032470703,0,galaxy,0.3580493927001953,0,galaxy,0.6443016529083252
233,0,galaxy,0,galaxy,True,0,galaxy,True,True,0,galaxy,0.9891920685768127,0,galaxy,0.9415051937103271,0,galaxy,0.9836615920066833,0,galaxy,0.9879624247550964,0,galaxy,0.35805079340934753,0,galaxy,0.8711659908294678
234,0,galaxy,0,galaxy,True,0,galaxy,True,True,0,galaxy,0.8927159309387207,0,galaxy,0.9613429307937622,0,galaxy,0.9534711837768555,0,galaxy,0.8999699950218201,0,galaxy,0.35805249214172363,0,galaxy,0.8623510599136353
235,0,galaxy,0,galaxy,True,0,galaxy,True,True,0,galaxy,0.9827426671981812,0,galaxy,0.9954546689987183,0,galaxy,0.9766214489936829,0,galaxy,0.9896602630615234,0,galaxy,0.35805776715278625,0,galaxy,0.9026222825050354
236,0,galaxy,0,galaxy,True,0,galaxy,True,True,0,galaxy,0.9570995569229126,0,galaxy,0.8825434446334839,0,galaxy,0.9679504632949829,0,galaxy,0.858767032623291,0,galaxy,0.3580491840839386,0,galaxy,0.5625782608985901
237,0,galaxy,0,galaxy,True,0,galaxy,True,True,0,galaxy,0.9394690990447998,0,galaxy,0.9547959566116333,0,galaxy,0.9766577482223511,0,galaxy,0.9817370176315308,0,galaxy,0.35804998874664307,0,galaxy,0.7144255638122559
238,0,galaxy,0,galaxy,True,0,galaxy,True,True,0,galaxy,0.9417473673820496,0,galaxy,0.9383359551429749,0,galaxy,0.9664608836174011,0,galaxy,0.739510178565979,0,galaxy,0.35804978013038635,0,galaxy,0.7968100905418396
239,0,galaxy,0,galaxy,True,0,galaxy,True,True,0,galaxy,0.9257811903953552,0,galaxy,0.927613377571106,0,galaxy,0.9754417538642883,0,galaxy,0.7601457834243774,0,galaxy,0.3580491542816162,0,galaxy,0.7620427012443542
240,0,galaxy,0,galaxy,True,0,galaxy,True,True,0,galaxy,0.9762201309204102,0,galaxy,0.9913592338562012,0,galaxy,0.9882180094718933,0,galaxy,0.9898083806037903,0,galaxy,0.3580555319786072,0,galaxy,0.7142530679702759
241,0,galaxy,0,galaxy,True,0,galaxy,True,True,0,galaxy,0.9942347407341003,0,galaxy,0.9998083710670471,0,galaxy,0.9834867715835571,0,galaxy,0.9195670485496521,0,galaxy,0.35802698135375977,0,galaxy,0.9801942110061646
242,0,galaxy,0,galaxy,True,0,galaxy,True,True,0,galaxy,0.9309529066085815,0,galaxy,0.9068877100944519,0,galaxy,0.9817056655883789,0,galaxy,0.9181506633758545,0,galaxy,0.3580416440963745,0,galaxy,0.9542185664176941
243,0,galaxy,0,galaxy,True,0,galaxy,True,True,0,galaxy,0.9952983260154724,0,galaxy,0.9516406655311584,0,galaxy,0.9787802696228027,0,galaxy,0.9867247343063354,0,galaxy,0.35805097222328186,0,galaxy,0.7584949731826782
244,0,galaxy,0,galaxy,True,0,galaxy,True,True,0,galaxy,0.9531258344650269,0,galaxy,0.9120923280715942,0,galaxy,0.9581924676895142,0,galaxy,0.890774130821228,0,galaxy,0.35804903507232666,2,star,0.5575361251831055
245,0,galaxy,0,galaxy,True,1,quasar,False,False,2,star,0.35519540309906006,1,quasar,0.5811659097671509,0,galaxy,0.534742534160614,2,star,0.3733232021331787,0,galaxy,0.35804665088653564,1,quasar,0.423959344625473
246,0,galaxy,0,galaxy,True,0,galaxy,True,True,0,galaxy,0.9800370931625366,0,galaxy,0.9745517373085022,0,galaxy,0.9833303093910217,0,galaxy,0.971296489238739,0,galaxy,0.35804978013038635,0,galaxy,0.6146893501281738
247,0,galaxy,0,galaxy,True,0,galaxy,True,True,0,galaxy,0.8668466806411743,0,galaxy,0.9513767957687378,0,galaxy,0.8362451791763306,2,star,0.35540956258773804,0,galaxy,0.3580490052700043,0,galaxy,0.5851190090179443
248,0,galaxy,0,galaxy,True,0,galaxy,True,True,0,galaxy,0.7912973165512085,0,galaxy,0.5479791164398193,0,galaxy,0.8775299191474915,0,galaxy,0.7148512601852417,0,galaxy,0.358049601316452,0,galaxy,0.601433515548706
249,0,galaxy,0,galaxy,True,0,galaxy,True,True,0,galaxy,0.9410003423690796,0,galaxy,0.9315850734710693,0,galaxy,0.9331540465354919,0,galaxy,0.9372325539588928,0,galaxy,0.35804930329322815,0,galaxy,0.593376636505127
250,0,galaxy,0,galaxy,True,0,galaxy,True,True,0,galaxy,0.9973378777503967,0,galaxy,0.9936289191246033,0,galaxy,0.9882213473320007,0,galaxy,0.9835524559020996,0,galaxy,0.35805651545524597,0,galaxy,0.904423713684082
251,0,galaxy,0,galaxy,True,0,galaxy,True,True,0,galaxy,0.993230938911438,0,galaxy,0.9662463665008545,0,galaxy,0.9863409399986267,0,galaxy,0.9839537143707275,0,galaxy,0.3580402433872223,0,galaxy,0.8171931505203247
252,0,galaxy,0,galaxy,True,0,galaxy,True,True,0,galaxy,0.9778155088424683,0,galaxy,0.9616263508796692,0,galaxy,0.9832040071487427,0,galaxy,0.9777036309242249,0,galaxy,0.3580473065376282,0,galaxy,0.5867031216621399
253,0,galaxy,0,galaxy,True,0,galaxy,True,True,0,galaxy,0.9763715267181396,0,galaxy,0.9914856553077698,0,galaxy,0.9872379302978516,0,galaxy,0.9852649569511414,0,galaxy,0.35804787278175354,0,galaxy,0.9814867377281189
254,0,galaxy,0,galaxy,True,0,galaxy,True,True,0,galaxy,0.7558572292327881,0,galaxy,0.9056047797203064,0,galaxy,0.5881621837615967,0,galaxy,0.9022660851478577,0,galaxy,0.3580481708049774,0,galaxy,0.6435392498970032
255,0,galaxy,0,galaxy,True,0,galaxy,True,True,0,galaxy,0.7347380518913269,0,galaxy,0.9675635099411011,0,galaxy,0.948326587677002,0,galaxy,0.9390511512756348,0,galaxy,0.35804805159568787,0,galaxy,0.7712103128433228
256,0,galaxy,0,galaxy,True,0,galaxy,True,True,0,galaxy,0.8788148760795593,0,galaxy,0.9146106839179993,0,galaxy,0.9665809273719788,0,galaxy,0.6397308707237244,0,galaxy,0.3580494821071625,0,galaxy,0.6840745210647583
257,0,galaxy,0,galaxy,True,0,galaxy,True,True,0,galaxy,0.927139937877655,0,galaxy,0.9550620317459106,0,galaxy,0.9589554071426392,0,galaxy,0.7916203737258911,0,galaxy,0.3580491542816162,0,galaxy,0.7604599595069885
258,0,galaxy,0,galaxy,True,0,galaxy,True,True,0,galaxy,0.655976414680481,0,galaxy,0.6750409603118896,0,galaxy,0.9002758264541626,0,galaxy,0.9251776337623596,0,galaxy,0.35804831981658936,0,galaxy,0.5891345739364624
259,0,galaxy,0,galaxy,True,0,galaxy,True,True,0,galaxy,0.8900587558746338,0,galaxy,0.8603946566581726,0,galaxy,0.8755743503570557,0,galaxy,0.9050629734992981,0,galaxy,0.3580489754676819,0,galaxy,0.4161001741886139
260,0,galaxy,0,galaxy,True,0,galaxy,True,True,0,galaxy,0.9581910371780396,0,galaxy,0.9378981590270996,0,galaxy,0.9341191053390503,0,galaxy,0.9131035208702087,0,galaxy,0.358050137758255,0,galaxy,0.5476779341697693
261,0,galaxy,0,galaxy,True,0,galaxy,True,True,0,galaxy,0.9787176847457886,0,galaxy,0.9969780445098877,0,galaxy,0.9830504059791565,0,galaxy,0.9846876263618469,0,galaxy,0.3580552339553833,0,galaxy,0.6799095869064331
262,0,galaxy,0,galaxy,True,0,galaxy,True,True,0,galaxy,0.9361380934715271,0,galaxy,0.7250973582267761,0,galaxy,0.7936150431632996,0,galaxy,0.9386745691299438,0,galaxy,0.3580493628978729,0,galaxy,0.43482837080955505
263,0,galaxy,0,galaxy,True,0,galaxy,True,True,0,galaxy,0.9951240420341492,0,galaxy,0.9973767995834351,0,galaxy,0.9606201648712158,0,galaxy,0.8834011554718018,0,galaxy,0.35794562101364136,0,galaxy,0.9732286334037781
264,0,galaxy,0,galaxy,True,0,galaxy,True,True,0,galaxy,0.9138572216033936,0,galaxy,0.9293443560600281,0,galaxy,0.9615967869758606,0,galaxy,0.9587023258209229,0,galaxy,0.35804861783981323,0,galaxy,0.836062490940094
265,0,galaxy,0,galaxy,True,0,galaxy,True,True,0,galaxy,0.9833829998970032,0,galaxy,0.9708629250526428,0,galaxy,0.9840192794799805,0,galaxy,0.9826503396034241,0,galaxy,0.3580496311187744,0,galaxy,0.6953769326210022
266,0,galaxy,0,galaxy,True,0,galaxy,True,True,0,galaxy,0.9195582866668701,0,galaxy,0.8496477603912354,0,galaxy,0.9662573933601379,0,galaxy,0.9783998727798462,0,galaxy,0.358049601316452,0,galaxy,0.7051932215690613
267,0,galaxy,0,galaxy,True,0,galaxy,True,True,0,galaxy,0.9425733685493469,0,galaxy,0.9661043882369995,0,galaxy,0.983339786529541,0,galaxy,0.8270028829574585,0,galaxy,0.3578062653541565,0,galaxy,0.9814348220825195
268,0,galaxy,0,galaxy,True,0,galaxy,True,True,0,galaxy,0.996914267539978,0,galaxy,0.9994600415229797,0,galaxy,0.9915043711662292,0,galaxy,0.9900320768356323,0,galaxy,0.3580578565597534,0,galaxy,0.9083951115608215
269,0,galaxy,0,galaxy,True,0,galaxy,True,True,0,galaxy,0.9883620142936707,0,galaxy,0.9972667694091797,0,galaxy,0.9878478050231934,0,galaxy,0.9827461242675781,0,galaxy,0.35805952548980713,0,galaxy,0.8868250846862793
270,0,galaxy,0,galaxy,True,0,galaxy,True,True,0,galaxy,0.9834919571876526,0,galaxy,0.9967890977859497,0,galaxy,0.9899712800979614,0,galaxy,0.9839748740196228,0,galaxy,0.3580518364906311,0,galaxy,0.7704557776451111
271,0,galaxy,0,galaxy,True,0,galaxy,True,True,0,galaxy,0.5485280156135559,0,galaxy,0.8985982537269592,0,galaxy,0.7758603692054749,0,galaxy,0.7736966609954834,0,galaxy,0.3580534756183624,0,galaxy,0.5488924384117126
272,0,galaxy,0,galaxy,True,0,galaxy,True,True,0,galaxy,0.9920833110809326,0,galaxy,0.9982252717018127,0,galaxy,0.9893640279769897,0,galaxy,0.9778531193733215,0,galaxy,0.35805052518844604,0,galaxy,0.8168537616729736
273,0,galaxy,0,galaxy,True,0,galaxy,True,True,0,galaxy,0.9882976412773132,0,galaxy,0.999727189540863,0,galaxy,0.9885653853416443,0,galaxy,0.9891294240951538,0,galaxy,0.3580542802810669,0,galaxy,0.8087744116783142
274,0,galaxy,0,galaxy,True,0,galaxy,True,True,0,galaxy,0.9897863864898682,0,galaxy,0.9891108870506287,0,galaxy,0.9852268695831299,0,galaxy,0.9762283563613892,0,galaxy,0.3580492436885834,0,galaxy,0.862718403339386
275,0,galaxy,0,galaxy,True,0,galaxy,True,True,0,galaxy,0.982874870300293,0,galaxy,0.9387004971504211,0,galaxy,0.987434983253479,0,galaxy,0.9840989708900452,0,galaxy,0.3580498695373535,0,galaxy,0.6396127343177795
276,0,galaxy,0,galaxy,True,0,galaxy,True,True,0,galaxy,0.9921668767929077,0,galaxy,0.99598628282547,0,galaxy,0.988541841506958,0,galaxy,0.9746971130371094,0,galaxy,0.35805144906044006,0,galaxy,0.862932562828064
277,0,galaxy,0,galaxy,True,0,galaxy,True,True,0,galaxy,0.9940586090087891,0,galaxy,0.9938894510269165,0,galaxy,0.9878674745559692,0,galaxy,0.9890022277832031,0,galaxy,0.35805174708366394,0,galaxy,0.8474562168121338
278,0,galaxy,0,galaxy,True,0,galaxy,True,True,0,galaxy,0.9715087413787842,0,galaxy,0.9853575825691223,0,galaxy,0.9810448884963989,0,galaxy,0.9814825654029846,0,galaxy,0.3580513000488281,0,galaxy,0.4532262682914734
279,0,galaxy,0,galaxy,True,0,galaxy,True,True,0,galaxy,0.9567955136299133,0,galaxy,0.9864693880081177,0,galaxy,0.9893985986709595,0,galaxy,0.9805819392204285,0,galaxy,0.35805413126945496,0,galaxy,0.8148539662361145
280,0,galaxy,0,galaxy,True,0,galaxy,True,True,0,galaxy,0.9953694939613342,0,galaxy,0.9904738068580627,0,galaxy,0.9863431453704834,0,galaxy,0.9878739714622498,0,galaxy,0.3580518364906311,0,galaxy,0.8388523459434509
281,0,galaxy,0,galaxy,True,0,galaxy,True,True,0,galaxy,0.8232744336128235,0,galaxy,0.9019296765327454,0,galaxy,0.9493263959884644,0,galaxy,0.9407951831817627,0,galaxy,0.35804951190948486,0,galaxy,0.5753504037857056
282,0,galaxy,0,galaxy,True,0,galaxy,True,True,0,galaxy,0.9015383720397949,0,galaxy,0.9166654348373413,0,galaxy,0.9661881923675537,0,galaxy,0.9651815295219421,0,galaxy,0.3580491542816162,0,galaxy,0.7550757527351379
283,0,galaxy,0,galaxy,True,0,galaxy,True,True,0,galaxy,0.9882752895355225,0,galaxy,0.9826034903526306,0,galaxy,0.9768298268318176,0,galaxy,0.9805858731269836,0,galaxy,0.35804787278175354,0,galaxy,0.8150772452354431
284,0,galaxy,0,galaxy,True,0,galaxy,True,True,0,galaxy,0.9915340542793274,0,galaxy,0.9984656572341919,0,galaxy,0.9872317910194397,0,galaxy,0.9804660677909851,0,galaxy,0.35805150866508484,0,galaxy,0.482202410697937
285,0,galaxy,0,galaxy,True,0,galaxy,True,True,0,galaxy,0.9510517120361328,0,galaxy,0.9737645983695984,0,galaxy,0.8063090443611145,0,galaxy,0.7369834780693054,0,galaxy,0.35804876685142517,0,galaxy,0.5045897960662842
286,0,galaxy,0,galaxy,True,0,galaxy,True,True,0,galaxy,0.9701199531555176,0,galaxy,0.9868480563163757,0,galaxy,0.9817941188812256,0,galaxy,0.9792238473892212,0,galaxy,0.35805007815361023,0,galaxy,0.7464815378189087
287,0,galaxy,0,galaxy,True,0,galaxy,True,True,0,galaxy,0.9933484196662903,0,galaxy,0.9911690950393677,0,galaxy,0.9897953867912292,0,galaxy,0.9790208339691162,0,galaxy,0.35805535316467285,0,galaxy,0.8219695091247559
288,0,galaxy,0,galaxy,True,0,galaxy,True,True,0,galaxy,0.9754673838615417,0,galaxy,0.7528554797172546,0,galaxy,0.9706564545631409,0,galaxy,0.6389115452766418,0,galaxy,0.3580482006072998,0,galaxy,0.5874755382537842
289,0,galaxy,0,galaxy,True,0,galaxy,True,True,0,galaxy,0.9478935599327087,0,galaxy,0.9498764872550964,0,galaxy,0.9748850464820862,0,galaxy,0.9710082411766052,0,galaxy,0.35804975032806396,0,galaxy,0.4559740722179413
290,0,galaxy,0,galaxy,True,0,galaxy,True,True,0,galaxy,0.8988692164421082,0,galaxy,0.9645373225212097,0,galaxy,0.9631306529045105,0,galaxy,0.9620353579521179,0,galaxy,0.358049601316452,0,galaxy,0.5424816012382507
291,0,galaxy,0,galaxy,True,0,galaxy,True,True,0,galaxy,0.9398568868637085,0,galaxy,0.9145079851150513,0,galaxy,0.9708054065704346,0,galaxy,0.8846970200538635,0,galaxy,0.3580491244792938,0,galaxy,0.6240295767784119
292,0,galaxy,0,galaxy,True,0,galaxy,True,True,0,galaxy,0.982619047164917,0,galaxy,0.9843224883079529,0,galaxy,0.9836164712905884,0,galaxy,0.9722983241081238,0,galaxy,0.35804542899131775,0,galaxy,0.6573948264122009
293,0,galaxy,0,galaxy,True,0,galaxy,True,True,0,galaxy,0.9887462258338928,0,galaxy,0.9592686891555786,0,galaxy,0.9839733242988586,0,galaxy,0.9789111614227295,0,galaxy,0.35805952548980713,0,galaxy,0.4469761550426483
294,0,galaxy,0,galaxy,True,0,galaxy,True,True,0,galaxy,0.9907082319259644,0,galaxy,0.9878258109092712,0,galaxy,0.9887153506278992,0,galaxy,0.9867495894432068,0,galaxy,0.3580533266067505,0,galaxy,0.7155237793922424
295,0,galaxy,0,galaxy,True,0,galaxy,True,True,0,galaxy,0.9917004704475403,0,galaxy,0.9977738261222839,0,galaxy,0.9876593947410583,0,galaxy,0.9770669341087341,0,galaxy,0.3580496907234192,0,galaxy,0.7797530293464661
296,0,galaxy,0,galaxy,True,0,galaxy,True,True,0,galaxy,0.9618646502494812,0,galaxy,0.9175699353218079,0,galaxy,0.9817613959312439,0,galaxy,0.9831969738006592,0,galaxy,0.3580494225025177,0,galaxy,0.5170716643333435
297,0,galaxy,0,galaxy,True,0,galaxy,True,True,0,galaxy,0.9613219499588013,0,galaxy,0.9798420667648315,0,galaxy,0.9839216470718384,0,galaxy,0.9867731928825378,0,galaxy,0.3580521047115326,0,galaxy,0.9446364641189575
298,0,galaxy,0,galaxy,True,0,galaxy,True,True,0,galaxy,0.9016879796981812,0,galaxy,0.9507531523704529,0,galaxy,0.9858152866363525,0,galaxy,0.9877899885177612,0,galaxy,0.35804593563079834,0,galaxy,0.6449599266052246
299,0,galaxy,0,galaxy,True,0,galaxy,True,True,0,galaxy,0.9179021120071411,0,galaxy,0.9490361213684082,0,galaxy,0.9802981019020081,0,galaxy,0.9594007730484009,0,galaxy,0.3580486476421356,0,galaxy,0.801106333732605
300,0,galaxy,0,galaxy,True,0,galaxy,True,True,0,galaxy,0.8818005919456482,0,galaxy,0.8895581364631653,0,galaxy,0.9575493335723877,0,galaxy,0.8328245878219604,0,galaxy,0.3580494523048401,0,galaxy,0.866765022277832
301,0,galaxy,0,galaxy,True,0,galaxy,True,True,0,galaxy,0.9864040613174438,0,galaxy,0.9041635394096375,0,galaxy,0.9459128975868225,0,galaxy,0.9627780318260193,0,galaxy,0.3580450713634491,0,galaxy,0.6141858696937561
302,0,galaxy,0,galaxy,True,0,galaxy,True,True,0,galaxy,0.992820680141449,0,galaxy,0.9974859952926636,0,galaxy,0.9888012409210205,0,galaxy,0.982860267162323,0,galaxy,0.3580574691295624,0,galaxy,0.8076902627944946
303,0,galaxy,0,galaxy,True,0,galaxy,True,True,0,galaxy,0.9750428795814514,0,galaxy,0.9435068368911743,0,galaxy,0.969506561756134,0,galaxy,0.9561988115310669,0,galaxy,0.35804957151412964,0,galaxy,0.4430156648159027
304,0,galaxy,0,galaxy,True,0,galaxy,True,True,0,galaxy,0.7448376417160034,0,galaxy,0.8755447268486023,0,galaxy,0.9629175066947937,0,galaxy,0.9700776934623718,0,galaxy,0.3580492436885834,0,galaxy,0.4406248927116394
305,0,galaxy,0,galaxy,True,0,galaxy,True,True,0,galaxy,0.9658891558647156,0,galaxy,0.9007272720336914,0,galaxy,0.9747629165649414,0,galaxy,0.8988916873931885,0,galaxy,0.3580482006072998,0,galaxy,0.4489988684654236
306,0,galaxy,0,galaxy,True,0,galaxy,True,True,0,galaxy,0.9512843489646912,0,galaxy,0.9430109858512878,0,galaxy,0.9710810780525208,0,galaxy,0.9556689858436584,0,galaxy,0.35805007815361023,0,galaxy,0.40699854493141174
307,0,galaxy,0,galaxy,True,0,galaxy,True,True,0,galaxy,0.9797927141189575,0,galaxy,0.9367188811302185,0,galaxy,0.9790578484535217,0,galaxy,0.9728922843933105,0,galaxy,0.3580494821071625,0,galaxy,0.48304951190948486
308,0,galaxy,0,galaxy,True,0,galaxy,True,True,0,galaxy,0.990222692489624,0,galaxy,0.9317704439163208,0,galaxy,0.9862715005874634,0,galaxy,0.9838116765022278,0,galaxy,0.3580534756183624,0,galaxy,0.8839672803878784
309,0,galaxy,0,galaxy,True,0,galaxy,True,True,0,galaxy,0.9752164483070374,0,galaxy,0.9780693054199219,0,galaxy,0.9867120981216431,0,galaxy,0.9801005125045776,0,galaxy,0.3580491542816162,0,galaxy,0.8830071091651917
310,0,galaxy,0,galaxy,True,0,galaxy,True,True,0,galaxy,0.9599208235740662,0,galaxy,0.943733274936676,0,galaxy,0.9653684496879578,0,galaxy,0.9212708473205566,0,galaxy,0.3580491244792938,0,galaxy,0.6296195983886719
311,0,galaxy,0,galaxy,True,0,galaxy,True,True,0,galaxy,0.9858825206756592,0,galaxy,0.9534726142883301,0,galaxy,0.9775391817092896,0,galaxy,0.9625856876373291,0,galaxy,0.35805052518844604,0,galaxy,0.7250939011573792
312,0,galaxy,0,galaxy,True,0,galaxy,True,True,0,galaxy,0.9560418128967285,0,galaxy,0.9974033236503601,0,galaxy,0.9821348190307617,0,galaxy,0.9772825241088867,0,galaxy,0.3580513894557953,0,galaxy,0.5405674576759338
313,0,galaxy,0,galaxy,True,0,galaxy,True,True,0,galaxy,0.9457855224609375,0,galaxy,0.9407045841217041,0,galaxy,0.9687657952308655,0,galaxy,0.9461706280708313,0,galaxy,0.35804691910743713,0,galaxy,0.7093608975410461
314,0,galaxy,0,galaxy,True,0,galaxy,True,True,0,galaxy,0.8873156905174255,0,galaxy,0.8855734467506409,0,galaxy,0.9575108289718628,0,galaxy,0.833794891834259,0,galaxy,0.35804858803749084,0,galaxy,0.4570663869380951
315,0,galaxy,0,galaxy,True,0,galaxy,True,True,0,galaxy,0.9729539155960083,0,galaxy,0.947080671787262,0,galaxy,0.9673681259155273,0,galaxy,0.9413313865661621,0,galaxy,0.3580496609210968,2,star,0.40727654099464417
316,0,galaxy,0,galaxy,True,0,galaxy,True,True,0,galaxy,0.788466215133667,0,galaxy,0.9690529704093933,0,galaxy,0.9757473468780518,0,galaxy,0.9496937394142151,0,galaxy,0.358064204454422,0,galaxy,0.47045305371284485
317,0,galaxy,0,galaxy,True,0,galaxy,True,True,0,galaxy,0.9662980437278748,0,galaxy,0.9567803144454956,0,galaxy,0.9652535319328308,0,galaxy,0.95536869764328,0,galaxy,0.35804978013038635,0,galaxy,0.7511894106864929
318,0,galaxy,0,galaxy,True,0,galaxy,True,True,0,galaxy,0.8287970423698425,0,galaxy,0.7212713360786438,0,galaxy,0.8905004858970642,0,galaxy,0.8201879262924194,0,galaxy,0.3580490052700043,0,galaxy,0.7819979190826416
319,0,galaxy,0,galaxy,True,0,galaxy,True,True,0,galaxy,0.9782134890556335,0,galaxy,0.9253687262535095,0,galaxy,0.9404902458190918,0,galaxy,0.9578579664230347,0,galaxy,0.35805004835128784,0,galaxy,0.915061354637146
320,0,galaxy,0,galaxy,True,0,galaxy,True,True,0,galaxy,0.9349426031112671,0,galaxy,0.9267435073852539,0,galaxy,0.9762985706329346,0,galaxy,0.9802883863449097,0,galaxy,0.35805705189704895,0,galaxy,0.8434628248214722
321,0,galaxy,0,galaxy,True,0,galaxy,True,True,0,galaxy,0.9816219210624695,0,galaxy,0.9944289922714233,0,galaxy,0.9816066026687622,0,galaxy,0.9810514450073242,0,galaxy,0.3580532371997833,0,galaxy,0.7268739938735962
322,0,galaxy,0,galaxy,True,0,galaxy,True,True,0,galaxy,0.977963924407959,0,galaxy,0.9775919318199158,0,galaxy,0.9827714562416077,0,galaxy,0.9680072069168091,0,galaxy,0.358049601316452,0,galaxy,0.7165624499320984
323,0,galaxy,0,galaxy,True,0,galaxy,True,True,0,galaxy,0.9741787314414978,0,galaxy,0.9520675539970398,0,galaxy,0.9869275689125061,0,galaxy,0.9840953946113586,0,galaxy,0.35805046558380127,0,galaxy,0.8527337312698364
324,0,galaxy,0,galaxy,True,0,galaxy,True,True,0,galaxy,0.49365144968032837,1,quasar,0.6094086766242981,1,quasar,0.5083959698677063,0,galaxy,0.5386860966682434,0,galaxy,0.3580509424209595,0,galaxy,0.6061319708824158
325,0,galaxy,0,galaxy,True,0,galaxy,True,True,0,galaxy,0.5146438479423523,0,galaxy,0.8490867614746094,0,galaxy,0.8674955368041992,0,galaxy,0.7206089496612549,0,galaxy,0.3580484092235565,0,galaxy,0.6825848817825317
326,0,galaxy,0,galaxy,True,0,galaxy,True,True,0,galaxy,0.8547250032424927,0,galaxy,0.9173972606658936,0,galaxy,0.9684329628944397,0,galaxy,0.3962653577327728,0,galaxy,0.3580484092235565,0,galaxy,0.5132643580436707
327,0,galaxy,0,galaxy,True,0,galaxy,True,True,0,galaxy,0.9553365707397461,0,galaxy,0.9535064101219177,0,galaxy,0.9671603441238403,0,galaxy,0.9754173755645752,0,galaxy,0.3580494821071625,1,quasar,0.38538503646850586
328,0,galaxy,0,galaxy,True,0,galaxy,True,True,0,galaxy,0.7788394689559937,0,galaxy,0.9549492001533508,0,galaxy,0.9577571749687195,0,galaxy,0.8508475422859192,0,galaxy,0.3580520749092102,0,galaxy,0.5649105906486511
329,0,galaxy,0,galaxy,True,0,galaxy,True,True,0,galaxy,0.9143951535224915,0,galaxy,0.8400750160217285,0,galaxy,0.9284700155258179,0,galaxy,0.9456912875175476,0,galaxy,0.3580484986305237,0,galaxy,0.6712140440940857
330,0,galaxy,0,galaxy,True,0,galaxy,True,True,0,galaxy,0.9321550726890564,0,galaxy,0.9822918176651001,0,galaxy,0.9661135077476501,0,galaxy,0.8859434723854065,0,galaxy,0.3580489754676819,0,galaxy,0.44805899262428284
331,0,galaxy,0,galaxy,True,0,galaxy,True,True,0,galaxy,0.9560976028442383,0,galaxy,0.9957043528556824,0,galaxy,0.9821861386299133,0,galaxy,0.9761841297149658,0,galaxy,0.3580579459667206,0,galaxy,0.7203513979911804
332,0,galaxy,0,galaxy,True,0,galaxy,True,True,0,galaxy,0.9653167128562927,0,galaxy,0.9839352369308472,0,galaxy,0.9833897948265076,0,galaxy,0.9827002286911011,0,galaxy,0.35805124044418335,0,galaxy,0.908755362033844
333,0,galaxy,0,galaxy,True,0,galaxy,True,True,0,galaxy,0.9513156414031982,0,galaxy,0.8978269100189209,0,galaxy,0.9585076570510864,0,galaxy,0.791740894317627,0,galaxy,0.3580465614795685,0,galaxy,0.45701688528060913
334,0,galaxy,0,galaxy,True,0,galaxy,True,True,0,galaxy,0.9676719903945923,0,galaxy,0.8606780171394348,0,galaxy,0.9706693291664124,0,galaxy,0.8952634930610657,0,galaxy,0.3580557703971863,0,galaxy,0.8661379218101501
335,0,galaxy,0,galaxy,True,0,galaxy,True,True,0,galaxy,0.9787580966949463,0,galaxy,0.9955610036849976,0,galaxy,0.9811042547225952,0,galaxy,0.9799705743789673,0,galaxy,0.3580372631549835,0,galaxy,0.7247629761695862
336,0,galaxy,0,galaxy,True,0,galaxy,True,True,0,galaxy,0.9705498814582825,0,galaxy,0.9743682146072388,0,galaxy,0.9752076864242554,0,galaxy,0.9344596862792969,0,galaxy,0.3580494225025177,0,galaxy,0.4909452199935913
337,0,galaxy,0,galaxy,True,0,galaxy,True,True,0,galaxy,0.9424247145652771,0,galaxy,0.992328941822052,0,galaxy,0.9768871665000916,0,galaxy,0.9635080099105835,0,galaxy,0.35804876685142517,0,galaxy,0.5492146015167236
338,0,galaxy,0,galaxy,True,0,galaxy,True,True,0,galaxy,0.9599242210388184,0,galaxy,0.9968264102935791,0,galaxy,0.9860596656799316,0,galaxy,0.9874132871627808,0,galaxy,0.3580505847930908,0,galaxy,0.644840657711029
339,0,galaxy,0,galaxy,True,0,galaxy,True,True,0,galaxy,0.9753655791282654,0,galaxy,0.8322688341140747,0,galaxy,0.961815357208252,0,galaxy,0.9755908250808716,0,galaxy,0.35804951190948486,0,galaxy,0.6414238214492798
340,0,galaxy,0,galaxy,True,0,galaxy,True,True,0,galaxy,0.9660041332244873,0,galaxy,0.943766176700592,0,galaxy,0.9690521955490112,0,galaxy,0.9549748301506042,0,galaxy,0.358047753572464,2,star,0.5039297342300415
341,0,galaxy,0,galaxy,True,0,galaxy,True,True,0,galaxy,0.8112389445304871,0,galaxy,0.9583573341369629,0,galaxy,0.9002713561058044,2,star,0.4432089924812317,0,galaxy,0.358049213886261,0,galaxy,0.6109908819198608
342,0,galaxy,0,galaxy,True,0,galaxy,True,True,0,galaxy,0.9340484738349915,0,galaxy,0.8112104535102844,0,galaxy,0.9632498621940613,0,galaxy,0.9383739233016968,0,galaxy,0.3580513000488281,0,galaxy,0.5194294452667236
343,0,galaxy,0,galaxy,True,0,galaxy,True,True,0,galaxy,0.9940205216407776,0,galaxy,0.9982829093933105,0,galaxy,0.9871337413787842,0,galaxy,0.9722941517829895,0,galaxy,0.3580745756626129,0,galaxy,0.8499935865402222
344,0,galaxy,0,galaxy,True,0,galaxy,True,True,0,galaxy,0.9882262349128723,0,galaxy,0.9796587228775024,0,galaxy,0.9796571135520935,0,galaxy,0.9792155027389526,0,galaxy,0.35805273056030273,0,galaxy,0.7028331756591797
345,0,galaxy,0,galaxy,True,0,galaxy,True,True,0,galaxy,0.992206871509552,0,galaxy,0.9960049986839294,0,galaxy,0.9922730326652527,0,galaxy,0.9805958271026611,0,galaxy,0.3580578565597534,0,galaxy,0.915432333946228
346,0,galaxy,0,galaxy,True,0,galaxy,True,True,0,galaxy,0.9918612241744995,0,galaxy,0.9962426424026489,0,galaxy,0.9691935777664185,0,galaxy,0.9823818802833557,0,galaxy,0.358049601316452,0,galaxy,0.8510072827339172
347,0,galaxy,0,galaxy,True,0,galaxy,True,True,0,galaxy,0.8902881145477295,0,galaxy,0.8354424834251404,0,galaxy,0.9681316614151001,0,galaxy,0.938327968120575,0,galaxy,0.35804837942123413,2,star,0.3996431827545166
348,0,galaxy,0,galaxy,True,0,galaxy,True,True,0,galaxy,0.9763630628585815,0,galaxy,0.9123738408088684,0,galaxy,0.9627460837364197,0,galaxy,0.9738261103630066,0,galaxy,0.3580484390258789,0,galaxy,0.49670320749282837
349,0,galaxy,0,galaxy,True,0,galaxy,True,True,0,galaxy,0.9691340327262878,0,galaxy,0.9644737839698792,0,galaxy,0.9733009338378906,0,galaxy,0.9831525087356567,0,galaxy,0.35804978013038635,0,galaxy,0.6104226112365723
350,0,galaxy,0,galaxy,True,0,galaxy,True,True,0,galaxy,0.9851396679878235,0,galaxy,0.9934918284416199,0,galaxy,0.9636234641075134,0,galaxy,0.9817715883255005,0,galaxy,0.3580493628978729,0,galaxy,0.6909540295600891
351,0,galaxy,0,galaxy,True,0,galaxy,True,True,0,galaxy,0.9942910671234131,0,galaxy,0.9888392090797424,0,galaxy,0.9858895540237427,0,galaxy,0.97044837474823,0,galaxy,0.35805079340934753,0,galaxy,0.4801834523677826
352,0,galaxy,0,galaxy,True,0,galaxy,True,True,0,galaxy,0.9228997826576233,0,galaxy,0.9948713779449463,0,galaxy,0.9817735552787781,0,galaxy,0.7817355394363403,0,galaxy,0.35766729712486267,0,galaxy,0.9931319355964661
353,0,galaxy,0,galaxy,True,0,galaxy,True,True,0,galaxy,0.9943095445632935,0,galaxy,0.9934351444244385,0,galaxy,0.9869744777679443,0,galaxy,0.9857091903686523,0,galaxy,0.35805800557136536,0,galaxy,0.7512155175209045
354,0,galaxy,0,galaxy,True,0,galaxy,True,True,0,galaxy,0.9821248054504395,0,galaxy,0.922855794429779,0,galaxy,0.9554881453514099,0,galaxy,0.9388405680656433,0,galaxy,0.35804852843284607,0,galaxy,0.7448146343231201
355,0,galaxy,0,galaxy,True,0,galaxy,True,True,0,galaxy,0.9067906737327576,0,galaxy,0.9362220168113708,0,galaxy,0.9685917496681213,0,galaxy,0.9455119967460632,0,galaxy,0.35804903507232666,0,galaxy,0.7040256261825562
356,0,galaxy,0,galaxy,True,0,galaxy,True,True,0,galaxy,0.9880821704864502,0,galaxy,0.9989192485809326,0,galaxy,0.9882835149765015,0,galaxy,0.9863904714584351,0,galaxy,0.358052521944046,0,galaxy,0.9751603007316589
357,0,galaxy,0,galaxy,True,0,galaxy,True,True,0,galaxy,0.9946041703224182,0,galaxy,0.9981303811073303,0,galaxy,0.9862528443336487,0,galaxy,0.9873773455619812,0,galaxy,0.35804465413093567,0,galaxy,0.9853074550628662
358,0,galaxy,0,galaxy,True,0,galaxy,True,True,0,galaxy,0.9442464709281921,0,galaxy,0.8450806736946106,0,galaxy,0.9763234257698059,0,galaxy,0.8928782343864441,0,galaxy,0.3580494523048401,0,galaxy,0.39573997259140015
359,0,galaxy,0,galaxy,True,0,galaxy,True,True,0,galaxy,0.9935632944107056,0,galaxy,0.9855993986129761,0,galaxy,0.9876852035522461,0,galaxy,0.9872761368751526,0,galaxy,0.3580557107925415,0,galaxy,0.5935243368148804
360,0,galaxy,0,galaxy,True,0,galaxy,True,True,0,galaxy,0.9827012419700623,0,galaxy,0.9939044117927551,0,galaxy,0.9823966026306152,0,galaxy,0.987181544303894,0,galaxy,0.35805362462997437,0,galaxy,0.6843335628509521
361,0,galaxy,0,galaxy,True,0,galaxy,True,True,0,galaxy,0.9891653656959534,0,galaxy,0.971648633480072,0,galaxy,0.9824441075325012,0,galaxy,0.9819079041481018,0,galaxy,0.35805195569992065,0,galaxy,0.7189565896987915
362,0,galaxy,0,galaxy,True,0,galaxy,True,True,0,galaxy,0.9919469952583313,0,galaxy,0.999690055847168,0,galaxy,0.983925461769104,0,galaxy,0.9324241280555725,0,galaxy,0.35799527168273926,0,galaxy,0.9561007618904114
363,0,galaxy,0,galaxy,True,0,galaxy,True,True,0,galaxy,0.7553857564926147,0,galaxy,0.9487341642379761,0,galaxy,0.9421609044075012,0,galaxy,0.9141465425491333,0,galaxy,0.3580498993396759,0,galaxy,0.7094742655754089
364,0,galaxy,0,galaxy,True,0,galaxy,True,True,0,galaxy,0.9844393134117126,0,galaxy,0.9586395621299744,0,galaxy,0.9800481200218201,0,galaxy,0.9874847531318665,0,galaxy,0.35804978013038635,0,galaxy,0.7022461295127869
365,0,galaxy,0,galaxy,True,0,galaxy,True,True,0,galaxy,0.9852746725082397,0,galaxy,0.9929359555244446,0,galaxy,0.9243264198303223,0,galaxy,0.9834076762199402,0,galaxy,0.3580504059791565,0,galaxy,0.7326372861862183
366,0,galaxy,0,galaxy,True,0,galaxy,True,True,0,galaxy,0.9729814529418945,0,galaxy,0.9741039276123047,0,galaxy,0.9645583629608154,0,galaxy,0.9868857860565186,0,galaxy,0.3580508828163147,0,galaxy,0.5922149419784546
367,0,galaxy,0,galaxy,True,0,galaxy,True,True,0,galaxy,0.9102017879486084,0,galaxy,0.8881974816322327,0,galaxy,0.9568225741386414,0,galaxy,0.48661577701568604,0,galaxy,0.35804933309555054,2,star,0.41921383142471313
368,0,galaxy,0,galaxy,True,0,galaxy,True,True,0,galaxy,0.9666292667388916,0,galaxy,0.8435909748077393,0,galaxy,0.9748221635818481,0,galaxy,0.8999543786048889,0,galaxy,0.35804879665374756,0,galaxy,0.6359816193580627
369,0,galaxy,0,galaxy,True,0,galaxy,True,True,0,galaxy,0.9286141395568848,0,galaxy,0.933566153049469,0,galaxy,0.9678288102149963,0,galaxy,0.9688859581947327,0,galaxy,0.35804232954978943,0,galaxy,0.7044709324836731
370,0,galaxy,0,galaxy,True,0,galaxy,True,True,0,galaxy,0.932375967502594,0,galaxy,0.9686535000801086,0,galaxy,0.9631896018981934,0,galaxy,0.9527499675750732,0,galaxy,0.3580481708049774,0,galaxy,0.581908106803894
371,0,galaxy,0,galaxy,True,0,galaxy,True,True,0,galaxy,0.8099374771118164,0,galaxy,0.9936590790748596,0,galaxy,0.9880726337432861,0,galaxy,0.972642183303833,0,galaxy,0.3580482304096222,0,galaxy,0.9729888439178467
372,0,galaxy,0,galaxy,True,0,galaxy,True,True,0,galaxy,0.9923673272132874,0,galaxy,0.9910798668861389,0,galaxy,0.9871435761451721,0,galaxy,0.9763294458389282,0,galaxy,0.3580503463745117,0,galaxy,0.878616988658905
373,0,galaxy,0,galaxy,True,0,galaxy,True,True,0,galaxy,0.9115464091300964,0,galaxy,0.8191822171211243,0,galaxy,0.9745836853981018,0,galaxy,0.9606318473815918,0,galaxy,0.3580491542816162,0,galaxy,0.7204118371009827
374,0,galaxy,0,galaxy,True,2,star,False,False,0,galaxy,0.6814213991165161,2,star,0.5058001279830933,1,quasar,0.4436417520046234,2,star,0.6368564963340759,0,galaxy,0.34927427768707275,0,galaxy,0.4032609164714813
375,0,galaxy,0,galaxy,True,0,galaxy,True,True,0,galaxy,0.9863168597221375,0,galaxy,0.9923036098480225,0,galaxy,0.9697810411453247,0,galaxy,0.9100261330604553,0,galaxy,0.35804691910743713,2,star,0.8600952625274658
376,0,galaxy,0,galaxy,True,0,galaxy,True,True,0,galaxy,0.9741337895393372,0,galaxy,0.9360513687133789,0,galaxy,0.974881649017334,0,galaxy,0.867551863193512,0,galaxy,0.35805007815361023,0,galaxy,0.5073807835578918
377,0,galaxy,0,galaxy,True,0,galaxy,True,True,0,galaxy,0.9683083295822144,0,galaxy,0.9297154545783997,0,galaxy,0.9518463015556335,0,galaxy,0.9777275323867798,0,galaxy,0.35805320739746094,2,star,0.5866231918334961
378,0,galaxy,0,galaxy,True,0,galaxy,True,True,0,galaxy,0.9891979098320007,0,galaxy,0.9896422028541565,0,galaxy,0.9832574725151062,0,galaxy,0.9811978936195374,0,galaxy,0.3580504059791565,0,galaxy,0.5772973895072937
379,0,galaxy,0,galaxy,True,0,galaxy,True,True,0,galaxy,0.9596938490867615,0,galaxy,0.8886736035346985,0,galaxy,0.9758811593055725,0,galaxy,0.9692134261131287,0,galaxy,0.3580484688282013,0,galaxy,0.6353715062141418
380,0,galaxy,0,galaxy,True,0,galaxy,True,True,0,galaxy,0.9762387871742249,0,galaxy,0.9976361989974976,0,galaxy,0.9830011129379272,0,galaxy,0.889327347278595,0,galaxy,0.35806211829185486,0,galaxy,0.9819803237915039
381,0,galaxy,0,galaxy,True,0,galaxy,True,True,0,galaxy,0.9812923669815063,0,galaxy,0.9904289245605469,0,galaxy,0.9823753237724304,0,galaxy,0.9836606383323669,0,galaxy,0.3580513596534729,0,galaxy,0.8013790845870972
382,0,galaxy,0,galaxy,True,0,galaxy,True,True,0,galaxy,0.9786665439605713,0,galaxy,0.9507670402526855,0,galaxy,0.8342387080192566,0,galaxy,0.38762450218200684,0,galaxy,0.35805073380470276,0,galaxy,0.4214799702167511
383,0,galaxy,0,galaxy,True,0,galaxy,True,True,0,galaxy,0.9899075031280518,0,galaxy,0.9966789484024048,0,galaxy,0.9776836633682251,0,galaxy,0.9886696338653564,0,galaxy,0.3580476939678192,0,galaxy,0.8720294237136841
384,0,galaxy,0,galaxy,True,0,galaxy,True,True,2,star,0.999971866607666,0,galaxy,0.6882314085960388,0,galaxy,0.9670076966285706,0,galaxy,0.945389449596405,0,galaxy,0.3580514192581177,0,galaxy,0.9340386986732483
385,0,galaxy,0,galaxy,True,0,galaxy,True,True,0,galaxy,0.9611403346061707,0,galaxy,0.9766128063201904,0,galaxy,0.9311479926109314,0,galaxy,0.9750311374664307,0,galaxy,0.3580499589443207,2,star,0.4837401211261749
386,0,galaxy,0,galaxy,True,0,galaxy,True,True,0,galaxy,0.9209211468696594,0,galaxy,0.9775732755661011,0,galaxy,0.9771549105644226,0,galaxy,0.9617358446121216,0,galaxy,0.3580494225025177,0,galaxy,0.6142486333847046
387,0,galaxy,0,galaxy,True,0,galaxy,True,True,0,galaxy,0.9828510284423828,0,galaxy,0.9939677715301514,0,galaxy,0.9841671586036682,0,galaxy,0.9811245203018188,0,galaxy,0.358048677444458,0,galaxy,0.6306431889533997
388,0,galaxy,0,galaxy,True,0,galaxy,True,True,0,galaxy,0.9893813133239746,0,galaxy,0.9639620780944824,0,galaxy,0.9694482088088989,0,galaxy,0.9803869128227234,0,galaxy,0.3580484986305237,0,galaxy,0.7488692402839661
389,0,galaxy,0,galaxy,True,0,galaxy,True,True,0,galaxy,0.9912914037704468,0,galaxy,0.8508723974227905,0,galaxy,0.9760904312133789,0,galaxy,0.9480488300323486,0,galaxy,0.3580484986305237,2,star,0.8769503235816956
390,0,galaxy,0,galaxy,True,0,galaxy,True,True,2,star,1.0,0,galaxy,0.9759122729301453,0,galaxy,0.9794158935546875,0,galaxy,0.9426825642585754,0,galaxy,0.35804933309555054,0,galaxy,0.9168832302093506
391,0,galaxy,0,galaxy,True,0,galaxy,True,True,0,galaxy,0.9708330035209656,0,galaxy,0.9059510231018066,0,galaxy,0.9647702574729919,0,galaxy,0.9372825026512146,0,galaxy,0.3580484390258789,0,galaxy,0.5621974468231201
392,0,galaxy,0,galaxy,True,0,galaxy,True,True,0,galaxy,0.9903994202613831,0,galaxy,0.9728551506996155,0,galaxy,0.9874401092529297,0,galaxy,0.9460045099258423,0,galaxy,0.3580438792705536,0,galaxy,0.8497952222824097
393,0,galaxy,0,galaxy,True,0,galaxy,True,True,0,galaxy,0.9770718216896057,0,galaxy,0.982968270778656,0,galaxy,0.9796733856201172,0,galaxy,0.916706919670105,0,galaxy,0.3580499589443207,0,galaxy,0.6946585774421692
394,0,galaxy,0,galaxy,True,0,galaxy,True,True,0,galaxy,0.7797629833221436,0,galaxy,0.8817910552024841,0,galaxy,0.9123918414115906,0,galaxy,0.6218128204345703,0,galaxy,0.3580493927001953,0,galaxy,0.5477847456932068
395,0,galaxy,0,galaxy,True,0,galaxy,True,True,0,galaxy,0.981560468673706,0,galaxy,0.9905558228492737,0,galaxy,0.9823026061058044,0,galaxy,0.9830980896949768,0,galaxy,0.3580493927001953,2,star,0.5009855628013611
396,0,galaxy,0,galaxy,True,0,galaxy,True,True,0,galaxy,0.9965799450874329,0,galaxy,0.9969396591186523,0,galaxy,0.9905210733413696,0,galaxy,0.977698028087616,0,galaxy,0.35805073380470276,0,galaxy,0.8348245620727539
397,0,galaxy,0,galaxy,True,0,galaxy,True,True,0,galaxy,0.9900469183921814,0,galaxy,0.9919571876525879,0,galaxy,0.9748323559761047,0,galaxy,0.9814049601554871,0,galaxy,0.35805121064186096,0,galaxy,0.8341866135597229
398,0,galaxy,0,galaxy,True,0,galaxy,True,True,0,galaxy,0.9911965131759644,0,galaxy,0.9891005158424377,0,galaxy,0.9891127943992615,0,galaxy,0.9766530990600586,0,galaxy,0.3580310642719269,0,galaxy,0.5278698801994324
399,0,galaxy,0,galaxy,True,0,galaxy,True,True,0,galaxy,0.9626728296279907,0,galaxy,0.9664994478225708,0,galaxy,0.9347245693206787,0,galaxy,0.8121309876441956,0,galaxy,0.3580453395843506,0,galaxy,0.7582255601882935
400,0,galaxy,0,galaxy,True,0,galaxy,True,True,0,galaxy,0.9937381744384766,0,galaxy,0.9977838397026062,0,galaxy,0.9841501116752625,0,galaxy,0.9887366890907288,0,galaxy,0.3580547571182251,0,galaxy,0.8499181270599365
401,0,galaxy,0,galaxy,True,0,galaxy,True,True,0,galaxy,0.9746126532554626,0,galaxy,0.9493151307106018,0,galaxy,0.969331681728363,0,galaxy,0.9457314014434814,0,galaxy,0.3580489158630371,0,galaxy,0.6611672639846802
402,0,galaxy,0,galaxy,True,0,galaxy,True,True,0,galaxy,0.9493446946144104,0,galaxy,0.9214101433753967,0,galaxy,0.8975805044174194,0,galaxy,0.8341415524482727,0,galaxy,0.3580484986305237,0,galaxy,0.5862635970115662
403,0,galaxy,0,galaxy,True,0,galaxy,True,True,0,galaxy,0.9817273616790771,0,galaxy,0.9019472002983093,0,galaxy,0.9688016176223755,0,galaxy,0.6791531443595886,0,galaxy,0.35804373025894165,0,galaxy,0.4367973208427429
404,0,galaxy,0,galaxy,True,0,galaxy,True,True,2,star,0.5760505199432373,0,galaxy,0.9719467759132385,0,galaxy,0.9900748133659363,0,galaxy,0.9790621995925903,0,galaxy,0.3580544888973236,0,galaxy,0.9536840915679932
405,0,galaxy,0,galaxy,True,0,galaxy,True,True,0,galaxy,0.9200129508972168,0,galaxy,0.9138524532318115,0,galaxy,0.9514923691749573,0,galaxy,0.9754181504249573,0,galaxy,0.35805007815361023,0,galaxy,0.714030921459198
406,0,galaxy,0,galaxy,True,0,galaxy,True,True,0,galaxy,0.9764650464057922,0,galaxy,0.9746526479721069,0,galaxy,0.9708386659622192,0,galaxy,0.912159264087677,0,galaxy,0.3580518066883087,0,galaxy,0.8742344975471497
407,0,galaxy,0,galaxy,True,0,galaxy,True,True,0,galaxy,0.9436630010604858,0,galaxy,0.9940904974937439,0,galaxy,0.9111929535865784,0,galaxy,0.970153272151947,0,galaxy,0.35804808139801025,2,star,0.5122777223587036
408,0,galaxy,0,galaxy,True,0,galaxy,True,True,0,galaxy,0.983797013759613,0,galaxy,0.9683849811553955,0,galaxy,0.9866119623184204,0,galaxy,0.9793689846992493,0,galaxy,0.3580514192581177,0,galaxy,0.7845153212547302
409,0,galaxy,0,galaxy,True,0,galaxy,True,True,0,galaxy,0.988760232925415,0,galaxy,0.9729040265083313,0,galaxy,0.9813036918640137,0,galaxy,0.9775156378746033,0,galaxy,0.35805001854896545,0,galaxy,0.8966532349586487
410,0,galaxy,0,galaxy,True,0,galaxy,True,True,0,galaxy,0.7841052412986755,0,galaxy,0.9818297624588013,0,galaxy,0.9561782479286194,0,galaxy,0.7117138504981995,0,galaxy,0.3580533266067505,0,galaxy,0.9065693616867065
411,0,galaxy,0,galaxy,True,0,galaxy,True,True,0,galaxy,0.9850340485572815,0,galaxy,0.990528404712677,0,galaxy,0.9655010104179382,0,galaxy,0.7931345105171204,0,galaxy,0.358050674200058,0,galaxy,0.5973160266876221
412,0,galaxy,0,galaxy,True,0,galaxy,True,True,0,galaxy,0.9976480603218079,0,galaxy,0.9984990358352661,0,galaxy,0.9755433201789856,0,galaxy,0.9805533289909363,0,galaxy,0.358039915561676,0,galaxy,0.9524467587471008
413,0,galaxy,0,galaxy,True,0,galaxy,True,True,0,galaxy,0.9918578267097473,0,galaxy,0.9981542229652405,0,galaxy,0.9897187948226929,0,galaxy,0.9870814681053162,0,galaxy,0.35805562138557434,0,galaxy,0.8434032201766968
414,0,galaxy,0,galaxy,True,0,galaxy,True,True,0,galaxy,0.9370537996292114,0,galaxy,0.844050943851471,0,galaxy,0.9084662795066833,0,galaxy,0.9474526047706604,0,galaxy,0.35804930329322815,0,galaxy,0.4251115620136261
415,0,galaxy,0,galaxy,True,0,galaxy,True,True,0,galaxy,0.9651550054550171,0,galaxy,0.9848541021347046,0,galaxy,0.9703179001808167,0,galaxy,0.9532350897789001,0,galaxy,0.35804930329322815,2,star,0.5157505869865417
416,0,galaxy,0,galaxy,True,0,galaxy,True,True,0,galaxy,0.9565276503562927,0,galaxy,0.9500263333320618,0,galaxy,0.9746987223625183,0,galaxy,0.9722400903701782,0,galaxy,0.3581027090549469,0,galaxy,0.7313858866691589
417,0,galaxy,0,galaxy,True,0,galaxy,True,True,0,galaxy,0.9843254089355469,0,galaxy,0.9611766934394836,0,galaxy,0.9704599380493164,0,galaxy,0.8583967089653015,0,galaxy,0.3580494821071625,0,galaxy,0.7148638367652893
418,0,galaxy,0,galaxy,True,0,galaxy,True,True,0,galaxy,0.8965746760368347,0,galaxy,0.8492348790168762,0,galaxy,0.9251738786697388,0,galaxy,0.9426348209381104,0,galaxy,0.3580470085144043,0,galaxy,0.5769050121307373
419,0,galaxy,0,galaxy,True,0,galaxy,True,True,0,galaxy,0.7464832067489624,0,galaxy,0.8977780342102051,0,galaxy,0.9819995164871216,0,galaxy,0.9475914239883423,0,galaxy,0.35804611444473267,0,galaxy,0.5895408391952515
420,0,galaxy,0,galaxy,True,0,galaxy,True,True,0,galaxy,0.9499823451042175,0,galaxy,0.9854766726493835,0,galaxy,0.9884224534034729,0,galaxy,0.9815196990966797,0,galaxy,0.3580501079559326,0,galaxy,0.46501174569129944
421,0,galaxy,0,galaxy,True,0,galaxy,True,True,0,galaxy,0.9227015972137451,0,galaxy,0.9792633652687073,0,galaxy,0.9672114849090576,0,galaxy,0.9511201977729797,0,galaxy,0.3580409288406372,0,galaxy,0.6063361763954163
422,0,galaxy,0,galaxy,True,0,galaxy,True,True,0,galaxy,0.9826391935348511,0,galaxy,0.9808961153030396,0,galaxy,0.982010543346405,0,galaxy,0.9840351343154907,0,galaxy,0.3580503463745117,0,galaxy,0.612820565700531
423,0,galaxy,0,galaxy,True,0,galaxy,True,True,0,galaxy,0.9633728861808777,0,galaxy,0.8658655285835266,0,galaxy,0.9788699150085449,0,galaxy,0.9769410490989685,0,galaxy,0.3580501079559326,0,galaxy,0.8293115496635437
424,0,galaxy,0,galaxy,True,0,galaxy,True,True,0,galaxy,0.8710618615150452,0,galaxy,0.7797557711601257,0,galaxy,0.9728336334228516,0,galaxy,0.9706488847732544,0,galaxy,0.35804903507232666,0,galaxy,0.6219373941421509
425,0,galaxy,0,galaxy,True,0,galaxy,True,True,0,galaxy,0.9750165939331055,0,galaxy,0.9792831540107727,0,galaxy,0.9756872653961182,0,galaxy,0.9075050354003906,0,galaxy,0.3580476939678192,2,star,0.4635586440563202
426,0,galaxy,0,galaxy,True,0,galaxy,True,True,0,galaxy,0.9862014651298523,0,galaxy,0.9907298684120178,0,galaxy,0.9856697916984558,0,galaxy,0.9850435256958008,0,galaxy,0.358051061630249,0,galaxy,0.9456056952476501
427,0,galaxy,0,galaxy,True,0,galaxy,True,True,0,galaxy,0.9877398610115051,0,galaxy,0.9952926635742188,0,galaxy,0.9824814200401306,0,galaxy,0.9858589768409729,0,galaxy,0.3580501079559326,0,galaxy,0.7076554894447327
428,0,galaxy,0,galaxy,True,0,galaxy,True,True,0,galaxy,0.6219354867935181,0,galaxy,0.8941349983215332,0,galaxy,0.9405981302261353,0,galaxy,0.572945237159729,0,galaxy,0.35805222392082214,0,galaxy,0.5244683027267456
429,0,galaxy,0,galaxy,True,0,galaxy,True,True,0,galaxy,0.9225906133651733,0,galaxy,0.6865110993385315,0,galaxy,0.9702301621437073,0,galaxy,0.9736077189445496,0,galaxy,0.35804885625839233,0,galaxy,0.5983821749687195
430,0,galaxy,0,galaxy,True,0,galaxy,True,True,0,galaxy,0.9847328066825867,0,galaxy,0.9553387761116028,0,galaxy,0.9822258949279785,0,galaxy,0.9857639670372009,0,galaxy,0.35804933309555054,0,galaxy,0.70843106508255
431,0,galaxy,0,galaxy,True,0,galaxy,True,True,0,galaxy,0.9665989875793457,0,galaxy,0.9846923351287842,0,galaxy,0.9668362736701965,0,galaxy,0.9752922654151917,0,galaxy,0.35805097222328186,2,star,0.5550954341888428
432,0,galaxy,0,galaxy,True,0,galaxy,True,True,0,galaxy,0.9162372350692749,0,galaxy,0.9712598323822021,0,galaxy,0.9318678379058838,0,galaxy,0.9461214542388916,0,galaxy,0.3580515682697296,0,galaxy,0.6069204807281494
433,0,galaxy,0,galaxy,True,0,galaxy,True,True,0,galaxy,0.9558999538421631,0,galaxy,0.896575927734375,0,galaxy,0.823517382144928,0,galaxy,0.9326443672180176,0,galaxy,0.3580496609210968,0,galaxy,0.6743413209915161
434,0,galaxy,0,galaxy,True,0,galaxy,True,True,0,galaxy,0.8900375962257385,0,galaxy,0.9397978186607361,0,galaxy,0.860771656036377,0,galaxy,0.7743755578994751,0,galaxy,0.3580470681190491,0,galaxy,0.5084139108657837
435,0,galaxy,0,galaxy,True,0,galaxy,True,True,0,galaxy,0.8839303851127625,0,galaxy,0.9880571365356445,0,galaxy,0.9234165549278259,0,galaxy,0.9649654626846313,0,galaxy,0.35804903507232666,0,galaxy,0.7010042667388916
436,0,galaxy,0,galaxy,True,0,galaxy,True,True,2,star,0.5655567646026611,0,galaxy,0.5353022217750549,0,galaxy,0.7950240969657898,0,galaxy,0.917303740978241,0,galaxy,0.3580434322357178,0,galaxy,0.9442763328552246
437,0,galaxy,0,galaxy,True,0,galaxy,True,True,0,galaxy,0.8125241994857788,0,galaxy,0.8510497808456421,0,galaxy,0.8972188830375671,0,galaxy,0.622154176235199,0,galaxy,0.3580494523048401,2,star,0.7835480570793152
438,0,galaxy,0,galaxy,True,0,galaxy,True,True,0,galaxy,0.9462552666664124,0,galaxy,0.7720248103141785,0,galaxy,0.9785661697387695,0,galaxy,0.7625117301940918,0,galaxy,0.35804569721221924,0,galaxy,0.5981569290161133
439,0,galaxy,0,galaxy,True,0,galaxy,True,True,0,galaxy,0.9800957441329956,0,galaxy,0.982111930847168,0,galaxy,0.9803940057754517,0,galaxy,0.965192437171936,0,galaxy,0.3580484986305237,2,star,0.5142546892166138
440,0,galaxy,0,galaxy,True,0,galaxy,True,True,0,galaxy,0.9564628601074219,0,galaxy,0.8800747990608215,0,galaxy,0.933539867401123,0,galaxy,0.9673882126808167,0,galaxy,0.3580494225025177,0,galaxy,0.7709483504295349
441,0,galaxy,0,galaxy,True,0,galaxy,True,True,0,galaxy,0.954540491104126,0,galaxy,0.9426308870315552,0,galaxy,0.9399828314781189,0,galaxy,0.8021132349967957,0,galaxy,0.3580492436885834,0,galaxy,0.6081230640411377
442,0,galaxy,0,galaxy,True,0,galaxy,True,True,0,galaxy,0.8697102665901184,0,galaxy,0.9348433017730713,0,galaxy,0.9691513776779175,0,galaxy,0.827415406703949,0,galaxy,0.35804876685142517,2,star,0.5270984768867493
443,0,galaxy,0,galaxy,True,0,galaxy,True,True,0,galaxy,0.8906390070915222,0,galaxy,0.7596262097358704,0,galaxy,0.9515992403030396,0,galaxy,0.8916734457015991,0,galaxy,0.3580496907234192,0,galaxy,0.3869180381298065
444,0,galaxy,0,galaxy,True,0,galaxy,True,True,0,galaxy,0.9766077995300293,0,galaxy,0.9757954478263855,0,galaxy,0.9602727890014648,0,galaxy,0.9725900888442993,0,galaxy,0.35804983973503113,0,galaxy,0.7160062193870544
445,0,galaxy,0,galaxy,True,0,galaxy,True,True,0,galaxy,0.960233747959137,0,galaxy,0.8653329610824585,0,galaxy,0.9433683753013611,0,galaxy,0.937268853187561,0,galaxy,0.35804712772369385,0,galaxy,0.6287577748298645
446,0,galaxy,0,galaxy,True,0,galaxy,True,True,0,galaxy,0.7464896440505981,0,galaxy,0.9392655491828918,0,galaxy,0.6622005105018616,0,galaxy,0.9042873382568359,0,galaxy,0.3580493628978729,2,star,0.4257013201713562
447,0,galaxy,0,galaxy,True,0,galaxy,True,True,0,galaxy,0.9388489723205566,0,galaxy,0.9266637563705444,0,galaxy,0.9486232399940491,0,galaxy,0.972586452960968,0,galaxy,0.3580491840839386,0,galaxy,0.561801016330719
448,0,galaxy,0,galaxy,True,0,galaxy,True,True,0,galaxy,0.9733456373214722,0,galaxy,0.9973978996276855,0,galaxy,0.9830825328826904,0,galaxy,0.9860549569129944,0,galaxy,0.3580523431301117,0,galaxy,0.8315902352333069
449,0,galaxy,0,galaxy,True,0,galaxy,True,True,0,galaxy,0.9206458330154419,0,galaxy,0.9811893701553345,0,galaxy,0.9738858938217163,0,galaxy,0.567122220993042,0,galaxy,0.3580453395843506,0,galaxy,0.7750462889671326
450,0,galaxy,0,galaxy,True,0,galaxy,True,True,0,galaxy,0.7644806504249573,0,galaxy,0.9548686742782593,0,galaxy,0.8517076969146729,0,galaxy,0.5144285559654236,0,galaxy,0.35804906487464905,0,galaxy,0.5175719857215881
451,0,galaxy,0,galaxy,True,0,galaxy,True,True,0,galaxy,0.8796057105064392,0,galaxy,0.8836450576782227,0,galaxy,0.9591341018676758,0,galaxy,0.9689815640449524,0,galaxy,0.3580496311187744,0,galaxy,0.6421523094177246
452,0,galaxy,0,galaxy,True,0,galaxy,True,True,0,galaxy,0.9884400367736816,0,galaxy,0.9662322402000427,0,galaxy,0.9775199294090271,0,galaxy,0.9774322509765625,0,galaxy,0.358048677444458,0,galaxy,0.462615966796875
453,0,galaxy,0,galaxy,True,0,galaxy,True,True,0,galaxy,0.9725649356842041,0,galaxy,0.9685525894165039,0,galaxy,0.9728455543518066,0,galaxy,0.9846240282058716,0,galaxy,0.3580392599105835,2,star,0.5030008554458618
454,0,galaxy,0,galaxy,True,0,galaxy,True,True,0,galaxy,0.9189139008522034,0,galaxy,0.9832883477210999,0,galaxy,0.9683836698532104,0,galaxy,0.8974525332450867,0,galaxy,0.35743632912635803,0,galaxy,0.579340398311615
455,0,galaxy,0,galaxy,True,0,galaxy,True,True,0,galaxy,0.9617352485656738,0,galaxy,0.9875237941741943,0,galaxy,0.984265923500061,0,galaxy,0.9920803904533386,0,galaxy,0.35805046558380127,0,galaxy,0.9375879764556885
456,0,galaxy,0,galaxy,True,0,galaxy,True,True,0,galaxy,0.9415237903594971,0,galaxy,0.9406169056892395,0,galaxy,0.9762502312660217,0,galaxy,0.978729784488678,0,galaxy,0.35804474353790283,0,galaxy,0.9129037857055664
457,0,galaxy,0,galaxy,True,0,galaxy,True,True,0,galaxy,0.9798381328582764,0,galaxy,0.8982326984405518,0,galaxy,0.9693189263343811,0,galaxy,0.9750698804855347,0,galaxy,0.3580523431301117,0,galaxy,0.7486620545387268
458,0,galaxy,0,galaxy,True,0,galaxy,True,True,0,galaxy,0.9762952327728271,0,galaxy,0.9769852161407471,0,galaxy,0.9818158149719238,0,galaxy,0.9752858281135559,0,galaxy,0.3580487072467804,0,galaxy,0.7880518436431885
459,0,galaxy,0,galaxy,True,0,galaxy,True,True,0,galaxy,0.8831982612609863,0,galaxy,0.98633873462677,0,galaxy,0.9746929407119751,0,galaxy,0.9591262936592102,0,galaxy,0.358049601316452,0,galaxy,0.7019950151443481
460,0,galaxy,0,galaxy,True,0,galaxy,True,True,2,star,0.5659568309783936,0,galaxy,0.9572276473045349,0,galaxy,0.8920381665229797,2,star,0.49480709433555603,0,galaxy,0.3580482602119446,0,galaxy,0.8912151455879211
461,0,galaxy,0,galaxy,True,0,galaxy,True,True,0,galaxy,0.9853119254112244,0,galaxy,0.9710249900817871,0,galaxy,0.9691649079322815,0,galaxy,0.9866635799407959,0,galaxy,0.35805198550224304,0,galaxy,0.8156225681304932
462,0,galaxy,0,galaxy,True,0,galaxy,True,True,0,galaxy,0.6866997480392456,0,galaxy,0.9029721617698669,0,galaxy,0.9195584654808044,0,galaxy,0.964940071105957,0,galaxy,0.35805001854896545,0,galaxy,0.7607345581054688
463,0,galaxy,0,galaxy,True,0,galaxy,True,True,0,galaxy,0.8537104725837708,0,galaxy,0.9474310874938965,0,galaxy,0.9644939303398132,0,galaxy,0.9214782118797302,0,galaxy,0.3580394387245178,0,galaxy,0.9525913596153259
464,0,galaxy,0,galaxy,True,0,galaxy,True,True,0,galaxy,0.9642210006713867,0,galaxy,0.888228178024292,0,galaxy,0.9604122042655945,0,galaxy,0.8874688744544983,0,galaxy,0.3580496907234192,0,galaxy,0.569404661655426
465,0,galaxy,0,galaxy,True,0,galaxy,True,True,1,quasar,0.9999996423721313,0,galaxy,0.5404971837997437,0,galaxy,0.9695223569869995,0,galaxy,0.9838275909423828,0,galaxy,0.35804852843284607,0,galaxy,0.9718698263168335
466,0,galaxy,0,galaxy,True,0,galaxy,True,True,0,galaxy,0.9945443868637085,0,galaxy,0.9961024522781372,0,galaxy,0.9839665293693542,0,galaxy,0.9836177825927734,0,galaxy,0.35805603861808777,0,galaxy,0.9008453488349915
467,0,galaxy,0,galaxy,True,0,galaxy,True,True,0,galaxy,0.9803973436355591,0,galaxy,0.9866727590560913,0,galaxy,0.975519597530365,0,galaxy,0.9747278094291687,0,galaxy,0.35804980993270874,0,galaxy,0.6382283568382263
468,0,galaxy,0,galaxy,True,0,galaxy,True,True,0,galaxy,0.9723343253135681,0,galaxy,0.9652899503707886,0,galaxy,0.979841947555542,0,galaxy,0.9622470736503601,0,galaxy,0.3580511212348938,0,galaxy,0.8731564879417419
469,0,galaxy,0,galaxy,True,0,galaxy,True,True,0,galaxy,0.9873862862586975,0,galaxy,0.9890196919441223,0,galaxy,0.985332190990448,0,galaxy,0.9817708134651184,0,galaxy,0.35805225372314453,0,galaxy,0.8395029902458191
470,0,galaxy,0,galaxy,True,0,galaxy,True,True,0,galaxy,0.9634784460067749,0,galaxy,0.9393771886825562,0,galaxy,0.979713499546051,0,galaxy,0.9270152449607849,0,galaxy,0.3580496609210968,0,galaxy,0.7070735692977905
471,0,galaxy,0,galaxy,True,0,galaxy,True,True,0,galaxy,0.994803249835968,0,galaxy,0.9878033995628357,0,galaxy,0.9881772398948669,0,galaxy,0.987223744392395,0,galaxy,0.35805070400238037,0,galaxy,0.7705867886543274
472,0,galaxy,0,galaxy,True,0,galaxy,True,True,0,galaxy,0.6864363551139832,0,galaxy,0.9071048498153687,0,galaxy,0.9127393960952759,0,galaxy,0.9668551087379456,0,galaxy,0.3580493927001953,0,galaxy,0.8401457071304321
473,0,galaxy,0,galaxy,True,0,galaxy,True,True,2,star,0.647932767868042,0,galaxy,0.9573783874511719,0,galaxy,0.7458900809288025,0,galaxy,0.8901455402374268,0,galaxy,0.3580499589443207,0,galaxy,0.5350697636604309
474,0,galaxy,0,galaxy,True,0,galaxy,True,True,0,galaxy,0.7740820050239563,0,galaxy,0.7423315644264221,0,galaxy,0.9681295156478882,0,galaxy,0.9064982533454895,0,galaxy,0.3580491840839386,0,galaxy,0.9292394518852234
475,0,galaxy,0,galaxy,True,0,galaxy,True,True,0,galaxy,0.9842674136161804,0,galaxy,0.9805178642272949,0,galaxy,0.9773641228675842,0,galaxy,0.9705362915992737,0,galaxy,0.3580501675605774,0,galaxy,0.8061219453811646
476,0,galaxy,0,galaxy,True,0,galaxy,True,True,0,galaxy,0.9875909090042114,0,galaxy,0.9885080456733704,0,galaxy,0.9812493920326233,0,galaxy,0.9892953038215637,0,galaxy,0.35805314779281616,0,galaxy,0.8095822334289551
477,0,galaxy,0,galaxy,True,0,galaxy,True,True,0,galaxy,0.9918721318244934,0,galaxy,0.9895673394203186,0,galaxy,0.9817132353782654,0,galaxy,0.9809653162956238,0,galaxy,0.358048677444458,0,galaxy,0.9262752532958984
478,0,galaxy,0,galaxy,True,0,galaxy,True,True,0,galaxy,0.9801552891731262,0,galaxy,0.9782861471176147,0,galaxy,0.9746934771537781,0,galaxy,0.8869889974594116,0,galaxy,0.35804957151412964,0,galaxy,0.5875392556190491
479,0,galaxy,0,galaxy,True,0,galaxy,True,True,0,galaxy,0.9767553210258484,0,galaxy,0.9549433588981628,0,galaxy,0.984718918800354,0,galaxy,0.9725179076194763,0,galaxy,0.35805046558380127,0,galaxy,0.6366801857948303
480,0,galaxy,0,galaxy,True,0,galaxy,True,True,0,galaxy,0.952276885509491,0,galaxy,0.9839093089103699,0,galaxy,0.9371359944343567,0,galaxy,0.9331712126731873,0,galaxy,0.3580537438392639,0,galaxy,0.7281365394592285
481,0,galaxy,0,galaxy,True,0,galaxy,True,True,0,galaxy,0.8359516263008118,0,galaxy,0.9861047863960266,0,galaxy,0.9684804677963257,0,galaxy,0.9468629360198975,0,galaxy,0.35804927349090576,0,galaxy,0.6189398765563965
482,0,galaxy,0,galaxy,True,0,galaxy,True,True,0,galaxy,0.9944255352020264,0,galaxy,0.9705095291137695,0,galaxy,0.9831070899963379,0,galaxy,0.9845883250236511,0,galaxy,0.3580530285835266,0,galaxy,0.9399094581604004
483,0,galaxy,0,galaxy,True,0,galaxy,True,True,0,galaxy,0.9894788861274719,0,galaxy,0.9956185221672058,0,galaxy,0.9814481139183044,0,galaxy,0.9909959435462952,0,galaxy,0.3580574691295624,0,galaxy,0.6921117901802063
484,0,galaxy,0,galaxy,True,0,galaxy,True,True,0,galaxy,0.9812890291213989,0,galaxy,0.954279899597168,0,galaxy,0.969244658946991,0,galaxy,0.9399710297584534,0,galaxy,0.3580491542816162,0,galaxy,0.5922134518623352
485,0,galaxy,0,galaxy,True,0,galaxy,True,True,0,galaxy,0.950187623500824,0,galaxy,0.9816669225692749,0,galaxy,0.9789347052574158,0,galaxy,0.9756723046302795,0,galaxy,0.35804805159568787,0,galaxy,0.3841796815395355
486,0,galaxy,0,galaxy,True,0,galaxy,True,True,1,quasar,0.6221344470977783,0,galaxy,0.6692190170288086,0,galaxy,0.8967210054397583,0,galaxy,0.6914536356925964,0,galaxy,0.35804635286331177,1,quasar,0.6404767036437988
487,0,galaxy,0,galaxy,True,0,galaxy,True,True,0,galaxy,0.9780349731445312,0,galaxy,0.9855725169181824,0,galaxy,0.9744352698326111,0,galaxy,0.9805344939231873,0,galaxy,0.3580508530139923,0,galaxy,0.44566211104393005
488,0,galaxy,0,galaxy,True,0,galaxy,True,True,0,galaxy,0.9350787997245789,0,galaxy,0.9416211247444153,0,galaxy,0.9308702349662781,0,galaxy,0.4745745360851288,0,galaxy,0.3580491840839386,0,galaxy,0.3870418965816498
489,0,galaxy,0,galaxy,True,0,galaxy,True,True,0,galaxy,0.9878928065299988,0,galaxy,0.9832356572151184,0,galaxy,0.975879430770874,0,galaxy,0.984258770942688,0,galaxy,0.3580487370491028,0,galaxy,0.54459547996521
490,0,galaxy,0,galaxy,True,0,galaxy,True,True,0,galaxy,0.8429558873176575,0,galaxy,0.9018132090568542,0,galaxy,0.9508816003799438,0,galaxy,0.9227168560028076,0,galaxy,0.35804879665374756,1,quasar,0.3612908124923706
491,0,galaxy,0,galaxy,True,0,galaxy,True,True,0,galaxy,0.8812887668609619,0,galaxy,0.5772068500518799,2,star,0.8759726285934448,0,galaxy,0.9562954306602478,0,galaxy,0.35805264115333557,0,galaxy,0.5001385807991028
492,0,galaxy,0,galaxy,True,0,galaxy,True,True,0,galaxy,0.9950578212738037,0,galaxy,0.9963793158531189,0,galaxy,0.9830909371376038,0,galaxy,0.9906589984893799,0,galaxy,0.35805460810661316,0,galaxy,0.704826831817627
493,0,galaxy,0,galaxy,True,0,galaxy,True,True,0,galaxy,0.9553543329238892,0,galaxy,0.9335752725601196,0,galaxy,0.9813418388366699,0,galaxy,0.9784849286079407,0,galaxy,0.3580498695373535,0,galaxy,0.904671311378479
494,0,galaxy,0,galaxy,True,0,galaxy,True,True,0,galaxy,0.9955457448959351,0,galaxy,0.9831410646438599,0,galaxy,0.9802667498588562,0,galaxy,0.9044305682182312,0,galaxy,0.3580465316772461,0,galaxy,0.8655114769935608
495,0,galaxy,0,galaxy,True,0,galaxy,True,True,0,galaxy,0.97982257604599,0,galaxy,0.9993476271629333,0,galaxy,0.9505250453948975,0,galaxy,0.9529178142547607,0,galaxy,0.3580574691295624,0,galaxy,0.5960385799407959
496,0,galaxy,0,galaxy,True,0,galaxy,True,True,0,galaxy,0.9856735467910767,0,galaxy,0.9739844799041748,0,galaxy,0.9840928316116333,0,galaxy,0.9820696115493774,0,galaxy,0.35805001854896545,0,galaxy,0.746702253818512
497,0,galaxy,0,galaxy,True,0,galaxy,True,True,0,galaxy,0.9571171402931213,0,galaxy,0.9833080768585205,0,galaxy,0.9895790219306946,0,galaxy,0.9872902035713196,0,galaxy,0.35805487632751465,0,galaxy,0.9002225995063782
498,0,galaxy,0,galaxy,True,0,galaxy,True,True,0,galaxy,0.9689599275588989,0,galaxy,0.9537185430526733,0,galaxy,0.960700273513794,0,galaxy,0.9845367074012756,0,galaxy,0.35804906487464905,0,galaxy,0.5878003239631653
499,0,galaxy,0,galaxy,True,0,galaxy,True,True,0,galaxy,0.9727502465248108,0,galaxy,0.9915408492088318,0,galaxy,0.9871659874916077,0,galaxy,0.9788314700126648,0,galaxy,0.35811030864715576,0,galaxy,0.47230595350265503
500,0,galaxy,0,galaxy,True,0,galaxy,True,True,0,galaxy,0.9752005934715271,0,galaxy,0.9726414084434509,0,galaxy,0.9872919321060181,0,galaxy,0.9341298937797546,0,galaxy,0.3580476641654968,0,galaxy,0.8537578582763672
501,0,galaxy,0,galaxy,True,0,galaxy,True,True,0,galaxy,0.9951294660568237,0,galaxy,0.9836627244949341,0,galaxy,0.9747999906539917,0,galaxy,0.9828742742538452,0,galaxy,0.358048677444458,0,galaxy,0.8583940863609314
502,0,galaxy,0,galaxy,True,0,galaxy,True,True,0,galaxy,0.9799497723579407,0,galaxy,0.9866821765899658,0,galaxy,0.9753856062889099,0,galaxy,0.8438437581062317,0,galaxy,0.35804837942123413,0,galaxy,0.6302462816238403
503,0,galaxy,0,galaxy,True,0,galaxy,True,True,0,galaxy,0.9565408825874329,0,galaxy,0.9262866973876953,0,galaxy,0.9502370357513428,0,galaxy,0.8835762143135071,0,galaxy,0.3580482006072998,0,galaxy,0.8642205595970154
504,0,galaxy,0,galaxy,True,0,galaxy,True,True,0,galaxy,0.6622281074523926,0,galaxy,0.8173945546150208,0,galaxy,0.9161210656166077,0,galaxy,0.9716596603393555,0,galaxy,0.35804885625839233,1,quasar,0.5135979652404785
505,0,galaxy,0,galaxy,True,0,galaxy,True,True,0,galaxy,0.7412104606628418,0,galaxy,0.9391773343086243,0,galaxy,0.9779608845710754,0,galaxy,0.9852897524833679,0,galaxy,0.3580503463745117,0,galaxy,0.7582824230194092
506,0,galaxy,0,galaxy,True,0,galaxy,True,True,0,galaxy,0.9309900999069214,0,galaxy,0.9600313305854797,0,galaxy,0.9635537266731262,0,galaxy,0.9592758417129517,0,galaxy,0.3580493628978729,0,galaxy,0.5753271579742432
507,0,galaxy,0,galaxy,True,0,galaxy,True,True,0,galaxy,0.8843528628349304,0,galaxy,0.9688105583190918,0,galaxy,0.9878586530685425,0,galaxy,0.9861171841621399,0,galaxy,0.35805046558380127,0,galaxy,0.6475616097450256
508,0,galaxy,0,galaxy,True,0,galaxy,True,True,0,galaxy,0.8402770757675171,0,galaxy,0.9635360240936279,0,galaxy,0.9790886044502258,0,galaxy,0.9720273017883301,0,galaxy,0.3580494523048401,0,galaxy,0.6716145277023315
509,0,galaxy,0,galaxy,True,0,galaxy,True,True,0,galaxy,0.6411306858062744,1,quasar,0.47984257340431213,0,galaxy,0.7711820006370544,0,galaxy,0.3695867359638214,0,galaxy,0.35804885625839233,0,galaxy,0.6242069005966187
510,0,galaxy,0,galaxy,True,0,galaxy,True,True,0,galaxy,0.8881710171699524,0,galaxy,0.8881009221076965,0,galaxy,0.9694550037384033,0,galaxy,0.908123791217804,0,galaxy,0.3580248951911926,0,galaxy,0.698663592338562
511,0,galaxy,0,galaxy,True,0,galaxy,True,True,0,galaxy,0.8004107475280762,0,galaxy,0.8777896165847778,0,galaxy,0.9840217232704163,0,galaxy,0.9565441608428955,0,galaxy,0.35804787278175354,0,galaxy,0.5957434773445129
512,0,galaxy,0,galaxy,True,0,galaxy,True,True,0,galaxy,0.5578004121780396,0,galaxy,0.9029321670532227,0,galaxy,0.774783194065094,2,star,0.41704779863357544,0,galaxy,0.35805174708366394,1,quasar,0.430861234664917
513,0,galaxy,0,galaxy,True,0,galaxy,True,True,0,galaxy,0.8948975801467896,0,galaxy,0.9171078205108643,0,galaxy,0.9057585000991821,0,galaxy,0.935146689414978,0,galaxy,0.3580501079559326,1,quasar,0.5582349896430969
514,0,galaxy,0,galaxy,True,0,galaxy,True,True,0,galaxy,0.8809508681297302,0,galaxy,0.9824436902999878,0,galaxy,0.9849306344985962,0,galaxy,0.9783135056495667,0,galaxy,0.3580503761768341,0,galaxy,0.862328827381134
515,0,galaxy,0,galaxy,True,0,galaxy,True,True,0,galaxy,0.9666051268577576,0,galaxy,0.9887354969978333,0,galaxy,0.9752596616744995,0,galaxy,0.9806444048881531,0,galaxy,0.3580458164215088,0,galaxy,0.753722071647644
516,0,galaxy,0,galaxy,True,1,quasar,False,False,1,quasar,0.6392894387245178,0,galaxy,0.4419039189815521,0,galaxy,0.5274206399917603,1,quasar,0.4948934316635132,0,galaxy,0.3580390214920044,0,galaxy,0.5958811640739441
517,0,galaxy,0,galaxy,True,0,galaxy,True,True,0,galaxy,0.974648654460907,0,galaxy,0.9705515503883362,0,galaxy,0.985124945640564,0,galaxy,0.9844037294387817,0,galaxy,0.3580421209335327,1,quasar,0.48079922795295715
518,0,galaxy,0,galaxy,True,0,galaxy,True,True,0,galaxy,0.936411440372467,0,galaxy,0.894626259803772,0,galaxy,0.9849002361297607,0,galaxy,0.9819555878639221,0,galaxy,0.3580422103404999,0,galaxy,0.8783662915229797
519,0,galaxy,0,galaxy,True,0,galaxy,True,True,0,galaxy,0.9348734021186829,0,galaxy,0.8706815242767334,0,galaxy,0.9773328304290771,0,galaxy,0.9782217144966125,0,galaxy,0.3580482602119446,0,galaxy,0.7130982279777527
520,0,galaxy,0,galaxy,True,0,galaxy,True,True,0,galaxy,0.9154177308082581,0,galaxy,0.7018434405326843,0,galaxy,0.9679027795791626,0,galaxy,0.6669279932975769,0,galaxy,0.3580492436885834,0,galaxy,0.6311445236206055
521,0,galaxy,0,galaxy,True,0,galaxy,True,True,0,galaxy,0.6805841326713562,0,galaxy,0.9662997722625732,0,galaxy,0.9715223908424377,0,galaxy,0.7324779033660889,0,galaxy,0.3580513894557953,0,galaxy,0.6989552974700928
522,0,galaxy,0,galaxy,True,0,galaxy,True,True,0,galaxy,0.7397491335868835,0,galaxy,0.8231861591339111,0,galaxy,0.9585005640983582,0,galaxy,0.8120332360267639,0,galaxy,0.35804885625839233,1,quasar,0.36577773094177246
523,0,galaxy,1,quasar,False,1,quasar,False,True,0,galaxy,0.43032658100128174,1,quasar,0.4576569199562073,1,quasar,0.7268922328948975,1,quasar,0.4182499647140503,0,galaxy,0.3580491840839386,1,quasar,0.39199772477149963
524,0,galaxy,0,galaxy,True,0,galaxy,True,True,0,galaxy,0.9722515940666199,0,galaxy,0.9644320607185364,0,galaxy,0.988057017326355,0,galaxy,0.977997362613678,0,galaxy,0.35805022716522217,1,quasar,0.42554864287376404
525,0,galaxy,0,galaxy,True,0,galaxy,True,True,0,galaxy,0.9828578233718872,0,galaxy,0.5815736055374146,0,galaxy,0.9551963806152344,0,galaxy,0.9781470894813538,0,galaxy,0.3580497205257416,0,galaxy,0.8032410144805908
526,0,galaxy,0,galaxy,True,0,galaxy,True,True,0,galaxy,0.8376623392105103,0,galaxy,0.9048036932945251,0,galaxy,0.9668984413146973,0,galaxy,0.9609853029251099,0,galaxy,0.3580476641654968,0,galaxy,0.8174405694007874
527,0,galaxy,0,galaxy,True,0,galaxy,True,True,0,galaxy,0.47943055629730225,0,galaxy,0.9830817580223083,0,galaxy,0.9221704006195068,0,galaxy,0.8714847564697266,0,galaxy,0.35804226994514465,0,galaxy,0.3810773193836212
528,0,galaxy,0,galaxy,True,0,galaxy,True,True,0,galaxy,0.9957714676856995,0,galaxy,0.9648897647857666,0,galaxy,0.9666928648948669,0,galaxy,0.9725349545478821,0,galaxy,0.35805416107177734,0,galaxy,0.727990448474884
529,0,galaxy,0,galaxy,True,0,galaxy,True,True,0,galaxy,0.9945017099380493,0,galaxy,0.9942463040351868,0,galaxy,0.9875264763832092,0,galaxy,0.9887294173240662,0,galaxy,0.35805603861808777,0,galaxy,0.8619161248207092
530,0,galaxy,0,galaxy,True,0,galaxy,True,True,0,galaxy,0.9055238366127014,0,galaxy,0.9604465365409851,0,galaxy,0.9669871926307678,0,galaxy,0.7817431092262268,0,galaxy,0.3580487370491028,0,galaxy,0.48004093766212463
531,0,galaxy,0,galaxy,True,0,galaxy,True,True,0,galaxy,0.9770869612693787,0,galaxy,0.9049868583679199,0,galaxy,0.956950306892395,0,galaxy,0.8445689082145691,0,galaxy,0.3580436408519745,0,galaxy,0.8793126940727234
532,0,galaxy,0,galaxy,True,0,galaxy,True,True,0,galaxy,0.8748660087585449,0,galaxy,0.9954990744590759,0,galaxy,0.9694328308105469,0,galaxy,0.9171323776245117,0,galaxy,0.3580476939678192,0,galaxy,0.8917977213859558
533,0,galaxy,0,galaxy,True,0,galaxy,True,True,0,galaxy,0.9870733022689819,0,galaxy,0.9950369000434875,0,galaxy,0.9899119734764099,0,galaxy,0.9833383560180664,0,galaxy,0.3580131530761719,0,galaxy,0.7543060779571533
534,0,galaxy,0,galaxy,True,0,galaxy,True,True,0,galaxy,0.9447600841522217,0,galaxy,0.9347363114356995,0,galaxy,0.9766626358032227,0,galaxy,0.9559934139251709,0,galaxy,0.35804930329322815,0,galaxy,0.3843827545642853
535,0,galaxy,0,galaxy,True,0,galaxy,True,True,0,galaxy,0.9808782339096069,0,galaxy,0.995693564414978,0,galaxy,0.9890899062156677,0,galaxy,0.9882124066352844,0,galaxy,0.35805216431617737,0,galaxy,0.5916426181793213
536,0,galaxy,0,galaxy,True,0,galaxy,True,True,0,galaxy,0.9841307997703552,0,galaxy,0.9546434879302979,0,galaxy,0.9498457312583923,0,galaxy,0.9281197190284729,0,galaxy,0.35805195569992065,0,galaxy,0.5737758278846741
537,0,galaxy,0,galaxy,True,0,galaxy,True,True,0,galaxy,0.9766395688056946,0,galaxy,0.9754976630210876,0,galaxy,0.9697778820991516,0,galaxy,0.7950090765953064,0,galaxy,0.35802987217903137,0,galaxy,0.9621495008468628
538,0,galaxy,0,galaxy,True,0,galaxy,True,True,0,galaxy,0.9626403450965881,0,galaxy,0.9980481863021851,0,galaxy,0.984955370426178,0,galaxy,0.9730871915817261,0,galaxy,0.35805225372314453,0,galaxy,0.8607966303825378
539,0,galaxy,0,galaxy,True,0,galaxy,True,True,0,galaxy,0.8820720314979553,0,galaxy,0.9232895374298096,0,galaxy,0.9570837020874023,0,galaxy,0.9664234519004822,0,galaxy,0.35804611444473267,0,galaxy,0.3525976836681366
540,0,galaxy,0,galaxy,True,0,galaxy,True,True,0,galaxy,0.989674985408783,0,galaxy,0.9970105886459351,0,galaxy,0.990284264087677,0,galaxy,0.989607036113739,0,galaxy,0.35805487632751465,2,star,0.547859251499176
541,0,galaxy,0,galaxy,True,1,quasar,False,False,0,galaxy,0.5478711128234863,1,quasar,0.5033312439918518,1,quasar,0.5004315972328186,1,quasar,0.6125031113624573,0,galaxy,0.35804951190948486,0,galaxy,0.3987174928188324
542,0,galaxy,0,galaxy,True,0,galaxy,True,True,0,galaxy,0.9745113253593445,0,galaxy,0.9332939982414246,0,galaxy,0.985982358455658,0,galaxy,0.9859960675239563,0,galaxy,0.3580503761768341,0,galaxy,0.644537627696991
543,0,galaxy,0,galaxy,True,0,galaxy,True,True,1,quasar,0.4958445727825165,0,galaxy,0.8887659907341003,0,galaxy,0.9410812258720398,0,galaxy,0.8960206508636475,0,galaxy,0.3580494225025177,1,quasar,0.4579370319843292
544,0,galaxy,0,galaxy,True,0,galaxy,True,True,0,galaxy,0.9773163199424744,0,galaxy,0.8322320580482483,0,galaxy,0.9859297871589661,0,galaxy,0.9724134206771851,0,galaxy,0.35804837942123413,0,galaxy,0.6989655494689941
545,0,galaxy,0,galaxy,True,0,galaxy,True,True,0,galaxy,0.9244768619537354,0,galaxy,0.8463883996009827,0,galaxy,0.9771715402603149,0,galaxy,0.9531859159469604,0,galaxy,0.3580494225025177,2,star,0.44060346484184265
546,0,galaxy,0,galaxy,True,0,galaxy,True,True,0,galaxy,0.8046548366546631,0,galaxy,0.8423901796340942,0,galaxy,0.8907776474952698,0,galaxy,0.4340500235557556,0,galaxy,0.358047753572464,0,galaxy,0.6390089392662048
547,0,galaxy,0,galaxy,True,0,galaxy,True,True,0,galaxy,0.7424688339233398,0,galaxy,0.994040310382843,0,galaxy,0.9166111350059509,0,galaxy,0.8478690981864929,0,galaxy,0.3580498695373535,0,galaxy,0.7735193967819214
548,0,galaxy,0,galaxy,True,0,galaxy,True,True,0,galaxy,0.8968473672866821,0,galaxy,0.9548095464706421,0,galaxy,0.9408796429634094,0,galaxy,0.939841091632843,0,galaxy,0.35804906487464905,0,galaxy,0.6430903673171997
549,0,galaxy,0,galaxy,True,0,galaxy,True,True,0,galaxy,0.9793821573257446,0,galaxy,0.9965386390686035,0,galaxy,0.9904319643974304,0,galaxy,0.989906370639801,0,galaxy,0.35805290937423706,0,galaxy,0.821724534034729
550,0,galaxy,0,galaxy,True,0,galaxy,True,True,0,galaxy,0.9498907923698425,0,galaxy,0.8828836679458618,0,galaxy,0.961961567401886,0,galaxy,0.9678043723106384,0,galaxy,0.3580489754676819,0,galaxy,0.6895219683647156
551,0,galaxy,0,galaxy,True,0,galaxy,True,True,0,galaxy,0.9941562414169312,0,galaxy,0.9965134263038635,0,galaxy,0.9804248213768005,0,galaxy,0.9513747692108154,0,galaxy,0.35807058215141296,0,galaxy,0.9866379499435425
552,0,galaxy,0,galaxy,True,0,galaxy,True,True,0,galaxy,0.9566991329193115,0,galaxy,0.9832715392112732,0,galaxy,0.9746818542480469,0,galaxy,0.977231502532959,0,galaxy,0.35805603861808777,0,galaxy,0.7598282694816589
553,0,galaxy,0,galaxy,True,0,galaxy,True,True,0,galaxy,0.9849580526351929,0,galaxy,0.9903697371482849,0,galaxy,0.9868581295013428,0,galaxy,0.9766677618026733,0,galaxy,0.3580099046230316,0,galaxy,0.9530420899391174
554,0,galaxy,0,galaxy,True,0,galaxy,True,True,0,galaxy,0.8695802092552185,0,galaxy,0.9605894684791565,0,galaxy,0.8855880498886108,0,galaxy,0.9776135087013245,0,galaxy,0.3580470681190491,0,galaxy,0.6010136008262634
555,0,galaxy,0,galaxy,True,0,galaxy,True,True,0,galaxy,0.4937707483768463,0,galaxy,0.93475341796875,0,galaxy,0.9411565065383911,0,galaxy,0.8757753372192383,0,galaxy,0.3580498695373535,0,galaxy,0.43562665581703186
556,0,galaxy,0,galaxy,True,0,galaxy,True,True,0,galaxy,0.9075762033462524,0,galaxy,0.8486190438270569,0,galaxy,0.9319865703582764,0,galaxy,0.9446302056312561,0,galaxy,0.3580491840839386,0,galaxy,0.5396410226821899
557,0,galaxy,0,galaxy,True,0,galaxy,True,True,0,galaxy,0.9959232807159424,0,galaxy,0.9957269430160522,0,galaxy,0.9882885217666626,0,galaxy,0.9895199537277222,0,galaxy,0.35804757475852966,0,galaxy,0.8607859015464783
558,0,galaxy,0,galaxy,True,0,galaxy,True,True,0,galaxy,0.9304068088531494,0,galaxy,0.9827196598052979,0,galaxy,0.9726459980010986,0,galaxy,0.9701839089393616,0,galaxy,0.3580496907234192,2,star,0.4685742259025574
559,0,galaxy,0,galaxy,True,0,galaxy,True,True,0,galaxy,0.8282779455184937,0,galaxy,0.9170719981193542,0,galaxy,0.962799608707428,0,galaxy,0.7544586658477783,0,galaxy,0.3581381142139435,0,galaxy,0.524227499961853
560,0,galaxy,0,galaxy,True,0,galaxy,True,True,0,galaxy,0.9910228252410889,0,galaxy,0.9665536284446716,0,galaxy,0.9883034229278564,0,galaxy,0.9916906356811523,0,galaxy,0.35805100202560425,0,galaxy,0.7498405575752258
561,0,galaxy,0,galaxy,True,0,galaxy,True,True,0,galaxy,0.953772783279419,0,galaxy,0.9397103190422058,0,galaxy,0.9784172177314758,0,galaxy,0.9682440757751465,0,galaxy,0.35804784297943115,0,galaxy,0.6016610860824585
562,0,galaxy,0,galaxy,True,0,galaxy,True,True,0,galaxy,0.9852980375289917,0,galaxy,0.9834469556808472,0,galaxy,0.9904955625534058,0,galaxy,0.9856196641921997,0,galaxy,0.35804808139801025,0,galaxy,0.9015408754348755
563,0,galaxy,0,galaxy,True,0,galaxy,True,True,0,galaxy,0.9655216932296753,0,galaxy,0.9848239421844482,0,galaxy,0.9845011234283447,0,galaxy,0.9733574986457825,0,galaxy,0.35804954171180725,0,galaxy,0.8972256779670715
564,0,galaxy,0,galaxy,True,0,galaxy,True,True,0,galaxy,0.9791404008865356,0,galaxy,0.9499925374984741,0,galaxy,0.9743608832359314,0,galaxy,0.9646854996681213,0,galaxy,0.35804954171180725,0,galaxy,0.7675177454948425
565,0,galaxy,0,galaxy,True,0,galaxy,True,True,0,galaxy,0.659115195274353,0,galaxy,0.9229821562767029,0,galaxy,0.8963743448257446,0,galaxy,0.8608376383781433,0,galaxy,0.3580496907234192,0,galaxy,0.6147363781929016
566,0,galaxy,0,galaxy,True,0,galaxy,True,True,0,galaxy,0.940233588218689,0,galaxy,0.9880431890487671,0,galaxy,0.948444664478302,0,galaxy,0.6418671607971191,0,galaxy,0.358048677444458,0,galaxy,0.5803925395011902
567,0,galaxy,0,galaxy,True,0,galaxy,True,True,1,quasar,0.39327338337898254,0,galaxy,0.5707689523696899,0,galaxy,0.722285270690918,0,galaxy,0.6015718579292297,0,galaxy,0.3580496907234192,0,galaxy,0.8609491586685181
568,0,galaxy,0,galaxy,True,0,galaxy,True,True,0,galaxy,0.8318142294883728,0,galaxy,0.889919102191925,0,galaxy,0.9536318182945251,0,galaxy,0.8314208984375,0,galaxy,0.3580492436885834,1,quasar,0.45267391204833984
569,0,galaxy,0,galaxy,True,0,galaxy,True,True,0,galaxy,0.9938223361968994,0,galaxy,0.9808505773544312,0,galaxy,0.9761443734169006,0,galaxy,0.9598498940467834,0,galaxy,0.35805952548980713,0,galaxy,0.8834969401359558
570,0,galaxy,0,galaxy,True,0,galaxy,True,True,0,galaxy,0.9937944412231445,0,galaxy,0.9641749262809753,0,galaxy,0.9261044859886169,0,galaxy,0.9302183985710144,0,galaxy,0.3580576777458191,0,galaxy,0.9008042216300964
571,0,galaxy,0,galaxy,True,0,galaxy,True,True,0,galaxy,0.9748390316963196,0,galaxy,0.9732306599617004,0,galaxy,0.9896875023841858,0,galaxy,0.9872598648071289,0,galaxy,0.3580508232116699,0,galaxy,0.8629924654960632
572,0,galaxy,0,galaxy,True,0,galaxy,True,True,0,galaxy,0.9773886203765869,0,galaxy,0.983074963092804,0,galaxy,0.9877793192863464,0,galaxy,0.9196440577507019,0,galaxy,0.35805225372314453,0,galaxy,0.47027936577796936
573,0,galaxy,0,galaxy,True,0,galaxy,True,True,0,galaxy,0.8285275101661682,0,galaxy,0.9734775424003601,0,galaxy,0.9484924077987671,0,galaxy,0.5551196932792664,0,galaxy,0.3580504059791565,0,galaxy,0.5226025581359863
574,0,galaxy,0,galaxy,True,0,galaxy,True,True,0,galaxy,0.9601618647575378,0,galaxy,0.9784333109855652,0,galaxy,0.9785541892051697,0,galaxy,0.9603325724601746,0,galaxy,0.358051598072052,2,star,0.3851900100708008
575,0,galaxy,0,galaxy,True,0,galaxy,True,True,0,galaxy,0.9651632308959961,0,galaxy,0.9299667477607727,0,galaxy,0.9640763998031616,0,galaxy,0.9548541903495789,0,galaxy,0.35804739594459534,0,galaxy,0.6642339825630188
576,0,galaxy,0,galaxy,True,0,galaxy,True,True,0,galaxy,0.9103313684463501,0,galaxy,0.9327699542045593,0,galaxy,0.9533399343490601,0,galaxy,0.8899003863334656,0,galaxy,0.358048677444458,0,galaxy,0.8172382116317749
577,0,galaxy,2,star,False,2,star,False,True,2,star,0.8877087235450745,2,star,0.47239547967910767,2,star,0.7322589755058289,2,star,0.8311094045639038,0,galaxy,0.3580496609210968,2,star,0.5409132838249207
578,0,galaxy,0,galaxy,True,0,galaxy,True,True,0,galaxy,0.9436973929405212,0,galaxy,0.982194721698761,0,galaxy,0.9674994349479675,0,galaxy,0.9704020023345947,0,galaxy,0.35805001854896545,0,galaxy,0.8814883232116699
579,0,galaxy,0,galaxy,True,0,galaxy,True,True,0,galaxy,0.9664942026138306,0,galaxy,0.9341701865196228,0,galaxy,0.972855806350708,0,galaxy,0.9680042862892151,0,galaxy,0.35804975032806396,0,galaxy,0.8910176753997803
580,0,galaxy,0,galaxy,True,0,galaxy,True,True,0,galaxy,0.9705064296722412,0,galaxy,0.953318178653717,0,galaxy,0.976097822189331,0,galaxy,0.9055013656616211,0,galaxy,0.3580494821071625,0,galaxy,0.5983148813247681
581,0,galaxy,0,galaxy,True,0,galaxy,True,True,0,galaxy,0.8339738845825195,0,galaxy,0.7191214561462402,0,galaxy,0.941206693649292,0,galaxy,0.6696810126304626,0,galaxy,0.3580490052700043,0,galaxy,0.455846905708313
582,0,galaxy,0,galaxy,True,0,galaxy,True,True,0,galaxy,0.9887985587120056,0,galaxy,0.9501867890357971,0,galaxy,0.9395586848258972,0,galaxy,0.9821886420249939,0,galaxy,0.35804808139801025,0,galaxy,0.7665455341339111
583,0,galaxy,0,galaxy,True,0,galaxy,True,True,0,galaxy,0.9667369723320007,0,galaxy,0.9793764352798462,0,galaxy,0.9820573329925537,0,galaxy,0.9824640154838562,0,galaxy,0.3580384850502014,0,galaxy,0.7509853839874268
584,0,galaxy,0,galaxy,True,0,galaxy,True,True,0,galaxy,0.6464834213256836,0,galaxy,0.8833247423171997,0,galaxy,0.8834145665168762,0,galaxy,0.8087846636772156,0,galaxy,0.35805001854896545,0,galaxy,0.5284504890441895
585,0,galaxy,0,galaxy,True,0,galaxy,True,True,0,galaxy,0.9890453815460205,0,galaxy,0.9706600308418274,0,galaxy,0.9833441376686096,0,galaxy,0.9457167983055115,0,galaxy,0.3580498993396759,0,galaxy,0.5000185370445251
586,0,galaxy,0,galaxy,True,0,galaxy,True,True,0,galaxy,0.8876270055770874,0,galaxy,0.9467230439186096,0,galaxy,0.9315822124481201,0,galaxy,0.890379786491394,0,galaxy,0.3580484390258789,0,galaxy,0.521635115146637
587,0,galaxy,0,galaxy,True,0,galaxy,True,True,0,galaxy,0.6830531358718872,0,galaxy,0.8338986039161682,0,galaxy,0.8515317440032959,0,galaxy,0.9520822167396545,0,galaxy,0.3580496311187744,0,galaxy,0.9332976341247559
588,0,galaxy,0,galaxy,True,0,galaxy,True,True,0,galaxy,0.9818463921546936,0,galaxy,0.9654178023338318,0,galaxy,0.9828901886940002,0,galaxy,0.9852266907691956,0,galaxy,0.3580508530139923,0,galaxy,0.6511434316635132
589,0,galaxy,0,galaxy,True,0,galaxy,True,True,0,galaxy,0.8935266733169556,0,galaxy,0.9803112745285034,0,galaxy,0.9316900968551636,0,galaxy,0.8791912198066711,0,galaxy,0.358049213886261,0,galaxy,0.5565086007118225
590,0,galaxy,0,galaxy,True,0,galaxy,True,True,0,galaxy,0.9842582941055298,0,galaxy,0.9832362532615662,0,galaxy,0.9662280082702637,0,galaxy,0.9627342820167542,0,galaxy,0.35805293917655945,0,galaxy,0.9821864366531372
591,0,galaxy,0,galaxy,True,0,galaxy,True,True,0,galaxy,0.9740367531776428,0,galaxy,0.9544727206230164,0,galaxy,0.9478834271430969,0,galaxy,0.9383928179740906,0,galaxy,0.3580515682697296,0,galaxy,0.8272154331207275
592,0,galaxy,0,galaxy,True,0,galaxy,True,True,0,galaxy,0.9885718822479248,0,galaxy,0.9898965358734131,0,galaxy,0.990913987159729,0,galaxy,0.9893993139266968,0,galaxy,0.3580535352230072,0,galaxy,0.6263269782066345
593,0,galaxy,0,galaxy,True,0,galaxy,True,True,0,galaxy,0.8718522191047668,0,galaxy,0.8954691290855408,0,galaxy,0.9691230654716492,0,galaxy,0.9585591554641724,0,galaxy,0.35805046558380127,0,galaxy,0.8804305791854858
594,0,galaxy,0,galaxy,True,0,galaxy,True,True,0,galaxy,0.9760335087776184,0,galaxy,0.995821475982666,0,galaxy,0.9834590554237366,0,galaxy,0.9879696369171143,0,galaxy,0.3580510914325714,0,galaxy,0.47973039746284485
595,0,galaxy,0,galaxy,True,0,galaxy,True,True,0,galaxy,0.9944921731948853,0,galaxy,0.9823327660560608,0,galaxy,0.9831148982048035,0,galaxy,0.9901648163795471,0,galaxy,0.35804182291030884,0,galaxy,0.7684875726699829
596,0,galaxy,0,galaxy,True,0,galaxy,True,True,0,galaxy,0.9775815606117249,0,galaxy,0.9593778252601624,0,galaxy,0.9696252346038818,0,galaxy,0.9650341868400574,0,galaxy,0.358048677444458,0,galaxy,0.8480100035667419
597,0,galaxy,0,galaxy,True,0,galaxy,True,True,0,galaxy,0.9309535026550293,0,galaxy,0.9769840836524963,0,galaxy,0.9659823179244995,0,galaxy,0.9645892381668091,0,galaxy,0.3580490052700043,0,galaxy,0.6190680861473083
598,0,galaxy,0,galaxy,True,0,galaxy,True,True,0,galaxy,0.9898646473884583,0,galaxy,0.9400564432144165,0,galaxy,0.9845589995384216,0,galaxy,0.9802935123443604,0,galaxy,0.35804831981658936,0,galaxy,0.7541350722312927
599,0,galaxy,0,galaxy,True,0,galaxy,True,True,0,galaxy,0.9545558094978333,0,galaxy,0.932459831237793,0,galaxy,0.9738693833351135,0,galaxy,0.961010217666626,0,galaxy,0.3580486476421356,2,star,0.5068851709365845
600,0,galaxy,0,galaxy,True,0,galaxy,True,True,0,galaxy,0.9754346013069153,0,galaxy,0.9636024236679077,0,galaxy,0.9700711965560913,0,galaxy,0.9720553159713745,0,galaxy,0.3580489754676819,0,galaxy,0.4629727602005005
601,0,galaxy,0,galaxy,True,0,galaxy,True,True,0,galaxy,0.9809564352035522,0,galaxy,0.9970299005508423,0,galaxy,0.966112494468689,0,galaxy,0.98808354139328,0,galaxy,0.3580511808395386,0,galaxy,0.5338588356971741
602,0,galaxy,0,galaxy,True,0,galaxy,True,True,0,galaxy,0.9502399563789368,0,galaxy,0.9560387134552002,0,galaxy,0.9654040336608887,0,galaxy,0.9695979952812195,0,galaxy,0.3580493628978729,0,galaxy,0.6547203063964844
603,0,galaxy,0,galaxy,True,0,galaxy,True,True,0,galaxy,0.8701139092445374,0,galaxy,0.9256477952003479,0,galaxy,0.9754971265792847,0,galaxy,0.9497793316841125,0,galaxy,0.3579564690589905,0,galaxy,0.9988180994987488
604,0,galaxy,0,galaxy,True,0,galaxy,True,True,0,galaxy,0.8703981041908264,0,galaxy,0.9908791184425354,0,galaxy,0.9614947438240051,0,galaxy,0.9011195302009583,0,galaxy,0.3580504357814789,0,galaxy,0.9988012313842773
605,0,galaxy,0,galaxy,True,0,galaxy,True,True,0,galaxy,0.9475696682929993,0,galaxy,0.8269810676574707,0,galaxy,0.957808792591095,0,galaxy,0.9227161407470703,0,galaxy,0.35804808139801025,0,galaxy,0.49762967228889465
606,0,galaxy,0,galaxy,True,0,galaxy,True,True,0,galaxy,0.9710601568222046,0,galaxy,0.8946874141693115,0,galaxy,0.9562410116195679,0,galaxy,0.9564449787139893,0,galaxy,0.3580510914325714,0,galaxy,0.6882155537605286
607,0,galaxy,0,galaxy,True,0,galaxy,True,True,0,galaxy,0.9735469222068787,0,galaxy,0.9841564297676086,0,galaxy,0.9797455668449402,0,galaxy,0.973911464214325,0,galaxy,0.3580487370491028,0,galaxy,0.7737793326377869
608,0,galaxy,0,galaxy,True,0,galaxy,True,True,0,galaxy,0.9859036803245544,0,galaxy,0.9698866605758667,0,galaxy,0.9855422973632812,0,galaxy,0.9837835431098938,0,galaxy,0.3580505847930908,0,galaxy,0.7331007719039917
609,0,galaxy,0,galaxy,True,0,galaxy,True,True,0,galaxy,0.9875431060791016,0,galaxy,0.9833319187164307,0,galaxy,0.9768973588943481,0,galaxy,0.9750899076461792,0,galaxy,0.35805025696754456,0,galaxy,0.635987401008606
610,0,galaxy,0,galaxy,True,0,galaxy,True,True,0,galaxy,0.9759184122085571,0,galaxy,0.9562739133834839,0,galaxy,0.985081672668457,0,galaxy,0.9808580279350281,0,galaxy,0.3580508232116699,0,galaxy,0.525088369846344
611,0,galaxy,0,galaxy,True,0,galaxy,True,True,0,galaxy,0.988438069820404,0,galaxy,0.9831165075302124,0,galaxy,0.9822661876678467,0,galaxy,0.9811404943466187,0,galaxy,0.358050137758255,0,galaxy,0.7944135069847107
612,0,galaxy,0,galaxy,True,0,galaxy,True,True,0,galaxy,0.9414186477661133,0,galaxy,0.99126136302948,0,galaxy,0.9834616184234619,0,galaxy,0.9838576912879944,0,galaxy,0.35805100202560425,0,galaxy,0.855381965637207
613,0,galaxy,0,galaxy,True,0,galaxy,True,True,0,galaxy,0.9480476379394531,0,galaxy,0.7645655274391174,0,galaxy,0.9731960296630859,0,galaxy,0.9652260541915894,0,galaxy,0.35804346203804016,0,galaxy,0.6527240872383118
614,0,galaxy,0,galaxy,True,0,galaxy,True,True,0,galaxy,0.9886550903320312,0,galaxy,0.9991564750671387,0,galaxy,0.9753286838531494,0,galaxy,0.9751811623573303,0,galaxy,0.3580032289028168,0,galaxy,0.8189722299575806
615,0,galaxy,0,galaxy,True,0,galaxy,True,True,0,galaxy,0.7372597455978394,0,galaxy,0.9702650308609009,0,galaxy,0.9346932172775269,0,galaxy,0.4407680630683899,0,galaxy,0.3580493628978729,0,galaxy,0.5378676056861877
616,0,galaxy,0,galaxy,True,0,galaxy,True,True,0,galaxy,0.9877880215644836,0,galaxy,0.9962800145149231,0,galaxy,0.9856215119361877,0,galaxy,0.9894144535064697,0,galaxy,0.35805341601371765,0,galaxy,0.885432779788971
617,0,galaxy,0,galaxy,True,0,galaxy,True,True,0,galaxy,0.9293966889381409,0,galaxy,0.8480908870697021,0,galaxy,0.9679080247879028,0,galaxy,0.7569257020950317,0,galaxy,0.3580491542816162,0,galaxy,0.5080997347831726
618,0,galaxy,0,galaxy,True,0,galaxy,True,True,0,galaxy,0.9813612103462219,0,galaxy,0.9865532517433167,0,galaxy,0.9734266996383667,0,galaxy,0.9828668236732483,0,galaxy,0.3580504357814789,0,galaxy,0.7221290469169617
619,0,galaxy,0,galaxy,True,0,galaxy,True,True,0,galaxy,0.9973288774490356,0,galaxy,0.999031662940979,0,galaxy,0.9801911115646362,0,galaxy,0.9392828345298767,0,galaxy,0.3580627143383026,0,galaxy,0.9430094957351685
620,0,galaxy,0,galaxy,True,0,galaxy,True,True,0,galaxy,0.9814421534538269,0,galaxy,0.9801222085952759,0,galaxy,0.9621701240539551,0,galaxy,0.9301544427871704,0,galaxy,0.3580509424209595,0,galaxy,0.40712970495224
621,0,galaxy,0,galaxy,True,0,galaxy,True,True,0,galaxy,0.9775211811065674,0,galaxy,0.9836107492446899,0,galaxy,0.9828522801399231,0,galaxy,0.9835991859436035,0,galaxy,0.3580515682697296,0,galaxy,0.7453046441078186
622,0,galaxy,0,galaxy,True,0,galaxy,True,True,0,galaxy,0.9896298050880432,0,galaxy,0.9843800067901611,0,galaxy,0.9846128225326538,0,galaxy,0.9779921174049377,0,galaxy,0.3580508530139923,0,galaxy,0.5171269774436951
623,0,galaxy,0,galaxy,True,0,galaxy,True,True,0,galaxy,0.9640616774559021,0,galaxy,0.8148375153541565,0,galaxy,0.9405747652053833,0,galaxy,0.9600310325622559,0,galaxy,0.35804855823516846,0,galaxy,0.5190181136131287
624,0,galaxy,0,galaxy,True,0,galaxy,True,True,0,galaxy,0.9881977438926697,0,galaxy,0.9987614154815674,0,galaxy,0.9883590936660767,0,galaxy,0.9902082681655884,0,galaxy,0.35806214809417725,0,galaxy,0.8628771901130676
625,0,galaxy,0,galaxy,True,0,galaxy,True,True,0,galaxy,0.9866190552711487,0,galaxy,0.9995438456535339,0,galaxy,0.989208996295929,0,galaxy,0.9887354969978333,0,galaxy,0.3580542504787445,0,galaxy,0.8608059287071228
626,0,galaxy,0,galaxy,True,0,galaxy,True,True,0,galaxy,0.9105610847473145,0,galaxy,0.9315406084060669,0,galaxy,0.9572062492370605,0,galaxy,0.9501427412033081,0,galaxy,0.35804861783981323,0,galaxy,0.5390052199363708
627,0,galaxy,0,galaxy,True,0,galaxy,True,True,0,galaxy,0.9584805369377136,0,galaxy,0.9767423272132874,0,galaxy,0.9765148162841797,0,galaxy,0.9637380242347717,0,galaxy,0.35805007815361023,2,star,0.7272471785545349
628,0,galaxy,0,galaxy,True,0,galaxy,True,True,0,galaxy,0.7145255208015442,0,galaxy,0.9607704877853394,0,galaxy,0.9669057130813599,0,galaxy,0.946479082107544,0,galaxy,0.35804513096809387,2,star,0.5231538414955139
629,0,galaxy,0,galaxy,True,0,galaxy,True,True,0,galaxy,0.9530565142631531,0,galaxy,0.9313172101974487,0,galaxy,0.919783353805542,0,galaxy,0.9433214664459229,0,galaxy,0.3580488860607147,0,galaxy,0.7157004475593567
630,0,galaxy,0,galaxy,True,0,galaxy,True,True,0,galaxy,0.9744485020637512,0,galaxy,0.9054946303367615,0,galaxy,0.9552667140960693,0,galaxy,0.9348544478416443,0,galaxy,0.35804983973503113,2,star,0.4858996272087097
631,0,galaxy,0,galaxy,True,0,galaxy,True,True,0,galaxy,0.9866763353347778,0,galaxy,0.9864870309829712,0,galaxy,0.9854519963264465,0,galaxy,0.9730579257011414,0,galaxy,0.3580501675605774,0,galaxy,0.4996214509010315
632,0,galaxy,0,galaxy,True,0,galaxy,True,True,0,galaxy,0.9415753483772278,0,galaxy,0.9648007750511169,0,galaxy,0.9588676691055298,0,galaxy,0.8835787177085876,0,galaxy,0.35804882645606995,0,galaxy,0.744894802570343
633,0,galaxy,0,galaxy,True,0,galaxy,True,True,0,galaxy,0.98714280128479,0,galaxy,0.9937072396278381,0,galaxy,0.9852142930030823,0,galaxy,0.987486720085144,0,galaxy,0.35805684328079224,0,galaxy,0.7384670972824097
634,0,galaxy,0,galaxy,True,0,galaxy,True,True,0,galaxy,0.9938076138496399,0,galaxy,0.9997188448905945,0,galaxy,0.9875128865242004,0,galaxy,0.984255313873291,0,galaxy,0.3580560088157654,0,galaxy,0.8621200919151306
635,0,galaxy,0,galaxy,True,0,galaxy,True,True,0,galaxy,0.9777528643608093,0,galaxy,0.9692840576171875,0,galaxy,0.4310203194618225,0,galaxy,0.9094784259796143,0,galaxy,0.3580501973628998,0,galaxy,0.4814586937427521
636,0,galaxy,0,galaxy,True,0,galaxy,True,True,0,galaxy,0.9935467839241028,0,galaxy,0.9993535876274109,0,galaxy,0.9889658093452454,0,galaxy,0.9900009632110596,0,galaxy,0.35805803537368774,0,galaxy,0.7509994506835938
637,0,galaxy,0,galaxy,True,0,galaxy,True,True,0,galaxy,0.9679807424545288,0,galaxy,0.981581449508667,0,galaxy,0.9758182764053345,0,galaxy,0.9045072197914124,0,galaxy,0.35804861783981323,2,star,0.5863293409347534
638,0,galaxy,0,galaxy,True,0,galaxy,True,True,0,galaxy,0.9717826843261719,0,galaxy,0.9456838369369507,0,galaxy,0.9790884852409363,0,galaxy,0.8818280696868896,0,galaxy,0.35804903507232666,0,galaxy,0.5611862540245056
639,0,galaxy,0,galaxy,True,0,galaxy,True,True,0,galaxy,0.990410566329956,0,galaxy,0.9655633568763733,0,galaxy,0.9815117716789246,0,galaxy,0.8965009450912476,0,galaxy,0.35804927349090576,0,galaxy,0.5445696115493774
640,0,galaxy,0,galaxy,True,0,galaxy,True,True,0,galaxy,0.9782442450523376,0,galaxy,0.9957661628723145,0,galaxy,0.9753769040107727,0,galaxy,0.832398533821106,0,galaxy,0.358051061630249,0,galaxy,0.8642845749855042
641,0,galaxy,0,galaxy,True,0,galaxy,True,True,0,galaxy,0.98009192943573,0,galaxy,0.9988775849342346,0,galaxy,0.9869749546051025,0,galaxy,0.9870858788490295,0,galaxy,0.3580626845359802,0,galaxy,0.8861061930656433
642,0,galaxy,0,galaxy,True,0,galaxy,True,True,0,galaxy,0.9926599860191345,0,galaxy,0.9993366599082947,0,galaxy,0.9891379475593567,0,galaxy,0.993236243724823,0,galaxy,0.3580569922924042,0,galaxy,0.8209624886512756
643,0,galaxy,0,galaxy,True,0,galaxy,True,True,0,galaxy,0.9282655119895935,0,galaxy,0.9813831448554993,0,galaxy,0.9804583787918091,0,galaxy,0.982017993927002,0,galaxy,0.3580489456653595,0,galaxy,0.5343330502510071
644,0,galaxy,0,galaxy,True,0,galaxy,True,True,0,galaxy,0.9767667651176453,0,galaxy,0.9509223103523254,0,galaxy,0.9672731757164001,0,galaxy,0.9638410210609436,0,galaxy,0.3580499291419983,0,galaxy,0.6938893795013428
645,0,galaxy,0,galaxy,True,0,galaxy,True,True,0,galaxy,0.989185094833374,0,galaxy,0.9535037875175476,0,galaxy,0.9147152304649353,0,galaxy,0.9763180017471313,0,galaxy,0.35806047916412354,0,galaxy,0.8137972950935364
646,0,galaxy,0,galaxy,True,0,galaxy,True,True,0,galaxy,0.9841898083686829,0,galaxy,0.9659539461135864,0,galaxy,0.981465220451355,0,galaxy,0.9775201678276062,0,galaxy,0.3580492436885834,0,galaxy,0.6035541296005249
647,0,galaxy,0,galaxy,True,0,galaxy,True,True,0,galaxy,0.9734938144683838,0,galaxy,0.9617749452590942,0,galaxy,0.9772059917449951,0,galaxy,0.9750162363052368,0,galaxy,0.35804951190948486,0,galaxy,0.6809815764427185
648,0,galaxy,0,galaxy,True,0,galaxy,True,True,0,galaxy,0.98689866065979,0,galaxy,0.9980210065841675,0,galaxy,0.9891296625137329,0,galaxy,0.9844329357147217,0,galaxy,0.35805097222328186,0,galaxy,0.6312285661697388
649,0,galaxy,0,galaxy,True,0,galaxy,True,True,0,galaxy,0.9789379239082336,0,galaxy,0.9973402619361877,0,galaxy,0.9782058000564575,0,galaxy,0.9833068251609802,0,galaxy,0.35804203152656555,0,galaxy,0.4824427366256714
650,0,galaxy,0,galaxy,True,0,galaxy,True,True,0,galaxy,0.990514874458313,0,galaxy,0.9999868869781494,0,galaxy,0.9720507860183716,0,galaxy,0.936895489692688,0,galaxy,0.3580106794834137,0,galaxy,0.9290362000465393
651,0,galaxy,0,galaxy,True,0,galaxy,True,True,0,galaxy,0.8961718082427979,0,galaxy,0.9855316877365112,0,galaxy,0.9882739782333374,0,galaxy,0.988520085811615,0,galaxy,0.3580506443977356,0,galaxy,0.830657422542572
652,0,galaxy,0,galaxy,True,0,galaxy,True,True,0,galaxy,0.9888762831687927,0,galaxy,0.9781066179275513,0,galaxy,0.974744439125061,0,galaxy,0.9688113331794739,0,galaxy,0.3580492436885834,0,galaxy,0.7490044832229614
653,0,galaxy,0,galaxy,True,0,galaxy,True,True,0,galaxy,0.9827281832695007,0,galaxy,0.9169979095458984,0,galaxy,0.9870702028274536,0,galaxy,0.9828741550445557,0,galaxy,0.3580498993396759,0,galaxy,0.7680319547653198
654,0,galaxy,0,galaxy,True,0,galaxy,True,True,0,galaxy,0.990303099155426,0,galaxy,0.9995323419570923,0,galaxy,0.990680992603302,0,galaxy,0.9845789670944214,0,galaxy,0.35796746611595154,0,galaxy,0.9764044284820557
655,0,galaxy,0,galaxy,True,0,galaxy,True,True,0,galaxy,0.9954997897148132,0,galaxy,0.9948781728744507,0,galaxy,0.9825859069824219,0,galaxy,0.9233368039131165,0,galaxy,0.35805463790893555,0,galaxy,0.9392564296722412
656,0,galaxy,0,galaxy,True,0,galaxy,True,True,0,galaxy,0.9799708127975464,0,galaxy,0.9994150400161743,0,galaxy,0.9900319576263428,0,galaxy,0.9876970648765564,0,galaxy,0.3580505847930908,0,galaxy,0.8549777865409851
657,0,galaxy,0,galaxy,True,0,galaxy,True,True,0,galaxy,0.9552740454673767,0,galaxy,0.966517448425293,0,galaxy,0.981448233127594,0,galaxy,0.9844695329666138,0,galaxy,0.3580491840839386,0,galaxy,0.9564566612243652
658,0,galaxy,0,galaxy,True,0,galaxy,True,True,2,star,0.7654169201850891,0,galaxy,0.9188516139984131,0,galaxy,0.41706812381744385,2,star,0.43445146083831787,0,galaxy,0.35804763436317444,0,galaxy,0.6239034533500671
659,0,galaxy,0,galaxy,True,0,galaxy,True,True,0,galaxy,0.9344931840896606,0,galaxy,0.9758056402206421,0,galaxy,0.9701476693153381,0,galaxy,0.9321334362030029,0,galaxy,0.3579619526863098,0,galaxy,0.7457994222640991
660,0,galaxy,0,galaxy,True,0,galaxy,True,True,0,galaxy,0.9972556233406067,0,galaxy,0.9971720576286316,0,galaxy,0.9919467568397522,0,galaxy,0.9884843230247498,0,galaxy,0.358052521944046,0,galaxy,0.9305548071861267
661,0,galaxy,0,galaxy,True,0,galaxy,True,True,0,galaxy,0.9514217972755432,0,galaxy,0.8639093041419983,0,galaxy,0.9771896004676819,0,galaxy,0.9317907094955444,0,galaxy,0.3580494225025177,0,galaxy,0.45740464329719543
662,0,galaxy,0,galaxy,True,0,galaxy,True,True,0,galaxy,0.945492684841156,0,galaxy,0.9967910647392273,0,galaxy,0.9508267045021057,0,galaxy,0.9916720986366272,0,galaxy,0.35804978013038635,0,galaxy,0.6329774856567383
663,0,galaxy,0,galaxy,True,0,galaxy,True,True,0,galaxy,0.9854825735092163,0,galaxy,0.9943048357963562,0,galaxy,0.9787342548370361,0,galaxy,0.9802573323249817,0,galaxy,0.3580426275730133,0,galaxy,0.9739351868629456
664,0,galaxy,0,galaxy,True,0,galaxy,True,True,0,galaxy,0.9625082612037659,0,galaxy,0.9050113558769226,0,galaxy,0.9530338644981384,0,galaxy,0.8712350130081177,0,galaxy,0.35804781317710876,0,galaxy,0.7695176601409912
665,0,galaxy,0,galaxy,True,0,galaxy,True,True,0,galaxy,0.9951751232147217,0,galaxy,0.9796146750450134,0,galaxy,0.9842760562896729,0,galaxy,0.9859683513641357,0,galaxy,0.3580513596534729,0,galaxy,0.6261518001556396
666,0,galaxy,0,galaxy,True,0,galaxy,True,True,0,galaxy,0.9729377627372742,0,galaxy,0.9924390316009521,0,galaxy,0.9742869734764099,0,galaxy,0.9770216345787048,0,galaxy,0.3580501973628998,0,galaxy,0.5271813869476318
667,0,galaxy,0,galaxy,True,0,galaxy,True,True,0,galaxy,0.929620087146759,0,galaxy,0.9272695779800415,0,galaxy,0.9685632586479187,0,galaxy,0.8174698948860168,0,galaxy,0.3580496311187744,0,galaxy,0.44767531752586365
668,0,galaxy,0,galaxy,True,0,galaxy,True,True,0,galaxy,0.9556403160095215,0,galaxy,0.9524065256118774,0,galaxy,0.9815766215324402,0,galaxy,0.9765037894248962,0,galaxy,0.3580494821071625,2,star,0.465547114610672
669,0,galaxy,0,galaxy,True,0,galaxy,True,True,0,galaxy,0.9823213815689087,0,galaxy,0.8201781511306763,0,galaxy,0.9847761392593384,0,galaxy,0.9731425046920776,0,galaxy,0.3580494225025177,0,galaxy,0.5911085605621338
670,0,galaxy,0,galaxy,True,0,galaxy,True,True,0,galaxy,0.9505376815795898,0,galaxy,0.8615021109580994,0,galaxy,0.9715998768806458,0,galaxy,0.9451048374176025,0,galaxy,0.3580514192581177,0,galaxy,0.5049883127212524
671,0,galaxy,0,galaxy,True,0,galaxy,True,True,0,galaxy,0.86122727394104,0,galaxy,0.8129271268844604,0,galaxy,0.9702972769737244,0,galaxy,0.9477158188819885,0,galaxy,0.35805001854896545,2,star,0.554321825504303
672,0,galaxy,0,galaxy,True,0,galaxy,True,True,0,galaxy,0.9754630923271179,0,galaxy,0.9254108667373657,0,galaxy,0.9825279116630554,0,galaxy,0.97801274061203,0,galaxy,0.3580497205257416,0,galaxy,0.6440847516059875
673,0,galaxy,0,galaxy,True,0,galaxy,True,True,0,galaxy,0.6093024611473083,0,galaxy,0.8245766758918762,0,galaxy,0.8343098163604736,0,galaxy,0.8830015063285828,0,galaxy,0.3580489158630371,2,star,0.5832974910736084
674,0,galaxy,0,galaxy,True,0,galaxy,True,True,0,galaxy,0.9252124428749084,0,galaxy,0.9803357124328613,0,galaxy,0.9450086951255798,0,galaxy,0.8847588896751404,0,galaxy,0.35804837942123413,2,star,0.7423507571220398
675,0,galaxy,0,galaxy,True,0,galaxy,True,True,0,galaxy,0.8560608625411987,0,galaxy,0.8216822743415833,0,galaxy,0.8679688572883606,0,galaxy,0.7301892042160034,0,galaxy,0.35804978013038635,2,star,0.49735569953918457
676,0,galaxy,0,galaxy,True,0,galaxy,True,True,0,galaxy,0.9808202981948853,0,galaxy,0.9542614221572876,0,galaxy,0.9598849415779114,0,galaxy,0.9873537421226501,0,galaxy,0.3580317199230194,2,star,0.9608525633811951
677,0,galaxy,0,galaxy,True,0,galaxy,True,True,0,galaxy,0.9560241103172302,0,galaxy,0.8871758580207825,0,galaxy,0.9360960721969604,0,galaxy,0.9644062519073486,0,galaxy,0.35804957151412964,0,galaxy,0.5984274744987488
678,0,galaxy,0,galaxy,True,0,galaxy,True,True,0,galaxy,0.8726166486740112,0,galaxy,0.9609673619270325,0,galaxy,0.8948935866355896,0,galaxy,0.908859133720398,0,galaxy,0.35804224014282227,0,galaxy,0.8803408741950989
679,0,galaxy,0,galaxy,True,0,galaxy,True,True,0,galaxy,0.9628678560256958,0,galaxy,0.8619983196258545,0,galaxy,0.968645453453064,0,galaxy,0.7399907112121582,0,galaxy,0.35804659128189087,2,star,0.49605321884155273
680,0,galaxy,0,galaxy,True,0,galaxy,True,True,2,star,0.48274123668670654,0,galaxy,0.6246337890625,2,star,0.4302275776863098,0,galaxy,0.5051683187484741,0,galaxy,0.3580479621887207,0,galaxy,0.5184482932090759
681,0,galaxy,0,galaxy,True,0,galaxy,True,True,0,galaxy,0.891652524471283,0,galaxy,0.8798573017120361,0,galaxy,0.9143670201301575,0,galaxy,0.9094378352165222,0,galaxy,0.3580492436885834,0,galaxy,0.599938154220581
682,0,galaxy,0,galaxy,True,0,galaxy,True,True,0,galaxy,0.9881160259246826,0,galaxy,0.9957148432731628,0,galaxy,0.9886748194694519,0,galaxy,0.979066789150238,0,galaxy,0.3580511808395386,0,galaxy,0.7570474147796631
683,0,galaxy,0,galaxy,True,0,galaxy,True,True,0,galaxy,0.9711118340492249,0,galaxy,0.8773587942123413,0,galaxy,0.9780622124671936,0,galaxy,0.8097468614578247,0,galaxy,0.35804808139801025,2,star,0.6125626564025879
684,0,galaxy,0,galaxy,True,0,galaxy,True,True,0,galaxy,0.9528185725212097,0,galaxy,0.8755571246147156,0,galaxy,0.9753486514091492,0,galaxy,0.9854072332382202,0,galaxy,0.3580482304096222,0,galaxy,0.9286679029464722
685,0,galaxy,0,galaxy,True,0,galaxy,True,True,0,galaxy,0.8968409299850464,0,galaxy,0.912132203578949,0,galaxy,0.8996609449386597,0,galaxy,0.8616597056388855,0,galaxy,0.3580493628978729,2,star,0.5788323283195496
686,0,galaxy,0,galaxy,True,0,galaxy,True,True,0,galaxy,0.9424867630004883,0,galaxy,0.9902142286300659,0,galaxy,0.9768476486206055,0,galaxy,0.9650013446807861,0,galaxy,0.358050674200058,0,galaxy,0.5528755187988281
687,0,galaxy,0,galaxy,True,0,galaxy,True,True,0,galaxy,0.9914279580116272,0,galaxy,0.9924688935279846,0,galaxy,0.9799428582191467,0,galaxy,0.9886226058006287,0,galaxy,0.35805055499076843,0,galaxy,0.9609429240226746
688,0,galaxy,0,galaxy,True,0,galaxy,True,True,0,galaxy,0.984420120716095,0,galaxy,0.9023880362510681,0,galaxy,0.9768385887145996,0,galaxy,0.9628702998161316,0,galaxy,0.3580492436885834,0,galaxy,0.8208005428314209
689,0,galaxy,0,galaxy,True,0,galaxy,True,True,0,galaxy,0.9713024497032166,0,galaxy,0.9877409338951111,0,galaxy,0.9410455226898193,0,galaxy,0.9469696879386902,0,galaxy,0.358050137758255,0,galaxy,0.8043858408927917
690,0,galaxy,0,galaxy,True,0,galaxy,True,True,0,galaxy,0.9840887784957886,0,galaxy,0.9866458177566528,0,galaxy,0.986533522605896,0,galaxy,0.985318660736084,0,galaxy,0.35805031657218933,0,galaxy,0.577916145324707
691,0,galaxy,0,galaxy,True,0,galaxy,True,True,0,galaxy,0.8979970216751099,0,galaxy,0.9884033799171448,0,galaxy,0.9826611876487732,0,galaxy,0.9706303477287292,0,galaxy,0.3580496907234192,0,galaxy,0.830888569355011
692,0,galaxy,0,galaxy,True,0,galaxy,True,True,0,galaxy,0.9889911413192749,0,galaxy,0.9940896034240723,0,galaxy,0.9901810884475708,0,galaxy,0.9492174983024597,0,galaxy,0.3580569326877594,0,galaxy,0.9066213369369507
693,0,galaxy,0,galaxy,True,0,galaxy,True,True,0,galaxy,0.9726197719573975,0,galaxy,0.9880589842796326,0,galaxy,0.9450049996376038,0,galaxy,0.9665511846542358,0,galaxy,0.358052521944046,0,galaxy,0.6394149661064148
694,0,galaxy,0,galaxy,True,0,galaxy,True,True,0,galaxy,0.9843721985816956,0,galaxy,0.998744010925293,0,galaxy,0.9842393398284912,0,galaxy,0.9511743187904358,0,galaxy,0.3580578565597534,0,galaxy,0.9887336492538452
695,0,galaxy,0,galaxy,True,0,galaxy,True,True,0,galaxy,0.86881023645401,0,galaxy,0.992301344871521,0,galaxy,0.9168264269828796,0,galaxy,0.4645395576953888,0,galaxy,0.35804954171180725,0,galaxy,0.6120321154594421
696,0,galaxy,0,galaxy,True,0,galaxy,True,True,0,galaxy,0.9830270409584045,0,galaxy,0.9676871299743652,0,galaxy,0.9457203149795532,0,galaxy,0.8476889133453369,0,galaxy,0.35804659128189087,0,galaxy,0.5043435096740723
697,0,galaxy,0,galaxy,True,0,galaxy,True,True,0,galaxy,0.980686604976654,0,galaxy,0.9925945401191711,0,galaxy,0.9684863090515137,0,galaxy,0.9768705368041992,0,galaxy,0.3580436110496521,0,galaxy,0.6387088894844055
698,0,galaxy,0,galaxy,True,0,galaxy,True,True,0,galaxy,0.9651386737823486,0,galaxy,0.8873443007469177,0,galaxy,0.9496576189994812,0,galaxy,0.8004759550094604,0,galaxy,0.358049601316452,0,galaxy,0.8750409483909607
699,0,galaxy,0,galaxy,True,0,galaxy,True,True,0,galaxy,0.7465233206748962,0,galaxy,0.7705750465393066,0,galaxy,0.9504895210266113,2,star,0.4732692241668701,0,galaxy,0.3580491840839386,0,galaxy,0.859134316444397
700,0,galaxy,0,galaxy,True,0,galaxy,True,True,0,galaxy,0.823749840259552,0,galaxy,0.6352675557136536,0,galaxy,0.8305738568305969,0,galaxy,0.6549740433692932,0,galaxy,0.35804277658462524,0,galaxy,0.5540891885757446
701,0,galaxy,0,galaxy,True,0,galaxy,True,True,0,galaxy,0.970535933971405,0,galaxy,0.9527899026870728,0,galaxy,0.9648984670639038,0,galaxy,0.9498323798179626,0,galaxy,0.3580479621887207,0,galaxy,0.4589903652667999
702,0,galaxy,0,galaxy,True,0,galaxy,True,True,0,galaxy,0.6735987663269043,0,galaxy,0.7313007712364197,0,galaxy,0.9647024869918823,0,galaxy,0.9709309935569763,0,galaxy,0.35804927349090576,1,quasar,0.538705050945282
703,0,galaxy,0,galaxy,True,0,galaxy,True,True,0,galaxy,0.9604538679122925,0,galaxy,0.9903233051300049,0,galaxy,0.9541668891906738,0,galaxy,0.7053176164627075,0,galaxy,0.358049213886261,0,galaxy,0.5753216743469238
704,0,galaxy,0,galaxy,True,0,galaxy,True,True,0,galaxy,0.6650987267494202,0,galaxy,0.72701096534729,0,galaxy,0.9678727984428406,0,galaxy,0.8664996027946472,0,galaxy,0.35804709792137146,0,galaxy,0.9559931755065918
705,0,galaxy,0,galaxy,True,0,galaxy,True,True,0,galaxy,0.5514066815376282,0,galaxy,0.7657326459884644,0,galaxy,0.9708831310272217,0,galaxy,0.9738515019416809,0,galaxy,0.35804975032806396,1,quasar,0.5438787937164307
706,0,galaxy,0,galaxy,True,0,galaxy,True,True,0,galaxy,0.9683989882469177,0,galaxy,0.9555583596229553,0,galaxy,0.9802402853965759,0,galaxy,0.8227213025093079,0,galaxy,0.356894314289093,2,star,0.4831368625164032
707,0,galaxy,0,galaxy,True,0,galaxy,True,True,0,galaxy,0.939358115196228,0,galaxy,0.8895260691642761,0,galaxy,0.9493963718414307,0,galaxy,0.8594163060188293,0,galaxy,0.3580528795719147,0,galaxy,0.4305107891559601
708,0,galaxy,0,galaxy,True,0,galaxy,True,True,0,galaxy,0.9871353507041931,0,galaxy,0.9967061877250671,0,galaxy,0.9850764870643616,0,galaxy,0.9815526604652405,0,galaxy,0.3580600619316101,0,galaxy,0.930199384689331
709,0,galaxy,0,galaxy,True,0,galaxy,True,True,0,galaxy,0.9870933890342712,0,galaxy,0.9983648657798767,0,galaxy,0.9855145215988159,0,galaxy,0.9786988496780396,0,galaxy,0.35805490612983704,0,galaxy,0.9426361918449402
710,0,galaxy,0,galaxy,True,0,galaxy,True,True,0,galaxy,0.6825096607208252,0,galaxy,0.9578672647476196,0,galaxy,0.9537082314491272,0,galaxy,0.5649153590202332,0,galaxy,0.35804980993270874,0,galaxy,0.6261334419250488
711,0,galaxy,0,galaxy,True,0,galaxy,True,True,0,galaxy,0.9089326858520508,0,galaxy,0.9129146337509155,0,galaxy,0.8467533588409424,0,galaxy,0.9269461631774902,0,galaxy,0.35804998874664307,2,star,0.6119321584701538
712,0,galaxy,0,galaxy,True,0,galaxy,True,True,0,galaxy,0.9212998151779175,0,galaxy,0.8845824003219604,0,galaxy,0.9716523289680481,0,galaxy,0.973430335521698,0,galaxy,0.3580491542816162,0,galaxy,0.6340464949607849
713,0,galaxy,0,galaxy,True,0,galaxy,True,True,0,galaxy,0.9890056252479553,0,galaxy,0.9939534068107605,0,galaxy,0.9789840579032898,0,galaxy,0.9381651878356934,0,galaxy,0.35805320739746094,0,galaxy,0.6331800818443298
714,0,galaxy,0,galaxy,True,0,galaxy,True,True,0,galaxy,0.9601154327392578,0,galaxy,0.9819807410240173,0,galaxy,0.8876671195030212,0,galaxy,0.705630362033844,0,galaxy,0.3580498993396759,0,galaxy,0.7685452699661255
715,0,galaxy,0,galaxy,True,0,galaxy,True,True,0,galaxy,0.9431952834129333,0,galaxy,0.9445372223854065,0,galaxy,0.9750110507011414,0,galaxy,0.9539859294891357,0,galaxy,0.35803577303886414,0,galaxy,0.6007883548736572
716,0,galaxy,0,galaxy,True,0,galaxy,True,True,0,galaxy,0.9399057626724243,0,galaxy,0.9739493131637573,0,galaxy,0.9700627326965332,0,galaxy,0.7877794504165649,0,galaxy,0.3580760061740875,0,galaxy,0.4209180176258087
717,0,galaxy,0,galaxy,True,0,galaxy,True,True,0,galaxy,0.783850908279419,0,galaxy,0.9451642632484436,0,galaxy,0.9493517875671387,0,galaxy,0.942245602607727,0,galaxy,0.3580065369606018,2,star,0.6216297149658203
718,0,galaxy,0,galaxy,True,0,galaxy,True,True,0,galaxy,0.968903660774231,0,galaxy,0.9469284415245056,0,galaxy,0.9653721451759338,0,galaxy,0.943484365940094,0,galaxy,0.3580501675605774,2,star,0.5011275410652161
719,0,galaxy,0,galaxy,True,0,galaxy,True,True,0,galaxy,0.9612131118774414,0,galaxy,0.9818775653839111,0,galaxy,0.9680219292640686,0,galaxy,0.958246111869812,0,galaxy,0.357789009809494,0,galaxy,0.5432034134864807
720,0,galaxy,0,galaxy,True,0,galaxy,True,True,0,galaxy,0.9685340523719788,0,galaxy,0.9661055207252502,0,galaxy,0.9590286016464233,0,galaxy,0.9321392178535461,0,galaxy,0.3580498993396759,0,galaxy,0.5832070708274841
721,0,galaxy,0,galaxy,True,0,galaxy,True,True,0,galaxy,0.9704387187957764,0,galaxy,0.9525678753852844,0,galaxy,0.9752113223075867,0,galaxy,0.9851099252700806,0,galaxy,0.3580513000488281,0,galaxy,0.5316024422645569
722,0,galaxy,0,galaxy,True,0,galaxy,True,True,0,galaxy,0.9834271669387817,0,galaxy,0.9352927803993225,0,galaxy,0.9852267503738403,0,galaxy,0.9752398133277893,0,galaxy,0.3580493927001953,0,galaxy,0.7254960536956787
723,0,galaxy,0,galaxy,True,0,galaxy,True,True,0,galaxy,0.9894176125526428,0,galaxy,0.9703419208526611,0,galaxy,0.9869912266731262,0,galaxy,0.9742717146873474,0,galaxy,0.3580505847930908,0,galaxy,0.6920893788337708
724,0,galaxy,0,galaxy,True,0,galaxy,True,True,0,galaxy,0.8849667906761169,0,galaxy,0.9630372524261475,0,galaxy,0.8658045530319214,0,galaxy,0.9512118697166443,0,galaxy,0.35805007815361023,0,galaxy,0.7001640200614929
725,0,galaxy,0,galaxy,True,0,galaxy,True,True,0,galaxy,0.9614444971084595,0,galaxy,0.9717492461204529,0,galaxy,0.9694988131523132,0,galaxy,0.9544232487678528,0,galaxy,0.3580493628978729,0,galaxy,0.7332233190536499
726,0,galaxy,0,galaxy,True,0,galaxy,True,True,0,galaxy,0.9516194462776184,0,galaxy,0.9976081848144531,0,galaxy,0.9833059906959534,0,galaxy,0.9530718922615051,0,galaxy,0.3578507900238037,0,galaxy,0.9082697629928589
727,0,galaxy,0,galaxy,True,0,galaxy,True,True,0,galaxy,0.9837654232978821,0,galaxy,0.9955363273620605,0,galaxy,0.9893290400505066,0,galaxy,0.9871899485588074,0,galaxy,0.3580550253391266,0,galaxy,0.614475429058075
728,0,galaxy,0,galaxy,True,0,galaxy,True,True,0,galaxy,0.8026683926582336,0,galaxy,0.8777463436126709,0,galaxy,0.9676375985145569,0,galaxy,0.9714686870574951,0,galaxy,0.35804954171180725,2,star,0.42257818579673767
729,0,galaxy,0,galaxy,True,0,galaxy,True,True,0,galaxy,0.973339855670929,0,galaxy,0.9836118817329407,0,galaxy,0.9825927019119263,0,galaxy,0.9591629505157471,0,galaxy,0.35805001854896545,0,galaxy,0.7695025205612183
730,0,galaxy,0,galaxy,True,0,galaxy,True,True,0,galaxy,0.9154857397079468,0,galaxy,0.9710736274719238,0,galaxy,0.9768388867378235,0,galaxy,0.634189784526825,0,galaxy,0.3580499291419983,0,galaxy,0.8300830721855164
731,0,galaxy,0,galaxy,True,0,galaxy,True,True,0,galaxy,0.9888801574707031,0,galaxy,0.9967482089996338,0,galaxy,0.9905688166618347,0,galaxy,0.9081345796585083,0,galaxy,0.3580501675605774,0,galaxy,0.9459745287895203
732,0,galaxy,0,galaxy,True,0,galaxy,True,True,0,galaxy,0.9931920170783997,0,galaxy,0.9889617562294006,0,galaxy,0.9852740168571472,0,galaxy,0.9890368580818176,0,galaxy,0.3580590486526489,0,galaxy,0.8473437428474426
733,0,galaxy,0,galaxy,True,0,galaxy,True,True,0,galaxy,0.9831299185752869,0,galaxy,0.9940032362937927,0,galaxy,0.970131516456604,0,galaxy,0.9844339489936829,0,galaxy,0.3580521047115326,0,galaxy,0.8421277403831482
734,0,galaxy,0,galaxy,True,0,galaxy,True,True,0,galaxy,0.9869652986526489,0,galaxy,0.9978373646736145,0,galaxy,0.9799503087997437,0,galaxy,0.9845614433288574,0,galaxy,0.358051598072052,0,galaxy,0.9134680032730103
735,0,galaxy,0,galaxy,True,0,galaxy,True,True,0,galaxy,0.8826050162315369,0,galaxy,0.7558884620666504,0,galaxy,0.9444102644920349,0,galaxy,0.9081165790557861,0,galaxy,0.35804975032806396,1,quasar,0.44468390941619873
736,0,galaxy,0,galaxy,True,0,galaxy,True,True,0,galaxy,0.9914039373397827,0,galaxy,0.9875754117965698,0,galaxy,0.9876355528831482,0,galaxy,0.9818024039268494,0,galaxy,0.3580510914325714,0,galaxy,0.6221698522567749
737,0,galaxy,0,galaxy,True,0,galaxy,True,True,0,galaxy,0.9821273684501648,0,galaxy,0.9419971704483032,0,galaxy,0.9842756986618042,0,galaxy,0.9733396172523499,0,galaxy,0.35805150866508484,0,galaxy,0.8325938582420349
738,0,galaxy,0,galaxy,True,0,galaxy,True,True,0,galaxy,0.9552515149116516,0,galaxy,0.9425463676452637,0,galaxy,0.9739166498184204,0,galaxy,0.953298032283783,0,galaxy,0.3580490052700043,0,galaxy,0.445102334022522
739,0,galaxy,0,galaxy,True,0,galaxy,True,True,0,galaxy,0.9818968772888184,0,galaxy,0.8138857483863831,0,galaxy,0.9840723872184753,0,galaxy,0.9734252691268921,0,galaxy,0.3580494225025177,0,galaxy,0.5770478248596191
740,0,galaxy,0,galaxy,True,0,galaxy,True,True,0,galaxy,0.9748085737228394,0,galaxy,0.9767581224441528,0,galaxy,0.9773992300033569,0,galaxy,0.9497635364532471,0,galaxy,0.358048677444458,0,galaxy,0.6808985471725464
741,0,galaxy,0,galaxy,True,0,galaxy,True,True,0,galaxy,0.9326379299163818,0,galaxy,0.9078824520111084,0,galaxy,0.9646991491317749,0,galaxy,0.9367387890815735,0,galaxy,0.3580490052700043,0,galaxy,0.48068925738334656
742,0,galaxy,0,galaxy,True,0,galaxy,True,True,0,galaxy,0.8523862361907959,0,galaxy,0.8097591400146484,0,galaxy,0.9427435994148254,0,galaxy,0.9032358527183533,0,galaxy,0.3580491542816162,0,galaxy,0.39666759967803955
743,0,galaxy,0,galaxy,True,0,galaxy,True,True,0,galaxy,0.9791974425315857,0,galaxy,0.9887435436248779,0,galaxy,0.9679552316665649,0,galaxy,0.9822606444358826,0,galaxy,0.35804983973503113,0,galaxy,0.3861985504627228
744,0,galaxy,0,galaxy,True,0,galaxy,True,True,0,galaxy,0.9673924446105957,0,galaxy,0.9706214070320129,0,galaxy,0.9879822134971619,0,galaxy,0.9719864726066589,0,galaxy,0.3577858805656433,0,galaxy,0.5955311059951782
745,0,galaxy,0,galaxy,True,0,galaxy,True,True,0,galaxy,0.9752296805381775,0,galaxy,0.9520860910415649,0,galaxy,0.9832171201705933,0,galaxy,0.9883618950843811,0,galaxy,0.3580506443977356,0,galaxy,0.7332260608673096
746,0,galaxy,0,galaxy,True,0,galaxy,True,True,0,galaxy,0.9835031032562256,0,galaxy,0.9671734571456909,0,galaxy,0.9840487241744995,0,galaxy,0.9598069190979004,0,galaxy,0.35805052518844604,0,galaxy,0.6946189999580383
747,0,galaxy,0,galaxy,True,0,galaxy,True,True,0,galaxy,0.9368417263031006,0,galaxy,0.8906880021095276,0,galaxy,0.9488019943237305,0,galaxy,0.9556107521057129,0,galaxy,0.35804879665374756,0,galaxy,0.621945321559906
748,0,galaxy,0,galaxy,True,0,galaxy,True,True,0,galaxy,0.9924310445785522,0,galaxy,0.98970627784729,0,galaxy,0.9885953068733215,0,galaxy,0.9874160885810852,0,galaxy,0.3580518662929535,0,galaxy,0.5193811655044556
749,0,galaxy,0,galaxy,True,0,galaxy,True,True,0,galaxy,0.9778826832771301,0,galaxy,0.9903767704963684,0,galaxy,0.9831478595733643,0,galaxy,0.9889885783195496,0,galaxy,0.3580518662929535,0,galaxy,0.6576566100120544
750,0,galaxy,0,galaxy,True,0,galaxy,True,True,0,galaxy,0.7807915210723877,0,galaxy,0.7904696464538574,0,galaxy,0.8965418934822083,0,galaxy,0.5887781381607056,0,galaxy,0.3580489456653595,0,galaxy,0.5072250366210938
751,0,galaxy,0,galaxy,True,0,galaxy,True,True,0,galaxy,0.9888240694999695,0,galaxy,0.9823933839797974,0,galaxy,0.9840781688690186,0,galaxy,0.9729915857315063,0,galaxy,0.35804757475852966,0,galaxy,0.41292786598205566
752,0,galaxy,0,galaxy,True,0,galaxy,True,True,0,galaxy,0.9813048243522644,0,galaxy,0.9811797738075256,0,galaxy,0.983829915523529,0,galaxy,0.9791523814201355,0,galaxy,0.35804834961891174,0,galaxy,0.6432980895042419
753,0,galaxy,0,galaxy,True,0,galaxy,True,True,0,galaxy,0.9935939908027649,0,galaxy,0.9746692776679993,0,galaxy,0.9832390546798706,0,galaxy,0.9629049897193909,0,galaxy,0.35793694853782654,0,galaxy,0.9568105936050415
754,0,galaxy,0,galaxy,True,0,galaxy,True,True,0,galaxy,0.9338766932487488,0,galaxy,0.99685138463974,0,galaxy,0.9855383634567261,0,galaxy,0.939876139163971,0,galaxy,0.3580578565597534,0,galaxy,0.8597936034202576
755,0,galaxy,0,galaxy,True,0,galaxy,True,True,0,galaxy,0.9878379106521606,0,galaxy,0.9827536344528198,0,galaxy,0.9863417744636536,0,galaxy,0.9814146161079407,0,galaxy,0.3580322265625,0,galaxy,0.6998406648635864
756,0,galaxy,0,galaxy,True,0,galaxy,True,True,0,galaxy,0.9650578498840332,0,galaxy,0.9913630485534668,0,galaxy,0.9593267440795898,0,galaxy,0.9647166728973389,0,galaxy,0.35805246233940125,0,galaxy,0.49388259649276733
757,0,galaxy,0,galaxy,True,0,galaxy,True,True,0,galaxy,0.8380821943283081,0,galaxy,0.904620349407196,0,galaxy,0.9567911624908447,0,galaxy,0.7989650964736938,0,galaxy,0.35808447003364563,2,star,0.49164071679115295
758,0,galaxy,0,galaxy,True,0,galaxy,True,True,0,galaxy,0.9623235464096069,0,galaxy,0.9483855962753296,0,galaxy,0.9844904541969299,0,galaxy,0.9834533333778381,0,galaxy,0.35803717374801636,0,galaxy,0.7707606554031372
759,0,galaxy,0,galaxy,True,0,galaxy,True,True,0,galaxy,0.7094652056694031,0,galaxy,0.9440935254096985,0,galaxy,0.9519851803779602,0,galaxy,0.9114993810653687,0,galaxy,0.358050137758255,0,galaxy,0.39105138182640076
760,0,galaxy,0,galaxy,True,0,galaxy,True,True,0,galaxy,0.952030599117279,0,galaxy,0.9656276106834412,0,galaxy,0.9744830131530762,0,galaxy,0.9784520268440247,0,galaxy,0.3580493628978729,0,galaxy,0.6619632244110107
761,0,galaxy,0,galaxy,True,0,galaxy,True,True,0,galaxy,0.898230791091919,0,galaxy,0.9049546122550964,0,galaxy,0.9533697366714478,0,galaxy,0.7514659762382507,0,galaxy,0.35803648829460144,0,galaxy,0.5190186500549316
762,0,galaxy,0,galaxy,True,0,galaxy,True,True,0,galaxy,0.9898501634597778,0,galaxy,0.9978274703025818,0,galaxy,0.9842475652694702,0,galaxy,0.981234610080719,0,galaxy,0.35805508494377136,0,galaxy,0.7288814783096313
763,0,galaxy,0,galaxy,True,0,galaxy,True,True,0,galaxy,0.9617177248001099,0,galaxy,0.9649102091789246,0,galaxy,0.956073522567749,0,galaxy,0.8862220048904419,0,galaxy,0.3580494523048401,0,galaxy,0.6480016112327576
764,0,galaxy,0,galaxy,True,0,galaxy,True,True,0,galaxy,0.9372487664222717,0,galaxy,0.7807093262672424,0,galaxy,0.9731238484382629,0,galaxy,0.932572603225708,0,galaxy,0.35804876685142517,0,galaxy,0.6142429113388062
765,0,galaxy,0,galaxy,True,0,galaxy,True,True,0,galaxy,0.8918548226356506,0,galaxy,0.7215072512626648,0,galaxy,0.9437589645385742,0,galaxy,0.976813793182373,0,galaxy,0.358047217130661,0,galaxy,0.7805876135826111
766,0,galaxy,0,galaxy,True,0,galaxy,True,True,0,galaxy,0.9760087728500366,0,galaxy,0.9764759540557861,0,galaxy,0.9888710379600525,0,galaxy,0.9867161512374878,0,galaxy,0.3580547273159027,0,galaxy,0.8955242037773132
767,0,galaxy,0,galaxy,True,0,galaxy,True,True,0,galaxy,0.9502928256988525,0,galaxy,0.8683260679244995,0,galaxy,0.9734670519828796,0,galaxy,0.9593191742897034,0,galaxy,0.35805001854896545,0,galaxy,0.7281597256660461
768,0,galaxy,0,galaxy,True,0,galaxy,True,True,0,galaxy,0.989953875541687,0,galaxy,0.9922582507133484,0,galaxy,0.9873992204666138,0,galaxy,0.9857287406921387,0,galaxy,0.3580503463745117,0,galaxy,0.6693722009658813
769,0,galaxy,0,galaxy,True,0,galaxy,True,True,0,galaxy,0.9732260704040527,0,galaxy,0.9790027737617493,0,galaxy,0.9827163219451904,0,galaxy,0.9845097661018372,0,galaxy,0.35805556178092957,0,galaxy,0.9726773500442505
770,0,galaxy,0,galaxy,True,0,galaxy,True,True,0,galaxy,0.9853333830833435,0,galaxy,0.9948775172233582,0,galaxy,0.9604368209838867,0,galaxy,0.9825365543365479,0,galaxy,0.3580379784107208,0,galaxy,0.9698442816734314
771,0,galaxy,0,galaxy,True,0,galaxy,True,True,0,galaxy,0.9769859910011292,0,galaxy,0.9953587651252747,0,galaxy,0.9866547584533691,0,galaxy,0.9659179449081421,0,galaxy,0.3580508828163147,0,galaxy,0.7132412791252136
772,0,galaxy,0,galaxy,True,0,galaxy,True,True,0,galaxy,0.9676583409309387,0,galaxy,0.859519898891449,0,galaxy,0.9683985114097595,0,galaxy,0.943108320236206,0,galaxy,0.3580487370491028,0,galaxy,0.7313532829284668
773,0,galaxy,0,galaxy,True,0,galaxy,True,True,0,galaxy,0.9598221778869629,0,galaxy,0.9839275479316711,0,galaxy,0.9839609861373901,0,galaxy,0.918157160282135,0,galaxy,0.35805079340934753,0,galaxy,0.8857058882713318
774,0,galaxy,0,galaxy,True,0,galaxy,True,True,0,galaxy,0.8995635509490967,0,galaxy,0.8772163987159729,0,galaxy,0.8027604818344116,0,galaxy,0.9714223742485046,0,galaxy,0.35804882645606995,0,galaxy,0.6420701146125793
775,0,galaxy,0,galaxy,True,0,galaxy,True,True,1,quasar,0.5831937193870544,0,galaxy,0.9665152430534363,0,galaxy,0.9506748914718628,0,galaxy,0.7401407957077026,0,galaxy,0.358051061630249,0,galaxy,0.8166975975036621
776,0,galaxy,0,galaxy,True,0,galaxy,True,True,0,galaxy,0.9925078749656677,0,galaxy,0.9966040849685669,0,galaxy,0.9822728037834167,0,galaxy,0.9721961617469788,0,galaxy,0.3581433892250061,0,galaxy,0.8063458800315857
777,0,galaxy,0,galaxy,True,0,galaxy,True,True,0,galaxy,0.978952169418335,0,galaxy,0.9265480041503906,0,galaxy,0.9844916462898254,0,galaxy,0.9889182448387146,0,galaxy,0.35804954171180725,0,galaxy,0.8548451066017151
778,0,galaxy,0,galaxy,True,0,galaxy,True,True,0,galaxy,0.9718152284622192,0,galaxy,0.9931442737579346,0,galaxy,0.9756187200546265,0,galaxy,0.9770872592926025,0,galaxy,0.3580457866191864,0,galaxy,0.787394106388092
779,0,galaxy,0,galaxy,True,0,galaxy,True,True,0,galaxy,0.9902209043502808,0,galaxy,0.9953987002372742,0,galaxy,0.9852756261825562,0,galaxy,0.9063330292701721,0,galaxy,0.3580544888973236,0,galaxy,0.8548244833946228
780,0,galaxy,0,galaxy,True,0,galaxy,True,True,0,galaxy,0.8510342240333557,0,galaxy,0.9661673307418823,0,galaxy,0.9707533717155457,0,galaxy,0.9221630096435547,0,galaxy,0.3580492436885834,0,galaxy,0.6010044813156128
781,0,galaxy,0,galaxy,True,0,galaxy,True,True,0,galaxy,0.9814519286155701,0,galaxy,0.9898898601531982,0,galaxy,0.9849237203598022,0,galaxy,0.9653262495994568,0,galaxy,0.35803142189979553,0,galaxy,0.45994940400123596
782,0,galaxy,0,galaxy,True,0,galaxy,True,True,0,galaxy,0.9826260805130005,0,galaxy,0.9861027002334595,0,galaxy,0.9861493110656738,0,galaxy,0.9868044853210449,0,galaxy,0.3580506443977356,0,galaxy,0.8180774450302124
783,0,galaxy,0,galaxy,True,0,galaxy,True,True,0,galaxy,0.9257746338844299,0,galaxy,0.8422707915306091,0,galaxy,0.9500002861022949,0,galaxy,0.9687411785125732,0,galaxy,0.35804927349090576,0,galaxy,0.5261965394020081
784,0,galaxy,0,galaxy,True,0,galaxy,True,True,0,galaxy,0.7811233401298523,0,galaxy,0.9205292463302612,0,galaxy,0.827124834060669,0,galaxy,0.9468103647232056,0,galaxy,0.3580481708049774,0,galaxy,0.4570484459400177
785,0,galaxy,0,galaxy,True,0,galaxy,True,True,0,galaxy,0.9674516916275024,0,galaxy,0.9915436506271362,0,galaxy,0.9772701263427734,0,galaxy,0.9869869351387024,0,galaxy,0.3580523431301117,0,galaxy,0.7022019624710083
786,0,galaxy,0,galaxy,True,0,galaxy,True,True,0,galaxy,0.6250605583190918,0,galaxy,0.8649863004684448,0,galaxy,0.8808749318122864,0,galaxy,0.9294242858886719,0,galaxy,0.35805025696754456,0,galaxy,0.4893763065338135
787,0,galaxy,0,galaxy,True,0,galaxy,True,True,0,galaxy,0.9608687162399292,0,galaxy,0.9960253238677979,0,galaxy,0.985566258430481,0,galaxy,0.9873364567756653,0,galaxy,0.3580508828163147,0,galaxy,0.923011302947998
788,0,galaxy,0,galaxy,True,0,galaxy,True,True,0,galaxy,0.9748445749282837,0,galaxy,0.9952217936515808,0,galaxy,0.98111492395401,0,galaxy,0.9672223329544067,0,galaxy,0.3580535650253296,0,galaxy,0.9316778182983398
789,0,galaxy,1,quasar,False,2,star,False,False,2,star,0.6095231175422668,1,quasar,0.710704505443573,1,quasar,0.541878342628479,1,quasar,0.4506402015686035,0,galaxy,0.3580482006072998,2,star,0.4939706027507782
790,0,galaxy,0,galaxy,True,0,galaxy,True,True,0,galaxy,0.9933248162269592,0,galaxy,0.9897735714912415,0,galaxy,0.9856692552566528,0,galaxy,0.9823735952377319,0,galaxy,0.35804957151412964,0,galaxy,0.7560088038444519
791,0,galaxy,0,galaxy,True,0,galaxy,True,True,0,galaxy,0.9909398555755615,0,galaxy,0.984916627407074,0,galaxy,0.9852199554443359,0,galaxy,0.9824854135513306,0,galaxy,0.358049601316452,0,galaxy,0.9308009147644043
792,0,galaxy,0,galaxy,True,0,galaxy,True,True,0,galaxy,0.9933964014053345,0,galaxy,0.9955273270606995,0,galaxy,0.9043758511543274,0,galaxy,0.9835512042045593,0,galaxy,0.35805797576904297,0,galaxy,0.8496590256690979
793,0,galaxy,0,galaxy,True,0,galaxy,True,True,0,galaxy,0.9800165891647339,0,galaxy,0.9895059466362,0,galaxy,0.9851493835449219,0,galaxy,0.9794917106628418,0,galaxy,0.3580516278743744,0,galaxy,0.4618239402770996
794,0,galaxy,0,galaxy,True,0,galaxy,True,True,0,galaxy,0.9797016382217407,0,galaxy,0.9801203608512878,0,galaxy,0.9872640371322632,0,galaxy,0.9859684705734253,0,galaxy,0.3580516278743744,0,galaxy,0.9360703229904175
795,0,galaxy,0,galaxy,True,0,galaxy,True,True,0,galaxy,0.9897486567497253,0,galaxy,0.9675543308258057,0,galaxy,0.9807816743850708,0,galaxy,0.9705725312232971,0,galaxy,0.35805127024650574,0,galaxy,0.6000543832778931
796,0,galaxy,0,galaxy,True,0,galaxy,True,True,0,galaxy,0.9903116226196289,0,galaxy,0.9927485585212708,0,galaxy,0.9851765632629395,0,galaxy,0.9825746417045593,0,galaxy,0.35805079340934753,0,galaxy,0.6581680178642273
797,0,galaxy,0,galaxy,True,0,galaxy,True,True,0,galaxy,0.9709703326225281,0,galaxy,0.9292524456977844,0,galaxy,0.9802420735359192,0,galaxy,0.9802348613739014,0,galaxy,0.3580489158630371,0,galaxy,0.6533203125
798,0,galaxy,0,galaxy,True,0,galaxy,True,True,0,galaxy,0.9910889863967896,0,galaxy,0.9897333979606628,0,galaxy,0.981899619102478,0,galaxy,0.9905591011047363,0,galaxy,0.3580590784549713,0,galaxy,0.8849127888679504
799,0,galaxy,0,galaxy,True,0,galaxy,True,True,0,galaxy,0.959044873714447,0,galaxy,0.9572224020957947,0,galaxy,0.9805617928504944,0,galaxy,0.9798216819763184,0,galaxy,0.3580489158630371,0,galaxy,0.7203531265258789
800,0,galaxy,0,galaxy,True,0,galaxy,True,True,0,galaxy,0.9389352202415466,0,galaxy,0.9649489521980286,0,galaxy,0.9801973104476929,0,galaxy,0.9804704189300537,0,galaxy,0.3580476939678192,0,galaxy,0.6858360171318054
801,0,galaxy,0,galaxy,True,0,galaxy,True,True,0,galaxy,0.9956095814704895,0,galaxy,0.9985528588294983,0,galaxy,0.9891026020050049,0,galaxy,0.9427564144134521,0,galaxy,0.358043372631073,0,galaxy,0.9463359117507935
802,0,galaxy,0,galaxy,True,0,galaxy,True,True,0,galaxy,0.9813589453697205,0,galaxy,0.9399071931838989,0,galaxy,0.9627980589866638,0,galaxy,0.9576648473739624,0,galaxy,0.35805344581604004,0,galaxy,0.8210956454277039
803,0,galaxy,0,galaxy,True,0,galaxy,True,True,0,galaxy,0.8757390379905701,0,galaxy,0.9974852800369263,0,galaxy,0.9850533604621887,0,galaxy,0.9829968214035034,0,galaxy,0.3580523431301117,0,galaxy,0.9137967228889465
804,0,galaxy,0,galaxy,True,0,galaxy,True,True,0,galaxy,0.9682633876800537,0,galaxy,0.9909508228302002,0,galaxy,0.9892811179161072,0,galaxy,0.985771656036377,0,galaxy,0.3580503761768341,0,galaxy,0.9047344326972961
805,0,galaxy,0,galaxy,True,0,galaxy,True,True,0,galaxy,0.9930863976478577,0,galaxy,0.99257493019104,0,galaxy,0.9838128089904785,0,galaxy,0.986348032951355,0,galaxy,0.3580580949783325,0,galaxy,0.7800546884536743
806,0,galaxy,0,galaxy,True,0,galaxy,True,True,0,galaxy,0.9607445001602173,0,galaxy,0.9604869484901428,0,galaxy,0.9761649370193481,0,galaxy,0.9858702421188354,0,galaxy,0.3580484390258789,0,galaxy,0.7835293412208557
807,0,galaxy,0,galaxy,True,0,galaxy,True,True,0,galaxy,0.9918674826622009,0,galaxy,0.9890182018280029,0,galaxy,0.9720417857170105,0,galaxy,0.9732191562652588,0,galaxy,0.35804611444473267,2,star,0.7802830934524536
808,0,galaxy,0,galaxy,True,0,galaxy,True,True,0,galaxy,0.9066678881645203,0,galaxy,0.9401924014091492,0,galaxy,0.968468964099884,0,galaxy,0.7354063987731934,0,galaxy,0.3580489456653595,0,galaxy,0.5271656513214111
809,0,galaxy,0,galaxy,True,0,galaxy,True,True,0,galaxy,0.5350738167762756,0,galaxy,0.6078524589538574,0,galaxy,0.951528012752533,0,galaxy,0.7961162328720093,0,galaxy,0.35804879665374756,0,galaxy,0.3930387794971466
810,0,galaxy,0,galaxy,True,0,galaxy,True,True,0,galaxy,0.9809173345565796,0,galaxy,0.995987594127655,0,galaxy,0.9880707263946533,0,galaxy,0.9823192954063416,0,galaxy,0.35805192589759827,0,galaxy,0.7448514699935913
811,0,galaxy,0,galaxy,True,0,galaxy,True,True,0,galaxy,0.9187191724777222,0,galaxy,0.8641154170036316,0,galaxy,0.9803825616836548,0,galaxy,0.9509814977645874,0,galaxy,0.35804885625839233,0,galaxy,0.8635287880897522
812,1,quasar,2,star,False,1,quasar,True,False,2,star,0.5143738985061646,1,quasar,0.7157864570617676,1,quasar,0.5259681940078735,2,star,0.5198670029640198,0,galaxy,0.3580463230609894,2,star,0.5146076083183289
813,1,quasar,1,quasar,True,1,quasar,True,True,1,quasar,0.9279063940048218,1,quasar,0.7948111891746521,1,quasar,0.8033835291862488,1,quasar,0.7746821045875549,0,galaxy,0.35804763436317444,0,galaxy,0.5275281071662903
814,1,quasar,2,star,False,2,star,False,True,2,star,0.5851655602455139,1,quasar,0.510587215423584,2,star,0.7201204299926758,2,star,0.6331702470779419,0,galaxy,0.35805076360702515,0,galaxy,0.8367975354194641
815,1,quasar,1,quasar,True,1,quasar,True,True,1,quasar,0.9375437498092651,1,quasar,0.8763379454612732,1,quasar,0.7666112780570984,1,quasar,0.6131481528282166,0,galaxy,0.3580494821071625,2,star,0.46703729033470154
816,1,quasar,1,quasar,True,1,quasar,True,True,1,quasar,0.7184514999389648,1,quasar,0.7101393938064575,1,quasar,0.7818584442138672,1,quasar,0.7476097941398621,0,galaxy,0.3580501973628998,2,star,0.5597838163375854
817,1,quasar,1,quasar,True,1,quasar,True,True,1,quasar,0.8768807649612427,1,quasar,0.6855499148368835,1,quasar,0.82225102186203,1,quasar,0.7405844926834106,0,galaxy,0.35804930329322815,1,quasar,0.5506302118301392
818,1,quasar,1,quasar,True,1,quasar,True,True,1,quasar,0.8486977219581604,1,quasar,0.8988602757453918,1,quasar,0.7873357534408569,1,quasar,0.5428383350372314,0,galaxy,0.3580493927001953,2,star,0.4129527807235718
819,1,quasar,1,quasar,True,1,quasar,True,True,1,quasar,0.8819385766983032,1,quasar,0.8570963740348816,1,quasar,0.8425108790397644,1,quasar,0.8557496070861816,0,galaxy,0.3580489754676819,2,star,0.4943203926086426
820,1,quasar,2,star,False,2,star,False,True,1,quasar,0.6738026142120361,1,quasar,0.5732570290565491,2,star,0.5780636668205261,2,star,0.8561819791793823,0,galaxy,0.3580494821071625,2,star,0.40183180570602417
821,1,quasar,1,quasar,True,1,quasar,True,True,1,quasar,0.9075652360916138,1,quasar,0.8813627362251282,1,quasar,0.8309121131896973,1,quasar,0.8145020604133606,0,galaxy,0.35803741216659546,2,star,0.4260720908641815
822,1,quasar,1,quasar,True,1,quasar,True,True,1,quasar,0.8256976008415222,1,quasar,0.759830117225647,1,quasar,0.8076335787773132,1,quasar,0.797256588935852,0,galaxy,0.35804882645606995,1,quasar,0.3996816873550415
823,1,quasar,1,quasar,True,1,quasar,True,True,1,quasar,0.8800499439239502,1,quasar,0.9000667929649353,1,quasar,0.8289715051651001,1,quasar,0.7678435444831848,0,galaxy,0.3580493628978729,0,galaxy,0.3662179708480835
824,1,quasar,1,quasar,True,1,quasar,True,True,1,quasar,0.6821787357330322,1,quasar,0.8116947412490845,1,quasar,0.7468047738075256,1,quasar,0.6530819535255432,0,galaxy,0.358049601316452,2,star,0.5079813003540039
825,1,quasar,1,quasar,True,1,quasar,True,True,1,quasar,0.66597980260849,1,quasar,0.9098851680755615,1,quasar,0.8017798662185669,1,quasar,0.6840356588363647,0,galaxy,0.35803842544555664,2,star,0.5293750166893005
826,1,quasar,1,quasar,True,2,star,False,False,1,quasar,0.7082870006561279,2,star,0.6367048621177673,1,quasar,0.4753625988960266,2,star,0.546791672706604,0,galaxy,0.35804861783981323,1,quasar,0.4661085605621338
827,1,quasar,1,quasar,True,1,quasar,True,True,1,quasar,0.8296766877174377,1,quasar,0.9533581733703613,1,quasar,0.7295565009117126,1,quasar,0.8114660382270813,0,galaxy,0.35804861783981323,1,quasar,0.5969908237457275
828,1,quasar,0,galaxy,False,0,galaxy,False,True,1,quasar,0.5277281403541565,0,galaxy,0.5626871585845947,0,galaxy,0.6229062676429749,0,galaxy,0.4572274684906006,0,galaxy,0.3580498993396759,1,quasar,0.469916433095932
829,1,quasar,1,quasar,True,1,quasar,True,True,1,quasar,0.9286140203475952,1,quasar,0.8715174198150635,1,quasar,0.7159364819526672,1,quasar,0.5683344006538391,0,galaxy,0.35804638266563416,2,star,0.3985918462276459
830,1,quasar,1,quasar,True,1,quasar,True,True,1,quasar,0.9310200810432434,1,quasar,0.8818137049674988,1,quasar,0.7984844446182251,1,quasar,0.611861526966095,0,galaxy,0.35804831981658936,1,quasar,0.44550809264183044
831,1,quasar,1,quasar,True,1,quasar,True,True,1,quasar,0.919572114944458,1,quasar,0.9643805027008057,1,quasar,0.8288269639015198,1,quasar,0.5360749363899231,0,galaxy,0.3580496609210968,2,star,0.5059284567832947
832,1,quasar,0,galaxy,False,0,galaxy,False,True,0,galaxy,0.949337899684906,0,galaxy,0.9404299855232239,0,galaxy,0.9641803503036499,0,galaxy,0.9787179231643677,0,galaxy,0.35805150866508484,0,galaxy,0.927143931388855
833,1,quasar,1,quasar,True,1,quasar,True,True,1,quasar,0.8247687220573425,1,quasar,0.7840879559516907,1,quasar,0.6092923283576965,1,quasar,0.5549544095993042,0,galaxy,0.3580494225025177,0,galaxy,0.39616280794143677
834,1,quasar,1,quasar,True,1,quasar,True,True,1,quasar,0.776616632938385,1,quasar,0.8456630706787109,1,quasar,0.6571988463401794,2,star,0.528471052646637,0,galaxy,0.3580496907234192,2,star,0.5379669666290283
835,1,quasar,1,quasar,True,1,quasar,True,True,1,quasar,0.6690020561218262,1,quasar,0.8860584497451782,1,quasar,0.8105207085609436,1,quasar,0.5931957960128784,0,galaxy,0.35804644227027893,0,galaxy,0.5119651556015015
836,1,quasar,1,quasar,True,1,quasar,True,True,1,quasar,0.5253826379776001,1,quasar,0.7276341319084167,1,quasar,0.8146834969520569,1,quasar,0.5839548110961914,0,galaxy,0.35805007815361023,0,galaxy,0.62665855884552
837,1,quasar,1,quasar,True,1,quasar,True,True,1,quasar,0.9449653029441833,1,quasar,0.9310641884803772,1,quasar,0.7762914299964905,1,quasar,0.7306715250015259,0,galaxy,0.35805097222328186,2,star,0.3592349886894226
838,1,quasar,1,quasar,True,1,quasar,True,True,1,quasar,0.8412543535232544,1,quasar,0.9041908383369446,1,quasar,0.8179923295974731,1,quasar,0.6701119542121887,0,galaxy,0.35804933309555054,2,star,0.46967658400535583
839,1,quasar,1,quasar,True,1,quasar,True,True,2,star,0.5049319863319397,1,quasar,0.706622302532196,1,quasar,0.7453425526618958,1,quasar,0.5209574699401855,0,galaxy,0.3580452799797058,2,star,0.6304804682731628
840,1,quasar,1,quasar,True,1,quasar,True,True,1,quasar,0.9489108324050903,1,quasar,0.9236003160476685,1,quasar,0.7933109998703003,1,quasar,0.606119692325592,0,galaxy,0.35804998874664307,1,quasar,0.45638415217399597
841,1,quasar,1,quasar,True,1,quasar,True,True,1,quasar,0.6950468420982361,1,quasar,0.7918173670768738,1,quasar,0.8308513760566711,1,quasar,0.6310333609580994,0,galaxy,0.3580489158630371,2,star,0.38729992508888245
842,1,quasar,1,quasar,True,1,quasar,True,True,1,quasar,0.5416705012321472,2,star,0.6054345369338989,1,quasar,0.6059494018554688,1,quasar,0.715158998966217,0,galaxy,0.3580492436885834,2,star,0.49555227160453796
843,1,quasar,1,quasar,True,1,quasar,True,True,1,quasar,0.6976525783538818,1,quasar,0.8259372115135193,1,quasar,0.8086066842079163,1,quasar,0.6179293394088745,0,galaxy,0.3580477237701416,2,star,0.4173634350299835
844,1,quasar,0,galaxy,False,2,star,False,False,2,star,0.9400138854980469,1,quasar,0.8219361305236816,1,quasar,0.6576415300369263,2,star,0.5577396750450134,0,galaxy,0.3580029308795929,0,galaxy,0.45994865894317627
845,1,quasar,1,quasar,True,1,quasar,True,True,1,quasar,0.9296807646751404,1,quasar,0.8980385661125183,1,quasar,0.8466419577598572,1,quasar,0.8339611291885376,0,galaxy,0.3580467700958252,1,quasar,0.5809505581855774
846,1,quasar,1,quasar,True,1,quasar,True,True,1,quasar,0.773059070110321,1,quasar,0.8912562131881714,1,quasar,0.8099213242530823,1,quasar,0.7377269864082336,0,galaxy,0.35804834961891174,2,star,0.47396785020828247
847,1,quasar,0,galaxy,False,1,quasar,True,False,2,star,0.34364327788352966,2,star,0.6516085267066956,1,quasar,0.7557396292686462,1,quasar,0.5134543776512146,0,galaxy,0.35751375555992126,0,galaxy,0.9885745644569397
848,1,quasar,1,quasar,True,1,quasar,True,True,1,quasar,0.8345584869384766,1,quasar,0.8879446983337402,1,quasar,0.5729687213897705,2,star,0.7325830459594727,0,galaxy,0.3580489754676819,2,star,0.4367765784263611
849,1,quasar,1,quasar,True,1,quasar,True,True,1,quasar,0.7370636463165283,1,quasar,0.9411026835441589,1,quasar,0.8274365663528442,1,quasar,0.6269888877868652,0,galaxy,0.35804927349090576,1,quasar,0.7813393473625183
850,1,quasar,1,quasar,True,1,quasar,True,True,1,quasar,0.9054287075996399,1,quasar,0.9009153842926025,1,quasar,0.8191152215003967,1,quasar,0.613204836845398,0,galaxy,0.35804861783981323,1,quasar,0.46708306670188904
851,1,quasar,1,quasar,True,1,quasar,True,True,1,quasar,0.7759442925453186,1,quasar,0.8277720212936401,1,quasar,0.7552478313446045,1,quasar,0.5039764046669006,0,galaxy,0.3580494225025177,1,quasar,0.4528553783893585
852,1,quasar,1,quasar,True,1,quasar,True,True,1,quasar,0.6678174138069153,1,quasar,0.700604259967804,1,quasar,0.8117241859436035,1,quasar,0.6871474385261536,0,galaxy,0.35804951190948486,1,quasar,0.46973496675491333
853,1,quasar,1,quasar,True,1,quasar,True,True,1,quasar,0.6453981995582581,1,quasar,0.9290688037872314,1,quasar,0.8266472816467285,1,quasar,0.7256162166595459,0,galaxy,0.35804906487464905,0,galaxy,0.5976666212081909
854,1,quasar,0,galaxy,False,0,galaxy,False,True,0,galaxy,0.856804609298706,0,galaxy,0.9387235045433044,0,galaxy,0.9765649437904358,0,galaxy,0.9777045249938965,0,galaxy,0.35804983973503113,1,quasar,0.4311900734901428
855,1,quasar,1,quasar,True,1,quasar,True,True,1,quasar,0.9295489192008972,1,quasar,0.8819210529327393,1,quasar,0.8433691263198853,1,quasar,0.8116277456283569,0,galaxy,0.3580496609210968,1,quasar,0.460328072309494
856,1,quasar,1,quasar,True,1,quasar,True,True,1,quasar,0.9528222680091858,1,quasar,0.9291949272155762,1,quasar,0.7259852290153503,1,quasar,0.836702287197113,0,galaxy,0.3580493628978729,1,quasar,0.6448544859886169
857,1,quasar,1,quasar,True,1,quasar,True,True,1,quasar,0.9180485606193542,1,quasar,0.6618190407752991,1,quasar,0.5308190584182739,2,star,0.5252109169960022,0,galaxy,0.3580493927001953,1,quasar,0.4238736033439636
858,1,quasar,1,quasar,True,1,quasar,True,True,1,quasar,0.9525373578071594,1,quasar,0.9392216205596924,1,quasar,0.8323605060577393,1,quasar,0.6074612736701965,0,galaxy,0.3580499291419983,0,galaxy,0.5984391570091248
859,1,quasar,1,quasar,True,1,quasar,True,True,1,quasar,0.8971114158630371,1,quasar,0.9010106921195984,1,quasar,0.823626697063446,1,quasar,0.7961139678955078,0,galaxy,0.3580486476421356,1,quasar,0.39651724696159363
860,1,quasar,1,quasar,True,1,quasar,True,True,1,quasar,0.8434774279594421,1,quasar,0.8852284550666809,1,quasar,0.8305898904800415,1,quasar,0.6632948517799377,0,galaxy,0.3580494225025177,0,galaxy,0.46259209513664246
861,1,quasar,1,quasar,True,1,quasar,True,True,1,quasar,0.7694252729415894,1,quasar,0.9489580392837524,1,quasar,0.8367803692817688,1,quasar,0.7041594386100769,0,galaxy,0.3580476641654968,2,star,0.44628092646598816
862,1,quasar,1,quasar,True,1,quasar,True,True,1,quasar,0.8469710350036621,1,quasar,0.832816481590271,1,quasar,0.8278871774673462,1,quasar,0.5461906790733337,0,galaxy,0.35804829001426697,0,galaxy,0.5385884642601013
863,1,quasar,1,quasar,True,1,quasar,True,True,1,quasar,0.8629289865493774,1,quasar,0.853266179561615,1,quasar,0.7442169189453125,1,quasar,0.7693867087364197,0,galaxy,0.35804927349090576,1,quasar,0.6335321664810181
864,1,quasar,1,quasar,True,1,quasar,True,True,1,quasar,0.6294137835502625,1,quasar,0.8277722001075745,1,quasar,0.8212588429450989,1,quasar,0.7214118242263794,0,galaxy,0.3580489158630371,2,star,0.4248654544353485
865,1,quasar,1,quasar,True,1,quasar,True,True,1,quasar,0.9705128073692322,1,quasar,0.9684188961982727,1,quasar,0.8409663438796997,1,quasar,0.6658613085746765,0,galaxy,0.3580484986305237,1,quasar,0.6731164455413818
866,1,quasar,0,galaxy,False,1,quasar,True,False,0,galaxy,0.5356003642082214,1,quasar,0.5528311729431152,1,quasar,0.7572272419929504,1,quasar,0.548602283000946,0,galaxy,0.3580498993396759,0,galaxy,0.6079176068305969
867,1,quasar,1,quasar,True,1,quasar,True,True,1,quasar,0.7660128474235535,1,quasar,0.6229618191719055,1,quasar,0.6702076196670532,2,star,0.515451192855835,0,galaxy,0.35804951190948486,2,star,0.6592155694961548
868,1,quasar,1,quasar,True,1,quasar,True,True,1,quasar,0.712297260761261,1,quasar,0.7315312623977661,1,quasar,0.7926335334777832,1,quasar,0.6792478561401367,0,galaxy,0.3577253818511963,1,quasar,0.5756999254226685
869,1,quasar,1,quasar,True,1,quasar,True,True,1,quasar,0.8039647340774536,1,quasar,0.7576384544372559,1,quasar,0.7892234325408936,1,quasar,0.7409842610359192,0,galaxy,0.3580489158630371,2,star,0.4704967439174652
870,1,quasar,1,quasar,True,1,quasar,True,True,1,quasar,0.8112142086029053,1,quasar,0.9106279611587524,1,quasar,0.8064733147621155,1,quasar,0.6053553819656372,0,galaxy,0.35804975032806396,1,quasar,0.39873039722442627
871,1,quasar,1,quasar,True,1,quasar,True,True,1,quasar,0.7695358395576477,1,quasar,0.9198473691940308,1,quasar,0.6874370574951172,2,star,0.4981149137020111,0,galaxy,0.3580484092235565,1,quasar,0.5040510892868042
872,1,quasar,1,quasar,True,1,quasar,True,True,1,quasar,0.9793413281440735,1,quasar,0.9266220927238464,1,quasar,0.8090464472770691,1,quasar,0.7256481051445007,0,galaxy,0.3581514060497284,1,quasar,0.4019641578197479
873,1,quasar,1,quasar,True,1,quasar,True,True,1,quasar,0.7852737307548523,1,quasar,0.8065006732940674,1,quasar,0.8405864238739014,1,quasar,0.864721417427063,0,galaxy,0.35804837942123413,1,quasar,0.34913358092308044
874,1,quasar,1,quasar,True,1,quasar,True,True,1,quasar,0.8418126106262207,1,quasar,0.8813755512237549,1,quasar,0.8299167156219482,1,quasar,0.7698454856872559,0,galaxy,0.3580508530139923,0,galaxy,0.5353946089744568
875,1,quasar,0,galaxy,False,0,galaxy,False,True,0,galaxy,0.7936903238296509,1,quasar,0.5059149861335754,0,galaxy,0.9558495283126831,0,galaxy,0.8346526622772217,0,galaxy,0.3580491244792938,0,galaxy,0.46440818905830383
876,1,quasar,1,quasar,True,1,quasar,True,True,1,quasar,0.8771491646766663,1,quasar,0.8866674304008484,1,quasar,0.8308214545249939,2,star,0.494405061006546,0,galaxy,0.35804975032806396,1,quasar,0.4217037558555603
877,1,quasar,0,galaxy,False,0,galaxy,False,True,0,galaxy,0.454379141330719,0,galaxy,0.5251632928848267,0,galaxy,0.3373572826385498,0,galaxy,0.36251014471054077,0,galaxy,0.3580497205257416,0,galaxy,0.5204388499259949
878,1,quasar,1,quasar,True,1,quasar,True,True,1,quasar,0.7931585311889648,1,quasar,0.8518164753913879,1,quasar,0.8216226696968079,1,quasar,0.5591063499450684,0,galaxy,0.3580443561077118,2,star,0.43705126643180847
879,1,quasar,1,quasar,True,1,quasar,True,True,1,quasar,0.756074070930481,1,quasar,0.6994567513465881,1,quasar,0.8162333369255066,1,quasar,0.6409337520599365,0,galaxy,0.35804954171180725,2,star,0.544059157371521
880,1,quasar,1,quasar,True,1,quasar,True,True,1,quasar,0.6884223222732544,1,quasar,0.8787622451782227,1,quasar,0.7018006443977356,1,quasar,0.6533939838409424,0,galaxy,0.35804980993270874,1,quasar,0.4901546835899353
881,1,quasar,1,quasar,True,1,quasar,True,True,1,quasar,0.9120370149612427,1,quasar,0.910919725894928,1,quasar,0.7446858286857605,1,quasar,0.6074998378753662,0,galaxy,0.3580470681190491,1,quasar,0.5281044244766235
882,1,quasar,1,quasar,True,1,quasar,True,True,1,quasar,0.7112262845039368,1,quasar,0.7044187188148499,1,quasar,0.808100700378418,1,quasar,0.8526964783668518,0,galaxy,0.3580997586250305,2,star,0.413009375333786
883,1,quasar,1,quasar,True,1,quasar,True,True,1,quasar,0.8875684142112732,1,quasar,0.8847735524177551,1,quasar,0.8251029253005981,1,quasar,0.5868145823478699,0,galaxy,0.3580491840839386,1,quasar,0.585052490234375
884,1,quasar,1,quasar,True,1,quasar,True,True,1,quasar,0.9096628427505493,1,quasar,0.9358928799629211,1,quasar,0.8270425200462341,1,quasar,0.6864717602729797,0,galaxy,0.35804882645606995,1,quasar,0.46245044469833374
885,1,quasar,1,quasar,True,1,quasar,True,True,1,quasar,0.917208194732666,1,quasar,0.8819391131401062,1,quasar,0.8453457951545715,1,quasar,0.7777985334396362,0,galaxy,0.3580494225025177,1,quasar,0.47392600774765015
886,1,quasar,1,quasar,True,1,quasar,True,True,1,quasar,0.938404381275177,1,quasar,0.8201136589050293,1,quasar,0.8231176137924194,1,quasar,0.6325793266296387,0,galaxy,0.3580491542816162,1,quasar,0.5285542011260986
887,1,quasar,1,quasar,True,1,quasar,True,True,1,quasar,0.5907614231109619,1,quasar,0.6771275401115417,1,quasar,0.8065369725227356,1,quasar,0.6262536644935608,0,galaxy,0.3580459952354431,2,star,0.5337787866592407
888,1,quasar,1,quasar,True,1,quasar,True,True,1,quasar,0.6651049852371216,1,quasar,0.6624273657798767,1,quasar,0.8318161368370056,2,star,0.5259453654289246,0,galaxy,0.3580484390258789,2,star,0.6468261480331421
889,1,quasar,1,quasar,True,1,quasar,True,True,2,star,0.48890823125839233,1,quasar,0.7653405070304871,1,quasar,0.807884931564331,1,quasar,0.5801439881324768,0,galaxy,0.35804781317710876,2,star,0.7331393361091614
890,1,quasar,1,quasar,True,1,quasar,True,True,1,quasar,0.7543628811836243,1,quasar,0.8080761432647705,1,quasar,0.8330287933349609,1,quasar,0.666856586933136,0,galaxy,0.35804957151412964,2,star,0.5239618420600891
891,1,quasar,1,quasar,True,1,quasar,True,True,1,quasar,0.6805145740509033,1,quasar,0.7313862442970276,1,quasar,0.5276368260383606,1,quasar,0.6031410098075867,0,galaxy,0.35804903507232666,2,star,0.6233469247817993
892,1,quasar,0,galaxy,False,0,galaxy,False,True,1,quasar,0.5368846654891968,1,quasar,0.5088642239570618,0,galaxy,0.8238100409507751,2,star,0.5653021335601807,0,galaxy,0.35804933309555054,0,galaxy,0.3910772204399109
893,1,quasar,1,quasar,True,1,quasar,True,True,1,quasar,0.9358702898025513,1,quasar,0.9170425534248352,1,quasar,0.8374007940292358,1,quasar,0.7142043709754944,0,galaxy,0.3580438196659088,2,star,0.5131721496582031
894,1,quasar,0,galaxy,False,0,galaxy,False,True,0,galaxy,0.8410534262657166,0,galaxy,0.8901663422584534,2,star,0.43681901693344116,0,galaxy,0.9727094173431396,0,galaxy,0.35805073380470276,2,star,0.44348469376564026
895,1,quasar,2,star,False,2,star,False,True,2,star,0.5252019762992859,2,star,0.7352070212364197,2,star,0.5064603686332703,1,quasar,0.5391477346420288,0,galaxy,0.35804933309555054,2,star,0.6539652943611145
896,1,quasar,1,quasar,True,1,quasar,True,True,1,quasar,0.8223559260368347,1,quasar,0.841214120388031,1,quasar,0.8081868886947632,2,star,0.6906905770301819,0,galaxy,0.3580484092235565,2,star,0.4311577081680298
897,1,quasar,1,quasar,True,1,quasar,True,True,1,quasar,0.834572434425354,1,quasar,0.8480932116508484,1,quasar,0.8172801733016968,1,quasar,0.7567449808120728,0,galaxy,0.35804930329322815,2,star,0.48725470900535583
898,1,quasar,1,quasar,True,1,quasar,True,True,1,quasar,0.8589931130409241,1,quasar,0.7556169629096985,1,quasar,0.8172220587730408,1,quasar,0.7746854424476624,0,galaxy,0.3580501973628998,2,star,0.5836127996444702
899,1,quasar,1,quasar,True,1,quasar,True,True,2,star,0.5077735185623169,1,quasar,0.7103522419929504,1,quasar,0.6716501116752625,1,quasar,0.5607100129127502,0,galaxy,0.3580489754676819,2,star,0.5859758853912354
900,1,quasar,1,quasar,True,1,quasar,True,True,1,quasar,0.9374779462814331,1,quasar,0.9236291646957397,1,quasar,0.8433169722557068,1,quasar,0.842174232006073,0,galaxy,0.3580496311187744,2,star,0.5944416522979736
901,1,quasar,1,quasar,True,1,quasar,True,True,1,quasar,0.9027006030082703,1,quasar,0.8625361323356628,1,quasar,0.7747028470039368,1,quasar,0.6373994946479797,0,galaxy,0.3580494225025177,0,galaxy,0.5652003288269043
902,1,quasar,1,quasar,True,1,quasar,True,True,1,quasar,0.627848207950592,1,quasar,0.6690770983695984,1,quasar,0.6460886597633362,1,quasar,0.5559878349304199,0,galaxy,0.3580454885959625,2,star,0.6765508055686951
903,1,quasar,1,quasar,True,1,quasar,True,True,1,quasar,0.769595742225647,1,quasar,0.8047283887863159,1,quasar,0.8370162844657898,1,quasar,0.8310686349868774,0,galaxy,0.3580337166786194,2,star,0.6521965265274048
904,1,quasar,1,quasar,True,1,quasar,True,True,1,quasar,0.6858356595039368,1,quasar,0.8681687116622925,1,quasar,0.8214834928512573,1,quasar,0.5785086154937744,0,galaxy,0.3580494225025177,2,star,0.4983804523944855
905,1,quasar,0,galaxy,False,0,galaxy,False,True,0,galaxy,0.9859408736228943,0,galaxy,0.997848391532898,0,galaxy,0.9756053686141968,0,galaxy,0.9815665483474731,0,galaxy,0.3580509126186371,0,galaxy,0.7300326824188232
906,1,quasar,0,galaxy,False,0,galaxy,False,True,0,galaxy,0.9356961846351624,1,quasar,0.8106264472007751,0,galaxy,0.9601244330406189,0,galaxy,0.9318292140960693,0,galaxy,0.35804954171180725,0,galaxy,0.5660516619682312
907,1,quasar,1,quasar,True,1,quasar,True,True,1,quasar,0.8608815670013428,1,quasar,0.8445011377334595,2,star,0.5464619398117065,2,star,0.6201050877571106,0,galaxy,0.35804837942123413,1,quasar,0.5328218340873718
908,1,quasar,1,quasar,True,1,quasar,True,True,1,quasar,0.8577247262001038,1,quasar,0.8972596526145935,1,quasar,0.7641844153404236,1,quasar,0.7322538495063782,0,galaxy,0.35803088545799255,0,galaxy,0.5366690158843994
909,1,quasar,1,quasar,True,1,quasar,True,True,1,quasar,0.8520057201385498,1,quasar,0.8886903524398804,1,quasar,0.8156799674034119,1,quasar,0.7047914266586304,0,galaxy,0.3580482006072998,2,star,0.8708124756813049
910,1,quasar,1,quasar,True,1,quasar,True,True,1,quasar,0.8132868409156799,1,quasar,0.8500614762306213,1,quasar,0.7985208034515381,2,star,0.5316627025604248,0,galaxy,0.3580471873283386,2,star,0.7575652599334717
911,1,quasar,1,quasar,True,1,quasar,True,True,1,quasar,0.5620614290237427,1,quasar,0.719677209854126,2,star,0.6418434381484985,1,quasar,0.840279757976532,0,galaxy,0.3580576777458191,2,star,0.7250423431396484
912,1,quasar,1,quasar,True,1,quasar,True,True,1,quasar,0.9089928865432739,1,quasar,0.7965840101242065,1,quasar,0.8350513577461243,1,quasar,0.6608778238296509,0,galaxy,0.35804858803749084,0,galaxy,0.3597291111946106
913,1,quasar,1,quasar,True,1,quasar,True,True,1,quasar,0.6883494853973389,1,quasar,0.7253977060317993,1,quasar,0.7133418917655945,2,star,0.6348190307617188,0,galaxy,0.35805007815361023,2,star,0.5386574864387512
914,1,quasar,1,quasar,True,1,quasar,True,True,1,quasar,0.6186999678611755,1,quasar,0.6891135573387146,1,quasar,0.6771759390830994,1,quasar,0.5619354844093323,0,galaxy,0.3580496907234192,2,star,0.6226097345352173
915,1,quasar,1,quasar,True,1,quasar,True,True,1,quasar,0.6809912323951721,1,quasar,0.729712188243866,1,quasar,0.8402844071388245,1,quasar,0.7255876064300537,0,galaxy,0.3580455780029297,1,quasar,0.5557723045349121
916,1,quasar,1,quasar,True,1,quasar,True,True,1,quasar,0.560827910900116,1,quasar,0.7993066906929016,1,quasar,0.7696815133094788,1,quasar,0.8313820958137512,0,galaxy,0.35804951190948486,2,star,0.5514008402824402
917,1,quasar,1,quasar,True,1,quasar,True,True,1,quasar,0.799536943435669,1,quasar,0.5597149729728699,1,quasar,0.8133540749549866,1,quasar,0.5042980313301086,0,galaxy,0.35804885625839233,2,star,0.4344751834869385
918,1,quasar,1,quasar,True,1,quasar,True,True,1,quasar,0.860939621925354,1,quasar,0.6667300462722778,1,quasar,0.8341434001922607,1,quasar,0.7787065505981445,0,galaxy,0.3580488860607147,2,star,0.6130130290985107
919,1,quasar,1,quasar,True,1,quasar,True,True,1,quasar,0.7263125777244568,1,quasar,0.6575073003768921,1,quasar,0.8215869069099426,1,quasar,0.49499738216400146,0,galaxy,0.35804831981658936,2,star,0.42492884397506714
920,1,quasar,2,star,False,1,quasar,True,False,2,star,0.5799767971038818,1,quasar,0.6300097703933716,1,quasar,0.7768052220344543,2,star,0.48902109265327454,0,galaxy,0.3580497205257416,2,star,0.5028123259544373
921,1,quasar,1,quasar,True,1,quasar,True,True,1,quasar,0.8684613704681396,1,quasar,0.7897726893424988,1,quasar,0.7817180156707764,1,quasar,0.5621255040168762,0,galaxy,0.35804885625839233,2,star,0.5777212977409363
922,1,quasar,2,star,False,2,star,False,True,2,star,0.5535313487052917,1,quasar,0.7451385855674744,2,star,0.5219904184341431,2,star,0.667630672454834,0,galaxy,0.3580482006072998,2,star,0.5033369064331055
923,1,quasar,1,quasar,True,1,quasar,True,True,1,quasar,0.8050463795661926,1,quasar,0.7911296486854553,1,quasar,0.8000204563140869,1,quasar,0.6532689332962036,0,galaxy,0.35812029242515564,2,star,0.7435509562492371
924,1,quasar,1,quasar,True,1,quasar,True,True,1,quasar,0.7881259918212891,1,quasar,0.7912573218345642,1,quasar,0.8055710792541504,1,quasar,0.8296881914138794,0,galaxy,0.3580496907234192,2,star,0.5385908484458923
925,1,quasar,1,quasar,True,1,quasar,True,True,2,star,0.5712295174598694,1,quasar,0.7869213223457336,1,quasar,0.7333736419677734,1,quasar,0.6201122403144836,0,galaxy,0.3580491244792938,0,galaxy,0.4098854064941406
926,1,quasar,1,quasar,True,1,quasar,True,True,1,quasar,0.6371166706085205,1,quasar,0.9404186606407166,1,quasar,0.8105406761169434,1,quasar,0.7664480209350586,0,galaxy,0.3580494821071625,2,star,0.5891976952552795
927,1,quasar,1,quasar,True,1,quasar,True,True,1,quasar,0.643748939037323,1,quasar,0.8583874106407166,1,quasar,0.702536940574646,1,quasar,0.890662431716919,0,galaxy,0.3580505847930908,2,star,0.6543712019920349
928,1,quasar,1,quasar,True,1,quasar,True,True,1,quasar,0.9450434446334839,1,quasar,0.8267281651496887,1,quasar,0.8333788514137268,1,quasar,0.864554762840271,0,galaxy,0.35803911089897156,2,star,0.5704329609870911
929,1,quasar,1,quasar,True,1,quasar,True,True,1,quasar,0.7607865929603577,1,quasar,0.8023816347122192,1,quasar,0.8352200984954834,1,quasar,0.7356367707252502,0,galaxy,0.3580492436885834,1,quasar,0.49320361018180847
930,1,quasar,1,quasar,True,1,quasar,True,True,1,quasar,0.9650932550430298,1,quasar,0.8751382827758789,1,quasar,0.8340982794761658,1,quasar,0.7806519269943237,0,galaxy,0.35804903507232666,2,star,0.4771610200405121
931,1,quasar,1,quasar,True,1,quasar,True,True,1,quasar,0.8876465559005737,1,quasar,0.7919233441352844,1,quasar,0.822761595249176,1,quasar,0.6042391061782837,0,galaxy,0.35804876685142517,2,star,0.558580219745636
932,1,quasar,1,quasar,True,1,quasar,True,True,1,quasar,0.8755824565887451,1,quasar,0.9025202393531799,1,quasar,0.8321903944015503,1,quasar,0.8297924399375916,0,galaxy,0.35804930329322815,1,quasar,0.574069619178772
933,1,quasar,1,quasar,True,1,quasar,True,True,1,quasar,0.7920058965682983,1,quasar,0.9653046131134033,1,quasar,0.8164831399917603,2,star,0.5584853291511536,0,galaxy,0.35804903507232666,1,quasar,0.5761759281158447
934,1,quasar,1,quasar,True,1,quasar,True,True,1,quasar,0.6792801022529602,1,quasar,0.7179046273231506,1,quasar,0.5374219417572021,1,quasar,0.5582374930381775,0,galaxy,0.35804983973503113,2,star,0.5390169024467468
935,1,quasar,2,star,False,1,quasar,True,False,1,quasar,0.7366868853569031,2,star,0.5129238367080688,1,quasar,0.6247707605361938,2,star,0.6324923634529114,0,galaxy,0.3580474555492401,2,star,0.5877611637115479
936,1,quasar,1,quasar,True,2,star,False,False,2,star,0.7591211199760437,1,quasar,0.5448330640792847,1,quasar,0.7773429751396179,1,quasar,0.6732784509658813,0,galaxy,0.35804885625839233,2,star,0.7424734234809875
937,1,quasar,1,quasar,True,1,quasar,True,True,1,quasar,0.9150022268295288,1,quasar,0.9604737758636475,1,quasar,0.8352310657501221,1,quasar,0.7690469026565552,0,galaxy,0.35805070400238037,0,galaxy,0.6628414392471313
938,1,quasar,2,star,False,1,quasar,True,False,1,quasar,0.862043559551239,1,quasar,0.6794787049293518,2,star,0.5169702172279358,2,star,0.5078777074813843,0,galaxy,0.35816463828086853,2,star,0.5515126585960388
939,1,quasar,1,quasar,True,1,quasar,True,True,1,quasar,0.8379139304161072,1,quasar,0.833311140537262,1,quasar,0.8320758938789368,1,quasar,0.6371341943740845,0,galaxy,0.35804951190948486,0,galaxy,0.5303658843040466
940,1,quasar,1,quasar,True,1,quasar,True,True,1,quasar,0.8797887563705444,1,quasar,0.6730486750602722,1,quasar,0.796363115310669,1,quasar,0.6898638606071472,0,galaxy,0.3580480217933655,1,quasar,0.5736311674118042
941,1,quasar,1,quasar,True,1,quasar,True,True,1,quasar,0.8840773701667786,1,quasar,0.9436116218566895,1,quasar,0.7723913788795471,1,quasar,0.535704493522644,0,galaxy,0.3580484390258789,1,quasar,0.6032711267471313
942,1,quasar,1,quasar,True,1,quasar,True,True,1,quasar,0.6262960433959961,1,quasar,0.801352858543396,1,quasar,0.7148897051811218,1,quasar,0.5612581968307495,0,galaxy,0.35804420709609985,1,quasar,0.45292747020721436
943,1,quasar,0,galaxy,False,0,galaxy,False,True,0,galaxy,0.9644531607627869,0,galaxy,0.7226343154907227,0,galaxy,0.9512882232666016,0,galaxy,0.975044846534729,0,galaxy,0.35804954171180725,1,quasar,0.5035856366157532
944,1,quasar,0,galaxy,False,0,galaxy,False,True,0,galaxy,0.892299473285675,0,galaxy,0.9776574373245239,0,galaxy,0.9622032046318054,0,galaxy,0.9851158261299133,0,galaxy,0.35805413126945496,1,quasar,0.44818371534347534
945,1,quasar,0,galaxy,False,0,galaxy,False,True,0,galaxy,0.9789035320281982,0,galaxy,0.9740444421768188,0,galaxy,0.9832944869995117,0,galaxy,0.9873749017715454,0,galaxy,0.3580489456653595,0,galaxy,0.8937960267066956
946,1,quasar,0,galaxy,False,0,galaxy,False,True,0,galaxy,0.4156481623649597,0,galaxy,0.3541688919067383,0,galaxy,0.9447661638259888,0,galaxy,0.7173690795898438,0,galaxy,0.35804933309555054,2,star,0.72923743724823
947,1,quasar,0,galaxy,False,0,galaxy,False,True,2,star,0.9499818086624146,0,galaxy,0.953679084777832,0,galaxy,0.9493463039398193,0,galaxy,0.8724844455718994,0,galaxy,0.3580482304096222,2,star,0.44180750846862793
948,1,quasar,2,star,False,2,star,False,True,2,star,0.6590949296951294,2,star,0.5629977583885193,1,quasar,0.5062606930732727,2,star,0.4852645993232727,0,galaxy,0.3580490052700043,2,star,0.6520317792892456
949,1,quasar,1,quasar,True,1,quasar,True,True,1,quasar,0.8024768829345703,1,quasar,0.7587894797325134,1,quasar,0.7976376414299011,1,quasar,0.8119957447052002,0,galaxy,0.3580499291419983,2,star,0.45291924476623535
950,1,quasar,1,quasar,True,1,quasar,True,True,1,quasar,0.7205851674079895,1,quasar,0.8322387337684631,1,quasar,0.8271517753601074,1,quasar,0.6831768155097961,0,galaxy,0.3580501973628998,0,galaxy,0.5013712644577026
951,1,quasar,1,quasar,True,1,quasar,True,True,1,quasar,0.6061728000640869,1,quasar,0.7456603646278381,1,quasar,0.5376718044281006,2,star,0.50440514087677,0,galaxy,0.3580470085144043,2,star,0.5015970468521118
952,1,quasar,1,quasar,True,1,quasar,True,True,1,quasar,0.901890218257904,1,quasar,0.9526362419128418,1,quasar,0.7953941226005554,1,quasar,0.6803428530693054,0,galaxy,0.35804232954978943,0,galaxy,0.6252724528312683
953,1,quasar,1,quasar,True,1,quasar,True,True,1,quasar,0.900063693523407,1,quasar,0.8566846251487732,1,quasar,0.8320297598838806,1,quasar,0.669712483882904,0,galaxy,0.3580491542816162,1,quasar,0.34220778942108154
954,1,quasar,1,quasar,True,1,quasar,True,True,1,quasar,0.7957905530929565,1,quasar,0.929844081401825,1,quasar,0.6552415490150452,1,quasar,0.783610463142395,0,galaxy,0.358049213886261,2,star,0.5413966178894043
955,1,quasar,1,quasar,True,1,quasar,True,True,1,quasar,0.6441339254379272,1,quasar,0.8719201683998108,1,quasar,0.674254834651947,1,quasar,0.5776945352554321,0,galaxy,0.3580499589443207,0,galaxy,0.4243907630443573
956,1,quasar,1,quasar,True,1,quasar,True,True,1,quasar,0.7211310267448425,1,quasar,0.9227678179740906,1,quasar,0.7413197159767151,1,quasar,0.6588203310966492,0,galaxy,0.3580493927001953,2,star,0.44373199343681335
957,1,quasar,1,quasar,True,1,quasar,True,True,1,quasar,0.6251764893531799,1,quasar,0.6331644058227539,1,quasar,0.7293899655342102,1,quasar,0.5749660730361938,0,galaxy,0.3580487370491028,0,galaxy,0.6120588779449463
958,1,quasar,1,quasar,True,1,quasar,True,True,1,quasar,0.8059812784194946,1,quasar,0.8506084680557251,1,quasar,0.8315271735191345,1,quasar,0.6824179887771606,0,galaxy,0.35804930329322815,2,star,0.5132030248641968
959,1,quasar,1,quasar,True,1,quasar,True,True,1,quasar,0.8767493367195129,1,quasar,0.9409712553024292,1,quasar,0.8039579391479492,1,quasar,0.7583717107772827,0,galaxy,0.3580493927001953,0,galaxy,0.7155537009239197
960,1,quasar,1,quasar,True,1,quasar,True,True,1,quasar,0.7347768545150757,1,quasar,0.7453130483627319,1,quasar,0.8159580826759338,1,quasar,0.6652586460113525,0,galaxy,0.3580491244792938,2,star,0.4600819945335388
961,1,quasar,1,quasar,True,1,quasar,True,True,1,quasar,0.6779826283454895,1,quasar,0.9169036746025085,1,quasar,0.8236304521560669,1,quasar,0.861408531665802,0,galaxy,0.3580493628978729,2,star,0.6471304893493652
962,1,quasar,1,quasar,True,1,quasar,True,True,1,quasar,0.7753030061721802,1,quasar,0.8579838275909424,1,quasar,0.827754557132721,1,quasar,0.7285356521606445,0,galaxy,0.3580494225025177,2,star,0.6691473722457886
963,1,quasar,1,quasar,True,1,quasar,True,True,1,quasar,0.870307981967926,1,quasar,0.9295452833175659,1,quasar,0.7258177399635315,1,quasar,0.6516798138618469,0,galaxy,0.35804903507232666,0,galaxy,0.5698482394218445
964,1,quasar,1,quasar,True,1,quasar,True,True,2,star,0.5385847091674805,1,quasar,0.8937188982963562,1,quasar,0.7510520219802856,1,quasar,0.829359233379364,0,galaxy,0.35803577303886414,2,star,0.42132487893104553
965,1,quasar,2,star,False,1,quasar,True,False,1,quasar,0.6738322973251343,1,quasar,0.7171521782875061,2,star,0.5225878357887268,2,star,0.5774869918823242,0,galaxy,0.3580491244792938,2,star,0.5482470393180847
966,1,quasar,0,galaxy,False,1,quasar,True,False,2,star,0.38480493426322937,2,star,0.5578969120979309,1,quasar,0.6344574689865112,1,quasar,0.391417533159256,0,galaxy,0.3581814169883728,0,galaxy,0.5978502631187439
967,1,quasar,1,quasar,True,1,quasar,True,True,1,quasar,0.8754324913024902,1,quasar,0.7480008006095886,1,quasar,0.8279315233230591,1,quasar,0.6903538703918457,0,galaxy,0.3580470681190491,2,star,0.47875460982322693
968,1,quasar,1,quasar,True,1,quasar,True,True,1,quasar,0.8410519957542419,1,quasar,0.8865517973899841,1,quasar,0.7996215224266052,1,quasar,0.7123375535011292,0,galaxy,0.35804998874664307,2,star,0.5552844405174255
969,1,quasar,1,quasar,True,1,quasar,True,True,1,quasar,0.8952706456184387,1,quasar,0.9263541102409363,1,quasar,0.8335858583450317,1,quasar,0.7038685083389282,0,galaxy,0.3580489754676819,2,star,0.514240562915802
970,1,quasar,2,star,False,1,quasar,True,False,2,star,0.5372447371482849,1,quasar,0.5685384273529053,1,quasar,0.8171460628509521,2,star,0.6465555429458618,0,galaxy,0.3580484688282013,2,star,0.5929771661758423
971,1,quasar,1,quasar,True,1,quasar,True,True,1,quasar,0.7207338809967041,1,quasar,0.8705418109893799,1,quasar,0.7871270179748535,1,quasar,0.6808611750602722,0,galaxy,0.3580493628978729,1,quasar,0.44157299399375916
972,1,quasar,1,quasar,True,1,quasar,True,True,1,quasar,0.8648611307144165,1,quasar,0.9066157341003418,1,quasar,0.8127244710922241,1,quasar,0.6879181861877441,0,galaxy,0.3580479621887207,2,star,0.5194125175476074
973,1,quasar,2,star,False,2,star,False,True,2,star,0.8301466703414917,1,quasar,0.5401865243911743,1,quasar,0.6428709030151367,2,star,0.6672462821006775,0,galaxy,0.3580465018749237,2,star,0.5164281129837036
974,1,quasar,1,quasar,True,1,quasar,True,True,1,quasar,0.8259407877922058,1,quasar,0.8751735091209412,1,quasar,0.8337192535400391,1,quasar,0.7811378240585327,0,galaxy,0.3580465614795685,0,galaxy,0.5421384572982788
975,1,quasar,1,quasar,True,1,quasar,True,True,1,quasar,0.6241087913513184,1,quasar,0.8287246823310852,1,quasar,0.6339216828346252,1,quasar,0.5670373439788818,0,galaxy,0.3580494523048401,0,galaxy,0.5216540098190308
976,1,quasar,1,quasar,True,1,quasar,True,True,1,quasar,0.8114284873008728,1,quasar,0.8594830632209778,1,quasar,0.7765692472457886,2,star,0.5868179798126221,0,galaxy,0.3580493628978729,2,star,0.532802939414978
977,1,quasar,1,quasar,True,1,quasar,True,True,1,quasar,0.8635589480400085,1,quasar,0.9042185544967651,1,quasar,0.8067047595977783,1,quasar,0.7913516163825989,0,galaxy,0.35805293917655945,2,star,0.712722897529602
978,1,quasar,1,quasar,True,1,quasar,True,True,1,quasar,0.7877798676490784,1,quasar,0.823732852935791,1,quasar,0.7786686420440674,1,quasar,0.5711716413497925,0,galaxy,0.358048677444458,2,star,0.6515017151832581
979,1,quasar,1,quasar,True,1,quasar,True,True,1,quasar,0.6843907833099365,1,quasar,0.9299908876419067,1,quasar,0.8175131678581238,1,quasar,0.833413302898407,0,galaxy,0.3580496907234192,1,quasar,0.47766268253326416
980,1,quasar,1,quasar,True,1,quasar,True,True,1,quasar,0.8433886766433716,1,quasar,0.702579140663147,1,quasar,0.8092764019966125,1,quasar,0.8559860587120056,0,galaxy,0.3580450117588043,1,quasar,0.694416344165802
981,1,quasar,1,quasar,True,1,quasar,True,True,1,quasar,0.8404156565666199,1,quasar,0.8059023022651672,1,quasar,0.8277234435081482,1,quasar,0.8742769956588745,0,galaxy,0.3580433130264282,1,quasar,0.6233614683151245
982,1,quasar,1,quasar,True,1,quasar,True,True,1,quasar,0.7275242805480957,1,quasar,0.7229267954826355,1,quasar,0.7350910902023315,1,quasar,0.7783406376838684,0,galaxy,0.35804617404937744,1,quasar,0.5798981189727783
983,1,quasar,1,quasar,True,1,quasar,True,True,1,quasar,0.8252253532409668,1,quasar,0.8003485798835754,1,quasar,0.8390801548957825,1,quasar,0.817186713218689,0,galaxy,0.35804685950279236,1,quasar,0.4313942492008209
984,1,quasar,1,quasar,True,1,quasar,True,True,1,quasar,0.5011342167854309,1,quasar,0.5872566103935242,2,star,0.5029300451278687,1,quasar,0.4990411400794983,0,galaxy,0.35809770226478577,2,star,0.5604211688041687
985,1,quasar,1,quasar,True,1,quasar,True,True,1,quasar,0.8771505355834961,1,quasar,0.8151036500930786,1,quasar,0.8223905563354492,1,quasar,0.8865359425544739,0,galaxy,0.358013778924942,1,quasar,0.5214712023735046
986,1,quasar,1,quasar,True,1,quasar,True,True,1,quasar,0.9576691389083862,1,quasar,0.871330201625824,1,quasar,0.8358902335166931,1,quasar,0.8149392604827881,0,galaxy,0.35804903507232666,1,quasar,0.49033695459365845
987,1,quasar,1,quasar,True,1,quasar,True,True,1,quasar,0.7514970898628235,1,quasar,0.8708993792533875,1,quasar,0.789543092250824,1,quasar,0.7898178696632385,0,galaxy,0.35804691910743713,2,star,0.5879984498023987
988,1,quasar,1,quasar,True,1,quasar,True,True,1,quasar,0.7941935062408447,1,quasar,0.8215511441230774,1,quasar,0.837232232093811,1,quasar,0.6718138456344604,0,galaxy,0.3580473065376282,2,star,0.5373205542564392
989,1,quasar,0,galaxy,False,0,galaxy,False,True,0,galaxy,0.9527076482772827,0,galaxy,0.8589300513267517,0,galaxy,0.9681356549263,0,galaxy,0.9617470502853394,0,galaxy,0.3580498993396759,0,galaxy,0.5238112807273865
990,1,quasar,1,quasar,True,1,quasar,True,True,1,quasar,0.9411106705665588,1,quasar,0.9083526134490967,1,quasar,0.7911033630371094,1,quasar,0.8198081254959106,0,galaxy,0.3580611050128937,1,quasar,0.5724062323570251
991,1,quasar,1,quasar,True,1,quasar,True,True,1,quasar,0.8897315859794617,1,quasar,0.7843292951583862,1,quasar,0.816840410232544,1,quasar,0.5474402904510498,0,galaxy,0.35804781317710876,1,quasar,0.491610586643219
992,1,quasar,1,quasar,True,1,quasar,True,True,1,quasar,0.8864466547966003,1,quasar,0.8363987803459167,1,quasar,0.8275167942047119,1,quasar,0.8639196753501892,0,galaxy,0.35802021622657776,1,quasar,0.5966461300849915
993,1,quasar,1,quasar,True,1,quasar,True,True,1,quasar,0.7360532879829407,1,quasar,0.7596198916435242,1,quasar,0.7999182343482971,1,quasar,0.8135023713111877,0,galaxy,0.35808265209198,1,quasar,0.42004725337028503
994,1,quasar,0,galaxy,False,0,galaxy,False,True,1,quasar,0.5983292460441589,0,galaxy,0.6195641756057739,0,galaxy,0.7442185282707214,0,galaxy,0.8003664016723633,0,galaxy,0.3580493927001953,0,galaxy,0.4982418417930603
995,1,quasar,1,quasar,True,1,quasar,True,True,1,quasar,0.8262446522712708,1,quasar,0.8770913481712341,1,quasar,0.8246840834617615,1,quasar,0.798660159111023,0,galaxy,0.3580494523048401,1,quasar,0.48652157187461853
996,1,quasar,1,quasar,True,1,quasar,True,True,1,quasar,0.8241245746612549,1,quasar,0.8630959987640381,1,quasar,0.7592200040817261,1,quasar,0.8234786987304688,0,galaxy,0.3580249845981598,2,star,0.5115399360656738
997,1,quasar,1,quasar,True,1,quasar,True,True,1,quasar,0.8293593525886536,1,quasar,0.8877516984939575,1,quasar,0.7852976322174072,1,quasar,0.8210226893424988,0,galaxy,0.35804957151412964,2,star,0.46832147240638733
998,1,quasar,1,quasar,True,1,quasar,True,True,1,quasar,0.9076793193817139,1,quasar,0.9126492142677307,1,quasar,0.8346596956253052,1,quasar,0.702923059463501,0,galaxy,0.3580494225025177,1,quasar,0.57388836145401
999,1,quasar,1,quasar,True,1,quasar,True,True,1,quasar,0.7210512757301331,1,quasar,0.9042842984199524,1,quasar,0.6158201098442078,2,star,0.4174903929233551,0,galaxy,0.3580494225025177,1,quasar,0.4558330476284027
1000,1,quasar,1,quasar,True,1,quasar,True,True,1,quasar,0.8024953007698059,1,quasar,0.8616253733634949,1,quasar,0.7819852828979492,1,quasar,0.7136752009391785,0,galaxy,0.35803908109664917,1,quasar,0.46632444858551025
1001,1,quasar,1,quasar,True,1,quasar,True,True,1,quasar,0.8966236114501953,1,quasar,0.9372068047523499,1,quasar,0.8310449719429016,1,quasar,0.650027334690094,0,galaxy,0.3580489456653595,1,quasar,0.5124894380569458
1002,1,quasar,1,quasar,True,1,quasar,True,True,1,quasar,0.6437495946884155,1,quasar,0.8434094786643982,1,quasar,0.6974162459373474,1,quasar,0.5111140608787537,0,galaxy,0.3580486476421356,2,star,0.38822293281555176
1003,1,quasar,1,quasar,True,1,quasar,True,True,1,quasar,0.9276717305183411,1,quasar,0.9094767570495605,1,quasar,0.8519861698150635,1,quasar,0.7669113874435425,0,galaxy,0.35804861783981323,1,quasar,0.5128782391548157
1004,1,quasar,1,quasar,True,1,quasar,True,True,1,quasar,0.7879812717437744,1,quasar,0.7820714116096497,1,quasar,0.8100974559783936,1,quasar,0.7989780306816101,0,galaxy,0.35805052518844604,2,star,0.8014267086982727
1005,1,quasar,1,quasar,True,1,quasar,True,True,1,quasar,0.8976269364356995,1,quasar,0.644972026348114,1,quasar,0.748971700668335,1,quasar,0.8023425936698914,0,galaxy,0.3580498695373535,1,quasar,0.6305304765701294
1006,1,quasar,1,quasar,True,1,quasar,True,True,1,quasar,0.7979222536087036,1,quasar,0.7853693962097168,1,quasar,0.8312489986419678,1,quasar,0.7390799522399902,0,galaxy,0.35804879665374756,1,quasar,0.6048160791397095
1007,1,quasar,1,quasar,True,1,quasar,True,True,1,quasar,0.9055460095405579,1,quasar,0.9271301627159119,1,quasar,0.7307294607162476,1,quasar,0.6593869924545288,0,galaxy,0.358049601316452,1,quasar,0.44366544485092163
1008,1,quasar,1,quasar,True,1,quasar,True,True,1,quasar,0.8509906530380249,1,quasar,0.9064881801605225,1,quasar,0.7672746777534485,1,quasar,0.6452651023864746,0,galaxy,0.35805076360702515,2,star,0.5744754076004028
1009,1,quasar,1,quasar,True,1,quasar,True,True,1,quasar,0.808542013168335,1,quasar,0.8227375149726868,1,quasar,0.6399510502815247,2,star,0.79503333568573,0,galaxy,0.358046293258667,1,quasar,0.6206338405609131
1010,1,quasar,2,star,False,2,star,False,True,2,star,0.8603788018226624,1,quasar,0.3932834267616272,2,star,0.9055728316307068,2,star,0.6146220564842224,0,galaxy,0.35805365443229675,2,star,0.8556709885597229
1011,1,quasar,1,quasar,True,1,quasar,True,True,1,quasar,0.7813757658004761,1,quasar,0.8624501824378967,1,quasar,0.8044943809509277,1,quasar,0.8722625970840454,0,galaxy,0.3580295443534851,2,star,0.46368855237960815
1012,1,quasar,1,quasar,True,1,quasar,True,True,1,quasar,0.566530168056488,1,quasar,0.7118003368377686,1,quasar,0.48509538173675537,2,star,0.5345907807350159,0,galaxy,0.3580457270145416,2,star,0.6183444261550903
1013,1,quasar,1,quasar,True,1,quasar,True,True,1,quasar,0.7372793555259705,1,quasar,0.7637361884117126,1,quasar,0.7773501873016357,2,star,0.5046852827072144,0,galaxy,0.35806822776794434,2,star,0.5162891745567322
1014,1,quasar,1,quasar,True,1,quasar,True,True,1,quasar,0.6800175309181213,1,quasar,0.8942041397094727,1,quasar,0.8282811045646667,1,quasar,0.7019128799438477,0,galaxy,0.35805273056030273,0,galaxy,0.4097331166267395
1015,1,quasar,1,quasar,True,1,quasar,True,True,1,quasar,0.9611014723777771,1,quasar,0.9031676054000854,1,quasar,0.7869864106178284,1,quasar,0.6111727952957153,0,galaxy,0.35804930329322815,1,quasar,0.5840277075767517
1016,1,quasar,1,quasar,True,1,quasar,True,True,1,quasar,0.9691023230552673,1,quasar,0.9194346070289612,1,quasar,0.8442450761795044,1,quasar,0.815142810344696,0,galaxy,0.35804983973503113,1,quasar,0.48710495233535767
1017,1,quasar,1,quasar,True,1,quasar,True,True,1,quasar,0.9779493808746338,1,quasar,0.9095944166183472,1,quasar,0.827773928642273,1,quasar,0.8587867021560669,0,galaxy,0.3580491840839386,1,quasar,0.5836454629898071
1018,1,quasar,1,quasar,True,1,quasar,True,True,1,quasar,0.9752101898193359,1,quasar,0.9565244913101196,1,quasar,0.834789514541626,1,quasar,0.7898267507553101,0,galaxy,0.3580347001552582,1,quasar,0.4909200966358185
1019,1,quasar,1,quasar,True,1,quasar,True,True,1,quasar,0.9293481707572937,1,quasar,0.8467146754264832,1,quasar,0.737385094165802,1,quasar,0.7259761095046997,0,galaxy,0.3580486476421356,1,quasar,0.5553833842277527
1020,1,quasar,1,quasar,True,1,quasar,True,True,1,quasar,0.905368447303772,1,quasar,0.9812224507331848,1,quasar,0.730198085308075,1,quasar,0.5701515078544617,0,galaxy,0.35804951190948486,1,quasar,0.7129805684089661
1021,1,quasar,0,galaxy,False,0,galaxy,False,True,1,quasar,0.6828345656394958,0,galaxy,0.48882952332496643,0,galaxy,0.9606583714485168,0,galaxy,0.7865311503410339,0,galaxy,0.35804757475852966,0,galaxy,0.5199611783027649
1022,1,quasar,1,quasar,True,1,quasar,True,True,1,quasar,0.9830001592636108,1,quasar,0.9169334769248962,1,quasar,0.7807797193527222,1,quasar,0.7060912251472473,0,galaxy,0.3580491244792938,1,quasar,0.5905365347862244
1023,1,quasar,1,quasar,True,1,quasar,True,True,1,quasar,0.9272085428237915,1,quasar,0.9465898275375366,1,quasar,0.770540714263916,1,quasar,0.7432111501693726,0,galaxy,0.3580508828163147,1,quasar,0.44817259907722473
1024,1,quasar,1,quasar,True,1,quasar,True,True,1,quasar,0.9701067209243774,1,quasar,0.9760170578956604,1,quasar,0.780738115310669,1,quasar,0.6275343298912048,0,galaxy,0.358049213886261,1,quasar,0.4957273006439209
1025,1,quasar,1,quasar,True,1,quasar,True,True,1,quasar,0.9123891592025757,1,quasar,0.9571212530136108,1,quasar,0.8076321482658386,1,quasar,0.6843032836914062,0,galaxy,0.35804563760757446,0,galaxy,0.43723997473716736
1026,1,quasar,1,quasar,True,1,quasar,True,True,1,quasar,0.8524987101554871,1,quasar,0.9315771460533142,1,quasar,0.8360613584518433,1,quasar,0.6833868622779846,0,galaxy,0.3580504059791565,0,galaxy,0.5393558740615845
1027,1,quasar,1,quasar,True,1,quasar,True,True,1,quasar,0.9306927919387817,1,quasar,0.9632222056388855,1,quasar,0.7843608260154724,1,quasar,0.7139354944229126,0,galaxy,0.35804593563079834,0,galaxy,0.8863353133201599
1028,1,quasar,1,quasar,True,1,quasar,True,True,1,quasar,0.9439046382904053,1,quasar,0.9458265900611877,1,quasar,0.8218725919723511,1,quasar,0.8266527652740479,0,galaxy,0.3580394983291626,0,galaxy,0.46409690380096436
1029,1,quasar,1,quasar,True,1,quasar,True,True,1,quasar,0.8479520082473755,1,quasar,0.9193954467773438,1,quasar,0.7095639705657959,1,quasar,0.6962411999702454,0,galaxy,0.3580489158630371,0,galaxy,0.4209100604057312
1030,1,quasar,1,quasar,True,1,quasar,True,True,1,quasar,0.8497768640518188,1,quasar,0.9370682835578918,1,quasar,0.7360129952430725,1,quasar,0.5888352990150452,0,galaxy,0.35803282260894775,1,quasar,0.5448155403137207
1031,1,quasar,1,quasar,True,1,quasar,True,True,1,quasar,0.8843168020248413,1,quasar,0.9709357023239136,1,quasar,0.783438503742218,1,quasar,0.6177006959915161,0,galaxy,0.3580477833747864,2,star,0.43979576230049133
1032,1,quasar,1,quasar,True,1,quasar,True,True,1,quasar,0.8838406205177307,1,quasar,0.8063090443611145,1,quasar,0.8029310703277588,1,quasar,0.6622351408004761,0,galaxy,0.35788246989250183,2,star,0.6985282301902771
1033,1,quasar,1,quasar,True,1,quasar,True,True,1,quasar,0.8340890407562256,1,quasar,0.9217790961265564,1,quasar,0.7487118244171143,1,quasar,0.5296177864074707,0,galaxy,0.358049601316452,2,star,0.5141268968582153
1034,1,quasar,1,quasar,True,1,quasar,True,True,1,quasar,0.9915967583656311,1,quasar,0.964443027973175,1,quasar,0.7998664379119873,1,quasar,0.6463832855224609,0,galaxy,0.3580498695373535,1,quasar,0.5221895575523376
1035,1,quasar,1,quasar,True,1,quasar,True,True,1,quasar,0.8963347673416138,1,quasar,0.9132156372070312,1,quasar,0.7134712338447571,1,quasar,0.6607957482337952,0,galaxy,0.35805240273475647,1,quasar,0.7417178750038147
1036,1,quasar,1,quasar,True,1,quasar,True,True,1,quasar,0.9727953672409058,1,quasar,0.9758899807929993,1,quasar,0.8107261657714844,1,quasar,0.575012743473053,0,galaxy,0.35804665088653564,1,quasar,0.6079156994819641
1037,1,quasar,1,quasar,True,1,quasar,True,True,1,quasar,0.6539345979690552,1,quasar,0.8360159397125244,1,quasar,0.7987322807312012,1,quasar,0.5541886687278748,0,galaxy,0.3580457270145416,1,quasar,0.6031090021133423
1038,1,quasar,1,quasar,True,1,quasar,True,True,1,quasar,0.6733124852180481,1,quasar,0.6453724503517151,0,galaxy,0.771185040473938,1,quasar,0.3505156338214874,0,galaxy,0.3580496907234192,1,quasar,0.5206854939460754
1039,1,quasar,1,quasar,True,1,quasar,True,True,1,quasar,0.9783279895782471,1,quasar,0.9133720397949219,1,quasar,0.8197619915008545,1,quasar,0.5931465029716492,0,galaxy,0.35804829001426697,1,quasar,0.5618411302566528
1040,1,quasar,1,quasar,True,1,quasar,True,True,1,quasar,0.9907439351081848,1,quasar,0.9646918177604675,1,quasar,0.8357158899307251,1,quasar,0.687386155128479,0,galaxy,0.35804957151412964,1,quasar,0.6078392863273621
1041,1,quasar,1,quasar,True,1,quasar,True,True,1,quasar,0.9410082697868347,1,quasar,0.9498097896575928,1,quasar,0.8252359628677368,1,quasar,0.5245664119720459,0,galaxy,0.35804927349090576,1,quasar,0.6273077726364136
1042,1,quasar,1,quasar,True,1,quasar,True,True,1,quasar,0.7508825063705444,1,quasar,0.8781495690345764,1,quasar,0.8146049380302429,1,quasar,0.764910101890564,0,galaxy,0.3580496907234192,1,quasar,0.6351556777954102
1043,1,quasar,1,quasar,True,1,quasar,True,True,1,quasar,0.969779908657074,1,quasar,0.9291658997535706,1,quasar,0.7752306461334229,1,quasar,0.8374334573745728,0,galaxy,0.35804590582847595,2,star,0.4537917375564575
1044,1,quasar,1,quasar,True,1,quasar,True,True,1,quasar,0.9555662274360657,1,quasar,0.8860519528388977,1,quasar,0.8234958648681641,1,quasar,0.6966704726219177,0,galaxy,0.3580493628978729,1,quasar,0.5985172986984253
1045,1,quasar,1,quasar,True,1,quasar,True,True,1,quasar,0.8119052052497864,1,quasar,0.9382901787757874,1,quasar,0.8214717507362366,1,quasar,0.8031206727027893,0,galaxy,0.3580505847930908,2,star,0.5406945943832397
1046,1,quasar,1,quasar,True,1,quasar,True,True,1,quasar,0.9498444199562073,1,quasar,0.8590906858444214,1,quasar,0.45697471499443054,1,quasar,0.5980719327926636,0,galaxy,0.35804563760757446,0,galaxy,0.44887593388557434
1047,1,quasar,1,quasar,True,1,quasar,True,True,1,quasar,0.8505970239639282,1,quasar,0.898310661315918,1,quasar,0.7911564111709595,1,quasar,0.6024449467658997,0,galaxy,0.35804858803749084,0,galaxy,0.678595781326294
1048,1,quasar,1,quasar,True,1,quasar,True,True,1,quasar,0.979864239692688,1,quasar,0.9561156630516052,1,quasar,0.7925362586975098,1,quasar,0.792229413986206,0,galaxy,0.3580504059791565,1,quasar,0.5534438490867615
1049,1,quasar,1,quasar,True,1,quasar,True,True,1,quasar,0.9876678586006165,1,quasar,0.9493119120597839,1,quasar,0.8150133490562439,1,quasar,0.7966923713684082,0,galaxy,0.3580487370491028,1,quasar,0.5739310383796692
1050,1,quasar,1,quasar,True,1,quasar,True,True,1,quasar,0.9588902592658997,1,quasar,0.9514252543449402,1,quasar,0.8139515519142151,1,quasar,0.6175773739814758,0,galaxy,0.3580470383167267,1,quasar,0.49700355529785156
1051,1,quasar,1,quasar,True,1,quasar,True,True,2,star,0.4926578402519226,1,quasar,0.8964259624481201,1,quasar,0.6154254078865051,2,star,0.6142241954803467,0,galaxy,0.3580494821071625,1,quasar,0.534376859664917
1052,1,quasar,1,quasar,True,1,quasar,True,True,1,quasar,0.9694395661354065,1,quasar,0.9809869527816772,1,quasar,0.807668924331665,1,quasar,0.5833617448806763,0,galaxy,0.35804983973503113,1,quasar,0.6020666360855103
1053,1,quasar,1,quasar,True,1,quasar,True,True,1,quasar,0.9218066334724426,1,quasar,0.9308829307556152,1,quasar,0.8139343857765198,1,quasar,0.6482707262039185,0,galaxy,0.3580489158630371,1,quasar,0.6064874529838562
1054,1,quasar,1,quasar,True,1,quasar,True,True,1,quasar,0.9346649050712585,1,quasar,0.8868147730827332,1,quasar,0.6946339011192322,1,quasar,0.5709431171417236,0,galaxy,0.3580501079559326,1,quasar,0.6053612232208252
1055,1,quasar,1,quasar,True,1,quasar,True,True,2,star,0.44268158078193665,1,quasar,0.8054531812667847,1,quasar,0.5448689460754395,1,quasar,0.7057694792747498,0,galaxy,0.35809993743896484,0,galaxy,0.6253691911697388
1056,1,quasar,1,quasar,True,1,quasar,True,True,1,quasar,0.5986331701278687,1,quasar,0.7322684526443481,1,quasar,0.8168941736221313,1,quasar,0.5478585362434387,0,galaxy,0.35804882645606995,1,quasar,0.5225704312324524
1057,1,quasar,1,quasar,True,1,quasar,True,True,1,quasar,0.6180230379104614,1,quasar,0.7589022517204285,1,quasar,0.8142858147621155,1,quasar,0.7001945376396179,0,galaxy,0.3580491542816162,1,quasar,0.5438694953918457
1058,1,quasar,1,quasar,True,1,quasar,True,True,1,quasar,0.9255841374397278,1,quasar,0.9183086156845093,1,quasar,0.8208397030830383,1,quasar,0.7390733957290649,0,galaxy,0.3580555319786072,1,quasar,0.476189523935318
1059,1,quasar,1,quasar,True,1,quasar,True,True,1,quasar,0.9774754047393799,1,quasar,0.9375557899475098,1,quasar,0.8307496309280396,1,quasar,0.703047513961792,0,galaxy,0.3580436706542969,1,quasar,0.5693093538284302
1060,1,quasar,1,quasar,True,1,quasar,True,True,1,quasar,0.9564934372901917,1,quasar,0.9503712058067322,1,quasar,0.8439639210700989,1,quasar,0.7280642986297607,0,galaxy,0.35804927349090576,1,quasar,0.46657225489616394
1061,1,quasar,1,quasar,True,1,quasar,True,True,1,quasar,0.9585306644439697,1,quasar,0.9467344880104065,1,quasar,0.7954140901565552,1,quasar,0.6864774227142334,0,galaxy,0.3580496609210968,1,quasar,0.486329048871994
1062,1,quasar,1,quasar,True,1,quasar,True,True,1,quasar,0.8856625556945801,1,quasar,0.9466042518615723,1,quasar,0.8098859786987305,1,quasar,0.64720219373703,0,galaxy,0.3580491840839386,1,quasar,0.4717048108577728
1063,1,quasar,1,quasar,True,1,quasar,True,True,1,quasar,0.9717260599136353,1,quasar,0.8684359788894653,1,quasar,0.8175482749938965,1,quasar,0.5437811613082886,0,galaxy,0.3580498695373535,1,quasar,0.5238885283470154
1064,1,quasar,1,quasar,True,1,quasar,True,True,1,quasar,0.7741146087646484,1,quasar,0.9165171980857849,1,quasar,0.807109534740448,1,quasar,0.7444954514503479,0,galaxy,0.3580494821071625,1,quasar,0.6317322850227356
1065,1,quasar,1,quasar,True,1,quasar,True,True,1,quasar,0.9240473508834839,1,quasar,0.8987575173377991,1,quasar,0.6501141786575317,1,quasar,0.6225449442863464,0,galaxy,0.35804906487464905,1,quasar,0.4548347294330597
1066,1,quasar,1,quasar,True,1,quasar,True,True,1,quasar,0.7987736463546753,1,quasar,0.93843674659729,1,quasar,0.8335290551185608,1,quasar,0.6226964592933655,0,galaxy,0.35804903507232666,1,quasar,0.40504351258277893
1067,1,quasar,1,quasar,True,1,quasar,True,True,1,quasar,0.9630625247955322,1,quasar,0.9610839486122131,1,quasar,0.7536305785179138,1,quasar,0.7478095889091492,0,galaxy,0.35804957151412964,1,quasar,0.6160668730735779
1068,1,quasar,1,quasar,True,1,quasar,True,True,1,quasar,0.9370512366294861,1,quasar,0.9767151474952698,1,quasar,0.6480637192726135,1,quasar,0.6572073698043823,0,galaxy,0.35804879665374756,1,quasar,0.7125746011734009
1069,1,quasar,1,quasar,True,1,quasar,True,True,1,quasar,0.9333797097206116,1,quasar,0.9783350825309753,1,quasar,0.7951382398605347,1,quasar,0.7310634255409241,0,galaxy,0.3580459952354431,0,galaxy,0.3981401324272156
1070,1,quasar,1,quasar,True,1,quasar,True,True,1,quasar,0.8194383978843689,1,quasar,0.8089996576309204,1,quasar,0.5075325965881348,1,quasar,0.5499309301376343,0,galaxy,0.35805365443229675,1,quasar,0.40426719188690186
1071,1,quasar,1,quasar,True,1,quasar,True,True,1,quasar,0.9465045928955078,1,quasar,0.9620937705039978,1,quasar,0.8180526494979858,1,quasar,0.7349177002906799,0,galaxy,0.3580455780029297,0,galaxy,0.47002050280570984
1072,1,quasar,1,quasar,True,1,quasar,True,True,1,quasar,0.9723973870277405,1,quasar,0.9611672163009644,1,quasar,0.8464548587799072,1,quasar,0.6498702168464661,0,galaxy,0.358049601316452,1,quasar,0.7840949892997742
1073,1,quasar,1,quasar,True,1,quasar,True,True,1,quasar,0.919231116771698,1,quasar,0.910750150680542,1,quasar,0.7980461716651917,2,star,0.5339860320091248,0,galaxy,0.3580482602119446,1,quasar,0.4887900948524475
1074,1,quasar,1,quasar,True,1,quasar,True,True,1,quasar,0.9473998546600342,1,quasar,0.9685546159744263,1,quasar,0.8138534426689148,1,quasar,0.7957090139389038,0,galaxy,0.35805097222328186,1,quasar,0.6879246234893799
1075,1,quasar,1,quasar,True,1,quasar,True,True,1,quasar,0.8988823890686035,1,quasar,0.9134575128555298,1,quasar,0.8052083849906921,2,star,0.676336407661438,0,galaxy,0.3580484688282013,1,quasar,0.542888879776001
1076,1,quasar,1,quasar,True,1,quasar,True,True,1,quasar,0.9898574352264404,1,quasar,0.9860332608222961,1,quasar,0.8368412256240845,1,quasar,0.8785095810890198,0,galaxy,0.358049601316452,0,galaxy,0.45199960470199585
1077,1,quasar,1,quasar,True,1,quasar,True,True,1,quasar,0.9136017560958862,1,quasar,0.9427397847175598,1,quasar,0.7788479328155518,1,quasar,0.6948608756065369,0,galaxy,0.35806071758270264,1,quasar,0.597939133644104
1078,1,quasar,1,quasar,True,1,quasar,True,True,1,quasar,0.9241164326667786,1,quasar,0.9480469822883606,1,quasar,0.7816910147666931,1,quasar,0.7260645627975464,0,galaxy,0.3580481708049774,1,quasar,0.7644543051719666
1079,1,quasar,1,quasar,True,1,quasar,True,True,1,quasar,0.953308641910553,1,quasar,0.9224460124969482,1,quasar,0.8191087245941162,1,quasar,0.7632321119308472,0,galaxy,0.3580440878868103,1,quasar,0.7971850037574768
1080,1,quasar,1,quasar,True,1,quasar,True,True,1,quasar,0.98206627368927,1,quasar,0.9766762852668762,1,quasar,0.84315025806427,1,quasar,0.8329185843467712,0,galaxy,0.35804951190948486,1,quasar,0.8378970623016357
1081,1,quasar,0,galaxy,False,0,galaxy,False,True,0,galaxy,0.5171481370925903,1,quasar,0.47538045048713684,0,galaxy,0.7701206207275391,0,galaxy,0.787796676158905,0,galaxy,0.358048677444458,1,quasar,0.5856354236602783
1082,1,quasar,1,quasar,True,1,quasar,True,True,1,quasar,0.9844858646392822,1,quasar,0.9581490159034729,1,quasar,0.8246857523918152,1,quasar,0.7476996779441833,0,galaxy,0.3580479323863983,1,quasar,0.7191019654273987
1083,1,quasar,1,quasar,True,1,quasar,True,True,1,quasar,0.95472651720047,1,quasar,0.9345057606697083,1,quasar,0.8429044485092163,1,quasar,0.6540300846099854,0,galaxy,0.35804903507232666,1,quasar,0.7816563844680786
1084,1,quasar,1,quasar,True,1,quasar,True,True,1,quasar,0.9471723437309265,1,quasar,0.8855342864990234,1,quasar,0.8146305084228516,1,quasar,0.5877531170845032,0,galaxy,0.35804885625839233,1,quasar,0.5775039792060852
1085,1,quasar,1,quasar,True,1,quasar,True,True,1,quasar,0.9360045194625854,1,quasar,0.8746805191040039,1,quasar,0.7333053350448608,2,star,0.5894964933395386,0,galaxy,0.35804736614227295,1,quasar,0.6085488796234131
1086,1,quasar,1,quasar,True,1,quasar,True,True,1,quasar,0.982455313205719,1,quasar,0.9849460124969482,1,quasar,0.8393533229827881,1,quasar,0.5291122198104858,0,galaxy,0.35804808139801025,1,quasar,0.7614536285400391
1087,1,quasar,1,quasar,True,1,quasar,True,True,1,quasar,0.9685140252113342,1,quasar,0.9148460626602173,1,quasar,0.8469756841659546,1,quasar,0.7919527888298035,0,galaxy,0.35805007815361023,1,quasar,0.7178898453712463
1088,1,quasar,1,quasar,True,1,quasar,True,True,1,quasar,0.9677547216415405,1,quasar,0.951469361782074,1,quasar,0.80293208360672,1,quasar,0.8187040686607361,0,galaxy,0.3580513894557953,0,galaxy,0.5574526786804199
1089,1,quasar,2,star,False,2,star,False,True,2,star,0.7249513864517212,1,quasar,0.8090802431106567,2,star,0.5003576278686523,2,star,0.7210468649864197,0,galaxy,0.3580496311187744,1,quasar,0.5949110984802246
1090,1,quasar,1,quasar,True,1,quasar,True,True,1,quasar,0.9911292791366577,1,quasar,0.9723898768424988,1,quasar,0.8383563756942749,1,quasar,0.8433348536491394,0,galaxy,0.35804983973503113,1,quasar,0.7762969136238098
1091,1,quasar,1,quasar,True,1,quasar,True,True,1,quasar,0.9655219316482544,1,quasar,0.9416011571884155,1,quasar,0.8021942377090454,1,quasar,0.6629942655563354,0,galaxy,0.3580480217933655,1,quasar,0.536086916923523
1092,1,quasar,1,quasar,True,1,quasar,True,True,1,quasar,0.9536541700363159,1,quasar,0.9234151840209961,1,quasar,0.8379658460617065,1,quasar,0.8013515472412109,0,galaxy,0.3580455780029297,1,quasar,0.7975509166717529
1093,1,quasar,1,quasar,True,1,quasar,True,True,1,quasar,0.8466147184371948,1,quasar,0.9138187766075134,1,quasar,0.6656478047370911,2,star,0.6849773526191711,0,galaxy,0.3580475449562073,1,quasar,0.5626562833786011
1094,1,quasar,1,quasar,True,1,quasar,True,True,1,quasar,0.9533828496932983,1,quasar,0.9665700197219849,1,quasar,0.8256267309188843,1,quasar,0.7014026641845703,0,galaxy,0.3580491244792938,1,quasar,0.46265164017677307
1095,1,quasar,1,quasar,True,1,quasar,True,True,1,quasar,0.9525169134140015,1,quasar,0.7357164025306702,1,quasar,0.8118508458137512,1,quasar,0.7807663083076477,0,galaxy,0.3580489158630371,1,quasar,0.6253750920295715
1096,1,quasar,1,quasar,True,1,quasar,True,True,1,quasar,0.9396700859069824,1,quasar,0.9427152276039124,1,quasar,0.8090583086013794,1,quasar,0.8496676087379456,0,galaxy,0.3580257296562195,0,galaxy,0.4515930414199829
1097,1,quasar,1,quasar,True,1,quasar,True,True,1,quasar,0.9853668212890625,1,quasar,0.9635136723518372,1,quasar,0.7920041084289551,2,star,0.5743825435638428,0,galaxy,0.3580474555492401,1,quasar,0.7955977916717529
1098,1,quasar,1,quasar,True,1,quasar,True,True,1,quasar,0.9265825748443604,1,quasar,0.9455048441886902,1,quasar,0.8314206600189209,1,quasar,0.8427693247795105,0,galaxy,0.35804587602615356,1,quasar,0.7538279294967651
1099,1,quasar,1,quasar,True,1,quasar,True,True,1,quasar,0.9564340114593506,1,quasar,0.9627898335456848,1,quasar,0.7867599725723267,1,quasar,0.4966633915901184,0,galaxy,0.3580520451068878,1,quasar,0.7430620193481445
1100,1,quasar,1,quasar,True,1,quasar,True,True,1,quasar,0.9444151520729065,1,quasar,0.9001240730285645,1,quasar,0.8086342215538025,1,quasar,0.8405591249465942,0,galaxy,0.3580491542816162,1,quasar,0.6763190627098083
1101,1,quasar,1,quasar,True,1,quasar,True,True,1,quasar,0.9538613557815552,1,quasar,0.971618115901947,1,quasar,0.8264023065567017,1,quasar,0.7521824240684509,0,galaxy,0.3580494821071625,1,quasar,0.6897127628326416
1102,1,quasar,1,quasar,True,1,quasar,True,True,1,quasar,0.9813512563705444,1,quasar,0.9680418372154236,1,quasar,0.8169145584106445,1,quasar,0.8056671023368835,0,galaxy,0.35805046558380127,1,quasar,0.6767969131469727
1103,1,quasar,1,quasar,True,1,quasar,True,True,1,quasar,0.9062015414237976,1,quasar,0.9279609322547913,1,quasar,0.8032874464988708,1,quasar,0.5612704157829285,0,galaxy,0.35805022716522217,1,quasar,0.6231582760810852
1104,1,quasar,1,quasar,True,1,quasar,True,True,1,quasar,0.6802570223808289,1,quasar,0.8751574158668518,1,quasar,0.6927196383476257,1,quasar,0.5961995124816895,0,galaxy,0.3580473065376282,1,quasar,0.6194496750831604
1105,1,quasar,1,quasar,True,1,quasar,True,True,1,quasar,0.992917537689209,1,quasar,0.9491338133811951,1,quasar,0.8020609021186829,1,quasar,0.7918551564216614,0,galaxy,0.3580487370491028,1,quasar,0.8665391802787781
1106,1,quasar,1,quasar,True,1,quasar,True,True,1,quasar,0.961871325969696,1,quasar,0.9159489870071411,1,quasar,0.8326568603515625,1,quasar,0.7888211607933044,0,galaxy,0.35804879665374756,1,quasar,0.7889131307601929
1107,1,quasar,1,quasar,True,1,quasar,True,True,1,quasar,0.9763672947883606,1,quasar,0.9265939593315125,1,quasar,0.820070743560791,1,quasar,0.7578855156898499,0,galaxy,0.3580498993396759,1,quasar,0.6900043487548828
1108,1,quasar,1,quasar,True,1,quasar,True,True,1,quasar,0.9654427766799927,1,quasar,0.9641211628913879,1,quasar,0.8504095077514648,1,quasar,0.8482950925827026,0,galaxy,0.3580515682697296,1,quasar,0.7664292454719543
1109,1,quasar,1,quasar,True,2,star,False,False,2,star,0.6652880311012268,1,quasar,0.7050489783287048,1,quasar,0.5933606028556824,1,quasar,0.5390623211860657,0,galaxy,0.358043909072876,2,star,0.6074249744415283
1110,1,quasar,1,quasar,True,1,quasar,True,True,1,quasar,0.8620135188102722,1,quasar,0.9393122792243958,1,quasar,0.7814962863922119,1,quasar,0.8544543981552124,0,galaxy,0.35804879665374756,2,star,0.6542438864707947
1111,1,quasar,1,quasar,True,1,quasar,True,True,1,quasar,0.9541289210319519,1,quasar,0.8602079749107361,1,quasar,0.7625769972801208,1,quasar,0.7630195021629333,0,galaxy,0.35804980993270874,2,star,0.49256351590156555
1112,1,quasar,1,quasar,True,1,quasar,True,True,1,quasar,0.8739686608314514,1,quasar,0.7965319752693176,1,quasar,0.8259720802307129,1,quasar,0.6692811250686646,0,galaxy,0.3580484986305237,0,galaxy,0.37050020694732666
1113,1,quasar,1,quasar,True,1,quasar,True,True,1,quasar,0.9691656231880188,1,quasar,0.9637274146080017,1,quasar,0.8196578621864319,1,quasar,0.8311496376991272,0,galaxy,0.35806336998939514,1,quasar,0.3791857361793518
1114,1,quasar,1,quasar,True,1,quasar,True,True,1,quasar,0.8988229036331177,1,quasar,0.9234046936035156,1,quasar,0.7884392142295837,1,quasar,0.5209679007530212,0,galaxy,0.3580491840839386,2,star,0.42197805643081665
1115,1,quasar,1,quasar,True,1,quasar,True,True,1,quasar,0.8737998008728027,1,quasar,0.7276941537857056,1,quasar,0.7951728701591492,1,quasar,0.6585186123847961,0,galaxy,0.35804951190948486,2,star,0.47676339745521545
1116,1,quasar,1,quasar,True,1,quasar,True,True,1,quasar,0.9398611187934875,1,quasar,0.8617091178894043,1,quasar,0.8210852742195129,1,quasar,0.7389900088310242,0,galaxy,0.3580497205257416,1,quasar,0.548835039138794
1117,1,quasar,1,quasar,True,1,quasar,True,True,1,quasar,0.8747560381889343,1,quasar,0.8359405398368835,1,quasar,0.8016473054885864,1,quasar,0.6233717799186707,0,galaxy,0.35804110765457153,2,star,0.5414580702781677
1118,1,quasar,1,quasar,True,1,quasar,True,True,1,quasar,0.8643642067909241,1,quasar,0.9438523650169373,1,quasar,0.828210175037384,1,quasar,0.6814072728157043,0,galaxy,0.35804983973503113,2,star,0.48991987109184265
1119,1,quasar,1,quasar,True,1,quasar,True,True,1,quasar,0.7830706238746643,1,quasar,0.8061696290969849,1,quasar,0.8295353055000305,1,quasar,0.7802048325538635,0,galaxy,0.35804879665374756,1,quasar,0.45343828201293945
1120,1,quasar,1,quasar,True,1,quasar,True,True,1,quasar,0.8184069991111755,1,quasar,0.8743510842323303,1,quasar,0.826896607875824,1,quasar,0.7516661882400513,0,galaxy,0.35804954171180725,2,star,0.4346524477005005
1121,1,quasar,1,quasar,True,1,quasar,True,True,1,quasar,0.5389834642410278,1,quasar,0.8678079843521118,1,quasar,0.7743095755577087,1,quasar,0.5340258479118347,0,galaxy,0.3580492436885834,1,quasar,0.4633304476737976
1122,1,quasar,1,quasar,True,1,quasar,True,True,1,quasar,0.8571597933769226,1,quasar,0.8460401296615601,1,quasar,0.8270956873893738,1,quasar,0.7355117201805115,0,galaxy,0.3580487072467804,2,star,0.4107014238834381
1123,1,quasar,1,quasar,True,1,quasar,True,True,1,quasar,0.6219696402549744,1,quasar,0.8476483821868896,1,quasar,0.7058091163635254,2,star,0.551642119884491,0,galaxy,0.35805001854896545,2,star,0.4932158887386322
1124,1,quasar,1,quasar,True,1,quasar,True,True,1,quasar,0.7917054295539856,1,quasar,0.8768056035041809,1,quasar,0.8252197504043579,1,quasar,0.6846821308135986,0,galaxy,0.3580494821071625,2,star,0.5192880630493164
1125,1,quasar,1,quasar,True,1,quasar,True,True,1,quasar,0.6613714694976807,1,quasar,0.812347948551178,1,quasar,0.792012631893158,1,quasar,0.8091409802436829,0,galaxy,0.3580598831176758,2,star,0.6313379406929016
1126,1,quasar,1,quasar,True,1,quasar,True,True,1,quasar,0.8617454767227173,1,quasar,0.8825496435165405,1,quasar,0.6699854731559753,1,quasar,0.62378990650177,0,galaxy,0.3580479621887207,0,galaxy,0.34729909896850586
1127,1,quasar,1,quasar,True,1,quasar,True,True,1,quasar,0.7869784832000732,1,quasar,0.8133906126022339,1,quasar,0.8012272119522095,1,quasar,0.8056690692901611,0,galaxy,0.3580259382724762,0,galaxy,0.7727195024490356
1128,1,quasar,2,star,False,1,quasar,True,False,2,star,0.6106712818145752,2,star,0.4927176237106323,1,quasar,0.7636587619781494,1,quasar,0.6794793009757996,0,galaxy,0.35804808139801025,2,star,0.42264324426651
1129,1,quasar,1,quasar,True,2,star,False,False,2,star,0.8453152775764465,1,quasar,0.7039509415626526,1,quasar,0.7490684390068054,1,quasar,0.7680647969245911,0,galaxy,0.35804271697998047,2,star,0.9463047981262207
1130,1,quasar,1,quasar,True,1,quasar,True,True,1,quasar,0.8917942047119141,1,quasar,0.7519044280052185,1,quasar,0.7984172701835632,1,quasar,0.7497628927230835,0,galaxy,0.35801079869270325,2,star,0.40189483761787415
1131,1,quasar,1,quasar,True,2,star,False,False,2,star,0.705934464931488,1,quasar,0.7217096090316772,1,quasar,0.6009080410003662,1,quasar,0.3708084523677826,0,galaxy,0.3580475151538849,2,star,0.6340246200561523
1132,1,quasar,1,quasar,True,1,quasar,True,True,1,quasar,0.771120548248291,1,quasar,0.8490849733352661,1,quasar,0.8323049545288086,1,quasar,0.7837398052215576,0,galaxy,0.35804954171180725,1,quasar,0.3848951458930969
1133,1,quasar,1,quasar,True,1,quasar,True,True,1,quasar,0.703730583190918,1,quasar,0.7369908690452576,1,quasar,0.7799166440963745,1,quasar,0.8269246220588684,0,galaxy,0.358041375875473,2,star,0.5504797101020813
1134,1,quasar,1,quasar,True,1,quasar,True,True,1,quasar,0.9243850111961365,1,quasar,0.9303269982337952,1,quasar,0.8210708498954773,1,quasar,0.7510469555854797,0,galaxy,0.3580492436885834,1,quasar,0.5068832039833069
1135,1,quasar,1,quasar,True,1,quasar,True,True,1,quasar,0.9169480800628662,1,quasar,0.8102433085441589,1,quasar,0.843409538269043,1,quasar,0.8739156723022461,0,galaxy,0.35804733633995056,2,star,0.5100287199020386
1136,1,quasar,1,quasar,True,1,quasar,True,True,1,quasar,0.85302734375,1,quasar,0.864210844039917,1,quasar,0.8107371926307678,1,quasar,0.6918829083442688,0,galaxy,0.35804885625839233,1,quasar,0.3911018669605255
1137,1,quasar,1,quasar,True,1,quasar,True,True,2,star,0.5482027530670166,1,quasar,0.7799380421638489,1,quasar,0.8021404147148132,1,quasar,0.7441762685775757,0,galaxy,0.3580487072467804,2,star,0.8031258583068848
1138,1,quasar,1,quasar,True,1,quasar,True,True,1,quasar,0.7747122049331665,1,quasar,0.9083724617958069,1,quasar,0.7509094476699829,1,quasar,0.5312420725822449,0,galaxy,0.3580496609210968,2,star,0.4886237680912018
1139,1,quasar,1,quasar,True,1,quasar,True,True,1,quasar,0.677946150302887,1,quasar,0.720863401889801,1,quasar,0.8188618421554565,2,star,0.4945007562637329,0,galaxy,0.35804879665374756,0,galaxy,0.5894545316696167
1140,1,quasar,0,galaxy,False,1,quasar,True,False,1,quasar,0.7067524790763855,1,quasar,0.8233043551445007,2,star,0.42985299229621887,0,galaxy,0.6170255541801453,0,galaxy,0.3580484390258789,2,star,0.4219156503677368
1141,1,quasar,1,quasar,True,1,quasar,True,True,1,quasar,0.9147756695747375,1,quasar,0.9111732244491577,1,quasar,0.8382492065429688,1,quasar,0.7577411532402039,0,galaxy,0.35805273056030273,2,star,0.39243197441101074
1142,1,quasar,1,quasar,True,1,quasar,True,True,1,quasar,0.6936598420143127,1,quasar,0.735283374786377,2,star,0.4655965268611908,1,quasar,0.7643375396728516,0,galaxy,0.35801786184310913,0,galaxy,0.4368150234222412
1143,1,quasar,2,star,False,2,star,False,True,2,star,0.5638176202774048,2,star,0.5015666484832764,1,quasar,0.4912298917770386,0,galaxy,0.6600533127784729,0,galaxy,0.35805174708366394,2,star,0.486544668674469
1144,1,quasar,1,quasar,True,1,quasar,True,True,1,quasar,0.5717260837554932,1,quasar,0.7567984461784363,1,quasar,0.7513989210128784,1,quasar,0.7215800881385803,0,galaxy,0.3580586612224579,0,galaxy,0.5014449954032898
1145,1,quasar,1,quasar,True,1,quasar,True,True,1,quasar,0.911008358001709,1,quasar,0.8486512899398804,1,quasar,0.8327242732048035,1,quasar,0.6286871433258057,0,galaxy,0.35804638266563416,2,star,0.5661506056785583
1146,1,quasar,1,quasar,True,1,quasar,True,True,1,quasar,0.8956513404846191,1,quasar,0.9649782180786133,1,quasar,0.7532296180725098,1,quasar,0.8348113894462585,0,galaxy,0.3581162095069885,2,star,0.4798223674297333
1147,1,quasar,1,quasar,True,1,quasar,True,True,1,quasar,0.5573707222938538,1,quasar,0.7033395767211914,1,quasar,0.808435320854187,1,quasar,0.6532703638076782,0,galaxy,0.35804682970046997,0,galaxy,0.640280544757843
1148,1,quasar,1,quasar,True,1,quasar,True,True,1,quasar,0.4943285882472992,1,quasar,0.7867521643638611,1,quasar,0.7695775628089905,1,quasar,0.7088291049003601,0,galaxy,0.35804811120033264,0,galaxy,0.6744564771652222
1149,1,quasar,1,quasar,True,1,quasar,True,True,1,quasar,0.8418887257575989,1,quasar,0.6582408547401428,1,quasar,0.8124909400939941,1,quasar,0.4698038101196289,0,galaxy,0.3580486476421356,2,star,0.4690611958503723
1150,1,quasar,0,galaxy,False,0,galaxy,False,True,1,quasar,0.4643993377685547,0,galaxy,0.5516155362129211,0,galaxy,0.9176228642463684,0,galaxy,0.8876491785049438,0,galaxy,0.3580490052700043,0,galaxy,0.5456494092941284
1151,1,quasar,1,quasar,True,1,quasar,True,True,1,quasar,0.758683979511261,1,quasar,0.8470746874809265,1,quasar,0.7188855409622192,1,quasar,0.7440677285194397,0,galaxy,0.358051598072052,2,star,0.7392871975898743
1152,1,quasar,0,galaxy,False,0,galaxy,False,True,0,galaxy,0.9542039036750793,0,galaxy,0.8581827878952026,0,galaxy,0.9683181643486023,0,galaxy,0.8715558052062988,0,galaxy,0.35805007815361023,0,galaxy,0.6729335188865662
1153,1,quasar,1,quasar,True,1,quasar,True,True,1,quasar,0.48811155557632446,1,quasar,0.5213671326637268,1,quasar,0.8077436685562134,1,quasar,0.8041239380836487,0,galaxy,0.3567456901073456,2,star,0.8287895917892456
1154,1,quasar,2,star,False,1,quasar,True,False,1,quasar,0.8417301774024963,1,quasar,0.4561046361923218,2,star,0.5364891886711121,2,star,0.4783804714679718,0,galaxy,0.35804587602615356,2,star,0.5313323140144348
1155,1,quasar,1,quasar,True,1,quasar,True,True,1,quasar,0.43437403440475464,1,quasar,0.43468254804611206,1,quasar,0.3614252507686615,2,star,0.4375147223472595,0,galaxy,0.3580496311187744,0,galaxy,0.5031654834747314
1156,1,quasar,1,quasar,True,1,quasar,True,True,1,quasar,0.8039687871932983,1,quasar,0.9475083351135254,1,quasar,0.7838584184646606,1,quasar,0.7580505013465881,0,galaxy,0.358050137758255,2,star,0.537649393081665
1157,1,quasar,1,quasar,True,1,quasar,True,True,1,quasar,0.9372058510780334,1,quasar,0.9550338983535767,1,quasar,0.8245917558670044,1,quasar,0.8039637207984924,0,galaxy,0.35804978013038635,0,galaxy,0.3711785674095154
1158,1,quasar,1,quasar,True,1,quasar,True,True,1,quasar,0.841217577457428,1,quasar,0.7683282494544983,1,quasar,0.7910155653953552,2,star,0.6386404037475586,0,galaxy,0.35804957151412964,1,quasar,0.46007901430130005
1159,1,quasar,1,quasar,True,1,quasar,True,True,1,quasar,0.8963003754615784,0,galaxy,0.9087047576904297,1,quasar,0.8139923810958862,1,quasar,0.7450765371322632,0,galaxy,0.3580504059791565,1,quasar,0.9233282804489136
1160,1,quasar,1,quasar,True,1,quasar,True,True,1,quasar,0.9701636433601379,1,quasar,0.9595474004745483,1,quasar,0.8453053832054138,1,quasar,0.8135319948196411,0,galaxy,0.35804885625839233,1,quasar,0.7044127583503723
1161,1,quasar,1,quasar,True,1,quasar,True,True,1,quasar,0.4965563714504242,1,quasar,0.7516035437583923,1,quasar,0.8205227851867676,1,quasar,0.7391347289085388,2,star,0.34912726283073425,1,quasar,0.6054151058197021
1162,1,quasar,1,quasar,True,1,quasar,True,True,1,quasar,0.4293643534183502,1,quasar,0.49154719710350037,1,quasar,0.7844668030738831,1,quasar,0.6013196706771851,2,star,0.3527584671974182,2,star,0.649857223033905
1163,1,quasar,1,quasar,True,1,quasar,True,True,1,quasar,0.9658914804458618,1,quasar,0.9866807460784912,1,quasar,0.818390429019928,1,quasar,0.7725523114204407,0,galaxy,0.358049213886261,1,quasar,0.5731555819511414
1164,1,quasar,1,quasar,True,1,quasar,True,True,1,quasar,0.7041819095611572,1,quasar,0.9354983568191528,1,quasar,0.8096545934677124,1,quasar,0.6553900241851807,0,galaxy,0.3580476939678192,1,quasar,0.5089561939239502
1165,1,quasar,1,quasar,True,1,quasar,True,True,1,quasar,0.9738308191299438,1,quasar,0.9584834575653076,1,quasar,0.8309478759765625,1,quasar,0.7894771695137024,0,galaxy,0.3580493628978729,1,quasar,0.8054816126823425
1166,1,quasar,1,quasar,True,1,quasar,True,True,1,quasar,0.881727933883667,1,quasar,0.8446455001831055,1,quasar,0.6511280536651611,1,quasar,0.6939860582351685,0,galaxy,0.35804733633995056,1,quasar,0.7105334997177124
1167,1,quasar,1,quasar,True,1,quasar,True,True,1,quasar,0.9728085398674011,1,quasar,0.9281465411186218,1,quasar,0.8304467797279358,1,quasar,0.8136926293373108,0,galaxy,0.3580501079559326,1,quasar,0.734386682510376
1168,1,quasar,1,quasar,True,1,quasar,True,True,1,quasar,0.8548178672790527,1,quasar,0.9396957159042358,1,quasar,0.7217182517051697,1,quasar,0.7954758405685425,0,galaxy,0.35804930329322815,1,quasar,0.672109842300415
1169,1,quasar,1,quasar,True,1,quasar,True,True,1,quasar,0.9563394784927368,1,quasar,0.9188686013221741,1,quasar,0.7018229365348816,2,star,0.5157394409179688,0,galaxy,0.35804980993270874,1,quasar,0.8049335479736328
1170,1,quasar,1,quasar,True,1,quasar,True,True,1,quasar,0.9630088210105896,1,quasar,0.9185196757316589,1,quasar,0.8300845623016357,1,quasar,0.7539535164833069,0,galaxy,0.3580491244792938,1,quasar,0.6406072974205017
1171,1,quasar,1,quasar,True,1,quasar,True,True,1,quasar,0.9359573721885681,1,quasar,0.9379371404647827,1,quasar,0.8299028277397156,1,quasar,0.6619214415550232,0,galaxy,0.3580494225025177,1,quasar,0.7039797902107239
1172,1,quasar,0,galaxy,False,0,galaxy,False,True,0,galaxy,0.714601993560791,1,quasar,0.424371600151062,0,galaxy,0.8515436053276062,2,star,0.43840134143829346,0,galaxy,0.3580493628978729,1,quasar,0.6807056069374084
1173,1,quasar,1,quasar,True,1,quasar,True,True,1,quasar,0.4991266429424286,1,quasar,0.6462337970733643,1,quasar,0.6165988445281982,2,star,0.6537306904792786,0,galaxy,0.3580501675605774,1,quasar,0.4895845353603363
1174,1,quasar,1,quasar,True,1,quasar,True,True,1,quasar,0.9355739951133728,1,quasar,0.7437134385108948,2,star,0.5419577360153198,2,star,0.7238286137580872,0,galaxy,0.35804903507232666,1,quasar,0.8877348899841309
1175,1,quasar,1,quasar,True,1,quasar,True,True,1,quasar,0.6727756261825562,1,quasar,0.8363603353500366,1,quasar,0.8099724650382996,1,quasar,0.6509549617767334,0,galaxy,0.35804933309555054,1,quasar,0.8089332580566406
1176,1,quasar,1,quasar,True,1,quasar,True,True,1,quasar,0.9551639556884766,1,quasar,0.9274440407752991,1,quasar,0.802712082862854,1,quasar,0.6464459896087646,0,galaxy,0.3580494225025177,1,quasar,0.7027125358581543
1177,1,quasar,1,quasar,True,1,quasar,True,True,1,quasar,0.9322612881660461,1,quasar,0.8923208117485046,1,quasar,0.7697188854217529,1,quasar,0.5754843950271606,0,galaxy,0.35804954171180725,1,quasar,0.5257629156112671
1178,1,quasar,1,quasar,True,1,quasar,True,True,1,quasar,0.9601326584815979,1,quasar,0.927175760269165,1,quasar,0.8278869986534119,1,quasar,0.6352523565292358,0,galaxy,0.35804975032806396,1,quasar,0.5004640817642212
1179,1,quasar,1,quasar,True,1,quasar,True,True,1,quasar,0.982545018196106,1,quasar,0.9603132605552673,1,quasar,0.8316101431846619,1,quasar,0.7749730348587036,0,galaxy,0.3580494523048401,1,quasar,0.5708752870559692
1180,1,quasar,1,quasar,True,1,quasar,True,True,1,quasar,0.8886697888374329,1,quasar,0.8678761720657349,1,quasar,0.8202729821205139,1,quasar,0.8339985609054565,0,galaxy,0.358049601316452,1,quasar,0.6648799180984497
1181,1,quasar,1,quasar,True,1,quasar,True,True,1,quasar,0.9888697862625122,1,quasar,0.9209046363830566,1,quasar,0.8422700762748718,1,quasar,0.7839769124984741,0,galaxy,0.35804933309555054,1,quasar,0.7069880366325378
1182,1,quasar,0,galaxy,False,1,quasar,True,False,1,quasar,0.7636050581932068,1,quasar,0.5120084881782532,0,galaxy,0.41981756687164307,2,star,0.4067241847515106,0,galaxy,0.3581773638725281,2,star,0.34205740690231323
1183,1,quasar,1,quasar,True,1,quasar,True,True,1,quasar,0.9336822032928467,1,quasar,0.5893889665603638,1,quasar,0.5711429119110107,1,quasar,0.7021875977516174,0,galaxy,0.3580488860607147,2,star,0.372869074344635
1184,1,quasar,1,quasar,True,1,quasar,True,True,1,quasar,0.9713294506072998,1,quasar,0.9231876134872437,1,quasar,0.8218203783035278,1,quasar,0.6874368786811829,0,galaxy,0.35804978013038635,1,quasar,0.5134646892547607
1185,1,quasar,1,quasar,True,1,quasar,True,True,1,quasar,0.7682276368141174,1,quasar,0.907547652721405,1,quasar,0.8303065896034241,1,quasar,0.696898341178894,0,galaxy,0.3580484390258789,1,quasar,0.5077111721038818
1186,1,quasar,1,quasar,True,1,quasar,True,True,1,quasar,0.8001960515975952,1,quasar,0.8078015446662903,1,quasar,0.5869434475898743,2,star,0.7370147705078125,0,galaxy,0.35804954171180725,1,quasar,0.6669999957084656
1187,1,quasar,1,quasar,True,1,quasar,True,True,1,quasar,0.9258544445037842,1,quasar,0.903911828994751,1,quasar,0.8328121900558472,1,quasar,0.8254848718643188,0,galaxy,0.35804903507232666,1,quasar,0.4699527621269226
1188,1,quasar,1,quasar,True,1,quasar,True,True,1,quasar,0.9147404432296753,1,quasar,0.8584898114204407,1,quasar,0.8062762022018433,1,quasar,0.6186951398849487,0,galaxy,0.3580443859100342,1,quasar,0.580643355846405
1189,1,quasar,1,quasar,True,1,quasar,True,True,1,quasar,0.876863420009613,1,quasar,0.9370551109313965,1,quasar,0.8029623627662659,1,quasar,0.7704048752784729,0,galaxy,0.35804927349090576,1,quasar,0.5904603600502014
1190,1,quasar,1,quasar,True,1,quasar,True,True,1,quasar,0.8962007164955139,1,quasar,0.9414784908294678,1,quasar,0.8302550315856934,1,quasar,0.7712813019752502,0,galaxy,0.358049213886261,1,quasar,0.5793657302856445
1191,1,quasar,1,quasar,True,1,quasar,True,True,1,quasar,0.9594854712486267,1,quasar,0.8673266172409058,1,quasar,0.8290618658065796,1,quasar,0.712333083152771,0,galaxy,0.35805007815361023,1,quasar,0.5758147239685059
1192,1,quasar,0,galaxy,False,0,galaxy,False,True,0,galaxy,0.49202319979667664,1,quasar,0.5910753607749939,0,galaxy,0.936615526676178,0,galaxy,0.9212353825569153,0,galaxy,0.3580498695373535,0,galaxy,0.47468301653862
1193,1,quasar,1,quasar,True,1,quasar,True,True,1,quasar,0.7492957711219788,1,quasar,0.8150829672813416,1,quasar,0.5408413410186768,2,star,0.8048465251922607,0,galaxy,0.3580498993396759,1,quasar,0.5834976434707642
1194,1,quasar,1,quasar,True,1,quasar,True,True,1,quasar,0.9700718522071838,1,quasar,0.9287580847740173,1,quasar,0.8265215158462524,1,quasar,0.7425089478492737,0,galaxy,0.3580508530139923,1,quasar,0.537045955657959
1195,1,quasar,0,galaxy,False,1,quasar,True,False,1,quasar,0.8219390511512756,1,quasar,0.755059540271759,0,galaxy,0.675947904586792,1,quasar,0.7697261571884155,0,galaxy,0.3580476641654968,0,galaxy,0.6114972233772278
1196,1,quasar,1,quasar,True,1,quasar,True,True,1,quasar,0.7786519527435303,1,quasar,0.7440664172172546,1,quasar,0.5978145003318787,1,quasar,0.49712827801704407,0,galaxy,0.3580489158630371,0,galaxy,0.651414692401886
1197,1,quasar,1,quasar,True,1,quasar,True,True,1,quasar,0.9388470649719238,1,quasar,0.9612863063812256,1,quasar,0.8228312134742737,1,quasar,0.677452027797699,0,galaxy,0.35804450511932373,1,quasar,0.4043854773044586
1198,1,quasar,1,quasar,True,1,quasar,True,True,1,quasar,0.9101054072380066,1,quasar,0.9655190110206604,1,quasar,0.7700804471969604,1,quasar,0.7256380319595337,0,galaxy,0.35804951190948486,1,quasar,0.6214233636856079
1199,1,quasar,1,quasar,True,1,quasar,True,True,1,quasar,0.9720947742462158,1,quasar,0.9777913689613342,1,quasar,0.8129998445510864,1,quasar,0.5596227645874023,0,galaxy,0.3580491840839386,1,quasar,0.8784345388412476
1200,1,quasar,1,quasar,True,1,quasar,True,True,1,quasar,0.9394749999046326,1,quasar,0.954412579536438,1,quasar,0.7906162142753601,2,star,0.6768292784690857,0,galaxy,0.35804983973503113,1,quasar,0.7541725635528564
1201,1,quasar,1,quasar,True,1,quasar,True,True,1,quasar,0.9681362509727478,1,quasar,0.9398189783096313,1,quasar,0.7752699851989746,1,quasar,0.8060905337333679,0,galaxy,0.3580497205257416,1,quasar,0.9244689345359802
1202,1,quasar,1,quasar,True,1,quasar,True,True,1,quasar,0.9794569611549377,1,quasar,0.9195715188980103,1,quasar,0.7358600497245789,1,quasar,0.6900892853736877,0,galaxy,0.3580491840839386,1,quasar,0.9533054232597351
1203,1,quasar,1,quasar,True,1,quasar,True,True,1,quasar,0.9453101754188538,1,quasar,0.8843141198158264,1,quasar,0.7359967827796936,1,quasar,0.5448436737060547,0,galaxy,0.35805001854896545,1,quasar,0.7822942733764648
1204,1,quasar,1,quasar,True,1,quasar,True,True,1,quasar,0.9323673844337463,1,quasar,0.9740360379219055,1,quasar,0.7878486514091492,1,quasar,0.5915804505348206,0,galaxy,0.3580497205257416,1,quasar,0.8905168175697327
1205,1,quasar,1,quasar,True,1,quasar,True,True,1,quasar,0.9397727251052856,1,quasar,0.9651858806610107,1,quasar,0.7716343998908997,2,star,0.7382633686065674,0,galaxy,0.35804983973503113,1,quasar,0.8124062418937683
1206,1,quasar,1,quasar,True,1,quasar,True,True,1,quasar,0.8648825287818909,1,quasar,0.8057540059089661,1,quasar,0.8131716251373291,1,quasar,0.847602367401123,0,galaxy,0.35804954171180725,2,star,0.6040593981742859
1207,1,quasar,1,quasar,True,1,quasar,True,True,1,quasar,0.9531247019767761,1,quasar,0.8417123556137085,1,quasar,0.812447726726532,1,quasar,0.8332187533378601,0,galaxy,0.35804930329322815,1,quasar,0.5682827234268188
1208,1,quasar,1,quasar,True,1,quasar,True,True,1,quasar,0.7915816307067871,1,quasar,0.8840742111206055,1,quasar,0.6051222085952759,1,quasar,0.5450817346572876,0,galaxy,0.3580472767353058,2,star,0.5958486795425415
1209,1,quasar,1,quasar,True,1,quasar,True,True,1,quasar,0.9852215647697449,1,quasar,0.9559665322303772,1,quasar,0.8334437608718872,1,quasar,0.8408908843994141,0,galaxy,0.35804954171180725,1,quasar,0.6666421890258789
1210,1,quasar,1,quasar,True,1,quasar,True,True,1,quasar,0.8444149494171143,1,quasar,0.8561585545539856,1,quasar,0.8254992961883545,1,quasar,0.6377560496330261,0,galaxy,0.35804882645606995,1,quasar,0.3760153353214264
1211,1,quasar,1,quasar,True,1,quasar,True,True,1,quasar,0.746179461479187,1,quasar,0.82732093334198,1,quasar,0.7801437377929688,1,quasar,0.7249152660369873,0,galaxy,0.3580487370491028,2,star,0.4819011092185974
1212,1,quasar,1,quasar,True,1,quasar,True,True,1,quasar,0.7973288893699646,1,quasar,0.7846240401268005,1,quasar,0.8297446370124817,1,quasar,0.6922879219055176,0,galaxy,0.35804933309555054,2,star,0.5368297100067139
1213,1,quasar,1,quasar,True,1,quasar,True,True,1,quasar,0.9640762805938721,1,quasar,0.9450334310531616,1,quasar,0.845811665058136,1,quasar,0.7928938865661621,0,galaxy,0.3580496609210968,1,quasar,0.45926573872566223
1214,1,quasar,1,quasar,True,1,quasar,True,True,1,quasar,0.8209249973297119,1,quasar,0.7853637337684631,1,quasar,0.8216139674186707,1,quasar,0.6889030337333679,0,galaxy,0.35804957151412964,1,quasar,0.4048556089401245
1215,1,quasar,1,quasar,True,1,quasar,True,True,1,quasar,0.9754945039749146,1,quasar,0.9294343590736389,1,quasar,0.8315941691398621,1,quasar,0.6736372709274292,0,galaxy,0.35805001854896545,2,star,0.4766642451286316
1216,1,quasar,1,quasar,True,1,quasar,True,True,1,quasar,0.9283772706985474,1,quasar,0.8664395809173584,1,quasar,0.8207740783691406,1,quasar,0.7624238729476929,0,galaxy,0.35805192589759827,1,quasar,0.5055432915687561
1217,1,quasar,1,quasar,True,1,quasar,True,True,1,quasar,0.7473523020744324,1,quasar,0.816700279712677,1,quasar,0.7485900521278381,1,quasar,0.683527410030365,0,galaxy,0.3580513298511505,2,star,0.5559320449829102
1218,1,quasar,1,quasar,True,1,quasar,True,True,1,quasar,0.8702967762947083,1,quasar,0.8746245503425598,1,quasar,0.7793696522712708,1,quasar,0.6290466785430908,0,galaxy,0.3580497205257416,2,star,0.4577554762363434
1219,1,quasar,1,quasar,True,1,quasar,True,True,1,quasar,0.8058323860168457,1,quasar,0.8619678020477295,1,quasar,0.827437698841095,1,quasar,0.8591705560684204,0,galaxy,0.3580498993396759,2,star,0.4723624885082245
1220,1,quasar,2,star,False,2,star,False,True,2,star,0.5328793525695801,2,star,0.674328625202179,2,star,0.7534118890762329,2,star,0.6686419248580933,0,galaxy,0.3580499291419983,2,star,0.4620096683502197
1221,1,quasar,1,quasar,True,1,quasar,True,True,1,quasar,0.9280824661254883,1,quasar,0.7081941962242126,1,quasar,0.8150500059127808,1,quasar,0.8443421125411987,0,galaxy,0.3580490052700043,2,star,0.5012855529785156
1222,1,quasar,1,quasar,True,1,quasar,True,True,1,quasar,0.9061695337295532,1,quasar,0.8033268451690674,1,quasar,0.8279904723167419,1,quasar,0.6241887211799622,0,galaxy,0.35804933309555054,2,star,0.516293466091156
1223,1,quasar,1,quasar,True,1,quasar,True,True,1,quasar,0.728330671787262,1,quasar,0.8523033261299133,1,quasar,0.8308865427970886,1,quasar,0.7361101508140564,0,galaxy,0.35808101296424866,0,galaxy,0.7126862406730652
1224,1,quasar,2,star,False,2,star,False,True,0,galaxy,0.46248623728752136,2,star,0.8536527156829834,2,star,0.4487914741039276,1,quasar,0.5966633558273315,0,galaxy,0.3580484390258789,2,star,0.5001145601272583
1225,1,quasar,1,quasar,True,1,quasar,True,True,1,quasar,0.8624545335769653,1,quasar,0.901602029800415,1,quasar,0.7782801985740662,1,quasar,0.8350793719291687,0,galaxy,0.35804903507232666,1,quasar,0.40491777658462524
1226,1,quasar,1,quasar,True,1,quasar,True,True,1,quasar,0.8236759305000305,1,quasar,0.8013262152671814,1,quasar,0.8065281510353088,1,quasar,0.6040673851966858,0,galaxy,0.3580492436885834,2,star,0.3817993998527527
1227,1,quasar,1,quasar,True,1,quasar,True,True,1,quasar,0.5111406445503235,2,star,0.669160783290863,1,quasar,0.6777383685112,1,quasar,0.7254283428192139,0,galaxy,0.35805952548980713,2,star,0.5380488038063049
1228,1,quasar,1,quasar,True,1,quasar,True,True,1,quasar,0.8133888840675354,1,quasar,0.9250693321228027,1,quasar,0.8342211246490479,1,quasar,0.7158277630805969,0,galaxy,0.3580489754676819,2,star,0.4558064043521881
1229,1,quasar,1,quasar,True,1,quasar,True,True,1,quasar,0.9416965842247009,1,quasar,0.949429452419281,1,quasar,0.8360322713851929,1,quasar,0.7615287899971008,0,galaxy,0.358049601316452,2,star,0.5291311740875244
1230,1,quasar,0,galaxy,False,0,galaxy,False,True,0,galaxy,0.6037496328353882,0,galaxy,0.6456285715103149,0,galaxy,0.9012754559516907,0,galaxy,0.8495486378669739,0,galaxy,0.35804858803749084,0,galaxy,0.6942971348762512
1231,1,quasar,1,quasar,True,1,quasar,True,True,1,quasar,0.8540393710136414,1,quasar,0.7523484826087952,1,quasar,0.8220840096473694,1,quasar,0.7273874878883362,0,galaxy,0.35804980993270874,2,star,0.502017617225647
1232,1,quasar,1,quasar,True,1,quasar,True,True,1,quasar,0.6774172186851501,1,quasar,0.9518516063690186,1,quasar,0.7996673583984375,1,quasar,0.5976274013519287,0,galaxy,0.3580496609210968,2,star,0.5013733506202698
1233,1,quasar,1,quasar,True,1,quasar,True,True,1,quasar,0.8929848670959473,1,quasar,0.6284714341163635,1,quasar,0.8059514760971069,1,quasar,0.6101352572441101,0,galaxy,0.3580489754676819,2,star,0.46232908964157104
1234,1,quasar,1,quasar,True,1,quasar,True,True,1,quasar,0.5032196044921875,1,quasar,0.5117122530937195,1,quasar,0.7241270542144775,1,quasar,0.7272453904151917,0,galaxy,0.3580496609210968,2,star,0.5711332559585571
1235,1,quasar,1,quasar,True,1,quasar,True,True,1,quasar,0.8684050440788269,1,quasar,0.8783710598945618,1,quasar,0.8070926666259766,1,quasar,0.7107075452804565,0,galaxy,0.3580471873283386,0,galaxy,0.4437554180622101
1236,1,quasar,1,quasar,True,1,quasar,True,True,1,quasar,0.9214007258415222,1,quasar,0.6434468626976013,1,quasar,0.7885002493858337,1,quasar,0.8122448325157166,0,galaxy,0.3581013083457947,2,star,0.7064071893692017
1237,1,quasar,1,quasar,True,1,quasar,True,True,1,quasar,0.6875583529472351,1,quasar,0.9415104985237122,1,quasar,0.8126069903373718,1,quasar,0.7246715426445007,0,galaxy,0.35804980993270874,2,star,0.671761691570282
1238,1,quasar,1,quasar,True,1,quasar,True,True,1,quasar,0.5801864266395569,1,quasar,0.9209288358688354,1,quasar,0.812867283821106,1,quasar,0.648149311542511,0,galaxy,0.3580489158630371,0,galaxy,0.4401508569717407
1239,1,quasar,1,quasar,True,1,quasar,True,True,1,quasar,0.9022822976112366,1,quasar,0.8005160093307495,1,quasar,0.7013328671455383,1,quasar,0.6234995722770691,0,galaxy,0.3580493927001953,2,star,0.41426149010658264
1240,1,quasar,1,quasar,True,1,quasar,True,True,1,quasar,0.6788606643676758,1,quasar,0.8513924479484558,1,quasar,0.7152059674263,1,quasar,0.7622004747390747,0,galaxy,0.35803526639938354,2,star,0.5445480942726135
1241,1,quasar,1,quasar,True,1,quasar,True,True,1,quasar,0.9309826493263245,1,quasar,0.8340020775794983,1,quasar,0.81993567943573,1,quasar,0.55548495054245,0,galaxy,0.3580496907234192,2,star,0.47353118658065796
1242,1,quasar,1,quasar,True,1,quasar,True,True,1,quasar,0.7981731295585632,1,quasar,0.7106048464775085,1,quasar,0.6166368722915649,1,quasar,0.7130007743835449,0,galaxy,0.3580491244792938,1,quasar,0.41931793093681335
1243,1,quasar,1,quasar,True,1,quasar,True,True,1,quasar,0.9292993545532227,1,quasar,0.8912296295166016,1,quasar,0.8322028517723083,1,quasar,0.692623496055603,0,galaxy,0.35804957151412964,1,quasar,0.5354363322257996
1244,1,quasar,1,quasar,True,1,quasar,True,True,1,quasar,0.9266024827957153,1,quasar,0.9198336601257324,1,quasar,0.8213914632797241,1,quasar,0.7504505515098572,0,galaxy,0.35804495215415955,0,galaxy,0.6537293791770935
1245,1,quasar,1,quasar,True,1,quasar,True,True,2,star,0.5177363157272339,1,quasar,0.8381257653236389,1,quasar,0.8186028599739075,1,quasar,0.4996641278266907,0,galaxy,0.35804837942123413,2,star,0.41437891125679016
1246,1,quasar,2,star,False,2,star,False,True,2,star,0.4226019084453583,1,quasar,0.5249879360198975,2,star,0.46589598059654236,1,quasar,0.5177818536758423,0,galaxy,0.3580491244792938,2,star,0.6805645823478699
1247,1,quasar,1,quasar,True,1,quasar,True,True,1,quasar,0.8400861620903015,1,quasar,0.8624463081359863,1,quasar,0.75107741355896,2,star,0.5174934267997742,0,galaxy,0.35804980993270874,2,star,0.5423774719238281
1248,1,quasar,1,quasar,True,1,quasar,True,True,1,quasar,0.6902654767036438,1,quasar,0.7570608258247375,1,quasar,0.8037790060043335,2,star,0.5085383653640747,0,galaxy,0.3580469787120819,0,galaxy,0.4533047676086426
1249,1,quasar,1,quasar,True,1,quasar,True,True,1,quasar,0.8616327047348022,1,quasar,0.9131929874420166,1,quasar,0.8203005194664001,1,quasar,0.573042631149292,0,galaxy,0.3580489158630371,0,galaxy,0.5166398286819458
1250,1,quasar,1,quasar,True,1,quasar,True,True,1,quasar,0.6675479412078857,1,quasar,0.8389763236045837,1,quasar,0.8028882741928101,1,quasar,0.6826486587524414,0,galaxy,0.35805004835128784,2,star,0.5400019288063049
1251,1,quasar,1,quasar,True,1,quasar,True,True,1,quasar,0.9519875645637512,1,quasar,0.897065281867981,1,quasar,0.8181426525115967,1,quasar,0.6710671782493591,0,galaxy,0.35804957151412964,0,galaxy,0.598612368106842
1252,1,quasar,1,quasar,True,1,quasar,True,True,1,quasar,0.5547909736633301,1,quasar,0.7299305200576782,1,quasar,0.7186061143875122,1,quasar,0.7509809732437134,0,galaxy,0.35804927349090576,2,star,0.4767811596393585
1253,1,quasar,1,quasar,True,1,quasar,True,True,1,quasar,0.6548518538475037,1,quasar,0.910891056060791,1,quasar,0.8313133716583252,1,quasar,0.7265421748161316,0,galaxy,0.3580493628978729,1,quasar,0.6272529363632202
1254,1,quasar,1,quasar,True,1,quasar,True,True,2,star,0.5167163610458374,1,quasar,0.5474832653999329,1,quasar,0.7691721320152283,1,quasar,0.6795885562896729,0,galaxy,0.3580491840839386,0,galaxy,0.3946665823459625
1255,1,quasar,1,quasar,True,1,quasar,True,True,1,quasar,0.804790198802948,1,quasar,0.866152822971344,1,quasar,0.8161405324935913,1,quasar,0.5624086856842041,0,galaxy,0.35804837942123413,2,star,0.40346860885620117
1256,1,quasar,1,quasar,True,1,quasar,True,True,1,quasar,0.9005360007286072,1,quasar,0.604832112789154,1,quasar,0.8425155282020569,1,quasar,0.8113872408866882,0,galaxy,0.3577893078327179,1,quasar,0.42589887976646423
1257,1,quasar,1,quasar,True,1,quasar,True,True,1,quasar,0.6216084957122803,1,quasar,0.8663992285728455,1,quasar,0.6295228004455566,2,star,0.532716691493988,0,galaxy,0.35804831981658936,2,star,0.48589369654655457
1258,1,quasar,1,quasar,True,1,quasar,True,True,1,quasar,0.9059166312217712,1,quasar,0.9512233138084412,1,quasar,0.8112674951553345,1,quasar,0.7491153478622437,0,galaxy,0.3580494821071625,1,quasar,0.7197898626327515
1259,1,quasar,1,quasar,True,1,quasar,True,True,1,quasar,0.7799710631370544,1,quasar,0.8423129916191101,1,quasar,0.8121675848960876,1,quasar,0.509962797164917,0,galaxy,0.3580496609210968,2,star,0.5493267178535461
1260,1,quasar,0,galaxy,False,0,galaxy,False,True,0,galaxy,0.7520142197608948,0,galaxy,0.9254021048545837,0,galaxy,0.9172358512878418,2,star,0.4291786253452301,0,galaxy,0.3580494225025177,0,galaxy,0.5483980774879456
1261,1,quasar,0,galaxy,False,0,galaxy,False,True,0,galaxy,0.910726010799408,0,galaxy,0.6132404208183289,0,galaxy,0.958256185054779,0,galaxy,0.9808942675590515,0,galaxy,0.3580494523048401,0,galaxy,0.5137026906013489
1262,1,quasar,1,quasar,True,1,quasar,True,True,1,quasar,0.8133314847946167,1,quasar,0.8394604325294495,1,quasar,0.8140748143196106,1,quasar,0.6445245146751404,0,galaxy,0.35804593563079834,2,star,0.5338352918624878
1263,1,quasar,1,quasar,True,1,quasar,True,True,1,quasar,0.7481303811073303,1,quasar,0.7073491215705872,1,quasar,0.8019068241119385,2,star,0.624213695526123,0,galaxy,0.3580491542816162,2,star,0.501858115196228
1264,1,quasar,1,quasar,True,1,quasar,True,True,1,quasar,0.8688564300537109,1,quasar,0.8731518983840942,1,quasar,0.7584819197654724,1,quasar,0.7930095195770264,0,galaxy,0.3580494523048401,1,quasar,0.5194476842880249
1265,1,quasar,1,quasar,True,1,quasar,True,True,1,quasar,0.916555643081665,1,quasar,0.8355786204338074,1,quasar,0.8297998905181885,1,quasar,0.8077530860900879,0,galaxy,0.3580511212348938,1,quasar,0.461788147687912
1266,1,quasar,1,quasar,True,1,quasar,True,True,1,quasar,0.8680403232574463,1,quasar,0.85065096616745,1,quasar,0.6643354296684265,1,quasar,0.79422527551651,0,galaxy,0.3580489158630371,1,quasar,0.4947550892829895
1267,1,quasar,1,quasar,True,1,quasar,True,True,1,quasar,0.8985217213630676,1,quasar,0.8818865418434143,1,quasar,0.8200407028198242,1,quasar,0.752738893032074,0,galaxy,0.35805031657218933,1,quasar,0.5097509622573853
1268,1,quasar,1,quasar,True,1,quasar,True,True,1,quasar,0.9187077283859253,1,quasar,0.7954258322715759,1,quasar,0.8129957318305969,1,quasar,0.5483793616294861,0,galaxy,0.3580476939678192,0,galaxy,0.4612969160079956
1269,1,quasar,1,quasar,True,1,quasar,True,True,1,quasar,0.9468040466308594,1,quasar,0.8447472453117371,1,quasar,0.8421154022216797,1,quasar,0.821026086807251,0,galaxy,0.3580484986305237,1,quasar,0.4815375804901123
1270,1,quasar,1,quasar,True,1,quasar,True,True,1,quasar,0.8322263956069946,1,quasar,0.7744011878967285,1,quasar,0.803857147693634,1,quasar,0.8242159485816956,0,galaxy,0.3580492436885834,2,star,0.42674481868743896
1271,1,quasar,1,quasar,True,1,quasar,True,True,1,quasar,0.9665020704269409,1,quasar,0.8533397316932678,1,quasar,0.8281054496765137,1,quasar,0.7960821390151978,0,galaxy,0.35806992650032043,1,quasar,0.4719955623149872
1272,1,quasar,1,quasar,True,1,quasar,True,True,1,quasar,0.7551053166389465,1,quasar,0.625701904296875,1,quasar,0.7441633343696594,2,star,0.5730395317077637,0,galaxy,0.35804691910743713,2,star,0.6183914542198181
1273,1,quasar,1,quasar,True,1,quasar,True,True,1,quasar,0.9428573250770569,1,quasar,0.9086301326751709,1,quasar,0.8333469033241272,1,quasar,0.6891759634017944,0,galaxy,0.3580491840839386,1,quasar,0.4521128237247467
1274,1,quasar,1,quasar,True,1,quasar,True,True,1,quasar,0.8803857564926147,1,quasar,0.6171805262565613,1,quasar,0.8136215209960938,1,quasar,0.7252523303031921,0,galaxy,0.35804933309555054,1,quasar,0.5347403287887573
1275,1,quasar,1,quasar,True,1,quasar,True,True,1,quasar,0.8966718316078186,1,quasar,0.9467115998268127,1,quasar,0.8226439952850342,1,quasar,0.7552503347396851,0,galaxy,0.35804837942123413,1,quasar,0.48663610219955444
1276,1,quasar,1,quasar,True,1,quasar,True,True,1,quasar,0.9087916016578674,1,quasar,0.8928056359291077,1,quasar,0.7307663559913635,2,star,0.4984498620033264,0,galaxy,0.3580491840839386,1,quasar,0.4414784014225006
1277,1,quasar,1,quasar,True,1,quasar,True,True,1,quasar,0.8409984707832336,1,quasar,0.8446201086044312,1,quasar,0.8300600051879883,1,quasar,0.9177228212356567,0,galaxy,0.35803383588790894,0,galaxy,0.3929448127746582
1278,1,quasar,1,quasar,True,1,quasar,True,True,1,quasar,0.6168407797813416,1,quasar,0.7512528300285339,1,quasar,0.7390692830085754,1,quasar,0.5091899633407593,0,galaxy,0.3580477237701416,0,galaxy,0.4201602041721344
1279,1,quasar,1,quasar,True,1,quasar,True,True,1,quasar,0.7954618334770203,1,quasar,0.8862820267677307,1,quasar,0.8200093507766724,1,quasar,0.7354550957679749,0,galaxy,0.35803958773612976,0,galaxy,0.3574463427066803
1280,1,quasar,1,quasar,True,1,quasar,True,True,1,quasar,0.6256871819496155,1,quasar,0.8161869049072266,1,quasar,0.6568489074707031,2,star,0.5873860120773315,0,galaxy,0.3580480217933655,2,star,0.5112079977989197
1281,1,quasar,1,quasar,True,1,quasar,True,True,1,quasar,0.6267443895339966,1,quasar,0.8592091798782349,1,quasar,0.7661936283111572,1,quasar,0.6862744092941284,0,galaxy,0.3580490052700043,2,star,0.4523213505744934
1282,1,quasar,1,quasar,True,1,quasar,True,True,1,quasar,0.6595954298973083,1,quasar,0.7207545638084412,1,quasar,0.8193348050117493,1,quasar,0.8356137871742249,0,galaxy,0.35802656412124634,2,star,0.8015656471252441
1283,1,quasar,1,quasar,True,1,quasar,True,True,1,quasar,0.7863911390304565,1,quasar,0.7678391933441162,1,quasar,0.7814837694168091,1,quasar,0.5183092355728149,0,galaxy,0.3580423891544342,2,star,0.69005286693573
1284,1,quasar,1,quasar,True,1,quasar,True,True,2,star,0.632323682308197,1,quasar,0.5793638229370117,1,quasar,0.7259191274642944,1,quasar,0.6345266103744507,0,galaxy,0.3580516278743744,0,galaxy,0.7188441753387451
1285,1,quasar,1,quasar,True,1,quasar,True,True,1,quasar,0.785851001739502,1,quasar,0.7816649675369263,1,quasar,0.7464408874511719,1,quasar,0.537214457988739,0,galaxy,0.358043372631073,2,star,0.6389333009719849
1286,1,quasar,2,star,False,2,star,False,True,2,star,0.5828672647476196,1,quasar,0.7045912146568298,2,star,0.8954116106033325,2,star,0.6376022100448608,0,galaxy,0.3580496311187744,2,star,0.6402633786201477
1287,1,quasar,1,quasar,True,1,quasar,True,True,1,quasar,0.8299276828765869,1,quasar,0.841896116733551,1,quasar,0.7384732365608215,1,quasar,0.7632222771644592,0,galaxy,0.3580498695373535,2,star,0.8296372294425964
1288,1,quasar,1,quasar,True,1,quasar,True,True,1,quasar,0.9501650333404541,1,quasar,0.969148576259613,1,quasar,0.8128640055656433,1,quasar,0.7830231189727783,0,galaxy,0.35804855823516846,0,galaxy,0.5266088843345642
1289,1,quasar,1,quasar,True,1,quasar,True,True,1,quasar,0.681095540523529,1,quasar,0.6279875636100769,1,quasar,0.7524352669715881,1,quasar,0.7923944592475891,0,galaxy,0.35804009437561035,0,galaxy,0.5511497259140015
1290,1,quasar,1,quasar,True,1,quasar,True,True,1,quasar,0.9688463807106018,1,quasar,0.844110906124115,1,quasar,0.8280864953994751,1,quasar,0.7123743295669556,0,galaxy,0.3580489754676819,2,star,0.38141611218452454
1291,1,quasar,1,quasar,True,1,quasar,True,True,1,quasar,0.9916982650756836,1,quasar,0.9292884469032288,1,quasar,0.8312371373176575,1,quasar,0.6813082695007324,0,galaxy,0.3580480217933655,1,quasar,0.4553384780883789
1292,1,quasar,1,quasar,True,1,quasar,True,True,1,quasar,0.9847602248191833,1,quasar,0.9350988268852234,1,quasar,0.8374097347259521,1,quasar,0.7169989943504333,0,galaxy,0.35804861783981323,1,quasar,0.6685016751289368
1293,1,quasar,1,quasar,True,1,quasar,True,True,1,quasar,0.6856100559234619,1,quasar,0.7365630269050598,1,quasar,0.7763381004333496,1,quasar,0.6104632616043091,0,galaxy,0.35804957151412964,1,quasar,0.3863370716571808
1294,1,quasar,1,quasar,True,1,quasar,True,True,1,quasar,0.9711398482322693,1,quasar,0.8830329179763794,1,quasar,0.8273764848709106,1,quasar,0.642020046710968,0,galaxy,0.35804975032806396,1,quasar,0.552202582359314
1295,1,quasar,1,quasar,True,1,quasar,True,True,1,quasar,0.9213585257530212,1,quasar,0.8423964977264404,1,quasar,0.8305758237838745,1,quasar,0.7079241275787354,0,galaxy,0.35804641246795654,2,star,0.7757957577705383
1296,1,quasar,1,quasar,True,1,quasar,True,True,1,quasar,0.9433686137199402,1,quasar,0.9190951585769653,1,quasar,0.8076067566871643,1,quasar,0.5972242951393127,0,galaxy,0.3580488860607147,1,quasar,0.507947564125061
1297,1,quasar,1,quasar,True,1,quasar,True,True,1,quasar,0.8306577205657959,1,quasar,0.867580771446228,1,quasar,0.7312379479408264,2,star,0.7853904962539673,0,galaxy,0.3580493628978729,2,star,0.5095147490501404
1298,1,quasar,1,quasar,True,1,quasar,True,True,1,quasar,0.8389736413955688,1,quasar,0.9121016263961792,1,quasar,0.739191472530365,1,quasar,0.5510622262954712,0,galaxy,0.3580487370491028,1,quasar,0.45978015661239624
1299,1,quasar,1,quasar,True,1,quasar,True,True,1,quasar,0.6056444644927979,1,quasar,0.8933270573616028,1,quasar,0.7652825713157654,1,quasar,0.7091226577758789,0,galaxy,0.3580494225025177,0,galaxy,0.578691840171814
1300,1,quasar,1,quasar,True,1,quasar,True,True,1,quasar,0.9046719670295715,1,quasar,0.9147508144378662,1,quasar,0.7784965634346008,1,quasar,0.684673011302948,0,galaxy,0.3580486476421356,0,galaxy,0.44005924463272095
1301,1,quasar,1,quasar,True,1,quasar,True,True,1,quasar,0.9546945691108704,1,quasar,0.9347085356712341,1,quasar,0.783631443977356,1,quasar,0.574437141418457,0,galaxy,0.3580392301082611,1,quasar,0.41754260659217834
1302,1,quasar,1,quasar,True,1,quasar,True,True,1,quasar,0.9177325963973999,1,quasar,0.8224701881408691,1,quasar,0.8295225501060486,2,star,0.6070703268051147,0,galaxy,0.3581046164035797,1,quasar,0.3967621922492981
1303,1,quasar,1,quasar,True,1,quasar,True,True,1,quasar,0.9208767414093018,1,quasar,0.907935619354248,1,quasar,0.811979353427887,1,quasar,0.6859298944473267,0,galaxy,0.3580493628978729,1,quasar,0.4883327782154083
1304,1,quasar,1,quasar,True,1,quasar,True,True,1,quasar,0.9689673185348511,1,quasar,0.9457491040229797,1,quasar,0.8109473586082458,1,quasar,0.7587552666664124,0,galaxy,0.3580498993396759,1,quasar,0.43696409463882446
1305,1,quasar,1,quasar,True,1,quasar,True,True,2,star,0.4215729534626007,1,quasar,0.6348739862442017,1,quasar,0.449188232421875,1,quasar,0.49967339634895325,0,galaxy,0.35805007815361023,0,galaxy,0.499236136674881
1306,1,quasar,1,quasar,True,1,quasar,True,True,1,quasar,0.9428917169570923,1,quasar,0.8810878992080688,1,quasar,0.8482362627983093,1,quasar,0.7830783128738403,0,galaxy,0.35804668068885803,1,quasar,0.5067594051361084
1307,1,quasar,1,quasar,True,1,quasar,True,True,1,quasar,0.9389459490776062,1,quasar,0.9478628635406494,1,quasar,0.8143538236618042,1,quasar,0.6930642127990723,0,galaxy,0.35804668068885803,0,galaxy,0.5075088739395142
1308,1,quasar,1,quasar,True,1,quasar,True,True,1,quasar,0.9316133260726929,1,quasar,0.9631861448287964,1,quasar,0.7877712249755859,1,quasar,0.5267509818077087,0,galaxy,0.3580499589443207,0,galaxy,0.4442960023880005
1309,1,quasar,1,quasar,True,1,quasar,True,True,1,quasar,0.932753324508667,1,quasar,0.9586955308914185,1,quasar,0.783069908618927,1,quasar,0.6072110533714294,0,galaxy,0.3580490052700043,0,galaxy,0.6987344622612
1310,1,quasar,1,quasar,True,1,quasar,True,True,1,quasar,0.9121688008308411,1,quasar,0.9417989253997803,1,quasar,0.8351608514785767,1,quasar,0.8209210634231567,0,galaxy,0.3580484986305237,1,quasar,0.6342392563819885
1311,1,quasar,1,quasar,True,1,quasar,True,True,1,quasar,0.6348819136619568,1,quasar,0.9168726205825806,1,quasar,0.7949220538139343,1,quasar,0.711261510848999,0,galaxy,0.3580494225025177,1,quasar,0.40761345624923706
1312,1,quasar,1,quasar,True,1,quasar,True,True,1,quasar,0.9449743032455444,1,quasar,0.8323245644569397,1,quasar,0.832021176815033,1,quasar,0.6598522663116455,0,galaxy,0.35804978013038635,0,galaxy,0.400897353887558
1313,1,quasar,1,quasar,True,1,quasar,True,True,1,quasar,0.894691526889801,1,quasar,0.9653027057647705,1,quasar,0.7882144451141357,1,quasar,0.7550449371337891,0,galaxy,0.35804903507232666,0,galaxy,0.5433652997016907
1314,1,quasar,1,quasar,True,1,quasar,True,True,1,quasar,0.9592307209968567,1,quasar,0.921958863735199,1,quasar,0.8292502760887146,1,quasar,0.7133762836456299,0,galaxy,0.35804709792137146,1,quasar,0.4715178310871124
1315,1,quasar,1,quasar,True,1,quasar,True,True,2,star,0.6661321520805359,1,quasar,0.8250280618667603,1,quasar,0.825893223285675,1,quasar,0.5678389072418213,0,galaxy,0.3580460846424103,2,star,0.5905476808547974
1316,1,quasar,1,quasar,True,1,quasar,True,True,1,quasar,0.9521288871765137,1,quasar,0.8432955145835876,1,quasar,0.8334618806838989,1,quasar,0.7198492288589478,0,galaxy,0.3580484092235565,2,star,0.3652094006538391
1317,1,quasar,1,quasar,True,1,quasar,True,True,1,quasar,0.9232282638549805,1,quasar,0.76955646276474,1,quasar,0.8194906115531921,1,quasar,0.6363973617553711,0,galaxy,0.358048677444458,1,quasar,0.4278830289840698
1318,1,quasar,1,quasar,True,1,quasar,True,True,1,quasar,0.9620236754417419,1,quasar,0.9233758449554443,1,quasar,0.8198676109313965,1,quasar,0.6872429251670837,0,galaxy,0.3580487370491028,0,galaxy,0.5652642846107483
1319,1,quasar,1,quasar,True,1,quasar,True,True,1,quasar,0.9588489532470703,1,quasar,0.9631564021110535,1,quasar,0.8323746919631958,1,quasar,0.7787675261497498,0,galaxy,0.3579990267753601,0,galaxy,0.5084881782531738
1320,1,quasar,1,quasar,True,1,quasar,True,True,1,quasar,0.8450731039047241,1,quasar,0.7791720032691956,1,quasar,0.8332639932632446,1,quasar,0.5112330317497253,0,galaxy,0.3580952286720276,1,quasar,0.5090531706809998
1321,1,quasar,1,quasar,True,1,quasar,True,True,1,quasar,0.880550742149353,1,quasar,0.8537428975105286,1,quasar,0.8051804900169373,1,quasar,0.8292137384414673,0,galaxy,0.35804659128189087,1,quasar,0.43626245856285095
1322,1,quasar,1,quasar,True,1,quasar,True,True,1,quasar,0.7583487629890442,1,quasar,0.7994300127029419,1,quasar,0.809279203414917,1,quasar,0.8197792172431946,0,galaxy,0.35804495215415955,1,quasar,0.4346616268157959
1323,1,quasar,1,quasar,True,1,quasar,True,True,1,quasar,0.8501043915748596,1,quasar,0.8573449850082397,1,quasar,0.7968414425849915,1,quasar,0.7275948524475098,0,galaxy,0.35804933309555054,1,quasar,0.6093605160713196
1324,1,quasar,1,quasar,True,1,quasar,True,True,1,quasar,0.7683420777320862,1,quasar,0.9654884934425354,1,quasar,0.6012607216835022,2,star,0.7109410762786865,0,galaxy,0.3580496609210968,1,quasar,0.5880025029182434
1325,1,quasar,1,quasar,True,1,quasar,True,True,1,quasar,0.9659352898597717,1,quasar,0.797974705696106,1,quasar,0.6365765333175659,1,quasar,0.5135257244110107,0,galaxy,0.35804787278175354,1,quasar,0.40929514169692993
1326,1,quasar,1,quasar,True,1,quasar,True,True,1,quasar,0.8332375288009644,1,quasar,0.9668434262275696,1,quasar,0.7750704288482666,1,quasar,0.4734039902687073,0,galaxy,0.358050137758255,1,quasar,0.4921415448188782
1327,1,quasar,1,quasar,True,1,quasar,True,True,1,quasar,0.9338902831077576,1,quasar,0.891857385635376,1,quasar,0.7050867080688477,1,quasar,0.5631238222122192,0,galaxy,0.35804954171180725,1,quasar,0.6445153951644897
1328,1,quasar,1,quasar,True,1,quasar,True,True,1,quasar,0.7310857772827148,1,quasar,0.9203765392303467,1,quasar,0.7937975525856018,1,quasar,0.6438082456588745,0,galaxy,0.35804980993270874,1,quasar,0.42572975158691406
1329,1,quasar,1,quasar,True,1,quasar,True,True,1,quasar,0.9504728317260742,1,quasar,0.9640365242958069,1,quasar,0.8301142454147339,1,quasar,0.7722899317741394,0,galaxy,0.35804879665374756,0,galaxy,0.7449911832809448
1330,1,quasar,1,quasar,True,1,quasar,True,True,1,quasar,0.9623348116874695,1,quasar,0.8944060802459717,1,quasar,0.7476462125778198,1,quasar,0.7232235670089722,0,galaxy,0.3580417037010193,0,galaxy,0.5791428685188293
1331,1,quasar,1,quasar,True,1,quasar,True,True,1,quasar,0.814480721950531,1,quasar,0.6959938406944275,1,quasar,0.6752719879150391,1,quasar,0.5147407054901123,0,galaxy,0.35804975032806396,0,galaxy,0.5189319849014282
1332,1,quasar,1,quasar,True,1,quasar,True,True,1,quasar,0.4700804352760315,2,star,0.5200223922729492,1,quasar,0.8159570693969727,1,quasar,0.7554640173912048,2,star,0.352833092212677,1,quasar,0.9885665774345398
1333,1,quasar,1,quasar,True,1,quasar,True,True,1,quasar,0.8407889604568481,1,quasar,0.9340206980705261,1,quasar,0.8383209109306335,1,quasar,0.8394657969474792,0,galaxy,0.35804954171180725,2,star,0.45759275555610657
1334,1,quasar,1,quasar,True,1,quasar,True,True,1,quasar,0.8362045884132385,1,quasar,0.705329418182373,1,quasar,0.801730215549469,2,star,0.4990150034427643,0,galaxy,0.3580498993396759,2,star,0.5446200370788574
1335,1,quasar,1,quasar,True,1,quasar,True,True,1,quasar,0.6055209040641785,1,quasar,0.809959888458252,1,quasar,0.7963047623634338,1,quasar,0.8159933090209961,0,galaxy,0.3580494225025177,2,star,0.6219140291213989
1336,1,quasar,1,quasar,True,1,quasar,True,True,1,quasar,0.9692270755767822,1,quasar,0.9770407676696777,1,quasar,0.8427290320396423,1,quasar,0.7954805493354797,0,galaxy,0.3580491244792938,1,quasar,0.671230137348175
1337,1,quasar,1,quasar,True,1,quasar,True,True,1,quasar,0.8619928956031799,1,quasar,0.9167515635490417,1,quasar,0.827140212059021,1,quasar,0.6712393760681152,0,galaxy,0.3580474555492401,2,star,0.45955100655555725
1338,1,quasar,1,quasar,True,1,quasar,True,True,1,quasar,0.8989234566688538,1,quasar,0.9053517580032349,1,quasar,0.828753650188446,1,quasar,0.6575545072555542,0,galaxy,0.3580490052700043,1,quasar,0.3993704915046692
1339,1,quasar,0,galaxy,False,0,galaxy,False,True,1,quasar,0.6981716752052307,1,quasar,0.5476714968681335,0,galaxy,0.5907259583473206,0,galaxy,0.7828149795532227,0,galaxy,0.3580486476421356,0,galaxy,0.7223333716392517
1340,1,quasar,1,quasar,True,1,quasar,True,True,1,quasar,0.8838615417480469,1,quasar,0.9517067670822144,1,quasar,0.8302179574966431,1,quasar,0.7852774262428284,0,galaxy,0.3580493927001953,1,quasar,0.4934351146221161
1341,1,quasar,1,quasar,True,1,quasar,True,True,1,quasar,0.8983895182609558,1,quasar,0.7795430421829224,1,quasar,0.8323090076446533,1,quasar,0.6898475885391235,0,galaxy,0.3580314815044403,2,star,0.483615905046463
1342,1,quasar,1,quasar,True,1,quasar,True,True,1,quasar,0.9115763306617737,1,quasar,0.8149431347846985,1,quasar,0.8201256990432739,1,quasar,0.6313620209693909,0,galaxy,0.3580496609210968,1,quasar,0.5371594429016113
1343,1,quasar,0,galaxy,False,0,galaxy,False,True,0,galaxy,0.6096632480621338,1,quasar,0.44429081678390503,0,galaxy,0.9648817777633667,0,galaxy,0.8119034171104431,0,galaxy,0.35804957151412964,2,star,0.3543951213359833
1344,1,quasar,1,quasar,True,1,quasar,True,True,1,quasar,0.6484655141830444,1,quasar,0.7695637941360474,1,quasar,0.7375046014785767,1,quasar,0.5489684343338013,0,galaxy,0.3580491542816162,1,quasar,0.5384446978569031
1345,1,quasar,1,quasar,True,1,quasar,True,True,1,quasar,0.693106472492218,1,quasar,0.7399253845214844,1,quasar,0.6068921089172363,2,star,0.6378381848335266,0,galaxy,0.3580494821071625,2,star,0.4427359402179718
1346,1,quasar,2,star,False,2,star,False,True,1,quasar,0.7606156468391418,0,galaxy,0.4797907769680023,2,star,0.655063807964325,2,star,0.8997365236282349,0,galaxy,0.3580494225025177,2,star,0.49641522765159607
1347,1,quasar,1,quasar,True,1,quasar,True,True,1,quasar,0.7905197143554688,1,quasar,0.9045935273170471,1,quasar,0.8237335085868835,1,quasar,0.7839398384094238,0,galaxy,0.3580496609210968,0,galaxy,0.4206598699092865
1348,1,quasar,2,star,False,2,star,False,True,2,star,0.7739670872688293,2,star,0.5917037129402161,2,star,0.5660783648490906,2,star,0.8693526387214661,0,galaxy,0.35804855823516846,2,star,0.7428289651870728
1349,1,quasar,1,quasar,True,1,quasar,True,True,1,quasar,0.7896973490715027,1,quasar,0.8332781791687012,1,quasar,0.8014455437660217,1,quasar,0.7340832352638245,0,galaxy,0.3580491244792938,2,star,0.6078911423683167
1350,1,quasar,0,galaxy,False,0,galaxy,False,True,1,quasar,0.4856589436531067,0,galaxy,0.5257581472396851,0,galaxy,0.8400397896766663,0,galaxy,0.5478917360305786,0,galaxy,0.35804933309555054,0,galaxy,0.43716195225715637
1351,1,quasar,1,quasar,True,1,quasar,True,True,1,quasar,0.8732280731201172,1,quasar,0.9184015393257141,1,quasar,0.8099032044410706,1,quasar,0.5923055410385132,0,galaxy,0.35805001854896545,0,galaxy,0.4123676121234894
1352,1,quasar,2,star,False,2,star,False,True,2,star,0.6440467238426208,2,star,0.5718491077423096,2,star,0.6606016159057617,2,star,0.814517617225647,0,galaxy,0.35805633664131165,2,star,0.638374924659729
1353,1,quasar,1,quasar,True,1,quasar,True,True,1,quasar,0.5000244379043579,1,quasar,0.7848639488220215,1,quasar,0.6314346194267273,1,quasar,0.6190640926361084,0,galaxy,0.3580490052700043,2,star,0.6439951658248901
1354,1,quasar,1,quasar,True,1,quasar,True,True,1,quasar,0.9230200052261353,1,quasar,0.8442361354827881,1,quasar,0.7983659505844116,1,quasar,0.5078587532043457,0,galaxy,0.35804930329322815,1,quasar,0.5367374420166016
1355,1,quasar,1,quasar,True,1,quasar,True,True,1,quasar,0.9317684769630432,1,quasar,0.8594292402267456,1,quasar,0.8275075554847717,1,quasar,0.8198806643486023,0,galaxy,0.3580496311187744,2,star,0.8042634725570679
1356,1,quasar,1,quasar,True,1,quasar,True,True,1,quasar,0.8972039818763733,1,quasar,0.8158473968505859,1,quasar,0.828714907169342,1,quasar,0.7741779088973999,0,galaxy,0.35804951190948486,1,quasar,0.5285998582839966
1357,1,quasar,2,star,False,2,star,False,True,1,quasar,0.5826544761657715,1,quasar,0.49515968561172485,2,star,0.7143476009368896,2,star,0.8390518426895142,0,galaxy,0.3580520749092102,2,star,0.7113897800445557
1358,1,quasar,1,quasar,True,1,quasar,True,True,1,quasar,0.9291207790374756,1,quasar,0.8392284512519836,1,quasar,0.8406476974487305,1,quasar,0.8615573048591614,0,galaxy,0.35801592469215393,2,star,0.4875064790248871
1359,1,quasar,1,quasar,True,1,quasar,True,True,1,quasar,0.507400631904602,1,quasar,0.6731759309768677,1,quasar,0.8265517950057983,1,quasar,0.7312391996383667,0,galaxy,0.3580489456653595,2,star,0.5120176672935486
1360,1,quasar,2,star,False,2,star,False,True,2,star,0.5825422406196594,1,quasar,0.7238178253173828,1,quasar,0.6079697012901306,2,star,0.6963540315628052,0,galaxy,0.3580467402935028,2,star,0.5544906854629517
1361,1,quasar,1,quasar,True,1,quasar,True,True,1,quasar,0.7523318529129028,1,quasar,0.8685157299041748,1,quasar,0.8098107576370239,1,quasar,0.8088670372962952,0,galaxy,0.3580498993396759,2,star,0.6299629211425781
1362,1,quasar,2,star,False,2,star,False,True,2,star,0.9196192026138306,2,star,0.7718613743782043,2,star,0.6565914154052734,2,star,0.8188024163246155,0,galaxy,0.358049601316452,2,star,0.7182583212852478
1363,1,quasar,1,quasar,True,1,quasar,True,True,1,quasar,0.8548473119735718,1,quasar,0.7991381287574768,1,quasar,0.8250969648361206,1,quasar,0.7623658776283264,0,galaxy,0.3580494523048401,2,star,0.5540676116943359
1364,1,quasar,1,quasar,True,1,quasar,True,True,1,quasar,0.9568406939506531,1,quasar,0.9063557386398315,1,quasar,0.8456773161888123,1,quasar,0.844264030456543,0,galaxy,0.358050137758255,2,star,0.5308094620704651
1365,1,quasar,1,quasar,True,1,quasar,True,True,1,quasar,0.5973043441772461,1,quasar,0.6240327954292297,1,quasar,0.42093390226364136,1,quasar,0.47764164209365845,0,galaxy,0.35804933309555054,2,star,0.5031489133834839
1366,1,quasar,0,galaxy,False,1,quasar,True,False,1,quasar,0.6997385621070862,1,quasar,0.7803410291671753,0,galaxy,0.7230959534645081,2,star,0.37549594044685364,0,galaxy,0.3580491542816162,2,star,0.43384647369384766
1367,1,quasar,1,quasar,True,1,quasar,True,True,2,star,0.6475176811218262,1,quasar,0.7130131721496582,1,quasar,0.6777053475379944,1,quasar,0.6065139174461365,0,galaxy,0.35804712772369385,2,star,0.7750232219696045
1368,1,quasar,1,quasar,True,1,quasar,True,True,1,quasar,0.8506725430488586,1,quasar,0.826400876045227,1,quasar,0.7489840388298035,1,quasar,0.8345190286636353,0,galaxy,0.35804885625839233,2,star,0.5177513957023621
1369,1,quasar,1,quasar,True,1,quasar,True,True,1,quasar,0.6558423638343811,1,quasar,0.8406614065170288,1,quasar,0.791606605052948,1,quasar,0.6858536601066589,0,galaxy,0.358045369386673,2,star,0.5297094583511353
1370,1,quasar,1,quasar,True,1,quasar,True,True,1,quasar,0.7634623050689697,1,quasar,0.7228901982307434,1,quasar,0.8151615858078003,1,quasar,0.632300853729248,0,galaxy,0.35804203152656555,2,star,0.6388563513755798
1371,1,quasar,2,star,False,1,quasar,True,False,2,star,0.5592734217643738,1,quasar,0.7907118201255798,1,quasar,0.6431743502616882,2,star,0.591577410697937,0,galaxy,0.3580491244792938,2,star,0.6382417678833008
1372,1,quasar,2,star,False,2,star,False,True,2,star,0.7929346561431885,2,star,0.6680302619934082,2,star,0.6712440252304077,2,star,0.7847961783409119,0,galaxy,0.3580490052700043,2,star,0.4909408390522003
1373,1,quasar,1,quasar,True,1,quasar,True,True,1,quasar,0.8763907551765442,1,quasar,0.7333595752716064,1,quasar,0.7699880003929138,1,quasar,0.6940991878509521,0,galaxy,0.35804978013038635,2,star,0.47973769903182983
1374,1,quasar,1,quasar,True,1,quasar,True,True,1,quasar,0.8807411193847656,1,quasar,0.9285631775856018,1,quasar,0.8073128461837769,1,quasar,0.6392830014228821,0,galaxy,0.358049601316452,2,star,0.380572646856308
1375,1,quasar,0,galaxy,False,0,galaxy,False,True,0,galaxy,0.45460885763168335,0,galaxy,0.48740747570991516,0,galaxy,0.9331157803535461,0,galaxy,0.9044198393821716,0,galaxy,0.35805150866508484,0,galaxy,0.7267389893531799
1376,1,quasar,1,quasar,True,1,quasar,True,True,1,quasar,0.5590316653251648,1,quasar,0.9298897385597229,1,quasar,0.8323779702186584,1,quasar,0.8304838538169861,0,galaxy,0.3580491840839386,0,galaxy,0.6264840960502625
1377,1,quasar,1,quasar,True,1,quasar,True,True,1,quasar,0.9182161688804626,1,quasar,0.8936403393745422,1,quasar,0.8408929109573364,1,quasar,0.7455893754959106,0,galaxy,0.3580490052700043,1,quasar,0.4118316173553467
1378,1,quasar,1,quasar,True,1,quasar,True,True,2,star,0.6030582785606384,1,quasar,0.5890452861785889,1,quasar,0.8275121450424194,1,quasar,0.635439395904541,0,galaxy,0.35804903507232666,2,star,0.6038784980773926
1379,1,quasar,1,quasar,True,1,quasar,True,True,1,quasar,0.981062114238739,1,quasar,0.9358139038085938,1,quasar,0.8083595633506775,1,quasar,0.8030568361282349,0,galaxy,0.35804975032806396,1,quasar,0.5703241229057312
1380,1,quasar,1,quasar,True,1,quasar,True,True,1,quasar,0.8199560642242432,1,quasar,0.6819204688072205,1,quasar,0.408314049243927,1,quasar,0.48102623224258423,0,galaxy,0.35804715752601624,0,galaxy,0.5350041389465332
1381,1,quasar,1,quasar,True,1,quasar,True,True,1,quasar,0.7930868268013,1,quasar,0.45485585927963257,2,star,0.43928080797195435,2,star,0.46308475732803345,0,galaxy,0.35804903507232666,1,quasar,0.5050684213638306
1382,1,quasar,1,quasar,True,1,quasar,True,True,1,quasar,0.6381703615188599,1,quasar,0.6083487272262573,2,star,0.4543564021587372,1,quasar,0.4293396472930908,0,galaxy,0.3580489754676819,1,quasar,0.8634969592094421
1383,1,quasar,1,quasar,True,1,quasar,True,True,1,quasar,0.8625150918960571,1,quasar,0.621856153011322,1,quasar,0.7929236888885498,1,quasar,0.7027366161346436,0,galaxy,0.3580511808395386,1,quasar,0.5193491578102112
1384,1,quasar,0,galaxy,False,0,galaxy,False,True,0,galaxy,0.5544198155403137,1,quasar,0.4771735966205597,0,galaxy,0.8717248439788818,0,galaxy,0.9730212688446045,0,galaxy,0.3580494225025177,1,quasar,0.49530142545700073
1385,1,quasar,1,quasar,True,1,quasar,True,True,1,quasar,0.5633202195167542,1,quasar,0.7787143588066101,1,quasar,0.8015158772468567,1,quasar,0.7504571080207825,0,galaxy,0.358046293258667,2,star,0.5697686672210693
1386,1,quasar,1,quasar,True,1,quasar,True,True,1,quasar,0.9336276650428772,1,quasar,0.7379664778709412,2,star,0.5352655649185181,2,star,0.7124631404876709,0,galaxy,0.3580470085144043,1,quasar,0.8144113421440125
1387,1,quasar,0,galaxy,False,0,galaxy,False,True,0,galaxy,0.5683732032775879,1,quasar,0.4111088514328003,0,galaxy,0.9307195544242859,0,galaxy,0.4496158957481384,0,galaxy,0.3580467402935028,1,quasar,0.5054428577423096
1388,1,quasar,1,quasar,True,1,quasar,True,True,1,quasar,0.6013914346694946,1,quasar,0.5458016395568848,0,galaxy,0.6521965265274048,2,star,0.4954284131526947,0,galaxy,0.3580482304096222,1,quasar,0.5497050285339355
1389,1,quasar,1,quasar,True,1,quasar,True,True,1,quasar,0.903737485408783,1,quasar,0.8175634145736694,1,quasar,0.7294712066650391,1,quasar,0.760340690612793,0,galaxy,0.3580498993396759,2,star,0.5254419445991516
1390,1,quasar,1,quasar,True,1,quasar,True,True,1,quasar,0.8961747884750366,1,quasar,0.7508658766746521,1,quasar,0.8382250666618347,1,quasar,0.7866056561470032,0,galaxy,0.35804837942123413,2,star,0.43969571590423584
1391,1,quasar,1,quasar,True,1,quasar,True,True,1,quasar,0.9017221927642822,1,quasar,0.8265466690063477,1,quasar,0.8207912445068359,1,quasar,0.8418901562690735,0,galaxy,0.3580479919910431,1,quasar,0.6706932783126831
1392,1,quasar,1,quasar,True,1,quasar,True,True,1,quasar,0.9502384662628174,1,quasar,0.9084839224815369,1,quasar,0.812056839466095,1,quasar,0.8174594044685364,0,galaxy,0.3580508232116699,1,quasar,0.5356839895248413
1393,1,quasar,1,quasar,True,1,quasar,True,True,1,quasar,0.8997980952262878,1,quasar,0.6612374782562256,1,quasar,0.8252995610237122,1,quasar,0.5803518891334534,0,galaxy,0.3580390214920044,1,quasar,0.7111117243766785
1394,1,quasar,1,quasar,True,1,quasar,True,True,1,quasar,0.9545789957046509,1,quasar,0.6683681607246399,1,quasar,0.6123108863830566,1,quasar,0.48726359009742737,0,galaxy,0.3580462336540222,1,quasar,0.6013243794441223
1395,1,quasar,0,galaxy,False,0,galaxy,False,True,0,galaxy,0.684585690498352,1,quasar,0.5439817309379578,0,galaxy,0.9502386450767517,0,galaxy,0.9571527242660522,0,galaxy,0.35804498195648193,1,quasar,0.6230044364929199
1396,1,quasar,0,galaxy,False,0,galaxy,False,True,0,galaxy,0.6065112352371216,0,galaxy,0.4762606918811798,0,galaxy,0.9637549519538879,0,galaxy,0.8715508580207825,0,galaxy,0.35800492763519287,0,galaxy,0.5325122475624084
1397,1,quasar,0,galaxy,False,0,galaxy,False,True,0,galaxy,0.5591465830802917,1,quasar,0.45285454392433167,1,quasar,0.3993580937385559,2,star,0.44340649247169495,0,galaxy,0.35804709792137146,0,galaxy,0.8821834325790405
1398,1,quasar,1,quasar,True,1,quasar,True,True,1,quasar,0.9612381458282471,1,quasar,0.8808481693267822,1,quasar,0.8201941847801208,1,quasar,0.877099871635437,0,galaxy,0.3580603003501892,1,quasar,0.6146561503410339
1399,1,quasar,0,galaxy,False,1,quasar,True,False,1,quasar,1.0,2,star,0.5425214767456055,0,galaxy,0.7538092136383057,2,star,0.48413723707199097,0,galaxy,0.3580459952354431,0,galaxy,0.47294673323631287
1400,1,quasar,1,quasar,True,1,quasar,True,True,1,quasar,0.638124942779541,2,star,0.5525638461112976,1,quasar,0.6314165592193604,1,quasar,0.6655880808830261,0,galaxy,0.35804489254951477,0,galaxy,0.955606997013092
1401,1,quasar,0,galaxy,False,1,quasar,True,False,1,quasar,0.6279915571212769,0,galaxy,0.5170266032218933,0,galaxy,0.4839957654476166,2,star,0.40426984429359436,0,galaxy,0.35805100202560425,1,quasar,0.546732485294342
1402,1,quasar,1,quasar,True,1,quasar,True,True,1,quasar,0.8948196768760681,1,quasar,0.9523577690124512,1,quasar,0.844932496547699,1,quasar,0.8658140897750854,0,galaxy,0.3580494225025177,1,quasar,0.5358126759529114
1403,1,quasar,0,galaxy,False,0,galaxy,False,True,0,galaxy,0.5658594965934753,1,quasar,0.43222057819366455,0,galaxy,0.4697594940662384,1,quasar,0.4840264320373535,0,galaxy,0.35804277658462524,0,galaxy,0.5124896168708801
1404,1,quasar,1,quasar,True,1,quasar,True,True,1,quasar,0.9136478900909424,1,quasar,0.9419913291931152,1,quasar,0.8026448488235474,1,quasar,0.7742550373077393,0,galaxy,0.3580486476421356,1,quasar,0.594350278377533
1405,1,quasar,1,quasar,True,1,quasar,True,True,1,quasar,0.8904681205749512,1,quasar,0.7645240426063538,1,quasar,0.8150854110717773,1,quasar,0.6179516911506653,0,galaxy,0.35805076360702515,1,quasar,0.6086601614952087
1406,1,quasar,1,quasar,True,1,quasar,True,True,1,quasar,0.9018054604530334,1,quasar,0.8825549483299255,1,quasar,0.8206655979156494,1,quasar,0.7662495970726013,0,galaxy,0.35804978013038635,1,quasar,0.4784027338027954
1407,1,quasar,1,quasar,True,1,quasar,True,True,1,quasar,0.8372415900230408,1,quasar,0.7698460817337036,1,quasar,0.8236382603645325,1,quasar,0.8209689855575562,0,galaxy,0.3581652343273163,1,quasar,0.48689258098602295
1408,1,quasar,0,galaxy,False,1,quasar,True,False,1,quasar,0.6152421236038208,1,quasar,0.5813605785369873,0,galaxy,0.5137795209884644,0,galaxy,0.439085990190506,0,galaxy,0.3580898344516754,0,galaxy,0.440605491399765
1409,1,quasar,1,quasar,True,1,quasar,True,True,1,quasar,0.8902813792228699,1,quasar,0.9679028391838074,1,quasar,0.811169445514679,1,quasar,0.6997470259666443,0,galaxy,0.3580457866191864,1,quasar,0.4061720073223114
1410,1,quasar,1,quasar,True,1,quasar,True,True,1,quasar,0.958793580532074,1,quasar,0.9577140808105469,1,quasar,0.8459354639053345,1,quasar,0.7466710209846497,0,galaxy,0.35804906487464905,1,quasar,0.6774536967277527
1411,1,quasar,1,quasar,True,1,quasar,True,True,1,quasar,0.9821494221687317,1,quasar,0.9779747724533081,1,quasar,0.821733832359314,1,quasar,0.8014639616012573,0,galaxy,0.358049213886261,1,quasar,0.7981849908828735
1412,1,quasar,1,quasar,True,1,quasar,True,True,1,quasar,0.7491694092750549,1,quasar,0.9465400576591492,1,quasar,0.8123200535774231,1,quasar,0.8046540021896362,0,galaxy,0.3580482006072998,1,quasar,0.5766186714172363
1413,1,quasar,1,quasar,True,1,quasar,True,True,1,quasar,0.9571763277053833,1,quasar,0.9486373066902161,1,quasar,0.8292238116264343,1,quasar,0.840074896812439,0,galaxy,0.3581235706806183,1,quasar,0.5713694095611572
1414,1,quasar,1,quasar,True,1,quasar,True,True,1,quasar,0.9529283046722412,1,quasar,0.8938390612602234,1,quasar,0.831464946269989,1,quasar,0.8476728796958923,0,galaxy,0.3580515384674072,1,quasar,0.5007382035255432
1415,1,quasar,1,quasar,True,1,quasar,True,True,1,quasar,0.9508557319641113,1,quasar,0.8913522958755493,1,quasar,0.8015109300613403,1,quasar,0.5992817878723145,0,galaxy,0.35804957151412964,1,quasar,0.5778963565826416
1416,1,quasar,1,quasar,True,1,quasar,True,True,1,quasar,0.779070258140564,1,quasar,0.7031381130218506,1,quasar,0.8071726560592651,1,quasar,0.86916583776474,0,galaxy,0.35808640718460083,0,galaxy,0.6339241862297058
1417,1,quasar,1,quasar,True,1,quasar,True,True,1,quasar,0.9256488084793091,1,quasar,0.9299643039703369,1,quasar,0.8180596828460693,1,quasar,0.7799704074859619,0,galaxy,0.35799822211265564,2,star,0.45218339562416077
1418,1,quasar,1,quasar,True,1,quasar,True,True,1,quasar,0.9791761636734009,1,quasar,0.9486557245254517,1,quasar,0.8471683859825134,1,quasar,0.7959643602371216,0,galaxy,0.35804858803749084,1,quasar,0.5576696991920471
1419,1,quasar,0,galaxy,False,0,galaxy,False,True,0,galaxy,0.46567612886428833,1,quasar,0.40253013372421265,0,galaxy,0.978036105632782,0,galaxy,0.725957989692688,0,galaxy,0.35804125666618347,0,galaxy,0.5998504161834717
1420,1,quasar,1,quasar,True,1,quasar,True,True,1,quasar,0.5477854013442993,1,quasar,0.43245652318000793,1,quasar,0.5307270288467407,1,quasar,0.6947838664054871,0,galaxy,0.35800406336784363,2,star,0.47384777665138245
1421,1,quasar,0,galaxy,False,0,galaxy,False,True,0,galaxy,0.4439946711063385,0,galaxy,0.498516321182251,2,star,0.5779865384101868,0,galaxy,0.6186482310295105,0,galaxy,0.35815146565437317,0,galaxy,0.7710317969322205
1422,1,quasar,1,quasar,True,1,quasar,True,True,1,quasar,0.9004290699958801,1,quasar,0.8374032974243164,1,quasar,0.8074028491973877,1,quasar,0.5925313234329224,0,galaxy,0.3580490052700043,2,star,0.5221728086471558
1423,1,quasar,1,quasar,True,1,quasar,True,True,1,quasar,0.8247867226600647,1,quasar,0.8048969507217407,1,quasar,0.826411247253418,1,quasar,0.7214189171791077,0,galaxy,0.3580487072467804,2,star,0.4552965760231018
1424,1,quasar,1,quasar,True,1,quasar,True,True,1,quasar,0.8378784656524658,1,quasar,0.8375256061553955,1,quasar,0.829142689704895,1,quasar,0.885728120803833,0,galaxy,0.35803139209747314,1,quasar,0.3687416613101959
1425,1,quasar,1,quasar,True,1,quasar,True,True,1,quasar,0.885402262210846,1,quasar,0.8323663473129272,1,quasar,0.793858528137207,1,quasar,0.7400298714637756,0,galaxy,0.3580496311187744,2,star,0.5146200656890869
1426,1,quasar,0,galaxy,False,0,galaxy,False,True,0,galaxy,0.8954600691795349,0,galaxy,0.5097154974937439,0,galaxy,0.968309760093689,0,galaxy,0.9152565598487854,0,galaxy,0.35804954171180725,0,galaxy,0.5384495258331299
1427,1,quasar,1,quasar,True,1,quasar,True,True,1,quasar,0.9513710737228394,1,quasar,0.8887089490890503,1,quasar,0.809873640537262,1,quasar,0.7649828195571899,0,galaxy,0.3580493927001953,1,quasar,0.47962939739227295
1428,1,quasar,1,quasar,True,1,quasar,True,True,1,quasar,0.855861485004425,1,quasar,0.7348591089248657,1,quasar,0.7437071800231934,1,quasar,0.7996270060539246,0,galaxy,0.3580498993396759,2,star,0.5922762751579285
1429,1,quasar,1,quasar,True,1,quasar,True,True,1,quasar,0.8626231551170349,1,quasar,0.6110299825668335,1,quasar,0.5025731921195984,1,quasar,0.586972713470459,0,galaxy,0.35802388191223145,0,galaxy,0.41572305560112
1430,1,quasar,1,quasar,True,1,quasar,True,True,1,quasar,0.7752991318702698,1,quasar,0.9061914682388306,1,quasar,0.8244649767875671,1,quasar,0.7533820867538452,0,galaxy,0.3580487370491028,2,star,0.4514845311641693
1431,1,quasar,1,quasar,True,1,quasar,True,True,1,quasar,0.8397455811500549,1,quasar,0.883622944355011,1,quasar,0.8398316502571106,1,quasar,0.7117531895637512,0,galaxy,0.35804134607315063,0,galaxy,0.46125805377960205
1432,1,quasar,1,quasar,True,1,quasar,True,True,1,quasar,0.7476239800453186,1,quasar,0.5444709062576294,1,quasar,0.7629057765007019,1,quasar,0.6501662135124207,0,galaxy,0.35802146792411804,2,star,0.6423571109771729
1433,1,quasar,0,galaxy,False,0,galaxy,False,True,0,galaxy,0.9591013193130493,0,galaxy,0.9742944240570068,0,galaxy,0.9838718175888062,0,galaxy,0.9655764102935791,0,galaxy,0.35801881551742554,2,star,0.43475815653800964
1434,1,quasar,1,quasar,True,1,quasar,True,True,1,quasar,0.8691319823265076,1,quasar,0.8837417364120483,1,quasar,0.7890726327896118,1,quasar,0.6919398307800293,0,galaxy,0.3580493628978729,1,quasar,0.5512464046478271
1435,1,quasar,1,quasar,True,1,quasar,True,True,1,quasar,0.6909361481666565,1,quasar,0.7346814870834351,1,quasar,0.529657244682312,2,star,0.6429049372673035,0,galaxy,0.3580496907234192,2,star,0.532458484172821
1436,1,quasar,1,quasar,True,1,quasar,True,True,1,quasar,0.8998636603355408,1,quasar,0.875317394733429,1,quasar,0.7420521378517151,1,quasar,0.7183133959770203,0,galaxy,0.358049601316452,1,quasar,0.4532166123390198
1437,1,quasar,1,quasar,True,1,quasar,True,True,1,quasar,0.9279125928878784,1,quasar,0.8672021627426147,1,quasar,0.7946817874908447,1,quasar,0.6212870478630066,0,galaxy,0.3580493628978729,1,quasar,0.6506111025810242
1438,1,quasar,0,galaxy,False,1,quasar,True,False,1,quasar,0.5865716338157654,1,quasar,0.8459980487823486,2,star,0.5502369403839111,0,galaxy,0.35549914836883545,0,galaxy,0.3580494821071625,2,star,0.4231128394603729
1439,1,quasar,1,quasar,True,1,quasar,True,True,1,quasar,0.8486112356185913,1,quasar,0.7371437549591064,1,quasar,0.7708544135093689,1,quasar,0.6913665533065796,0,galaxy,0.35804954171180725,2,star,0.4813448190689087
1440,1,quasar,2,star,False,2,star,False,True,2,star,0.7376515865325928,2,star,0.5763000845909119,2,star,0.5160901546478271,2,star,0.8607227206230164,0,galaxy,0.35805046558380127,2,star,0.5284473896026611
1441,1,quasar,0,galaxy,False,0,galaxy,False,True,0,galaxy,0.9923439621925354,0,galaxy,0.9914930462837219,0,galaxy,0.9864848256111145,0,galaxy,0.983488142490387,0,galaxy,0.3580377995967865,0,galaxy,0.9389178156852722
1442,1,quasar,0,galaxy,False,0,galaxy,False,True,0,galaxy,0.45039811730384827,0,galaxy,0.4837160110473633,0,galaxy,0.7913345694541931,0,galaxy,0.5261667966842651,0,galaxy,0.3580489754676819,0,galaxy,0.4009380638599396
1443,1,quasar,0,galaxy,False,0,galaxy,False,True,1,quasar,0.5189318656921387,0,galaxy,0.6832925081253052,0,galaxy,0.9777244925498962,0,galaxy,0.5257956385612488,0,galaxy,0.35804978013038635,2,star,0.44460150599479675
1444,1,quasar,1,quasar,True,1,quasar,True,True,1,quasar,0.8296422958374023,1,quasar,0.8277332782745361,1,quasar,0.7635509967803955,1,quasar,0.705635130405426,0,galaxy,0.3580497205257416,1,quasar,0.47568413615226746
1445,1,quasar,1,quasar,True,1,quasar,True,True,1,quasar,0.6784224510192871,1,quasar,0.7391781210899353,1,quasar,0.7639386653900146,2,star,0.5916789770126343,0,galaxy,0.35804930329322815,1,quasar,0.5129124522209167
1446,1,quasar,1,quasar,True,1,quasar,True,True,1,quasar,0.8126660585403442,1,quasar,0.8975759148597717,1,quasar,0.8284193873405457,1,quasar,0.8211438655853271,0,galaxy,0.35804882645606995,2,star,0.4583733379840851
1447,1,quasar,2,star,False,2,star,False,True,2,star,0.5911601185798645,2,star,0.5624944567680359,2,star,0.5197655558586121,1,quasar,0.543454647064209,0,galaxy,0.35804450511932373,2,star,0.6512501239776611
1448,1,quasar,1,quasar,True,1,quasar,True,True,1,quasar,0.8051838874816895,1,quasar,0.7974956035614014,1,quasar,0.8343936800956726,1,quasar,0.6794769763946533,0,galaxy,0.35804513096809387,2,star,0.40215858817100525
1449,1,quasar,1,quasar,True,1,quasar,True,True,1,quasar,0.7664834260940552,1,quasar,0.8789746761322021,1,quasar,0.7795979976654053,1,quasar,0.7918112874031067,0,galaxy,0.3580484986305237,0,galaxy,0.3471551537513733
1450,1,quasar,1,quasar,True,1,quasar,True,True,1,quasar,0.8451114296913147,1,quasar,0.8176347017288208,1,quasar,0.7886179685592651,1,quasar,0.5433468818664551,0,galaxy,0.3580494225025177,2,star,0.49052223563194275
1451,1,quasar,1,quasar,True,1,quasar,True,True,1,quasar,0.55040442943573,1,quasar,0.7506543397903442,1,quasar,0.72165447473526,1,quasar,0.8092347383499146,0,galaxy,0.3580489456653595,2,star,0.5162148475646973
1452,1,quasar,1,quasar,True,1,quasar,True,True,1,quasar,0.8781692981719971,1,quasar,0.7346038818359375,1,quasar,0.7307406067848206,1,quasar,0.653035581111908,0,galaxy,0.3580282926559448,2,star,0.5583046078681946
1453,1,quasar,0,galaxy,False,0,galaxy,False,True,0,galaxy,0.7053381204605103,0,galaxy,0.729736864566803,0,galaxy,0.8659214377403259,0,galaxy,0.4689413607120514,0,galaxy,0.35804930329322815,0,galaxy,0.4393327832221985
1454,1,quasar,1,quasar,True,1,quasar,True,True,2,star,0.6371986269950867,1,quasar,0.8442957997322083,1,quasar,0.8229121565818787,1,quasar,0.7083255052566528,0,galaxy,0.35804852843284607,0,galaxy,0.34964555501937866
1455,1,quasar,1,quasar,True,1,quasar,True,True,1,quasar,0.8696549534797668,1,quasar,0.8933414220809937,1,quasar,0.8255864381790161,1,quasar,0.8270576000213623,0,galaxy,0.3580373227596283,2,star,0.42028558254241943
1456,1,quasar,1,quasar,True,1,quasar,True,True,1,quasar,0.8237046599388123,1,quasar,0.856689989566803,1,quasar,0.6636537909507751,1,quasar,0.5989671349525452,0,galaxy,0.3580492436885834,2,star,0.5192022323608398
1457,1,quasar,1,quasar,True,1,quasar,True,True,1,quasar,0.6434608697891235,1,quasar,0.9398118257522583,1,quasar,0.761328935623169,1,quasar,0.7276734113693237,0,galaxy,0.3580482602119446,0,galaxy,0.4787580370903015
1458,1,quasar,1,quasar,True,1,quasar,True,True,1,quasar,0.842018723487854,1,quasar,0.7664084434509277,1,quasar,0.8315590620040894,1,quasar,0.8076178431510925,0,galaxy,0.3580552935600281,2,star,0.49040332436561584
1459,1,quasar,1,quasar,True,1,quasar,True,True,1,quasar,0.7379667162895203,1,quasar,0.5962461829185486,1,quasar,0.5067769885063171,2,star,0.5531255006790161,0,galaxy,0.35804441571235657,2,star,0.6024075150489807
1460,1,quasar,1,quasar,True,1,quasar,True,True,2,star,0.6288294196128845,1,quasar,0.9062751531600952,1,quasar,0.8114626407623291,1,quasar,0.6350545883178711,0,galaxy,0.35804396867752075,2,star,0.6995523571968079
1461,1,quasar,1,quasar,True,1,quasar,True,True,1,quasar,0.7971827983856201,1,quasar,0.9416959881782532,1,quasar,0.794684648513794,1,quasar,0.7204036712646484,0,galaxy,0.3580489158630371,2,star,0.48166924715042114
1462,1,quasar,0,galaxy,False,1,quasar,True,False,1,quasar,0.7663441300392151,1,quasar,0.7466293573379517,1,quasar,0.7656477093696594,0,galaxy,0.3949761986732483,0,galaxy,0.35804930329322815,0,galaxy,0.4288618862628937
1463,1,quasar,1,quasar,True,1,quasar,True,True,2,star,0.592075526714325,1,quasar,0.6851509809494019,1,quasar,0.8148660659790039,1,quasar,0.6297298669815063,0,galaxy,0.3580491840839386,2,star,0.46361735463142395
1464,1,quasar,1,quasar,True,1,quasar,True,True,1,quasar,0.879115104675293,1,quasar,0.8158810138702393,1,quasar,0.8160008788108826,1,quasar,0.7835922837257385,0,galaxy,0.3580458164215088,2,star,0.41319552063941956
1465,1,quasar,1,quasar,True,1,quasar,True,True,1,quasar,0.8973687887191772,1,quasar,0.6969766020774841,1,quasar,0.6060798168182373,1,quasar,0.7803264856338501,0,galaxy,0.3580491542816162,2,star,0.68767911195755
1466,1,quasar,1,quasar,True,1,quasar,True,True,1,quasar,0.7003389596939087,1,quasar,0.737056314945221,1,quasar,0.8048422336578369,1,quasar,0.7585805058479309,0,galaxy,0.3580489754676819,0,galaxy,0.4489102065563202
1467,1,quasar,1,quasar,True,1,quasar,True,True,1,quasar,0.853100597858429,1,quasar,0.8547465801239014,1,quasar,0.8248600959777832,1,quasar,0.7280638813972473,0,galaxy,0.35804882645606995,1,quasar,0.35757890343666077
1468,1,quasar,1,quasar,True,1,quasar,True,True,1,quasar,0.7071931958198547,1,quasar,0.6995863914489746,1,quasar,0.776817262172699,2,star,0.5857231020927429,0,galaxy,0.3580487072467804,2,star,0.5635361075401306
1469,1,quasar,0,galaxy,False,0,galaxy,False,True,2,star,0.5870016813278198,0,galaxy,0.5844365954399109,0,galaxy,0.4422258138656616,0,galaxy,0.5395975708961487,0,galaxy,0.35806742310523987,2,star,0.6362925171852112
1470,1,quasar,1,quasar,True,2,star,False,False,1,quasar,0.5053778290748596,1,quasar,0.4080426096916199,2,star,0.4756244421005249,1,quasar,0.5089954137802124,0,galaxy,0.35804739594459534,2,star,0.5678009390830994
1471,1,quasar,0,galaxy,False,0,galaxy,False,True,0,galaxy,0.853920042514801,0,galaxy,0.6304280757904053,0,galaxy,0.49876174330711365,1,quasar,0.44870999455451965,0,galaxy,0.3580494225025177,0,galaxy,0.5555850863456726
1472,1,quasar,2,star,False,2,star,False,True,2,star,0.7040331363677979,1,quasar,0.6751194596290588,2,star,0.5194486975669861,1,quasar,0.4979398846626282,0,galaxy,0.3580494523048401,2,star,0.6238989233970642
1473,1,quasar,1,quasar,True,1,quasar,True,True,1,quasar,0.7624072432518005,1,quasar,0.6091879606246948,1,quasar,0.7988185286521912,1,quasar,0.6634085774421692,0,galaxy,0.35804930329322815,2,star,0.8433061838150024
1474,1,quasar,1,quasar,True,1,quasar,True,True,1,quasar,0.8550686836242676,1,quasar,0.6174091100692749,1,quasar,0.8186693787574768,1,quasar,0.6806650161743164,0,galaxy,0.35804978013038635,2,star,0.4293298125267029
1475,1,quasar,1,quasar,True,1,quasar,True,True,1,quasar,0.759339451789856,1,quasar,0.7695761919021606,1,quasar,0.8239380717277527,1,quasar,0.5678101778030396,0,galaxy,0.3580494225025177,0,galaxy,0.4581613540649414
1476,1,quasar,1,quasar,True,1,quasar,True,True,1,quasar,0.6020410060882568,1,quasar,0.7306241989135742,1,quasar,0.6859497427940369,1,quasar,0.5609768033027649,0,galaxy,0.35804930329322815,2,star,0.6096829175949097
1477,1,quasar,1,quasar,True,1,quasar,True,True,1,quasar,0.7825795412063599,1,quasar,0.8502457737922668,1,quasar,0.7835825681686401,1,quasar,0.852721631526947,0,galaxy,0.3580493628978729,2,star,0.5572044849395752
1478,1,quasar,1,quasar,True,1,quasar,True,True,1,quasar,0.7303906083106995,1,quasar,0.7684406042098999,1,quasar,0.8333840370178223,1,quasar,0.7593937516212463,0,galaxy,0.358052521944046,2,star,0.44989320635795593
1479,1,quasar,1,quasar,True,1,quasar,True,True,1,quasar,0.9115342497825623,1,quasar,0.8278239369392395,1,quasar,0.8262534141540527,1,quasar,0.8038004040718079,0,galaxy,0.3580491840839386,2,star,0.4842537045478821
1480,1,quasar,1,quasar,True,1,quasar,True,True,1,quasar,0.8526054620742798,1,quasar,0.8622165322303772,1,quasar,0.7930173277854919,1,quasar,0.5343391299247742,0,galaxy,0.35804930329322815,2,star,0.6414551734924316
1481,1,quasar,1,quasar,True,1,quasar,True,True,2,star,0.5759803056716919,1,quasar,0.8540424108505249,1,quasar,0.7227491140365601,1,quasar,0.6321817636489868,0,galaxy,0.35804903507232666,2,star,0.4857698082923889
1482,1,quasar,1,quasar,True,1,quasar,True,True,1,quasar,0.8026217818260193,1,quasar,0.8664568662643433,1,quasar,0.837787926197052,1,quasar,0.8886901140213013,0,galaxy,0.35802024602890015,2,star,0.6560004949569702
1483,1,quasar,1,quasar,True,1,quasar,True,True,1,quasar,0.9390425682067871,1,quasar,0.864450991153717,1,quasar,0.8256345391273499,1,quasar,0.8396181464195251,0,galaxy,0.35804805159568787,2,star,0.44528016448020935
1484,1,quasar,1,quasar,True,1,quasar,True,True,1,quasar,0.908903956413269,1,quasar,0.9284674525260925,1,quasar,0.7667071223258972,1,quasar,0.793063759803772,0,galaxy,0.35805004835128784,2,star,0.5871461629867554
1485,1,quasar,0,galaxy,False,0,galaxy,False,True,1,quasar,0.7050685286521912,1,quasar,0.5091640949249268,0,galaxy,0.5923879742622375,0,galaxy,0.9422598481178284,0,galaxy,0.35804957151412964,2,star,0.4552501142024994
1486,1,quasar,1,quasar,True,1,quasar,True,True,1,quasar,0.8630274534225464,1,quasar,0.7670758366584778,1,quasar,0.7514169216156006,1,quasar,0.6581910252571106,0,galaxy,0.35804808139801025,2,star,0.5322830080986023
1487,1,quasar,1,quasar,True,1,quasar,True,True,1,quasar,0.7408360838890076,1,quasar,0.6263445019721985,1,quasar,0.6034532189369202,1,quasar,0.5432599782943726,0,galaxy,0.3580508530139923,2,star,0.7491353154182434
1488,1,quasar,1,quasar,True,1,quasar,True,True,1,quasar,0.7966891527175903,1,quasar,0.5860034227371216,1,quasar,0.805568277835846,1,quasar,0.6427037715911865,0,galaxy,0.3580484688282013,0,galaxy,0.5085707306861877
1489,1,quasar,1,quasar,True,1,quasar,True,True,1,quasar,0.6669987440109253,1,quasar,0.8522810935974121,1,quasar,0.8047177791595459,1,quasar,0.7832371592521667,0,galaxy,0.35804903507232666,2,star,0.5053624510765076
1490,1,quasar,1,quasar,True,1,quasar,True,True,1,quasar,0.4841643273830414,1,quasar,0.9038200378417969,1,quasar,0.7919988632202148,1,quasar,0.5962963700294495,0,galaxy,0.35804837942123413,2,star,0.5260773301124573
1491,1,quasar,1,quasar,True,1,quasar,True,True,1,quasar,0.8686992526054382,1,quasar,0.879767894744873,1,quasar,0.7802378535270691,1,quasar,0.8672942519187927,0,galaxy,0.358053594827652,2,star,0.6638097763061523
1492,1,quasar,1,quasar,True,1,quasar,True,True,1,quasar,0.7620444297790527,1,quasar,0.4943610429763794,1,quasar,0.41313016414642334,2,star,0.5691292881965637,0,galaxy,0.3580497205257416,0,galaxy,0.5602706074714661
1493,1,quasar,1,quasar,True,1,quasar,True,True,2,star,0.6751185059547424,1,quasar,0.5935836434364319,1,quasar,0.6587234139442444,1,quasar,0.7399376034736633,0,galaxy,0.35804983973503113,2,star,0.40393683314323425
1494,1,quasar,1,quasar,True,1,quasar,True,True,1,quasar,0.9121898412704468,1,quasar,0.9505881667137146,1,quasar,0.8330495357513428,1,quasar,0.7122462391853333,0,galaxy,0.35804954171180725,1,quasar,0.5618612170219421
1495,1,quasar,2,star,False,2,star,False,True,1,quasar,0.7145547270774841,1,quasar,0.6628239154815674,2,star,0.6660032272338867,2,star,0.8453666567802429,0,galaxy,0.3580482006072998,2,star,0.6716034412384033
1496,1,quasar,1,quasar,True,1,quasar,True,True,1,quasar,0.6011040806770325,1,quasar,0.7526881098747253,1,quasar,0.8267168998718262,1,quasar,0.8922271132469177,0,galaxy,0.3580487370491028,2,star,0.44295433163642883
1497,1,quasar,1,quasar,True,1,quasar,True,True,1,quasar,0.7005721926689148,1,quasar,0.7519732117652893,1,quasar,0.7669466733932495,1,quasar,0.7771384716033936,0,galaxy,0.35804903507232666,2,star,0.5259987115859985
1498,1,quasar,1,quasar,True,1,quasar,True,True,1,quasar,0.8758198022842407,1,quasar,0.7883090376853943,1,quasar,0.811884880065918,1,quasar,0.808693528175354,0,galaxy,0.35804879665374756,2,star,0.6824025511741638
1499,1,quasar,1,quasar,True,1,quasar,True,True,1,quasar,0.6673943996429443,1,quasar,0.7624307870864868,1,quasar,0.8169806599617004,1,quasar,0.5097779035568237,0,galaxy,0.3580394983291626,2,star,0.7773357033729553
1500,1,quasar,1,quasar,True,1,quasar,True,True,1,quasar,0.9000208973884583,1,quasar,0.8653684854507446,1,quasar,0.789819061756134,1,quasar,0.6792475581169128,0,galaxy,0.35804954171180725,2,star,0.4346247911453247
1501,1,quasar,2,star,False,2,star,False,True,1,quasar,0.6069636344909668,1,quasar,0.5273849964141846,2,star,0.566969096660614,2,star,0.4953739643096924,0,galaxy,0.3580494225025177,2,star,0.5928345918655396
1502,1,quasar,1,quasar,True,1,quasar,True,True,1,quasar,0.8141571283340454,1,quasar,0.7923534512519836,1,quasar,0.7662967443466187,1,quasar,0.7286847233772278,0,galaxy,0.3580493927001953,1,quasar,0.5919701457023621
1503,1,quasar,1,quasar,True,1,quasar,True,True,2,star,0.581771194934845,1,quasar,0.7167260646820068,1,quasar,0.7484856247901917,1,quasar,0.692042350769043,0,galaxy,0.3580489158630371,2,star,0.6665028929710388
1504,1,quasar,1,quasar,True,1,quasar,True,True,1,quasar,0.8351758122444153,1,quasar,0.6820852756500244,1,quasar,0.8105490803718567,1,quasar,0.7178219556808472,0,galaxy,0.3580492436885834,2,star,0.5591661334037781
1505,1,quasar,2,star,False,2,star,False,True,2,star,0.706143319606781,2,star,0.8336060047149658,1,quasar,0.7228209376335144,2,star,0.49080556631088257,0,galaxy,0.3562486171722412,2,star,0.5874468088150024
1506,1,quasar,1,quasar,True,1,quasar,True,True,1,quasar,0.7054892778396606,1,quasar,0.9465236067771912,1,quasar,0.8376277089118958,1,quasar,0.8792561888694763,0,galaxy,0.35799843072891235,2,star,0.41499194502830505
1507,1,quasar,1,quasar,True,1,quasar,True,True,1,quasar,0.847420871257782,1,quasar,0.8358176946640015,1,quasar,0.8307939767837524,1,quasar,0.7011552453041077,0,galaxy,0.3580491244792938,2,star,0.6937177777290344
1508,1,quasar,1,quasar,True,1,quasar,True,True,1,quasar,0.8487435579299927,1,quasar,0.8185780048370361,1,quasar,0.7349289059638977,2,star,0.5178261995315552,0,galaxy,0.35804852843284607,1,quasar,0.806444525718689
1509,1,quasar,2,star,False,2,star,False,True,2,star,0.869710385799408,2,star,0.7300766110420227,2,star,0.5407698750495911,2,star,0.8184889554977417,0,galaxy,0.35804474353790283,2,star,0.6122467517852783
1510,1,quasar,1,quasar,True,1,quasar,True,True,1,quasar,0.9684559106826782,1,quasar,0.9653828144073486,1,quasar,0.8332617878913879,1,quasar,0.6186925768852234,0,galaxy,0.35804876685142517,1,quasar,0.6571244597434998
1511,1,quasar,1,quasar,True,1,quasar,True,True,1,quasar,0.8951312303543091,1,quasar,0.9051914215087891,1,quasar,0.8267408609390259,1,quasar,0.7065141797065735,0,galaxy,0.35804930329322815,1,quasar,0.4186500012874603
1512,1,quasar,2,star,False,2,star,False,True,1,quasar,0.6729153394699097,1,quasar,0.5123752951622009,2,star,0.7525889873504639,2,star,0.9424521327018738,0,galaxy,0.35804980993270874,2,star,0.5333897471427917
1513,1,quasar,1,quasar,True,1,quasar,True,True,1,quasar,0.9064700603485107,1,quasar,0.9263835549354553,1,quasar,0.8267029523849487,1,quasar,0.5814632177352905,0,galaxy,0.3580494821071625,1,quasar,0.5410850644111633
1514,1,quasar,1,quasar,True,1,quasar,True,True,1,quasar,0.8662916421890259,1,quasar,0.8236605525016785,1,quasar,0.7211311459541321,1,quasar,0.703766405582428,0,galaxy,0.35805025696754456,1,quasar,0.46124446392059326
1515,1,quasar,1,quasar,True,1,quasar,True,True,1,quasar,0.7901051044464111,1,quasar,0.9694305658340454,1,quasar,0.8073069453239441,1,quasar,0.6673001646995544,0,galaxy,0.3580493927001953,1,quasar,0.42547744512557983
1516,1,quasar,1,quasar,True,1,quasar,True,True,1,quasar,0.9026792049407959,1,quasar,0.8983879685401917,1,quasar,0.8283840417861938,1,quasar,0.8706298470497131,0,galaxy,0.358051061630249,0,galaxy,0.6222230195999146
1517,1,quasar,0,galaxy,False,0,galaxy,False,True,0,galaxy,0.7035931348800659,0,galaxy,0.6282327771186829,0,galaxy,0.809244692325592,0,galaxy,0.9675379395484924,0,galaxy,0.35805606842041016,0,galaxy,0.822951078414917
1518,1,quasar,2,star,False,2,star,False,True,1,quasar,0.8001353144645691,2,star,0.6782218813896179,1,quasar,0.61137455701828,2,star,0.7673929333686829,0,galaxy,0.3580457866191864,2,star,0.7264179587364197
1519,1,quasar,1,quasar,True,1,quasar,True,True,1,quasar,0.8123998641967773,1,quasar,0.8985295295715332,1,quasar,0.6226499676704407,1,quasar,0.630226194858551,0,galaxy,0.3580491840839386,2,star,0.5174336433410645
1520,1,quasar,0,galaxy,False,0,galaxy,False,True,1,quasar,0.5450984239578247,1,quasar,0.6794785261154175,0,galaxy,0.8554250001907349,0,galaxy,0.8455901145935059,0,galaxy,0.3580498993396759,0,galaxy,0.5434209704399109
1521,1,quasar,1,quasar,True,1,quasar,True,True,1,quasar,0.5890647768974304,1,quasar,0.6255248188972473,1,quasar,0.8183035254478455,1,quasar,0.6541666388511658,0,galaxy,0.35804784297943115,2,star,0.4493761658668518
1522,1,quasar,1,quasar,True,1,quasar,True,True,1,quasar,0.6740226149559021,1,quasar,0.9651026129722595,1,quasar,0.7883902788162231,1,quasar,0.8579721450805664,0,galaxy,0.35804808139801025,1,quasar,0.3589470684528351
1523,1,quasar,1,quasar,True,1,quasar,True,True,1,quasar,0.9520484209060669,1,quasar,0.8591004610061646,1,quasar,0.8370494246482849,1,quasar,0.7696332335472107,0,galaxy,0.3580484986305237,0,galaxy,0.534748375415802
1524,1,quasar,1,quasar,True,1,quasar,True,True,1,quasar,0.8566280603408813,1,quasar,0.8848865628242493,1,quasar,0.8161610960960388,1,quasar,0.6901092529296875,0,galaxy,0.358049601316452,1,quasar,0.4917644262313843
1525,2,star,2,star,True,2,star,True,True,2,star,0.8929457068443298,2,star,0.8644303679466248,2,star,0.9604188799858093,2,star,0.9817625284194946,0,galaxy,0.35805031657218933,2,star,0.586349606513977
1526,2,star,1,quasar,False,1,quasar,False,True,1,quasar,0.6067284345626831,1,quasar,0.575141966342926,1,quasar,0.7472134232521057,1,quasar,0.7437192797660828,0,galaxy,0.3581673502922058,1,quasar,0.4754509925842285
1527,2,star,2,star,True,2,star,True,True,2,star,0.6722962260246277,2,star,0.6584466099739075,2,star,0.663021445274353,2,star,0.8421593904495239,0,galaxy,0.35803958773612976,2,star,0.7617096900939941
1528,2,star,1,quasar,False,1,quasar,False,True,1,quasar,0.5288774967193604,1,quasar,0.7571502327919006,1,quasar,0.7263185977935791,1,quasar,0.762663722038269,0,galaxy,0.358049601316452,1,quasar,0.4038642346858978
1529,2,star,2,star,True,2,star,True,True,2,star,0.8506428003311157,2,star,0.8767372369766235,2,star,0.9559548497200012,2,star,0.9630383253097534,0,galaxy,0.3580489158630371,2,star,0.6530398726463318
1530,2,star,2,star,True,2,star,True,True,2,star,0.9715255498886108,2,star,0.9762634634971619,2,star,0.971501350402832,2,star,0.9954997897148132,0,galaxy,0.35805070400238037,2,star,0.8080249428749084
1531,2,star,2,star,True,2,star,True,True,2,star,0.9889876246452332,2,star,0.975788950920105,2,star,0.969407320022583,2,star,0.993259608745575,0,galaxy,0.3580486476421356,2,star,0.600178062915802
1532,2,star,2,star,True,2,star,True,True,2,star,0.8790754079818726,2,star,0.9915673136711121,2,star,0.9685408473014832,2,star,0.9942643046379089,0,galaxy,0.35804998874664307,2,star,0.7622355222702026
1533,2,star,1,quasar,False,1,quasar,False,True,2,star,0.736270546913147,1,quasar,0.7048039436340332,1,quasar,0.5559834837913513,1,quasar,0.5594497919082642,0,galaxy,0.35805103182792664,1,quasar,0.40028056502342224
1534,2,star,1,quasar,False,1,quasar,False,True,1,quasar,0.7418506145477295,1,quasar,0.7943821549415588,1,quasar,0.8044623136520386,1,quasar,0.6111996173858643,0,galaxy,0.3580491840839386,1,quasar,0.5053767561912537
1535,2,star,2,star,True,2,star,True,True,2,star,0.9930856227874756,2,star,0.9628212451934814,2,star,0.9719879627227783,2,star,0.9949437975883484,0,galaxy,0.3580498993396759,2,star,0.6653541326522827
1536,2,star,2,star,True,2,star,True,True,2,star,0.9724671840667725,2,star,0.9871500730514526,2,star,0.9660338163375854,2,star,0.989896297454834,0,galaxy,0.35805031657218933,2,star,0.43360862135887146
1537,2,star,2,star,True,2,star,True,True,2,star,0.9691674113273621,0,galaxy,0.5032595992088318,2,star,0.9551456570625305,2,star,0.9815659523010254,0,galaxy,0.35804978013038635,1,quasar,0.3399447798728943
1538,2,star,2,star,True,2,star,True,True,2,star,0.9865444302558899,2,star,0.9924530386924744,2,star,0.9581334590911865,2,star,0.994720458984375,0,galaxy,0.35805025696754456,0,galaxy,0.6102984547615051
1539,2,star,2,star,True,2,star,True,True,2,star,0.9964030981063843,2,star,0.9561274647712708,2,star,0.9469596743583679,2,star,0.8677445650100708,0,galaxy,0.3580569624900818,0,galaxy,0.4545689523220062
1540,2,star,2,star,True,2,star,True,True,2,star,0.9825797080993652,2,star,0.9568750858306885,2,star,0.9042171835899353,2,star,0.9729060530662537,0,galaxy,0.3580482304096222,2,star,0.6297186613082886
1541,2,star,2,star,True,2,star,True,True,2,star,0.6471719145774841,2,star,0.9624494314193726,2,star,0.8564432263374329,2,star,0.9478970170021057,0,galaxy,0.3580493628978729,2,star,0.5291118025779724
1542,2,star,2,star,True,2,star,True,True,2,star,0.9804377555847168,2,star,0.6968425512313843,2,star,0.9605445265769958,2,star,0.9841238856315613,0,galaxy,0.35804951190948486,2,star,0.5826597809791565
1543,2,star,1,quasar,False,1,quasar,False,True,1,quasar,0.7195756435394287,1,quasar,0.5202945470809937,1,quasar,0.8173868060112,1,quasar,0.6246826648712158,0,galaxy,0.3580493927001953,2,star,0.5172857046127319
1544,2,star,1,quasar,False,1,quasar,False,True,1,quasar,0.873824417591095,1,quasar,0.8093587756156921,1,quasar,0.817812979221344,1,quasar,0.6465669870376587,0,galaxy,0.3580494225025177,1,quasar,0.3964744806289673
1545,2,star,2,star,True,2,star,True,True,2,star,0.990075409412384,2,star,0.9653497934341431,2,star,0.9520335793495178,2,star,0.9922646284103394,0,galaxy,0.35804975032806396,2,star,0.6242263913154602
1546,2,star,2,star,True,2,star,True,True,2,star,0.9952817559242249,2,star,0.9920933842658997,2,star,0.9635515809059143,2,star,0.9941802024841309,0,galaxy,0.3580538034439087,0,galaxy,0.8838449716567993
1547,2,star,2,star,True,2,star,True,True,2,star,0.976063072681427,2,star,0.959541380405426,2,star,0.9716706871986389,2,star,0.9381076097488403,0,galaxy,0.35804739594459534,2,star,0.6964712738990784
1548,2,star,2,star,True,2,star,True,True,2,star,0.9919236302375793,2,star,0.9989690780639648,2,star,0.969216525554657,2,star,0.9891674518585205,0,galaxy,0.35804739594459534,2,star,0.8742848038673401
1549,2,star,1,quasar,False,1,quasar,False,True,2,star,0.8460846543312073,1,quasar,0.684632420539856,1,quasar,0.7850789427757263,1,quasar,0.7477789521217346,0,galaxy,0.3580494523048401,1,quasar,0.44930410385131836
1550,2,star,2,star,True,2,star,True,True,2,star,0.9006795883178711,2,star,0.8012856841087341,2,star,0.9322510957717896,2,star,0.9789783358573914,0,galaxy,0.3580557107925415,2,star,0.5306272506713867
1551,2,star,2,star,True,2,star,True,True,1,quasar,0.5406818389892578,2,star,0.5832409858703613,1,quasar,0.5131248831748962,2,star,0.5017778277397156,0,galaxy,0.35804954171180725,2,star,0.5639544725418091
1552,2,star,0,galaxy,False,0,galaxy,False,True,0,galaxy,0.9432626366615295,0,galaxy,0.667742908000946,0,galaxy,0.5731568336486816,2,star,0.39052730798721313,0,galaxy,0.35805079340934753,0,galaxy,0.6473871469497681
1553,2,star,2,star,True,2,star,True,True,2,star,0.6502935290336609,2,star,0.6004689931869507,2,star,0.6514744758605957,2,star,0.8091009259223938,0,galaxy,0.3580487370491028,2,star,0.49834170937538147
1554,2,star,1,quasar,False,1,quasar,False,True,1,quasar,0.9466106295585632,1,quasar,0.8231802582740784,1,quasar,0.5606536865234375,2,star,0.5656191110610962,0,galaxy,0.3580484390258789,1,quasar,0.7647194266319275
1555,2,star,2,star,True,2,star,True,True,2,star,0.9920881390571594,2,star,0.9913957715034485,2,star,0.9507691860198975,2,star,0.9772027134895325,0,galaxy,0.3580493628978729,2,star,0.8976296782493591
1556,2,star,1,quasar,False,1,quasar,False,True,2,star,0.7626404762268066,1,quasar,0.6402904391288757,1,quasar,0.8149321675300598,1,quasar,0.6223067045211792,0,galaxy,0.3580482304096222,2,star,0.6003747582435608
1557,2,star,2,star,True,2,star,True,True,2,star,0.790209949016571,2,star,0.6952756643295288,2,star,0.6379021406173706,2,star,0.7437662482261658,0,galaxy,0.3580488860607147,2,star,0.5592430830001831
1558,2,star,2,star,True,2,star,True,True,2,star,0.9718923568725586,2,star,0.9879060983657837,2,star,0.9532666206359863,2,star,0.9915508031845093,0,galaxy,0.35804980993270874,2,star,0.7437964081764221
1559,2,star,2,star,True,2,star,True,True,2,star,0.9574221968650818,2,star,0.9625029563903809,2,star,0.9186800122261047,2,star,0.9924845099449158,0,galaxy,0.35804933309555054,2,star,0.776923656463623
1560,2,star,0,galaxy,False,0,galaxy,False,True,2,star,0.5483422875404358,2,star,0.8107101321220398,0,galaxy,0.6812622547149658,0,galaxy,0.7316791415214539,0,galaxy,0.35805001854896545,0,galaxy,0.4163148105144501
1561,2,star,1,quasar,False,1,quasar,False,True,1,quasar,0.5798664689064026,2,star,0.49077895283699036,1,quasar,0.8149771690368652,1,quasar,0.5780766010284424,0,galaxy,0.3580486476421356,2,star,0.4947267174720764
1562,2,star,2,star,True,2,star,True,True,2,star,0.9722727537155151,2,star,0.9027897119522095,2,star,0.8420010209083557,2,star,0.9754641056060791,0,galaxy,0.3580489754676819,2,star,0.7966086864471436
1563,2,star,0,galaxy,False,2,star,True,False,2,star,0.9878568649291992,0,galaxy,0.5192124247550964,2,star,0.9685041904449463,2,star,0.994526207447052,0,galaxy,0.35805243253707886,0,galaxy,0.6276314854621887
1564,2,star,1,quasar,False,1,quasar,False,True,2,star,0.5320112705230713,1,quasar,0.7439647912979126,1,quasar,0.7965041399002075,1,quasar,0.5042027831077576,0,galaxy,0.35804876685142517,1,quasar,0.44155633449554443
1565,2,star,1,quasar,False,1,quasar,False,True,2,star,0.6050295829772949,1,quasar,0.7590288519859314,1,quasar,0.6757553219795227,1,quasar,0.630024254322052,0,galaxy,0.3580494821071625,2,star,0.5101616382598877
1566,2,star,2,star,True,2,star,True,True,2,star,0.7885960340499878,2,star,0.7156504392623901,1,quasar,0.5616387128829956,2,star,0.7203458547592163,0,galaxy,0.358047217130661,2,star,0.6949276328086853
1567,2,star,2,star,True,2,star,True,True,2,star,0.9431967735290527,2,star,0.9629864692687988,2,star,0.7654019594192505,2,star,0.8094503283500671,0,galaxy,0.3580435514450073,2,star,0.7874400019645691
1568,2,star,2,star,True,2,star,True,True,2,star,0.8097740411758423,2,star,0.6470445394515991,2,star,0.8534079194068909,2,star,0.8240805864334106,0,galaxy,0.3580513000488281,2,star,0.6458560228347778
1569,2,star,1,quasar,False,1,quasar,False,True,1,quasar,0.9697571396827698,1,quasar,0.8826833963394165,1,quasar,0.8317426443099976,1,quasar,0.8113292455673218,0,galaxy,0.3580484986305237,2,star,0.48730042576789856
1570,2,star,1,quasar,False,2,star,True,False,2,star,0.8687459230422974,1,quasar,0.6247132420539856,1,quasar,0.8045749664306641,1,quasar,0.6907739043235779,0,galaxy,0.35812219977378845,2,star,0.6965970396995544
1571,2,star,0,galaxy,False,1,quasar,False,False,2,star,0.47762569785118103,2,star,0.6647424101829529,1,quasar,0.6859729886054993,1,quasar,0.6201077699661255,0,galaxy,0.3579428493976593,0,galaxy,0.8959549069404602
1572,2,star,2,star,True,1,quasar,False,False,2,star,0.6047685742378235,1,quasar,0.8664385676383972,1,quasar,0.7046170234680176,2,star,0.6956555843353271,0,galaxy,0.3580493628978729,2,star,0.43717288970947266
1573,2,star,1,quasar,False,1,quasar,False,True,1,quasar,0.6296430230140686,1,quasar,0.6853510737419128,1,quasar,0.7386671304702759,1,quasar,0.7065950036048889,0,galaxy,0.3580491244792938,2,star,0.47569525241851807
1574,2,star,2,star,True,2,star,True,True,2,star,0.9713005423545837,2,star,0.9705774784088135,2,star,0.9670790433883667,2,star,0.9856245517730713,0,galaxy,0.35805070400238037,2,star,0.9154059290885925
1575,2,star,1,quasar,False,1,quasar,False,True,1,quasar,0.8138663172721863,1,quasar,0.8214787244796753,1,quasar,0.6986076235771179,1,quasar,0.6819438934326172,0,galaxy,0.3580464720726013,2,star,0.5620790123939514
1576,2,star,1,quasar,False,1,quasar,False,True,1,quasar,0.5785454511642456,1,quasar,0.7034792900085449,1,quasar,0.7756640315055847,1,quasar,0.6515174508094788,0,galaxy,0.3580501675605774,2,star,0.6226236820220947
1577,2,star,2,star,True,2,star,True,True,2,star,0.8583732843399048,2,star,0.8929463624954224,2,star,0.684515118598938,2,star,0.5828790664672852,0,galaxy,0.35804855823516846,2,star,0.9372908473014832
1578,2,star,2,star,True,2,star,True,True,2,star,0.9819198250770569,2,star,0.9753822088241577,2,star,0.9727461934089661,2,star,0.9842612743377686,0,galaxy,0.35804611444473267,2,star,0.6673611402511597
1579,2,star,2,star,True,2,star,True,True,2,star,0.9886192083358765,2,star,0.9901065230369568,2,star,0.9637370109558105,2,star,0.990933895111084,0,galaxy,0.3580492436885834,2,star,0.8650530576705933
1580,2,star,2,star,True,2,star,True,True,2,star,0.9922477006912231,2,star,0.9561328887939453,2,star,0.9814059734344482,2,star,0.9867737293243408,0,galaxy,0.3580493628978729,2,star,0.8039551377296448
1581,2,star,1,quasar,False,1,quasar,False,True,1,quasar,0.8927830457687378,1,quasar,0.8354983925819397,1,quasar,0.7882179021835327,1,quasar,0.606907069683075,0,galaxy,0.35804709792137146,1,quasar,0.4595015048980713
1582,2,star,2,star,True,2,star,True,True,2,star,0.5784687399864197,2,star,0.5048478245735168,2,star,0.6784893274307251,2,star,0.48488855361938477,0,galaxy,0.3580494225025177,2,star,0.6272560358047485
1583,2,star,2,star,True,2,star,True,True,2,star,0.9752489924430847,2,star,0.5788587331771851,2,star,0.6401711702346802,2,star,0.6292710900306702,0,galaxy,0.35804805159568787,2,star,0.7800220847129822
1584,2,star,2,star,True,2,star,True,True,2,star,0.7627220749855042,2,star,0.5154767036437988,2,star,0.831293523311615,2,star,0.5901486873626709,0,galaxy,0.3580474555492401,2,star,0.8212766647338867
1585,2,star,1,quasar,False,1,quasar,False,True,1,quasar,0.6365978121757507,1,quasar,0.8127483129501343,1,quasar,0.5657128691673279,2,star,0.47253745794296265,0,galaxy,0.3580491244792938,0,galaxy,0.41423219442367554
1586,2,star,1,quasar,False,2,star,True,False,1,quasar,0.5196724534034729,1,quasar,0.4891071915626526,1,quasar,0.47019752860069275,2,star,0.47893479466438293,0,galaxy,0.35804930329322815,2,star,0.3939245045185089
1587,2,star,2,star,True,2,star,True,True,2,star,0.6320551633834839,2,star,0.6445980072021484,1,quasar,0.5934921503067017,1,quasar,0.5577241778373718,0,galaxy,0.35804879665374756,2,star,0.5293908715248108
1588,2,star,2,star,True,2,star,True,True,2,star,0.8517335653305054,2,star,0.7998881936073303,2,star,0.8628526926040649,2,star,0.7823124527931213,0,galaxy,0.3580476939678192,2,star,0.6298697590827942
1589,2,star,1,quasar,False,1,quasar,False,True,1,quasar,0.5378041863441467,1,quasar,0.5801899433135986,1,quasar,0.7875983715057373,1,quasar,0.6374586820602417,0,galaxy,0.35821467638015747,2,star,0.7622525691986084
1590,2,star,1,quasar,False,1,quasar,False,True,2,star,0.5638574957847595,1,quasar,0.5878302454948425,1,quasar,0.7639999389648438,1,quasar,0.6900092363357544,0,galaxy,0.35805007815361023,2,star,0.705627977848053
1591,2,star,2,star,True,2,star,True,True,2,star,0.9959368705749512,2,star,0.9539563059806824,2,star,0.9177995324134827,2,star,0.9459806084632874,0,galaxy,0.3580493927001953,2,star,0.7409741282463074
1592,2,star,1,quasar,False,1,quasar,False,True,1,quasar,0.7014798521995544,1,quasar,0.7631368041038513,1,quasar,0.8075432777404785,1,quasar,0.5674815773963928,0,galaxy,0.35805222392082214,0,galaxy,0.49088385701179504
1593,2,star,1,quasar,False,1,quasar,False,True,0,galaxy,0.6151065230369568,1,quasar,0.7535150647163391,1,quasar,0.8074759840965271,1,quasar,0.6637506484985352,0,galaxy,0.3580484986305237,2,star,0.6917560696601868
1594,2,star,2,star,True,2,star,True,True,2,star,0.8903989791870117,2,star,0.9739903807640076,2,star,0.8760828375816345,2,star,0.9573945999145508,0,galaxy,0.35804957151412964,2,star,0.7365586161613464
1595,2,star,1,quasar,False,1,quasar,False,True,1,quasar,0.6522313356399536,1,quasar,0.5398884415626526,1,quasar,0.8168303370475769,1,quasar,0.6706473231315613,0,galaxy,0.3580549657344818,0,galaxy,0.400823712348938
1596,2,star,1,quasar,False,1,quasar,False,True,1,quasar,0.6956049203872681,1,quasar,0.5349262356758118,1,quasar,0.8002297282218933,1,quasar,0.7493706345558167,0,galaxy,0.3580487072467804,2,star,0.7617167234420776
1597,2,star,2,star,True,2,star,True,True,2,star,0.9766959547996521,2,star,0.865793764591217,2,star,0.8414983153343201,2,star,0.8582162261009216,0,galaxy,0.3580484390258789,2,star,0.8492140769958496
1598,2,star,1,quasar,False,1,quasar,False,True,1,quasar,0.5025650858879089,1,quasar,0.729985773563385,1,quasar,0.6235498189926147,1,quasar,0.5328141450881958,0,galaxy,0.35805046558380127,2,star,0.5642005205154419
1599,2,star,2,star,True,2,star,True,True,2,star,0.6794638633728027,2,star,0.504962682723999,1,quasar,0.7830613255500793,1,quasar,0.5023685693740845,0,galaxy,0.35804882645606995,2,star,0.731224536895752
1600,2,star,2,star,True,2,star,True,True,2,star,0.9011645317077637,1,quasar,0.5064346194267273,2,star,0.6542544960975647,2,star,0.9004209637641907,0,galaxy,0.35804876685142517,2,star,0.7727228403091431
1601,2,star,1,quasar,False,2,star,True,False,2,star,0.7113626599311829,1,quasar,0.5591325759887695,1,quasar,0.6132312417030334,1,quasar,0.5366494655609131,0,galaxy,0.3580491542816162,2,star,0.594554603099823
1602,2,star,2,star,True,2,star,True,True,2,star,0.9908285140991211,2,star,0.8885084986686707,2,star,0.8326497077941895,2,star,0.7765389680862427,0,galaxy,0.3580484390258789,2,star,0.8000033497810364
1603,2,star,2,star,True,2,star,True,True,2,star,0.8548009395599365,2,star,0.8496501445770264,2,star,0.7474894523620605,2,star,0.8858509659767151,0,galaxy,0.3581569790840149,2,star,0.6862513422966003
1604,2,star,0,galaxy,False,2,star,True,False,2,star,0.8608667850494385,2,star,0.5932778120040894,0,galaxy,0.4877592921257019,2,star,0.9056674242019653,0,galaxy,0.3580429255962372,0,galaxy,0.9016939997673035
1605,2,star,2,star,True,2,star,True,True,2,star,0.9061934351921082,2,star,0.46145394444465637,1,quasar,0.8218441009521484,1,quasar,0.6391419768333435,0,galaxy,0.3580460548400879,2,star,0.5514513254165649
1606,2,star,2,star,True,2,star,True,True,2,star,0.9529449939727783,2,star,0.6089170575141907,2,star,0.6840270161628723,2,star,0.8008396625518799,0,galaxy,0.35811159014701843,2,star,0.8609488606452942
1607,2,star,0,galaxy,False,2,star,True,False,2,star,0.6221550703048706,2,star,0.5071375370025635,1,quasar,0.6898695826530457,1,quasar,0.5453147292137146,0,galaxy,0.3580484688282013,0,galaxy,0.5397008657455444
1608,2,star,2,star,True,2,star,True,True,2,star,0.9764238595962524,2,star,0.9966138005256653,2,star,0.9417414665222168,2,star,0.9608289003372192,0,galaxy,0.35804933309555054,2,star,0.5116497278213501
1609,2,star,2,star,True,2,star,True,True,2,star,0.6159504652023315,2,star,0.5369453430175781,2,star,0.5300516486167908,2,star,0.6590085029602051,0,galaxy,0.35804829001426697,1,quasar,0.48523232340812683
1610,2,star,2,star,True,2,star,True,True,2,star,0.9974572062492371,2,star,0.9967086315155029,2,star,0.759326696395874,2,star,0.9642202258110046,0,galaxy,0.3580494523048401,2,star,0.7149406671524048
1611,2,star,2,star,True,2,star,True,True,2,star,0.5659084320068359,2,star,0.509342610836029,2,star,0.6247660517692566,2,star,0.8303229808807373,0,galaxy,0.3580496311187744,2,star,0.6340602040290833
1612,2,star,2,star,True,2,star,True,True,2,star,0.9881904125213623,2,star,0.9914914965629578,2,star,0.9588871002197266,2,star,0.9957703948020935,0,galaxy,0.3580494523048401,2,star,0.6453849673271179
1613,2,star,2,star,True,2,star,True,True,2,star,0.9909228682518005,2,star,0.888146162033081,2,star,0.936253547668457,2,star,0.9890075922012329,0,galaxy,0.3580492436885834,2,star,0.5251112580299377
1614,2,star,2,star,True,2,star,True,True,2,star,0.9656991958618164,2,star,0.9376479387283325,2,star,0.9573149085044861,2,star,0.9659807682037354,0,galaxy,0.3580501973628998,2,star,0.8580151200294495
1615,2,star,2,star,True,2,star,True,True,2,star,0.9961404204368591,2,star,0.9938244819641113,2,star,0.9018376469612122,2,star,0.950984537601471,0,galaxy,0.3581795394420624,2,star,0.8630743622779846
1616,2,star,2,star,True,2,star,True,True,2,star,0.7071823477745056,2,star,0.9530702829360962,2,star,0.5870097875595093,2,star,0.8340919017791748,0,galaxy,0.35804876685142517,2,star,0.6597470641136169
1617,2,star,2,star,True,2,star,True,True,2,star,0.9402209520339966,2,star,0.9635696411132812,2,star,0.8141528964042664,2,star,0.9827151894569397,0,galaxy,0.3580484986305237,2,star,0.42731529474258423
1618,2,star,1,quasar,False,1,quasar,False,True,1,quasar,0.6576060652732849,1,quasar,0.719333827495575,1,quasar,0.5323564410209656,2,star,0.8755497336387634,0,galaxy,0.3580501675605774,1,quasar,0.49950239062309265
1619,2,star,1,quasar,False,1,quasar,False,True,1,quasar,0.5856103897094727,1,quasar,0.8837704658508301,1,quasar,0.7553361654281616,1,quasar,0.7459065318107605,0,galaxy,0.3580487370491028,0,galaxy,0.45750004053115845
1620,2,star,2,star,True,2,star,True,True,2,star,0.9951393604278564,2,star,0.9874124526977539,2,star,0.9422566890716553,2,star,0.9786273837089539,0,galaxy,0.35804080963134766,2,star,0.7404447197914124
1621,2,star,0,galaxy,False,0,galaxy,False,True,2,star,0.609933078289032,1,quasar,0.4051071107387543,0,galaxy,0.9329278469085693,0,galaxy,0.7550677061080933,0,galaxy,0.3580511808395386,0,galaxy,0.7783212065696716
1622,2,star,2,star,True,2,star,True,True,2,star,0.9189324378967285,2,star,0.9353941082954407,2,star,0.8207951784133911,2,star,0.9155578017234802,0,galaxy,0.358042448759079,2,star,0.8183773159980774
1623,2,star,1,quasar,False,1,quasar,False,True,1,quasar,0.7077609896659851,1,quasar,0.5836105346679688,1,quasar,0.8074488639831543,1,quasar,0.662813127040863,0,galaxy,0.3580476939678192,0,galaxy,0.39142394065856934
1624,2,star,2,star,True,2,star,True,True,2,star,0.8416232466697693,2,star,0.5085606575012207,1,quasar,0.7577757835388184,1,quasar,0.6083267331123352,0,galaxy,0.3580484390258789,2,star,0.5240930914878845
1625,2,star,2,star,True,2,star,True,True,2,star,0.9133299589157104,2,star,0.9761318564414978,2,star,0.8149625658988953,2,star,0.9678824543952942,0,galaxy,0.3580448031425476,2,star,0.7928487658500671
1626,2,star,2,star,True,2,star,True,True,2,star,0.6395097970962524,2,star,0.5780911445617676,1,quasar,0.6686010360717773,1,quasar,0.5877338647842407,0,galaxy,0.35804879665374756,2,star,0.49054983258247375
1627,2,star,0,galaxy,False,0,galaxy,False,True,0,galaxy,0.5953898429870605,2,star,0.6159727573394775,0,galaxy,0.7675248980522156,0,galaxy,0.9626426100730896,0,galaxy,0.3580540120601654,1,quasar,0.3584263324737549
1628,2,star,1,quasar,False,1,quasar,False,True,1,quasar,0.776553213596344,1,quasar,0.5455204844474792,1,quasar,0.8293476104736328,1,quasar,0.7693103551864624,0,galaxy,0.35802972316741943,0,galaxy,0.5789374709129333
1629,2,star,0,galaxy,False,2,star,True,False,2,star,0.9527707099914551,2,star,0.807518720626831,2,star,0.5739860534667969,0,galaxy,0.6667038202285767,0,galaxy,0.35804685950279236,0,galaxy,0.5416464805603027
1630,2,star,2,star,True,2,star,True,True,2,star,0.7449404001235962,2,star,1.0,1,quasar,0.8129206895828247,2,star,0.5221864581108093,0,galaxy,0.35053619742393494,0,galaxy,0.8394719362258911
1631,2,star,1,quasar,False,2,star,True,False,2,star,0.9329434633255005,1,quasar,0.4365379214286804,1,quasar,0.7392939925193787,1,quasar,0.48429247736930847,0,galaxy,0.35804808139801025,2,star,0.4514976739883423
1632,2,star,1,quasar,False,1,quasar,False,True,2,star,0.5418314337730408,1,quasar,0.5340638160705566,1,quasar,0.6247909069061279,1,quasar,0.698104739189148,0,galaxy,0.3580494523048401,0,galaxy,0.5715770125389099
1633,2,star,2,star,True,2,star,True,True,2,star,0.9410009980201721,2,star,0.8155101537704468,2,star,0.6949655413627625,2,star,0.9092366099357605,0,galaxy,0.3580501973628998,2,star,0.6331678032875061
1634,2,star,2,star,True,2,star,True,True,2,star,0.744400680065155,2,star,0.6422311067581177,2,star,0.6406183838844299,2,star,0.806330680847168,0,galaxy,0.3580459952354431,2,star,0.6606234908103943
1635,2,star,2,star,True,2,star,True,True,2,star,0.9804211854934692,2,star,0.8554137349128723,2,star,0.6702977418899536,2,star,0.8917732834815979,0,galaxy,0.35804933309555054,2,star,0.6081763505935669
1636,2,star,2,star,True,2,star,True,True,2,star,0.9038537740707397,2,star,0.9500837922096252,2,star,0.882077693939209,2,star,0.9891742467880249,0,galaxy,0.358048677444458,2,star,0.5863468647003174
1637,2,star,2,star,True,2,star,True,True,2,star,0.7802415490150452,2,star,0.9076612591743469,2,star,0.8509140014648438,2,star,0.9706530570983887,0,galaxy,0.35804933309555054,2,star,0.7352035045623779
1638,2,star,1,quasar,False,1,quasar,False,True,2,star,0.6282647252082825,1,quasar,0.574442982673645,1,quasar,0.5167014002799988,1,quasar,0.706204354763031,0,galaxy,0.3580491244792938,2,star,0.5240914225578308
1639,2,star,2,star,True,2,star,True,True,2,star,0.8159000873565674,2,star,0.7516258358955383,2,star,0.8789936900138855,2,star,0.9194321036338806,0,galaxy,0.35805198550224304,0,galaxy,0.6594206690788269
1640,2,star,0,galaxy,False,0,galaxy,False,True,0,galaxy,0.8994473218917847,0,galaxy,0.9581677317619324,2,star,0.37734317779541016,0,galaxy,0.9524393081665039,0,galaxy,0.3580510914325714,0,galaxy,0.735602617263794
1641,2,star,2,star,True,2,star,True,True,2,star,0.9736112356185913,0,galaxy,0.6547436118125916,2,star,0.8893117904663086,2,star,0.973803699016571,0,galaxy,0.35804879665374756,1,quasar,0.44097545742988586
1642,2,star,0,galaxy,False,2,star,True,False,2,star,0.597980260848999,1,quasar,0.4342556297779083,0,galaxy,0.400278776884079,2,star,0.5495627522468567,0,galaxy,0.3582078218460083,0,galaxy,0.5227991938591003
1643,2,star,2,star,True,2,star,True,True,2,star,0.7920235395431519,2,star,0.5258291363716125,1,quasar,0.7390620112419128,2,star,0.4984457790851593,0,galaxy,0.35804930329322815,2,star,0.48805588483810425
1644,2,star,2,star,True,2,star,True,True,2,star,0.7071533203125,2,star,0.7303701639175415,2,star,0.8870437741279602,2,star,0.9829575419425964,0,galaxy,0.3580510914325714,1,quasar,0.3909623324871063
1645,2,star,1,quasar,False,2,star,True,False,1,quasar,0.6212926506996155,1,quasar,0.5377140641212463,1,quasar,0.6351661086082458,2,star,0.6851590871810913,0,galaxy,0.3580014407634735,2,star,0.5599265098571777
1646,2,star,2,star,True,2,star,True,True,2,star,0.6547548174858093,2,star,0.6028934121131897,2,star,0.8550627827644348,2,star,0.8186994194984436,0,galaxy,0.35804954171180725,2,star,0.5362376570701599
1647,2,star,2,star,True,2,star,True,True,2,star,0.8341447710990906,1,quasar,0.6802169680595398,2,star,0.5643365979194641,2,star,0.7735813856124878,0,galaxy,0.35805201530456543,1,quasar,0.5515317916870117
1648,2,star,0,galaxy,False,0,galaxy,False,True,2,star,0.49225229024887085,0,galaxy,0.4913484454154968,0,galaxy,0.46257448196411133,1,quasar,0.48625054955482483,0,galaxy,0.35804614424705505,0,galaxy,0.5902787446975708
1649,2,star,0,galaxy,False,2,star,True,False,2,star,0.6159959435462952,2,star,0.9207084774971008,0,galaxy,0.45099854469299316,1,quasar,0.39576971530914307,0,galaxy,0.3580489158630371,0,galaxy,0.6113719344139099
1650,2,star,2,star,True,2,star,True,True,2,star,0.712608814239502,2,star,0.9174803495407104,2,star,0.935059130191803,2,star,0.9714007377624512,0,galaxy,0.35805001854896545,2,star,0.38164183497428894
1651,2,star,2,star,True,2,star,True,True,2,star,0.8585125207901001,2,star,0.6004046201705933,2,star,0.7274736166000366,2,star,0.9168786406517029,0,galaxy,0.35804980993270874,2,star,0.4814373254776001
1652,2,star,2,star,True,2,star,True,True,2,star,0.9453281164169312,2,star,0.9724517464637756,2,star,0.8189879655838013,2,star,0.8957987427711487,0,galaxy,0.35811713337898254,2,star,0.767196774482727
1653,2,star,2,star,True,2,star,True,True,2,star,0.9866602420806885,2,star,0.8919288516044617,2,star,0.7241060733795166,2,star,0.8235095739364624,0,galaxy,0.35804858803749084,2,star,0.5784019231796265
1654,2,star,2,star,True,2,star,True,True,2,star,0.6955283880233765,1,quasar,0.707531750202179,1,quasar,0.6875689625740051,2,star,0.6456403136253357,0,galaxy,0.35804983973503113,2,star,0.6956256031990051
1655,2,star,2,star,True,2,star,True,True,2,star,0.9883742332458496,2,star,0.953056275844574,2,star,0.9526667594909668,2,star,0.9883055686950684,0,galaxy,0.3580477833747864,2,star,0.46945053339004517
1656,2,star,1,quasar,False,1,quasar,False,True,1,quasar,0.7181603312492371,1,quasar,0.8542807102203369,1,quasar,0.6513838171958923,1,quasar,0.7236046195030212,0,galaxy,0.358047753572464,1,quasar,0.8336848616600037
1657,2,star,2,star,True,2,star,True,True,2,star,0.7911778688430786,2,star,0.5996277332305908,2,star,0.5545898079872131,1,quasar,0.5200605988502502,0,galaxy,0.3580459952354431,2,star,0.6522707343101501
1658,2,star,2,star,True,2,star,True,True,2,star,0.9469008445739746,2,star,0.9613138437271118,2,star,0.9377039074897766,2,star,0.9897340536117554,0,galaxy,0.3580494225025177,2,star,0.6465978026390076
1659,2,star,2,star,True,2,star,True,True,2,star,0.7570430636405945,1,quasar,0.5993562340736389,2,star,0.7000405192375183,2,star,0.680708110332489,0,galaxy,0.3580472767353058,2,star,0.690484881401062
1660,2,star,2,star,True,2,star,True,True,2,star,0.9877232313156128,2,star,0.7985814809799194,2,star,0.967892587184906,2,star,0.9755464792251587,0,galaxy,0.35804107785224915,2,star,0.8748044967651367
1661,2,star,2,star,True,2,star,True,True,2,star,0.9935575127601624,0,galaxy,0.5960594415664673,2,star,0.9699847102165222,2,star,0.9905357956886292,0,galaxy,0.358050674200058,2,star,0.8920541405677795
1662,2,star,2,star,True,2,star,True,True,2,star,0.8178609013557434,1,quasar,0.7674103379249573,2,star,0.5699285268783569,2,star,0.591506838798523,0,galaxy,0.3580501079559326,2,star,0.5417712330818176
1663,2,star,2,star,True,2,star,True,True,2,star,0.5751270651817322,2,star,0.6304860711097717,1,quasar,0.597899854183197,2,star,0.805341899394989,0,galaxy,0.35804349184036255,2,star,0.4730813801288605
1664,2,star,2,star,True,2,star,True,True,2,star,0.8517670035362244,2,star,0.594290018081665,2,star,0.4347083568572998,2,star,0.3648604452610016,0,galaxy,0.3580476641654968,0,galaxy,0.5250640511512756
1665,2,star,2,star,True,2,star,True,True,2,star,0.5621904134750366,2,star,0.9031803607940674,2,star,0.9267897009849548,1,quasar,0.5214747786521912,0,galaxy,0.3580521047115326,2,star,0.7917440533638
1666,2,star,1,quasar,False,1,quasar,False,True,1,quasar,0.7576100826263428,1,quasar,0.5838016271591187,1,quasar,0.6433157920837402,1,quasar,0.7445794939994812,0,galaxy,0.35803237557411194,2,star,0.45474374294281006
1667,2,star,1,quasar,False,1,quasar,False,True,1,quasar,0.771874189376831,1,quasar,0.64594566822052,1,quasar,0.7020363211631775,1,quasar,0.5865827798843384,0,galaxy,0.35804858803749084,2,star,0.51128751039505
1668,2,star,1,quasar,False,1,quasar,False,True,1,quasar,0.7548589706420898,1,quasar,0.645344078540802,1,quasar,0.770148754119873,1,quasar,0.6038064360618591,0,galaxy,0.35804983973503113,1,quasar,0.6029728055000305
1669,2,star,2,star,True,2,star,True,True,2,star,0.8533352613449097,2,star,0.5117859840393066,2,star,0.6295086145401001,2,star,0.8495797514915466,0,galaxy,0.3580494821071625,2,star,0.7482942938804626
1670,2,star,1,quasar,False,1,quasar,False,True,1,quasar,0.6926252245903015,1,quasar,0.6272647380828857,1,quasar,0.6858825087547302,1,quasar,0.6952685713768005,0,galaxy,0.3580496311187744,2,star,0.7811787128448486
1671,2,star,2,star,True,2,star,True,True,2,star,0.930521547794342,2,star,0.668783962726593,2,star,0.6292291879653931,2,star,0.8037522435188293,0,galaxy,0.3580493628978729,2,star,0.6874106526374817
1672,2,star,2,star,True,2,star,True,True,2,star,0.7384060025215149,2,star,0.7153298258781433,1,quasar,0.8298166990280151,1,quasar,0.524110734462738,0,galaxy,0.35804834961891174,2,star,0.5843536257743835
1673,2,star,1,quasar,False,1,quasar,False,True,2,star,0.538353443145752,1,quasar,0.6453003287315369,1,quasar,0.8243070840835571,1,quasar,0.554630696773529,0,galaxy,0.35804933309555054,2,star,0.4358530044555664
1674,2,star,1,quasar,False,1,quasar,False,True,2,star,0.5983633995056152,1,quasar,0.6015255451202393,1,quasar,0.820549726486206,1,quasar,0.554858386516571,0,galaxy,0.35817819833755493,2,star,0.7719262838363647
1675,2,star,2,star,True,2,star,True,True,2,star,0.9611672163009644,2,star,0.9273553490638733,2,star,0.9192278981208801,2,star,0.9797831177711487,0,galaxy,0.35804933309555054,2,star,0.5876689553260803
1676,2,star,2,star,True,2,star,True,True,2,star,0.9810929894447327,2,star,0.7821224927902222,2,star,0.9135001301765442,2,star,0.9714910984039307,0,galaxy,0.3580487370491028,2,star,0.7213353514671326
1677,2,star,2,star,True,2,star,True,True,2,star,0.9409065246582031,2,star,0.9570931196212769,2,star,0.9024612307548523,2,star,0.9256041646003723,0,galaxy,0.3580467998981476,2,star,0.7073000073432922
1678,2,star,2,star,True,1,quasar,False,False,2,star,0.6477200388908386,1,quasar,0.5592789649963379,1,quasar,0.8116214275360107,2,star,0.520159125328064,0,galaxy,0.3580492436885834,2,star,0.5312559008598328
1679,2,star,2,star,True,2,star,True,True,2,star,0.7171840071678162,2,star,0.5510951280593872,1,quasar,0.6982348561286926,2,star,0.5900838375091553,0,galaxy,0.3580491542816162,2,star,0.6870411038398743
1680,2,star,1,quasar,False,1,quasar,False,True,1,quasar,0.8911228179931641,1,quasar,0.7761461138725281,1,quasar,0.5276604890823364,2,star,0.689125120639801,0,galaxy,0.358049601316452,2,star,0.4503737688064575
1681,2,star,2,star,True,2,star,True,True,2,star,0.9763748049736023,2,star,0.9285325407981873,2,star,0.9518268704414368,2,star,0.9811720848083496,0,galaxy,0.35804933309555054,2,star,0.8053802847862244
1682,2,star,2,star,True,2,star,True,True,2,star,0.9898432493209839,2,star,0.9888096451759338,2,star,0.9501265287399292,2,star,0.9807416796684265,0,galaxy,0.3580532670021057,2,star,0.8045244812965393
1683,2,star,2,star,True,2,star,True,True,2,star,0.9663711786270142,2,star,0.6222200989723206,2,star,0.9493780136108398,2,star,0.9915278553962708,0,galaxy,0.35805100202560425,0,galaxy,0.520276665687561
1684,2,star,2,star,True,2,star,True,True,2,star,0.983444333076477,2,star,0.9747476577758789,2,star,0.9372126460075378,2,star,0.9926621913909912,0,galaxy,0.358045756816864,2,star,0.7497010231018066
1685,2,star,2,star,True,2,star,True,True,2,star,0.9815351963043213,2,star,0.9922508597373962,2,star,0.9426731467247009,2,star,0.978865921497345,0,galaxy,0.3580493628978729,2,star,0.786673367023468
1686,2,star,2,star,True,2,star,True,True,2,star,0.9282855987548828,2,star,0.9169772863388062,2,star,0.5702080130577087,1,quasar,0.5293396711349487,0,galaxy,0.358049213886261,2,star,0.5896132588386536
1687,2,star,2,star,True,2,star,True,True,2,star,0.5342257022857666,1,quasar,0.5619016289710999,1,quasar,0.6391963362693787,2,star,0.651392936706543,0,galaxy,0.3580493628978729,2,star,0.6030800938606262
1688,2,star,2,star,True,2,star,True,True,2,star,0.9804050326347351,0,galaxy,0.517414927482605,2,star,0.9684481620788574,2,star,0.9937525391578674,0,galaxy,0.3580497205257416,2,star,0.47091010212898254
1689,2,star,1,quasar,False,1,quasar,False,True,1,quasar,0.6746252775192261,1,quasar,0.6851472854614258,1,quasar,0.6826635599136353,1,quasar,0.5466267466545105,0,galaxy,0.35804927349090576,2,star,0.5458118319511414
1690,2,star,2,star,True,2,star,True,True,2,star,0.842918872833252,2,star,0.741872251033783,2,star,0.6416141986846924,2,star,0.8202199339866638,0,galaxy,0.3580509126186371,2,star,0.8024728298187256
1691,2,star,1,quasar,False,2,star,True,False,1,quasar,0.5599503517150879,1,quasar,0.7408252954483032,1,quasar,0.6594133973121643,2,star,0.738883912563324,0,galaxy,0.35804805159568787,2,star,0.6274413466453552
1692,2,star,2,star,True,2,star,True,True,2,star,0.9573829770088196,2,star,0.9958391189575195,2,star,0.9403008222579956,2,star,0.9346659183502197,0,galaxy,0.3580474853515625,2,star,0.6978785395622253
1693,2,star,2,star,True,2,star,True,True,2,star,0.9304220676422119,2,star,0.9053577184677124,2,star,0.8476912975311279,2,star,0.914267897605896,0,galaxy,0.35805290937423706,2,star,0.7762860059738159
1694,2,star,2,star,True,2,star,True,True,2,star,0.9480320811271667,2,star,0.8823418021202087,2,star,0.8298788666725159,2,star,0.6984958648681641,0,galaxy,0.358049601316452,0,galaxy,0.5784909725189209
1695,2,star,1,quasar,False,1,quasar,False,True,1,quasar,0.5274970531463623,2,star,0.5489112734794617,1,quasar,0.8077841997146606,1,quasar,0.6072148084640503,0,galaxy,0.3580498695373535,2,star,0.3653630018234253
1696,2,star,2,star,True,2,star,True,True,2,star,0.9827749133110046,2,star,0.9774510264396667,2,star,0.9721658229827881,2,star,0.993152379989624,0,galaxy,0.35804876685142517,2,star,0.8213064670562744
1697,2,star,2,star,True,2,star,True,True,2,star,0.8495159149169922,1,quasar,0.5309023261070251,2,star,0.600938618183136,2,star,0.6224010586738586,0,galaxy,0.35803571343421936,2,star,0.7454895973205566
1698,2,star,2,star,True,2,star,True,True,2,star,0.9807913303375244,2,star,0.9440420866012573,2,star,0.9017955660820007,2,star,0.9820598363876343,0,galaxy,0.3580492436885834,2,star,0.7138693928718567
1699,2,star,2,star,True,2,star,True,True,2,star,0.8038185834884644,2,star,0.6684223413467407,2,star,0.7042619585990906,2,star,0.8505775332450867,0,galaxy,0.35804885625839233,2,star,0.786761999130249
1700,2,star,2,star,True,2,star,True,True,2,star,0.6173489689826965,2,star,0.5030682682991028,1,quasar,0.5872989296913147,2,star,0.7558202147483826,0,galaxy,0.35804831981658936,2,star,0.6814684867858887
1701,2,star,2,star,True,2,star,True,True,2,star,0.9903401732444763,2,star,0.9442166686058044,2,star,0.9628922939300537,2,star,0.9737848043441772,0,galaxy,0.35804659128189087,2,star,0.9126343131065369
1702,2,star,2,star,True,2,star,True,True,2,star,0.988976776599884,2,star,0.9879917502403259,2,star,0.9212361574172974,2,star,0.9923364520072937,0,galaxy,0.35804861783981323,2,star,0.7334113121032715
1703,2,star,2,star,True,2,star,True,True,2,star,0.9747481942176819,2,star,0.784737229347229,2,star,0.9372779726982117,2,star,0.5473722815513611,0,galaxy,0.3580498695373535,2,star,0.511903703212738
1704,2,star,1,quasar,False,1,quasar,False,True,1,quasar,0.6076740026473999,1,quasar,0.4167552888393402,1,quasar,0.8104788064956665,1,quasar,0.649343729019165,0,galaxy,0.358049213886261,2,star,0.41902562975883484
1705,2,star,2,star,True,2,star,True,True,2,star,0.9769240021705627,2,star,0.9974573254585266,2,star,0.9525118470191956,2,star,0.9333035349845886,0,galaxy,0.35808831453323364,2,star,0.6240952014923096
1706,2,star,2,star,True,2,star,True,True,2,star,0.6876038908958435,2,star,0.7876284122467041,1,quasar,0.6603924632072449,1,quasar,0.7653272151947021,0,galaxy,0.35804903507232666,2,star,0.5345715284347534
1707,2,star,2,star,True,2,star,True,True,2,star,0.9086434245109558,2,star,0.9069649577140808,2,star,0.6316887736320496,2,star,0.7499618530273438,0,galaxy,0.3580498993396759,2,star,0.5707806348800659
1708,2,star,2,star,True,2,star,True,True,2,star,0.9523326754570007,2,star,0.8571385145187378,2,star,0.6572712063789368,2,star,0.8002849817276001,0,galaxy,0.35804852843284607,2,star,0.45041871070861816
1709,2,star,2,star,True,2,star,True,True,2,star,0.9774288535118103,2,star,0.9916463494300842,2,star,0.9774687886238098,2,star,0.9958055019378662,0,galaxy,0.3580474257469177,2,star,0.6301907896995544
1710,2,star,1,quasar,False,1,quasar,False,True,1,quasar,0.9180377721786499,1,quasar,0.5839643478393555,1,quasar,0.8276801109313965,1,quasar,0.650704026222229,0,galaxy,0.358049601316452,0,galaxy,0.47258177399635315
1711,2,star,2,star,True,2,star,True,True,2,star,0.6658762097358704,2,star,0.6849764585494995,2,star,0.7748458385467529,2,star,0.9316400289535522,0,galaxy,0.3580492436885834,2,star,0.45862922072410583
1712,2,star,2,star,True,2,star,True,True,2,star,0.9775240421295166,2,star,0.9712417125701904,2,star,0.8787451982498169,2,star,0.9504574537277222,0,galaxy,0.35804978013038635,2,star,0.7394970655441284
1713,2,star,1,quasar,False,1,quasar,False,True,1,quasar,0.5544345378875732,1,quasar,0.5804432034492493,1,quasar,0.767381489276886,1,quasar,0.662855863571167,0,galaxy,0.3580470383167267,0,galaxy,0.40515172481536865
1714,2,star,2,star,True,2,star,True,True,2,star,0.5007715225219727,2,star,0.768631637096405,1,quasar,0.7858608961105347,2,star,0.49872273206710815,0,galaxy,0.3569662868976593,0,galaxy,0.44703754782676697
1715,2,star,2,star,True,2,star,True,True,2,star,0.7525065541267395,2,star,0.6374088525772095,2,star,0.6826244592666626,2,star,0.5806341767311096,0,galaxy,0.358046293258667,2,star,0.6762580871582031
1716,2,star,2,star,True,2,star,True,True,2,star,0.9910609126091003,2,star,0.991980791091919,2,star,0.9610817432403564,2,star,0.9772304892539978,0,galaxy,0.3580491840839386,2,star,0.702065110206604
1717,2,star,2,star,True,2,star,True,True,2,star,0.8190045356750488,2,star,0.653177797794342,2,star,0.5692959427833557,2,star,0.8722577095031738,0,galaxy,0.35804954171180725,2,star,0.47913020849227905
1718,2,star,1,quasar,False,1,quasar,False,True,2,star,0.6285967230796814,1,quasar,0.8009688854217529,1,quasar,0.7823082208633423,1,quasar,0.6435471773147583,0,galaxy,0.3580471873283386,0,galaxy,0.577444851398468
1719,2,star,1,quasar,False,2,star,True,False,2,star,0.8044646978378296,1,quasar,0.6294131278991699,1,quasar,0.634110152721405,1,quasar,0.8118187189102173,0,galaxy,0.35807231068611145,2,star,0.8053047060966492
1720,2,star,2,star,True,2,star,True,True,2,star,0.9897099137306213,2,star,0.9804892539978027,2,star,0.9037877321243286,2,star,0.9930549263954163,0,galaxy,0.3580497205257416,2,star,0.714380145072937
1721,2,star,1,quasar,False,1,quasar,False,True,1,quasar,0.6270574927330017,1,quasar,0.5882311463356018,1,quasar,0.7323160171508789,1,quasar,0.7190026640892029,0,galaxy,0.35805192589759827,2,star,0.7627997398376465
1722,2,star,2,star,True,2,star,True,True,2,star,0.49017804861068726,2,star,0.3898044526576996,1,quasar,0.6497414112091064,2,star,0.8842080235481262,0,galaxy,0.35805097222328186,2,star,0.7443865537643433
1723,2,star,2,star,True,2,star,True,True,2,star,0.9870861768722534,2,star,0.9633236527442932,2,star,0.9125887751579285,2,star,0.9636954069137573,0,galaxy,0.35804933309555054,2,star,0.8496871590614319
1724,2,star,1,quasar,False,1,quasar,False,True,2,star,0.5154597163200378,1,quasar,0.6520031690597534,1,quasar,0.7874496579170227,1,quasar,0.7020847201347351,0,galaxy,0.3580494523048401,0,galaxy,0.4181686043739319
1725,2,star,2,star,True,2,star,True,True,2,star,0.9976626634597778,2,star,0.9775814414024353,2,star,0.9725812077522278,2,star,0.9952292442321777,0,galaxy,0.3580491840839386,2,star,0.7488232254981995
1726,2,star,2,star,True,2,star,True,True,2,star,0.810601532459259,1,quasar,0.7308987975120544,2,star,0.5487990379333496,2,star,0.5374388694763184,0,galaxy,0.3580355942249298,2,star,0.7014410495758057
1727,2,star,0,galaxy,False,0,galaxy,False,True,0,galaxy,0.5805332064628601,2,star,0.44159525632858276,2,star,0.4281589388847351,2,star,0.45799410343170166,0,galaxy,0.3580511808395386,0,galaxy,0.9492634534835815
1728,2,star,2,star,True,2,star,True,True,2,star,0.9708439111709595,2,star,0.8432502746582031,2,star,0.9156994223594666,2,star,0.9396973848342896,0,galaxy,0.3580513596534729,2,star,0.6583269238471985
1729,2,star,1,quasar,False,1,quasar,False,True,1,quasar,0.5791171193122864,2,star,0.7043284773826599,1,quasar,0.7548912167549133,1,quasar,0.5535592436790466,0,galaxy,0.3580394685268402,2,star,0.5546691417694092
1730,2,star,1,quasar,False,1,quasar,False,True,1,quasar,0.8042986989021301,1,quasar,0.7245929837226868,1,quasar,0.8316779136657715,1,quasar,0.6958578824996948,0,galaxy,0.3580493628978729,2,star,0.4750868082046509
1731,2,star,2,star,True,2,star,True,True,2,star,0.9665470719337463,2,star,0.681256115436554,2,star,0.7656146883964539,2,star,0.858079195022583,0,galaxy,0.35804036259651184,2,star,0.8086729049682617
1732,2,star,2,star,True,2,star,True,True,2,star,0.967870831489563,2,star,0.9539908170700073,2,star,0.8918853402137756,2,star,0.9891835451126099,0,galaxy,0.3580479621887207,2,star,0.7782713174819946
1733,2,star,0,galaxy,False,1,quasar,False,False,2,star,0.43786120414733887,1,quasar,0.5280582308769226,1,quasar,0.6342297196388245,0,galaxy,0.5145331025123596,0,galaxy,0.35804852843284607,0,galaxy,0.6209788918495178
1734,2,star,0,galaxy,False,0,galaxy,False,True,2,star,0.5681228041648865,0,galaxy,0.8686827421188354,0,galaxy,0.5362454056739807,1,quasar,0.3558664917945862,0,galaxy,0.3580480217933655,0,galaxy,0.6696558594703674
1735,2,star,1,quasar,False,1,quasar,False,True,1,quasar,0.6599275469779968,1,quasar,0.6289898157119751,1,quasar,0.8298362493515015,1,quasar,0.6832602620124817,0,galaxy,0.3580489456653595,2,star,0.4487503170967102
1736,2,star,1,quasar,False,1,quasar,False,True,1,quasar,0.9465576410293579,1,quasar,0.6481603384017944,1,quasar,0.7969131469726562,1,quasar,0.7480188608169556,0,galaxy,0.35817527770996094,2,star,0.6843022704124451
1737,2,star,2,star,True,2,star,True,True,2,star,0.9868642687797546,2,star,0.9901940226554871,2,star,0.9315769076347351,2,star,0.9848107099533081,0,galaxy,0.3580497205257416,2,star,0.6911395192146301
1738,2,star,2,star,True,2,star,True,True,2,star,0.6340896487236023,2,star,0.6455327868461609,1,quasar,0.6812818050384521,2,star,0.5244778990745544,0,galaxy,0.35805007815361023,0,galaxy,0.42935624718666077
1739,2,star,2,star,True,2,star,True,True,2,star,0.7056394219398499,1,quasar,0.6578488349914551,2,star,0.533275842666626,2,star,0.5953658223152161,0,galaxy,0.3580489456653595,0,galaxy,0.6498302221298218
1740,2,star,2,star,True,2,star,True,True,2,star,0.7573662996292114,2,star,0.9691053628921509,2,star,0.6976238489151001,2,star,0.8914696574211121,0,galaxy,0.3580494225025177,0,galaxy,0.6605575680732727
1741,2,star,2,star,True,2,star,True,True,2,star,0.9227876663208008,0,galaxy,0.9294398427009583,2,star,0.8215194940567017,1,quasar,0.5239547491073608,0,galaxy,0.3580143451690674,2,star,0.5254315733909607
1742,2,star,2,star,True,2,star,True,True,2,star,0.9926354289054871,2,star,0.9725524187088013,2,star,0.946824312210083,2,star,0.7735016345977783,0,galaxy,0.358050137758255,2,star,0.6467633247375488
1743,2,star,1,quasar,False,1,quasar,False,True,1,quasar,0.5403172969818115,1,quasar,0.8411802649497986,1,quasar,0.6422972083091736,1,quasar,0.7653483152389526,0,galaxy,0.3580474853515625,0,galaxy,0.495968222618103
1744,2,star,2,star,True,2,star,True,True,2,star,0.7559070587158203,1,quasar,0.6207323670387268,2,star,0.6792905926704407,2,star,0.8777579665184021,0,galaxy,0.3580503761768341,2,star,0.49596714973449707
1745,2,star,2,star,True,2,star,True,True,2,star,0.7953637838363647,2,star,0.7745981216430664,2,star,0.6779298782348633,2,star,0.5737545490264893,0,galaxy,0.35804927349090576,2,star,0.576167106628418
1746,2,star,2,star,True,2,star,True,True,2,star,0.9651482105255127,2,star,0.5250089764595032,2,star,0.5077749490737915,1,quasar,0.49080199003219604,0,galaxy,0.3580484986305237,2,star,0.5539219975471497
1747,2,star,2,star,True,2,star,True,True,2,star,0.4701833128929138,2,star,0.39984914660453796,2,star,0.7179852724075317,2,star,0.5561352968215942,0,galaxy,0.3580494821071625,2,star,0.8079167008399963
1748,2,star,2,star,True,2,star,True,True,2,star,0.6899024844169617,2,star,0.5923409461975098,1,quasar,0.4963275194168091,1,quasar,0.5035820007324219,0,galaxy,0.35804829001426697,2,star,0.4644582271575928
1749,2,star,1,quasar,False,1,quasar,False,True,2,star,0.5796374082565308,1,quasar,0.8345232605934143,1,quasar,0.7290440797805786,1,quasar,0.5891659259796143,0,galaxy,0.35804885625839233,1,quasar,0.3745174705982208
1750,2,star,2,star,True,2,star,True,True,2,star,0.9274041652679443,2,star,0.989902138710022,2,star,0.8528260588645935,2,star,0.9114602208137512,0,galaxy,0.35804978013038635,2,star,0.6876262426376343
1751,2,star,1,quasar,False,1,quasar,False,True,1,quasar,0.7411856055259705,1,quasar,0.649517297744751,1,quasar,0.757866382598877,1,quasar,0.8081568479537964,0,galaxy,0.3581434488296509,2,star,0.42237603664398193
1752,2,star,1,quasar,False,1,quasar,False,True,1,quasar,0.9397068619728088,1,quasar,0.7165499329566956,1,quasar,0.7482768893241882,1,quasar,0.5331533551216125,0,galaxy,0.3580493927001953,1,quasar,0.5437306761741638
1753,2,star,0,galaxy,False,0,galaxy,False,True,0,galaxy,0.9448253512382507,0,galaxy,0.4460357129573822,0,galaxy,0.7497008442878723,0,galaxy,0.5529394149780273,0,galaxy,0.3580610454082489,0,galaxy,0.7667192816734314
1754,2,star,2,star,True,2,star,True,True,2,star,0.9593625068664551,2,star,0.9054453372955322,2,star,0.9391374588012695,2,star,0.9313968420028687,0,galaxy,0.35805630683898926,2,star,0.6530032157897949
1755,2,star,2,star,True,2,star,True,True,2,star,0.865278422832489,2,star,0.732089102268219,2,star,0.5769493579864502,2,star,0.7565244436264038,0,galaxy,0.3580488860607147,2,star,0.7057969570159912
1756,2,star,2,star,True,2,star,True,True,2,star,0.7084401249885559,2,star,0.9374558329582214,2,star,0.7788336277008057,2,star,0.7246620059013367,0,galaxy,0.3580029606819153,0,galaxy,0.5621446371078491
1757,2,star,1,quasar,False,1,quasar,False,True,1,quasar,0.7066065073013306,2,star,0.5838722586631775,1,quasar,0.8304519057273865,1,quasar,0.6661991477012634,0,galaxy,0.3580489754676819,2,star,0.39817947149276733
1758,2,star,2,star,True,2,star,True,True,2,star,0.945683479309082,2,star,0.7075458765029907,2,star,0.7516006827354431,2,star,0.8336201906204224,0,galaxy,0.35804954171180725,2,star,0.6332945823669434
1759,2,star,1,quasar,False,1,quasar,False,True,2,star,0.7382462024688721,1,quasar,0.5212967991828918,1,quasar,0.8106047511100769,1,quasar,0.5552796721458435,0,galaxy,0.3580491840839386,2,star,0.43458858132362366
1760,2,star,2,star,True,2,star,True,True,2,star,0.9294909238815308,2,star,0.7713356018066406,2,star,0.91567462682724,2,star,0.9117281436920166,0,galaxy,0.3580488860607147,2,star,0.6315463781356812
1761,2,star,2,star,True,2,star,True,True,2,star,0.9036372900009155,2,star,0.9491028189659119,2,star,0.8195377588272095,2,star,0.5219212770462036,0,galaxy,0.3580484986305237,0,galaxy,0.463175892829895
1762,2,star,2,star,True,2,star,True,True,2,star,0.9152987599372864,1,quasar,0.5358123779296875,2,star,0.5705511569976807,1,quasar,0.5898144841194153,0,galaxy,0.3580492436885834,2,star,0.43794363737106323
1763,2,star,1,quasar,False,1,quasar,False,True,1,quasar,0.9599475264549255,1,quasar,0.9466796517372131,1,quasar,0.7796829342842102,1,quasar,0.8202471137046814,0,galaxy,0.35805076360702515,1,quasar,0.5476902723312378
1764,2,star,2,star,True,2,star,True,True,2,star,0.9745311141014099,2,star,0.7609631419181824,2,star,0.8503570556640625,2,star,0.7393825650215149,0,galaxy,0.35804879665374756,2,star,0.5168677568435669
1765,2,star,1,quasar,False,2,star,True,False,1,quasar,0.538646399974823,1,quasar,0.5214710831642151,1,quasar,0.5375838875770569,1,quasar,0.6111799478530884,0,galaxy,0.358048677444458,2,star,0.6736268401145935
1766,2,star,2,star,True,2,star,True,True,2,star,0.9399020671844482,2,star,0.8963308334350586,2,star,0.8728220462799072,2,star,0.7910306453704834,0,galaxy,0.3567216694355011,0,galaxy,0.6847430467605591
1767,2,star,2,star,True,2,star,True,True,2,star,0.8413453698158264,2,star,0.8467527627944946,2,star,0.7394195795059204,2,star,0.9198018908500671,0,galaxy,0.35805055499076843,2,star,0.8792483806610107
1768,2,star,2,star,True,2,star,True,True,2,star,0.99581378698349,2,star,0.9308583736419678,2,star,0.9246314764022827,2,star,0.9512876868247986,0,galaxy,0.3579339385032654,2,star,0.5689326524734497
1769,2,star,2,star,True,2,star,True,True,2,star,0.8321132659912109,2,star,0.9962724447250366,2,star,0.9472519159317017,2,star,0.9909535646438599,0,galaxy,0.35805004835128784,2,star,0.4933573305606842
1770,2,star,2,star,True,2,star,True,True,2,star,0.905243992805481,2,star,0.9823989272117615,2,star,0.9003332257270813,2,star,0.5216301083564758,0,galaxy,0.3580513894557953,2,star,0.6757827401161194
1771,2,star,1,quasar,False,1,quasar,False,True,1,quasar,0.5864039659500122,2,star,0.5041476488113403,1,quasar,0.7794831395149231,1,quasar,0.5914521217346191,0,galaxy,0.35804855823516846,0,galaxy,0.6767358779907227
1772,2,star,0,galaxy,False,0,galaxy,False,True,0,galaxy,0.591254472732544,0,galaxy,0.5176479816436768,0,galaxy,0.4767912030220032,0,galaxy,0.6241176724433899,0,galaxy,0.3580484390258789,0,galaxy,0.5604122281074524
1773,2,star,1,quasar,False,1,quasar,False,True,1,quasar,0.6275330185890198,1,quasar,0.8077189326286316,1,quasar,0.6366461515426636,2,star,0.5762649178504944,0,galaxy,0.35804542899131775,2,star,0.5324774980545044
1774,2,star,1,quasar,False,1,quasar,False,True,1,quasar,0.5602018237113953,1,quasar,0.6569454073905945,1,quasar,0.7762920260429382,1,quasar,0.6858121156692505,0,galaxy,0.3580498993396759,2,star,0.7428781986236572
1775,2,star,1,quasar,False,1,quasar,False,True,1,quasar,0.5602744221687317,1,quasar,0.7681742310523987,1,quasar,0.7746242880821228,1,quasar,0.630168616771698,0,galaxy,0.3580493628978729,2,star,0.4962734878063202
1776,2,star,1,quasar,False,1,quasar,False,True,1,quasar,0.5622744560241699,1,quasar,0.558883547782898,1,quasar,0.8195722699165344,1,quasar,0.5584081411361694,0,galaxy,0.358049213886261,0,galaxy,0.41353335976600647
1777,2,star,2,star,True,1,quasar,False,False,2,star,0.5029163956642151,2,star,0.5672096014022827,1,quasar,0.8075933456420898,1,quasar,0.5170221924781799,0,galaxy,0.358049213886261,2,star,0.4155810475349426
1778,2,star,2,star,True,2,star,True,True,2,star,0.5762811899185181,2,star,0.5419021248817444,1,quasar,0.528482973575592,2,star,0.5392811894416809,0,galaxy,0.35804978013038635,0,galaxy,0.541663408279419
1779,2,star,2,star,True,2,star,True,True,2,star,0.9945839047431946,2,star,0.9403160214424133,2,star,0.9672785401344299,2,star,0.9929942488670349,0,galaxy,0.358047753572464,2,star,0.6964601874351501
1780,2,star,2,star,True,2,star,True,True,2,star,0.994860053062439,2,star,0.9985175728797913,2,star,0.9741953611373901,2,star,0.9943670630455017,0,galaxy,0.3580494225025177,2,star,0.4715789556503296
1781,2,star,2,star,True,2,star,True,True,2,star,0.9136505126953125,2,star,0.8458468317985535,2,star,0.8502645492553711,2,star,0.8637241125106812,0,galaxy,0.3580498695373535,2,star,0.7366172075271606
1782,2,star,2,star,True,2,star,True,True,2,star,0.9418471455574036,2,star,0.9490366578102112,2,star,0.965966522693634,2,star,0.9446268081665039,0,galaxy,0.35803383588790894,2,star,0.8273242712020874
1783,2,star,2,star,True,2,star,True,True,1,quasar,0.5176951885223389,2,star,0.638981282711029,1,quasar,0.5733632445335388,2,star,0.49884355068206787,0,galaxy,0.3580482006072998,2,star,0.7250671982765198
1784,2,star,2,star,True,2,star,True,True,2,star,0.6921045184135437,2,star,0.512843906879425,2,star,0.5489664673805237,2,star,0.49278759956359863,0,galaxy,0.35804712772369385,0,galaxy,0.4584263861179352
1785,2,star,1,quasar,False,1,quasar,False,True,1,quasar,0.7877303957939148,1,quasar,0.6327361464500427,1,quasar,0.7689440250396729,2,star,0.6491371393203735,0,galaxy,0.35804733633995056,1,quasar,0.41244831681251526
1786,2,star,1,quasar,False,1,quasar,False,True,1,quasar,0.5838577747344971,1,quasar,0.8130217790603638,1,quasar,0.7975722551345825,1,quasar,0.6728872656822205,0,galaxy,0.35804951190948486,0,galaxy,0.3690504729747772
1787,2,star,2,star,True,2,star,True,True,2,star,0.9602847695350647,2,star,0.8613149523735046,2,star,0.9417538046836853,2,star,0.9923983216285706,0,galaxy,0.35804983973503113,1,quasar,0.40112248063087463
1788,2,star,1,quasar,False,1,quasar,False,True,1,quasar,0.8310025930404663,1,quasar,0.7415095567703247,1,quasar,0.7862697243690491,1,quasar,0.789940595626831,0,galaxy,0.3580472469329834,1,quasar,0.4122621417045593
1789,2,star,2,star,True,2,star,True,True,2,star,0.962047278881073,2,star,0.6650811433792114,2,star,0.8896942734718323,2,star,0.9829378724098206,0,galaxy,0.3580254912376404,0,galaxy,0.5729045271873474
1790,2,star,2,star,True,2,star,True,True,2,star,0.995075523853302,2,star,0.9346945881843567,2,star,0.9356735348701477,2,star,0.9899401068687439,0,galaxy,0.3580476939678192,2,star,0.6625005006790161
1791,2,star,2,star,True,2,star,True,True,2,star,0.8576416969299316,2,star,0.9269770383834839,2,star,0.8451598882675171,2,star,0.9747982621192932,0,galaxy,0.358048677444458,2,star,0.6740586757659912
1792,2,star,2,star,True,2,star,True,True,2,star,0.9014841914176941,2,star,0.5865168571472168,2,star,0.6947086453437805,2,star,0.7754533290863037,0,galaxy,0.35804954171180725,2,star,0.4538156986236572
1793,2,star,1,quasar,False,1,quasar,False,True,1,quasar,0.7667621970176697,1,quasar,0.8550981879234314,1,quasar,0.8067874312400818,1,quasar,0.800896942615509,0,galaxy,0.3580492436885834,0,galaxy,0.5897193551063538
1794,2,star,1,quasar,False,1,quasar,False,True,1,quasar,0.4957035183906555,1,quasar,0.7941905856132507,1,quasar,0.6166850924491882,2,star,0.5715292692184448,0,galaxy,0.358049601316452,2,star,0.4535873532295227
1795,2,star,2,star,True,2,star,True,True,1,quasar,0.5653970241546631,2,star,0.5636937022209167,1,quasar,0.5562005639076233,2,star,0.9899084568023682,0,galaxy,0.35804954171180725,2,star,0.479540079832077
1796,2,star,2,star,True,2,star,True,True,2,star,0.6488646268844604,2,star,0.9063513278961182,2,star,0.8782668709754944,2,star,0.9018326997756958,0,galaxy,0.3580435812473297,2,star,0.5737650394439697
1797,2,star,2,star,True,2,star,True,True,2,star,0.9495875239372253,2,star,0.8487725257873535,2,star,0.9607425332069397,2,star,0.9847372174263,0,galaxy,0.3580504357814789,2,star,0.5136168599128723
1798,2,star,2,star,True,2,star,True,True,2,star,0.9967756867408752,2,star,0.9952250719070435,2,star,0.9576205015182495,2,star,0.9922084808349609,0,galaxy,0.35804879665374756,2,star,0.6947742700576782
1799,2,star,2,star,True,2,star,True,True,2,star,0.9868611693382263,2,star,0.8679219484329224,2,star,0.942617654800415,2,star,0.9831973314285278,0,galaxy,0.3580472469329834,2,star,0.749045193195343
1800,2,star,1,quasar,False,1,quasar,False,True,1,quasar,0.5188273787498474,1,quasar,0.8597578406333923,1,quasar,0.8091235160827637,1,quasar,0.7250113487243652,0,galaxy,0.35804954171180725,0,galaxy,0.48367050290107727
1801,2,star,2,star,True,2,star,True,True,2,star,0.9459275007247925,2,star,0.70598304271698,2,star,0.7771780490875244,2,star,0.8267521262168884,0,galaxy,0.3580489456653595,2,star,0.571103036403656
1802,2,star,2,star,True,2,star,True,True,2,star,0.9734156727790833,2,star,0.9974935054779053,2,star,0.9579309225082397,2,star,0.9777041673660278,0,galaxy,0.35804709792137146,2,star,0.9116222858428955
1803,2,star,2,star,True,2,star,True,True,2,star,0.860530436038971,2,star,0.9798776507377625,2,star,0.9520529508590698,2,star,0.9844585657119751,0,galaxy,0.3580470681190491,2,star,0.6799528002738953
1804,2,star,1,quasar,False,1,quasar,False,True,1,quasar,0.8021820187568665,1,quasar,0.6936786770820618,1,quasar,0.7146555185317993,1,quasar,0.646392285823822,0,galaxy,0.3580208122730255,2,star,0.723814070224762
1805,2,star,2,star,True,2,star,True,True,2,star,0.9614134430885315,2,star,0.9878779649734497,2,star,0.9452821016311646,2,star,0.9810463786125183,0,galaxy,0.35812389850616455,2,star,0.5994938015937805
1806,2,star,2,star,True,2,star,True,True,2,star,0.7509183287620544,2,star,0.612472653388977,1,quasar,0.794396698474884,1,quasar,0.4645307660102844,0,galaxy,0.35804861783981323,2,star,0.39871907234191895
1807,2,star,2,star,True,2,star,True,True,2,star,0.9781237244606018,2,star,0.9434285163879395,2,star,0.9086613655090332,2,star,0.8702690005302429,0,galaxy,0.3580501675605774,2,star,0.7590042948722839
1808,2,star,1,quasar,False,1,quasar,False,True,1,quasar,0.8215905427932739,1,quasar,0.6313960552215576,1,quasar,0.8133218288421631,1,quasar,0.6973334550857544,0,galaxy,0.35804829001426697,2,star,0.4807201027870178
1809,2,star,2,star,True,2,star,True,True,2,star,0.8963918685913086,2,star,0.9822772145271301,2,star,0.8596085906028748,2,star,0.978702962398529,0,galaxy,0.35804927349090576,0,galaxy,0.5345871448516846
1810,2,star,2,star,True,2,star,True,True,2,star,0.9157497882843018,2,star,0.9928452372550964,2,star,0.9368836283683777,2,star,0.9557284116744995,0,galaxy,0.35805007815361023,2,star,0.7700208425521851
1811,2,star,2,star,True,2,star,True,True,2,star,0.6555869579315186,2,star,0.9323133826255798,2,star,0.9617725610733032,2,star,0.9818936586380005,0,galaxy,0.3580496609210968,2,star,0.9021747708320618
1812,2,star,1,quasar,False,1,quasar,False,True,1,quasar,0.5087096095085144,1,quasar,0.742432177066803,1,quasar,0.7061614394187927,1,quasar,0.7039670348167419,0,galaxy,0.35804951190948486,2,star,0.42213204503059387
1813,2,star,2,star,True,2,star,True,True,2,star,0.9931390881538391,2,star,0.9649852514266968,2,star,0.8936724066734314,2,star,0.9939650893211365,0,galaxy,0.3580479919910431,2,star,0.6536681652069092
1814,2,star,2,star,True,2,star,True,True,2,star,0.9653705954551697,2,star,0.93649822473526,2,star,0.9446889162063599,2,star,0.9837841987609863,0,galaxy,0.35804906487464905,2,star,0.5568056702613831
1815,2,star,2,star,True,2,star,True,True,2,star,0.653315007686615,2,star,0.7438343167304993,1,quasar,0.5536447167396545,2,star,0.5242035984992981,0,galaxy,0.35804903507232666,2,star,0.5735464692115784
1816,2,star,2,star,True,2,star,True,True,2,star,0.9870451092720032,2,star,0.9990419745445251,2,star,0.8668226599693298,2,star,0.9844969511032104,0,galaxy,0.3580477237701416,2,star,0.7670032978057861
1817,2,star,2,star,True,2,star,True,True,2,star,0.7569772601127625,2,star,0.6972125768661499,1,quasar,0.8062430024147034,1,quasar,0.6469183564186096,0,galaxy,0.3580492436885834,2,star,0.6054326891899109
1818,2,star,2,star,True,2,star,True,True,2,star,0.5650127530097961,2,star,0.6208842992782593,2,star,0.6526653170585632,2,star,0.7574184536933899,0,galaxy,0.3580489754676819,2,star,0.609231173992157
1819,2,star,2,star,True,2,star,True,True,2,star,0.9782679080963135,2,star,0.9332033395767212,2,star,0.8607512712478638,2,star,0.8979026675224304,0,galaxy,0.358049213886261,2,star,0.7137657403945923
1820,2,star,2,star,True,2,star,True,True,2,star,0.9922296404838562,2,star,0.9940584897994995,2,star,0.9565616846084595,2,star,0.9907994866371155,0,galaxy,0.35804855823516846,2,star,0.7618421316146851
1821,2,star,2,star,True,2,star,True,True,2,star,0.7177916169166565,2,star,0.6332409381866455,2,star,0.635228157043457,2,star,0.8378503322601318,0,galaxy,0.35804685950279236,2,star,0.7301872968673706
1822,2,star,2,star,True,2,star,True,True,2,star,0.9877246022224426,2,star,0.8766099214553833,2,star,0.9744579792022705,2,star,0.9898089170455933,0,galaxy,0.35809433460235596,2,star,0.6473190188407898
1823,2,star,0,galaxy,False,2,star,True,False,2,star,0.5685085654258728,0,galaxy,0.6830939054489136,2,star,0.810299277305603,2,star,0.4975473880767822,0,galaxy,0.35804495215415955,0,galaxy,0.41029176115989685
1824,2,star,2,star,True,2,star,True,True,2,star,0.9908260703086853,2,star,0.9773714542388916,2,star,0.966742992401123,2,star,0.9963726997375488,0,galaxy,0.35804811120033264,2,star,0.7822056412696838
1825,2,star,2,star,True,2,star,True,True,2,star,0.9897537231445312,2,star,0.9426159262657166,2,star,0.9536267518997192,2,star,0.9952688813209534,0,galaxy,0.35804224014282227,2,star,0.6818696856498718
1826,2,star,2,star,True,2,star,True,True,2,star,0.9664061069488525,2,star,0.9004914164543152,2,star,0.8818376064300537,2,star,0.9537399411201477,0,galaxy,0.3580491244792938,2,star,0.6481488943099976
1827,2,star,2,star,True,2,star,True,True,2,star,0.998008668422699,2,star,0.9542226791381836,2,star,0.9533963203430176,2,star,0.9930040240287781,0,galaxy,0.3580499589443207,2,star,0.8017458915710449
1828,2,star,1,quasar,False,1,quasar,False,True,1,quasar,0.6024911999702454,1,quasar,0.6580709218978882,1,quasar,0.8142960071563721,1,quasar,0.633831799030304,0,galaxy,0.35804665088653564,2,star,0.435576468706131
1829,2,star,2,star,True,2,star,True,True,2,star,0.9982547163963318,2,star,0.9607691168785095,2,star,0.9597822427749634,2,star,0.9927988052368164,0,galaxy,0.3580497205257416,2,star,0.6804276704788208
1830,2,star,2,star,True,2,star,True,True,2,star,0.663486659526825,2,star,0.5037060976028442,2,star,0.6871514916419983,1,quasar,0.36259207129478455,0,galaxy,0.3580503463745117,2,star,0.47040626406669617
1831,2,star,2,star,True,2,star,True,True,2,star,0.9986918568611145,2,star,0.8343634009361267,2,star,0.9443283081054688,2,star,0.6606038808822632,0,galaxy,0.3580494523048401,2,star,0.5101705193519592
1832,2,star,1,quasar,False,1,quasar,False,True,2,star,0.5030801296234131,1,quasar,0.6157472729682922,1,quasar,0.5803720355033875,1,quasar,0.5847263932228088,0,galaxy,0.3580489754676819,2,star,0.43856507539749146
1833,2,star,2,star,True,2,star,True,True,2,star,0.9981899857521057,2,star,0.9977136850357056,2,star,0.9645524024963379,2,star,0.9929297566413879,0,galaxy,0.3580493628978729,2,star,0.46404343843460083
1834,2,star,2,star,True,2,star,True,True,2,star,0.9908460974693298,2,star,0.9670166969299316,2,star,0.9727257490158081,2,star,0.9949700236320496,0,galaxy,0.3580491244792938,2,star,0.7610235810279846
1835,2,star,2,star,True,2,star,True,True,2,star,0.8530078530311584,2,star,0.9717749357223511,2,star,0.9697431325912476,2,star,0.9874580502510071,0,galaxy,0.35805144906044006,2,star,0.5616201162338257
1836,2,star,2,star,True,2,star,True,True,2,star,0.7768022418022156,2,star,0.8233944773674011,2,star,0.9647024869918823,2,star,0.9867444634437561,0,galaxy,0.3580497205257416,2,star,0.7676300406455994
1837,2,star,1,quasar,False,1,quasar,False,True,1,quasar,0.492062509059906,2,star,0.568716824054718,1,quasar,0.7185743451118469,1,quasar,0.7465512752532959,0,galaxy,0.3579759895801544,2,star,0.7134770750999451
1838,2,star,1,quasar,False,1,quasar,False,True,2,star,0.5610840916633606,1,quasar,0.8184882402420044,1,quasar,0.5652062296867371,1,quasar,0.8030846118927002,0,galaxy,0.3580467402935028,2,star,0.8250231146812439
1839,2,star,2,star,True,2,star,True,True,2,star,0.9562273621559143,2,star,0.864893913269043,2,star,0.8959879875183105,2,star,0.9828928112983704,0,galaxy,0.3580497205257416,2,star,0.5336253643035889
1840,2,star,2,star,True,2,star,True,True,1,quasar,0.5578868389129639,2,star,0.708477795124054,1,quasar,0.6484535336494446,2,star,0.6736114025115967,0,galaxy,0.35804739594459534,2,star,0.49225062131881714
1841,2,star,2,star,True,2,star,True,True,2,star,0.757169783115387,2,star,0.5660081505775452,1,quasar,0.5865213871002197,2,star,0.9434429407119751,0,galaxy,0.35805073380470276,2,star,0.43520835041999817
1842,2,star,2,star,True,2,star,True,True,2,star,0.9884137511253357,2,star,0.9410519003868103,2,star,0.9436469674110413,2,star,0.9749603867530823,0,galaxy,0.3580459654331207,2,star,0.788959264755249
1843,2,star,2,star,True,2,star,True,True,2,star,0.9975587129592896,2,star,0.9425386190414429,2,star,0.9548839926719666,2,star,0.947807788848877,0,galaxy,0.3580518364906311,2,star,0.660156786441803
1844,2,star,2,star,True,2,star,True,True,2,star,0.6138728857040405,2,star,0.6783838272094727,1,quasar,0.6852436065673828,1,quasar,0.597641110420227,0,galaxy,0.35804855823516846,2,star,0.5641844868659973
1845,2,star,2,star,True,2,star,True,True,2,star,0.9981573224067688,2,star,0.9980173110961914,2,star,0.957912266254425,2,star,0.9803532361984253,0,galaxy,0.35803142189979553,2,star,0.8081499934196472
1846,2,star,2,star,True,2,star,True,True,2,star,0.8015992641448975,2,star,0.5804712772369385,2,star,0.5282337069511414,2,star,0.8977399468421936,0,galaxy,0.3580494821071625,1,quasar,0.4817289412021637
1847,2,star,2,star,True,2,star,True,True,2,star,0.764257550239563,2,star,0.6404173374176025,2,star,0.5352000594139099,2,star,0.787346363067627,0,galaxy,0.3580494225025177,2,star,0.5579277873039246
1848,2,star,2,star,True,2,star,True,True,2,star,0.7474113702774048,1,quasar,0.5633120536804199,2,star,0.5299178957939148,1,quasar,0.662051796913147,0,galaxy,0.3580489456653595,2,star,0.6542409062385559
1849,2,star,2,star,True,2,star,True,True,2,star,0.8959956765174866,2,star,0.7094159722328186,2,star,0.889061450958252,2,star,0.9337666034698486,0,galaxy,0.3580494225025177,2,star,0.6690317392349243
1850,2,star,2,star,True,2,star,True,True,2,star,0.9611552953720093,2,star,0.927630603313446,2,star,0.9040666818618774,2,star,0.8012697100639343,0,galaxy,0.3580491840839386,2,star,0.9768956899642944
1851,2,star,0,galaxy,False,2,star,True,False,2,star,0.7991435527801514,0,galaxy,0.5289922952651978,2,star,0.9437970519065857,2,star,0.950617253780365,0,galaxy,0.35805439949035645,0,galaxy,0.7682637572288513
1852,2,star,2,star,True,2,star,True,True,2,star,0.914627730846405,2,star,0.8284385204315186,2,star,0.62993323802948,2,star,0.8419880867004395,0,galaxy,0.3580494225025177,2,star,0.7610653042793274
1853,2,star,2,star,True,2,star,True,True,2,star,0.9866877198219299,2,star,0.9784179329872131,2,star,0.9633422493934631,2,star,0.9839515686035156,0,galaxy,0.3580491244792938,2,star,0.8082570433616638
1854,2,star,2,star,True,2,star,True,True,2,star,0.9873887300491333,2,star,0.9966856837272644,2,star,0.9424865245819092,2,star,0.972693145275116,0,galaxy,0.35812023282051086,2,star,0.7398243546485901
1855,2,star,2,star,True,2,star,True,True,2,star,0.8022751212120056,2,star,0.9334496855735779,2,star,0.954587459564209,2,star,0.9060199856758118,0,galaxy,0.3580494821071625,2,star,0.7046072483062744
1856,2,star,2,star,True,2,star,True,True,2,star,0.7886691093444824,2,star,0.9422636032104492,2,star,0.5641241073608398,2,star,0.7716723084449768,0,galaxy,0.35808128118515015,2,star,0.6240097284317017
1857,2,star,2,star,True,2,star,True,True,2,star,0.9100532531738281,2,star,0.9714235663414001,2,star,0.837352991104126,2,star,0.9744436144828796,0,galaxy,0.3580489456653595,2,star,0.5345222353935242
1858,2,star,2,star,True,2,star,True,True,2,star,0.5061344504356384,2,star,0.6026853322982788,2,star,0.6807211637496948,2,star,0.8785426616668701,0,galaxy,0.358049213886261,2,star,0.5979633927345276
1859,2,star,2,star,True,2,star,True,True,2,star,0.9371427297592163,2,star,0.9356629848480225,2,star,0.9128499627113342,2,star,0.9667409062385559,0,galaxy,0.35804906487464905,2,star,0.7485581636428833
1860,2,star,2,star,True,2,star,True,True,2,star,0.9954949617385864,2,star,0.9986159801483154,2,star,0.8798556327819824,2,star,0.9810907244682312,0,galaxy,0.35804930329322815,2,star,0.7786683440208435
1861,2,star,2,star,True,2,star,True,True,2,star,0.7473730444908142,2,star,0.7414826154708862,2,star,0.7013540863990784,2,star,0.8940383195877075,0,galaxy,0.35804980993270874,2,star,0.6101070046424866
1862,2,star,2,star,True,2,star,True,True,2,star,0.8377112746238708,2,star,0.9332210421562195,2,star,0.8300727605819702,2,star,0.49213844537734985,0,galaxy,0.3580472767353058,2,star,0.5858907103538513
1863,2,star,2,star,True,2,star,True,True,1,quasar,0.7137426137924194,2,star,0.9424582719802856,2,star,0.8185281753540039,2,star,0.7676987648010254,0,galaxy,0.3581028878688812,2,star,0.7069831490516663
1864,2,star,1,quasar,False,1,quasar,False,True,1,quasar,0.7107821702957153,1,quasar,0.753922164440155,1,quasar,0.6898816823959351,1,quasar,0.7087621092796326,0,galaxy,0.35804763436317444,2,star,0.5494852662086487
1865,2,star,0,galaxy,False,0,galaxy,False,True,2,star,0.4450077414512634,2,star,0.5927879810333252,0,galaxy,0.8437020182609558,0,galaxy,0.36730822920799255,0,galaxy,0.35804736614227295,0,galaxy,0.62912917137146
1866,2,star,2,star,True,2,star,True,True,2,star,0.9875490665435791,2,star,0.9675402641296387,2,star,0.8954172134399414,2,star,0.9328237771987915,0,galaxy,0.35804954171180725,2,star,0.48870810866355896
1867,2,star,2,star,True,2,star,True,True,2,star,0.9915145635604858,2,star,0.6909340620040894,2,star,0.7563088536262512,2,star,0.9298765659332275,0,galaxy,0.3580496311187744,2,star,0.7441264390945435
1868,2,star,0,galaxy,False,2,star,True,False,2,star,0.8188678026199341,1,quasar,0.5450109839439392,1,quasar,0.5410175323486328,2,star,0.6029065251350403,0,galaxy,0.3580481708049774,0,galaxy,0.4787449240684509
1869,2,star,2,star,True,2,star,True,True,2,star,0.9930174350738525,2,star,0.9229806065559387,2,star,0.9523583054542542,2,star,0.9657459259033203,0,galaxy,0.3580491244792938,2,star,0.6432766318321228
1870,2,star,2,star,True,2,star,True,True,2,star,0.947734534740448,2,star,0.6260408759117126,2,star,0.9611478447914124,2,star,0.9905223250389099,0,galaxy,0.35804876685142517,2,star,0.6530382633209229
1871,2,star,2,star,True,2,star,True,True,2,star,0.9897833466529846,2,star,0.9831347465515137,2,star,0.9221429228782654,2,star,0.9794689416885376,0,galaxy,0.3580490052700043,2,star,0.8901697397232056
1872,2,star,2,star,True,2,star,True,True,2,star,0.767105758190155,2,star,0.9369453191757202,2,star,0.8449963927268982,1,quasar,0.5086835622787476,0,galaxy,0.3580503761768341,2,star,0.6836955547332764
1873,2,star,2,star,True,2,star,True,True,2,star,0.8886287212371826,2,star,0.9846810102462769,2,star,0.8543011546134949,2,star,0.9527497291564941,0,galaxy,0.3581293523311615,2,star,0.7549992799758911
1874,2,star,2,star,True,2,star,True,True,2,star,0.9122813940048218,2,star,0.8950964212417603,2,star,0.866980254650116,2,star,0.9659717679023743,0,galaxy,0.3581106960773468,2,star,0.8330893516540527
1875,2,star,2,star,True,2,star,True,True,2,star,0.8853940963745117,2,star,0.819034218788147,2,star,0.7744935750961304,2,star,0.9946255087852478,0,galaxy,0.35804691910743713,2,star,0.569107711315155
1876,2,star,2,star,True,2,star,True,True,2,star,0.9944023489952087,2,star,0.9835241436958313,2,star,0.9758872985839844,2,star,0.9937187433242798,0,galaxy,0.35804975032806396,2,star,0.8891885876655579
1877,2,star,2,star,True,2,star,True,True,2,star,0.9270344972610474,2,star,0.7966738343238831,2,star,0.6963305473327637,2,star,0.9082955718040466,0,galaxy,0.35804685950279236,2,star,0.8215164542198181
1878,2,star,2,star,True,2,star,True,True,2,star,0.8709508180618286,2,star,0.3994564116001129,2,star,0.7186965942382812,2,star,0.7897370457649231,0,galaxy,0.3580486476421356,2,star,0.8149914145469666
1879,2,star,2,star,True,2,star,True,True,2,star,0.7230343818664551,2,star,0.6163122057914734,2,star,0.5798510909080505,2,star,0.7857232689857483,0,galaxy,0.3580429255962372,2,star,0.5937695503234863
1880,2,star,2,star,True,2,star,True,True,2,star,0.7803992033004761,2,star,0.94148850440979,2,star,0.831725001335144,2,star,0.9844798445701599,0,galaxy,0.35804715752601624,2,star,0.661933422088623
1881,2,star,2,star,True,2,star,True,True,2,star,0.895602285861969,2,star,0.9267095327377319,2,star,0.846872866153717,2,star,0.8901207447052002,0,galaxy,0.3580469787120819,2,star,0.7368348240852356
1882,2,star,2,star,True,2,star,True,True,2,star,0.968281626701355,2,star,0.9754604697227478,2,star,0.8991028666496277,2,star,0.9245371222496033,0,galaxy,0.3580489158630371,2,star,0.5633212327957153
1883,2,star,2,star,True,2,star,True,True,2,star,0.8307912945747375,2,star,0.6429215669631958,2,star,0.7969322204589844,2,star,0.8651746511459351,0,galaxy,0.35804274678230286,0,galaxy,0.43915215134620667
1884,2,star,2,star,True,2,star,True,True,2,star,0.9156938195228577,2,star,0.9537556171417236,2,star,0.9478639364242554,2,star,0.9733402132987976,0,galaxy,0.35804885625839233,0,galaxy,0.7226196527481079
1885,2,star,2,star,True,2,star,True,True,2,star,0.9241989254951477,2,star,0.5207996368408203,2,star,0.9408349990844727,2,star,0.9622843265533447,0,galaxy,0.3580492436885834,2,star,0.4917435944080353
1886,2,star,2,star,True,2,star,True,True,2,star,0.9842615127563477,2,star,0.9953615069389343,2,star,0.9753511548042297,2,star,0.9891659617424011,0,galaxy,0.35804861783981323,2,star,0.958843469619751
1887,2,star,2,star,True,2,star,True,True,2,star,0.8940357565879822,0,galaxy,0.5538856983184814,2,star,0.9169368743896484,2,star,0.9627742767333984,0,galaxy,0.3580493927001953,2,star,0.8420953154563904
1888,2,star,2,star,True,2,star,True,True,2,star,0.8291127681732178,2,star,0.947862446308136,2,star,0.9342734813690186,2,star,0.8755800724029541,0,galaxy,0.3580487072467804,0,galaxy,0.47523388266563416
1889,2,star,0,galaxy,False,0,galaxy,False,True,0,galaxy,0.9343193769454956,0,galaxy,0.9493368268013,0,galaxy,0.4062741994857788,2,star,0.7025564312934875,0,galaxy,0.35804983973503113,2,star,0.5136740803718567
1890,2,star,1,quasar,False,1,quasar,False,True,2,star,0.5155486464500427,1,quasar,0.49562010169029236,1,quasar,0.7242882251739502,1,quasar,0.5966167449951172,0,galaxy,0.35804983973503113,2,star,0.39783793687820435
1891,2,star,0,galaxy,False,2,star,True,False,2,star,0.8455960750579834,0,galaxy,0.9255454540252686,2,star,0.9653018116950989,2,star,0.940209686756134,0,galaxy,0.3580528497695923,0,galaxy,0.6420620679855347
1892,2,star,0,galaxy,False,2,star,True,False,2,star,0.825421154499054,0,galaxy,0.9846107363700867,2,star,0.9408232569694519,2,star,0.938264787197113,0,galaxy,0.3580489456653595,0,galaxy,0.8332045674324036
1893,2,star,2,star,True,2,star,True,True,2,star,0.8642358183860779,2,star,0.3427789807319641,2,star,0.8150615692138672,2,star,0.5368800759315491,0,galaxy,0.3580474257469177,2,star,0.4952189028263092
1894,2,star,2,star,True,1,quasar,False,False,1,quasar,0.6860517263412476,2,star,0.6130684614181519,1,quasar,0.7046505212783813,2,star,0.5323877334594727,0,galaxy,0.3580496907234192,2,star,0.4536319375038147
1895,2,star,2,star,True,2,star,True,True,2,star,0.9908503890037537,2,star,0.7227506041526794,2,star,0.9660831093788147,2,star,0.9923381209373474,0,galaxy,0.35804006457328796,2,star,0.7013164758682251
1896,2,star,2,star,True,2,star,True,True,2,star,0.9422617554664612,2,star,0.6113141179084778,2,star,0.8105559945106506,2,star,0.9656990170478821,0,galaxy,0.3580491542816162,0,galaxy,0.6464630365371704
1897,2,star,0,galaxy,False,2,star,True,False,2,star,0.5517570972442627,0,galaxy,0.6134682893753052,2,star,0.9329706430435181,2,star,0.9173951745033264,0,galaxy,0.35804834961891174,0,galaxy,0.7149156928062439
1898,2,star,2,star,True,2,star,True,True,2,star,0.5449047088623047,0,galaxy,0.9031270742416382,2,star,0.8139448165893555,2,star,0.6424915790557861,0,galaxy,0.3580459952354431,2,star,0.638523519039154
1899,2,star,0,galaxy,False,2,star,True,False,2,star,0.8638462424278259,0,galaxy,0.7947447299957275,2,star,0.9559240341186523,2,star,0.9903963804244995,0,galaxy,0.3580493927001953,0,galaxy,0.41620075702667236
1900,2,star,2,star,True,2,star,True,True,2,star,0.9935165643692017,0,galaxy,0.6904603838920593,2,star,0.9519841074943542,2,star,0.9864397644996643,0,galaxy,0.3580487072467804,2,star,0.6856540441513062
1901,2,star,2,star,True,2,star,True,True,2,star,0.9964799284934998,2,star,0.9552354216575623,2,star,0.9722403287887573,2,star,0.9896308779716492,0,galaxy,0.3580493628978729,2,star,0.5666337609291077
1902,2,star,2,star,True,2,star,True,True,2,star,0.9471232295036316,2,star,0.8306096792221069,2,star,0.9555009007453918,2,star,0.9783433079719543,0,galaxy,0.3580493628978729,2,star,0.5518935918807983
1903,2,star,2,star,True,2,star,True,True,2,star,0.7014603018760681,2,star,0.4388875961303711,2,star,0.936141312122345,2,star,0.7812683582305908,0,galaxy,0.35804474353790283,2,star,0.5019023418426514
1904,2,star,2,star,True,2,star,True,True,1,quasar,0.6861305832862854,2,star,0.48107364773750305,2,star,0.7959930896759033,2,star,0.8542112112045288,0,galaxy,0.3580397069454193,2,star,0.7680620551109314
1905,2,star,0,galaxy,False,2,star,True,False,2,star,0.4708230495452881,0,galaxy,0.4159283936023712,2,star,0.6515868902206421,1,quasar,0.4735957384109497,0,galaxy,0.3580567538738251,0,galaxy,0.40337294340133667
1906,2,star,0,galaxy,False,0,galaxy,False,True,2,star,0.3700260818004608,0,galaxy,0.8337496519088745,0,galaxy,0.8072883486747742,2,star,0.37798866629600525,0,galaxy,0.35804787278175354,2,star,0.449398398399353
1907,2,star,2,star,True,2,star,True,True,2,star,0.8807042837142944,0,galaxy,0.7439048886299133,2,star,0.8623959422111511,2,star,0.980030357837677,0,galaxy,0.358049601316452,2,star,0.5907108783721924
1908,2,star,0,galaxy,False,2,star,True,False,2,star,0.7298034429550171,1,quasar,0.45868444442749023,2,star,0.5901026129722595,0,galaxy,0.5097064971923828,0,galaxy,0.3580496907234192,0,galaxy,0.4564558267593384
1909,2,star,2,star,True,2,star,True,True,1,quasar,0.6099998354911804,2,star,0.7357030510902405,2,star,0.7935163378715515,2,star,0.8501737117767334,0,galaxy,0.3580450117588043,0,galaxy,0.7062171101570129
1910,2,star,2,star,True,2,star,True,True,2,star,0.9895358681678772,2,star,0.9917266368865967,2,star,0.9179442524909973,2,star,0.8425200581550598,0,galaxy,0.3580493628978729,0,galaxy,0.4662948548793793
1911,2,star,2,star,True,2,star,True,True,2,star,0.8248643279075623,2,star,0.8454608917236328,2,star,0.8473443984985352,2,star,0.9790886044502258,0,galaxy,0.35804879665374756,2,star,0.4962819516658783
1912,2,star,2,star,True,2,star,True,True,2,star,0.995145857334137,2,star,0.9865092635154724,2,star,0.9712944626808167,2,star,0.9901735782623291,0,galaxy,0.3580506443977356,0,galaxy,0.4966147541999817
1913,2,star,2,star,True,2,star,True,True,2,star,0.9276008605957031,2,star,0.5294392704963684,2,star,0.8997262120246887,2,star,0.9617741107940674,0,galaxy,0.358049213886261,0,galaxy,0.38483962416648865
1914,2,star,2,star,True,2,star,True,True,2,star,0.7523502111434937,2,star,0.970834493637085,2,star,0.6421960592269897,1,quasar,0.49262478947639465,0,galaxy,0.3580482304096222,0,galaxy,0.5389816761016846
1915,2,star,2,star,True,2,star,True,True,2,star,0.8666819930076599,2,star,0.8375513553619385,2,star,0.8677294850349426,2,star,0.9785369634628296,0,galaxy,0.3580491840839386,2,star,0.8053532838821411
1916,2,star,2,star,True,2,star,True,True,2,star,0.9769886136054993,2,star,0.9339746236801147,2,star,0.9661367535591125,2,star,0.9936227202415466,0,galaxy,0.3580489754676819,2,star,0.5993208289146423
1917,2,star,2,star,True,2,star,True,True,2,star,0.9545795917510986,2,star,0.6389703750610352,2,star,0.8375336527824402,2,star,0.6848551630973816,0,galaxy,0.35805338621139526,0,galaxy,0.5663301348686218
1918,2,star,2,star,True,2,star,True,True,2,star,0.9912499189376831,2,star,0.9958701729774475,2,star,0.9316256642341614,2,star,0.9896357655525208,0,galaxy,0.3580484986305237,0,galaxy,0.41552335023880005
1919,2,star,1,quasar,False,1,quasar,False,True,1,quasar,0.5898370146751404,1,quasar,0.5860375165939331,1,quasar,0.7130535244941711,1,quasar,0.5869187712669373,0,galaxy,0.358049213886261,2,star,0.46477624773979187
1920,2,star,2,star,True,2,star,True,True,2,star,0.9221492409706116,2,star,0.9009164571762085,2,star,0.596785843372345,2,star,0.7922403216362,0,galaxy,0.3580470383167267,0,galaxy,0.7494491338729858
1921,2,star,0,galaxy,False,2,star,True,False,2,star,0.8087714910507202,0,galaxy,0.6208499670028687,2,star,0.9579731822013855,2,star,0.9866515398025513,0,galaxy,0.3580491840839386,0,galaxy,0.4594220817089081
1922,2,star,2,star,True,2,star,True,True,2,star,0.9803101420402527,2,star,0.9932985901832581,2,star,0.9734020829200745,2,star,0.9951445460319519,0,galaxy,0.3580504059791565,0,galaxy,0.5763987898826599
1923,2,star,2,star,True,2,star,True,True,2,star,0.8572096228599548,2,star,0.5437057614326477,2,star,0.7486363053321838,2,star,0.7189717888832092,0,galaxy,0.3580493927001953,0,galaxy,0.440551221370697
1924,2,star,1,quasar,False,1,quasar,False,True,1,quasar,0.5882341861724854,1,quasar,0.8040259480476379,1,quasar,0.7530138492584229,1,quasar,0.6567440629005432,0,galaxy,0.358048677444458,0,galaxy,0.5259130597114563
1925,2,star,2,star,True,2,star,True,True,2,star,0.6597582697868347,2,star,0.8130888342857361,2,star,0.7329003810882568,2,star,0.6602019667625427,0,galaxy,0.35804930329322815,2,star,0.41267409920692444
1926,2,star,2,star,True,2,star,True,True,2,star,0.9625630378723145,2,star,0.9830112457275391,2,star,0.9580285549163818,2,star,0.9925271272659302,0,galaxy,0.35804980993270874,2,star,0.5607507228851318
1927,2,star,1,quasar,False,1,quasar,False,True,1,quasar,0.6172327995300293,1,quasar,0.8176438212394714,1,quasar,0.7691443562507629,1,quasar,0.6973045468330383,0,galaxy,0.3580490052700043,2,star,0.36645910143852234
1928,2,star,2,star,True,2,star,True,True,2,star,0.9416810870170593,2,star,0.9563608169555664,2,star,0.9590110778808594,2,star,0.9729875326156616,0,galaxy,0.35805320739746094,2,star,0.5540648698806763
1929,2,star,2,star,True,2,star,True,True,2,star,0.7038698196411133,2,star,0.6720348596572876,2,star,0.8430737257003784,2,star,0.9000467658042908,0,galaxy,0.3580491244792938,0,galaxy,0.4621426463127136
1930,2,star,1,quasar,False,1,quasar,False,True,1,quasar,0.8883490562438965,1,quasar,0.7186840176582336,1,quasar,0.7937011122703552,1,quasar,0.6374077796936035,0,galaxy,0.35804808139801025,2,star,0.4369736313819885
1931,2,star,1,quasar,False,2,star,True,False,2,star,0.7568822503089905,1,quasar,0.45549094676971436,1,quasar,0.46915403008461,1,quasar,0.4916623830795288,0,galaxy,0.3580465316772461,0,galaxy,0.520967423915863
1932,2,star,2,star,True,2,star,True,True,2,star,0.6703803539276123,0,galaxy,0.5681148767471313,2,star,0.880437433719635,2,star,0.5568370223045349,0,galaxy,0.3580493927001953,2,star,0.4751426875591278
1933,2,star,2,star,True,2,star,True,True,2,star,0.9594571590423584,1,quasar,0.5019456744194031,2,star,0.8010433912277222,2,star,0.940267026424408,0,galaxy,0.3580491542816162,2,star,0.6185945868492126
1934,2,star,1,quasar,False,1,quasar,False,True,1,quasar,0.6007386445999146,1,quasar,0.7318522334098816,1,quasar,0.7705957293510437,1,quasar,0.43565887212753296,0,galaxy,0.35804954171180725,2,star,0.6371506452560425
1935,2,star,1,quasar,False,1,quasar,False,True,2,star,0.5917614698410034,1,quasar,0.5297111868858337,1,quasar,0.7569583654403687,1,quasar,0.5643967390060425,0,galaxy,0.358049213886261,2,star,0.40965479612350464
1936,2,star,2,star,True,2,star,True,True,2,star,0.9915564060211182,2,star,0.9639803171157837,2,star,0.940173864364624,2,star,0.9889881014823914,0,galaxy,0.3580501079559326,2,star,0.5394766330718994
1937,2,star,2,star,True,2,star,True,True,2,star,0.9945419430732727,2,star,0.9802200794219971,2,star,0.8706433773040771,2,star,0.9529818296432495,0,galaxy,0.35804739594459534,2,star,0.8097120523452759
1938,2,star,2,star,True,2,star,True,True,2,star,0.9950039982795715,2,star,0.7696928977966309,2,star,0.9710242748260498,2,star,0.9700999855995178,0,galaxy,0.3580542802810669,0,galaxy,0.5611709356307983
1939,2,star,2,star,True,2,star,True,True,2,star,0.9911690950393677,2,star,0.7287604212760925,2,star,0.9556955099105835,2,star,0.9924112558364868,0,galaxy,0.35804983973503113,2,star,0.5994659662246704
1940,2,star,2,star,True,2,star,True,True,1,quasar,0.5716465711593628,1,quasar,0.49618202447891235,2,star,0.6147404909133911,2,star,0.8498675227165222,0,galaxy,0.35804906487464905,2,star,0.4764561057090759
1941,2,star,1,quasar,False,1,quasar,False,True,2,star,0.5339674949645996,1,quasar,0.523041844367981,1,quasar,0.598649263381958,1,quasar,0.816421389579773,0,galaxy,0.3580493927001953,2,star,0.4766280949115753
1942,2,star,2,star,True,2,star,True,True,2,star,0.9870513677597046,2,star,0.9913812279701233,2,star,0.9711296558380127,2,star,0.9947761297225952,0,galaxy,0.3580490052700043,2,star,0.4406990706920624
1943,2,star,1,quasar,False,1,quasar,False,True,1,quasar,0.8285357356071472,1,quasar,0.919052243232727,1,quasar,0.7444195747375488,1,quasar,0.8372324109077454,0,galaxy,0.3581734299659729,2,star,0.564609944820404
1944,2,star,2,star,True,2,star,True,True,2,star,0.6724886298179626,2,star,0.500329852104187,1,quasar,0.7558760643005371,1,quasar,0.49454715847969055,0,galaxy,0.3580494821071625,2,star,0.4042716324329376
1945,2,star,1,quasar,False,2,star,True,False,2,star,0.6885325312614441,1,quasar,0.6847168207168579,1,quasar,0.628354012966156,1,quasar,0.6025611162185669,0,galaxy,0.3580405116081238,2,star,0.7651214003562927
1946,2,star,2,star,True,2,star,True,True,2,star,0.8167689442634583,2,star,0.8964327573776245,2,star,0.580017626285553,2,star,0.6384040713310242,0,galaxy,0.35804951190948486,2,star,0.7243772745132446
1947,2,star,2,star,True,2,star,True,True,2,star,0.9689450860023499,2,star,0.9345411658287048,2,star,0.9145115613937378,2,star,0.8818691968917847,0,galaxy,0.35804879665374756,2,star,0.7816387414932251
1948,2,star,2,star,True,2,star,True,True,2,star,0.9907029867172241,2,star,0.9918255805969238,2,star,0.965276837348938,2,star,0.9946258664131165,0,galaxy,0.35804983973503113,2,star,0.6453716158866882
1949,2,star,2,star,True,2,star,True,True,2,star,0.9925411939620972,2,star,0.8390818238258362,2,star,0.9722704887390137,2,star,0.9958447813987732,0,galaxy,0.3580496609210968,2,star,0.6458674669265747
1950,2,star,1,quasar,False,1,quasar,False,True,2,star,0.6264947652816772,1,quasar,0.5972395539283752,1,quasar,0.6221538782119751,1,quasar,0.6156501770019531,0,galaxy,0.35804709792137146,2,star,0.4414544403553009
1951,2,star,2,star,True,2,star,True,True,2,star,0.9687820076942444,2,star,0.9003299474716187,2,star,0.8625079989433289,2,star,0.9791656136512756,0,galaxy,0.3580486476421356,2,star,0.7693486213684082
1952,2,star,1,quasar,False,1,quasar,False,True,1,quasar,0.714072585105896,1,quasar,0.831635057926178,1,quasar,0.7731118202209473,1,quasar,0.6309683322906494,0,galaxy,0.35804980993270874,2,star,0.4769446849822998
1953,2,star,1,quasar,False,1,quasar,False,True,1,quasar,0.5429618954658508,1,quasar,0.6329484581947327,1,quasar,0.7969207763671875,1,quasar,0.7366596460342407,0,galaxy,0.35804298520088196,2,star,0.6563855409622192
1954,2,star,2,star,True,2,star,True,True,2,star,0.8860209584236145,2,star,0.9389235973358154,2,star,0.8344088196754456,2,star,0.8925515413284302,0,galaxy,0.3580489158630371,2,star,0.8655387759208679
1955,2,star,0,galaxy,False,2,star,True,False,2,star,0.4487774968147278,1,quasar,0.59690922498703,1,quasar,0.5153278708457947,2,star,0.4921462833881378,0,galaxy,0.3580480217933655,0,galaxy,0.43681278824806213
1956,2,star,2,star,True,2,star,True,True,2,star,0.8094310760498047,2,star,0.8915659189224243,2,star,0.8633537888526917,2,star,0.9756863713264465,0,galaxy,0.3580469787120819,2,star,0.5900018811225891
1957,2,star,2,star,True,2,star,True,True,2,star,0.8298003673553467,2,star,0.7995214462280273,2,star,0.6611783504486084,2,star,0.9807136654853821,0,galaxy,0.35804980993270874,0,galaxy,0.5606916546821594
1958,2,star,2,star,True,2,star,True,True,2,star,0.8720222115516663,2,star,0.7496930956840515,1,quasar,0.49521082639694214,2,star,0.4905995726585388,0,galaxy,0.3580486476421356,2,star,0.550902783870697
1959,2,star,2,star,True,2,star,True,True,2,star,0.9742898344993591,2,star,0.9669438004493713,2,star,0.9354774951934814,2,star,0.9944941401481628,0,galaxy,0.35804861783981323,0,galaxy,0.9110336899757385
1960,2,star,2,star,True,2,star,True,True,2,star,0.9260575175285339,2,star,0.6470568180084229,2,star,0.7111907005310059,2,star,0.8347164988517761,0,galaxy,0.3580491542816162,0,galaxy,0.8129952549934387
1961,2,star,2,star,True,2,star,True,True,2,star,0.9089002013206482,1,quasar,0.5066144466400146,2,star,0.636070191860199,2,star,0.8388956189155579,0,galaxy,0.35804882645606995,1,quasar,0.41346582770347595
1962,2,star,1,quasar,False,1,quasar,False,True,1,quasar,0.9280086755752563,1,quasar,0.887495756149292,1,quasar,0.8312111496925354,1,quasar,0.7116407752037048,0,galaxy,0.3580505847930908,2,star,0.5596466064453125
1963,2,star,2,star,True,2,star,True,True,2,star,0.9439058303833008,2,star,0.9612521529197693,2,star,0.7941230535507202,2,star,0.8684601783752441,0,galaxy,0.35804852843284607,2,star,0.6071541905403137
1964,2,star,2,star,True,2,star,True,True,2,star,0.7818944454193115,2,star,0.9412908554077148,2,star,0.627610981464386,2,star,0.6637362241744995,0,galaxy,0.3580370545387268,2,star,0.6832721829414368
1965,2,star,2,star,True,2,star,True,True,2,star,0.9641803503036499,2,star,0.9462414383888245,2,star,0.9699421525001526,2,star,0.992327868938446,0,galaxy,0.3580499589443207,1,quasar,0.35859957337379456
1966,2,star,2,star,True,2,star,True,True,2,star,0.9967633485794067,2,star,0.9708698987960815,2,star,0.9603859186172485,2,star,0.9943963289260864,0,galaxy,0.35804978013038635,0,galaxy,0.8010579943656921
1967,2,star,2,star,True,2,star,True,True,2,star,0.7447459697723389,1,quasar,0.5249889492988586,2,star,0.6219972372055054,2,star,0.8418360352516174,0,galaxy,0.3580487072467804,2,star,0.6939523816108704
1968,2,star,2,star,True,2,star,True,True,2,star,0.9963221549987793,0,galaxy,0.8271046876907349,2,star,0.9549237489700317,2,star,0.9580292701721191,0,galaxy,0.3580487370491028,2,star,0.6553979516029358
1969,2,star,2,star,True,2,star,True,True,2,star,0.9568891525268555,2,star,0.8100244998931885,2,star,0.8479651212692261,2,star,0.8938578963279724,0,galaxy,0.3580480217933655,2,star,0.679801344871521
1970,2,star,1,quasar,False,1,quasar,False,True,1,quasar,0.8639247417449951,1,quasar,0.8960883021354675,1,quasar,0.8245041370391846,1,quasar,0.6082847118377686,0,galaxy,0.35804930329322815,1,quasar,0.3686550259590149
1971,2,star,2,star,True,2,star,True,True,2,star,0.938127875328064,2,star,0.8830474615097046,2,star,0.7951542735099792,2,star,0.7444968819618225,0,galaxy,0.3574545681476593,1,quasar,0.45550453662872314
1972,2,star,2,star,True,2,star,True,True,2,star,0.9837708473205566,2,star,0.9620808362960815,2,star,0.872390627861023,2,star,0.958608090877533,0,galaxy,0.35804954171180725,2,star,0.7531577944755554
1973,2,star,1,quasar,False,1,quasar,False,True,2,star,0.5067493915557861,1,quasar,0.8091704845428467,1,quasar,0.6165555119514465,1,quasar,0.5705872178077698,0,galaxy,0.3580475151538849,1,quasar,0.44505441188812256
1974,2,star,2,star,True,2,star,True,True,2,star,0.6736445426940918,2,star,0.8221563100814819,2,star,0.7320141196250916,2,star,0.9439114332199097,0,galaxy,0.35804879665374756,2,star,0.7220069169998169
1975,2,star,2,star,True,2,star,True,True,2,star,0.987423837184906,2,star,0.908044159412384,2,star,0.9737187027931213,2,star,0.9853111505508423,0,galaxy,0.3580491840839386,2,star,0.6904816031455994
1976,2,star,0,galaxy,False,0,galaxy,False,True,0,galaxy,0.7180355191230774,0,galaxy,0.5207446217536926,2,star,0.41860541701316833,2,star,0.5270991921424866,0,galaxy,0.3580537438392639,0,galaxy,0.5853356719017029
1977,2,star,2,star,True,2,star,True,True,2,star,0.9615478515625,2,star,0.8481095433235168,2,star,0.9144009947776794,2,star,0.9686325788497925,0,galaxy,0.3580487370491028,2,star,0.5360516309738159
1978,2,star,0,galaxy,False,2,star,True,False,2,star,0.8919559717178345,0,galaxy,0.43703797459602356,1,quasar,0.6200681924819946,1,quasar,0.7134397029876709,0,galaxy,0.35824713110923767,2,star,0.5906124711036682
1979,2,star,2,star,True,2,star,True,True,2,star,0.9210132360458374,2,star,0.8655176162719727,2,star,0.8924924731254578,2,star,0.5246643424034119,0,galaxy,0.3580491244792938,0,galaxy,0.5013350248336792
1980,2,star,2,star,True,2,star,True,True,2,star,0.9530836939811707,2,star,0.6091712117195129,2,star,0.8249362707138062,2,star,0.6526355147361755,0,galaxy,0.35804861783981323,2,star,0.7210648655891418
1981,2,star,2,star,True,2,star,True,True,2,star,0.9640374183654785,2,star,0.8896345496177673,2,star,0.9239012002944946,2,star,0.9888700246810913,0,galaxy,0.3580504059791565,2,star,0.6098127365112305
1982,2,star,2,star,True,1,quasar,False,False,2,star,0.5011007785797119,1,quasar,0.7396876811981201,1,quasar,0.6570621728897095,2,star,0.5014200806617737,0,galaxy,0.358049213886261,2,star,0.5478739142417908
1983,2,star,2,star,True,2,star,True,True,2,star,0.7717462182044983,1,quasar,0.6943719983100891,1,quasar,0.49029016494750977,2,star,0.8033573031425476,0,galaxy,0.358081191778183,2,star,0.44426894187927246
1984,2,star,2,star,True,2,star,True,True,2,star,0.5150466561317444,2,star,0.7271490097045898,1,quasar,0.803887665271759,2,star,0.48898857831954956,0,galaxy,0.3580459952354431,2,star,0.4364367723464966
1985,2,star,2,star,True,1,quasar,False,False,2,star,0.6641924977302551,2,star,0.6126158833503723,1,quasar,0.8146535158157349,1,quasar,0.6822147369384766,0,galaxy,0.3580854833126068,2,star,0.44644126296043396
1986,2,star,1,quasar,False,1,quasar,False,True,1,quasar,0.91373610496521,2,star,0.6603646278381348,1,quasar,0.7895026803016663,1,quasar,0.7135587334632874,0,galaxy,0.35804882645606995,2,star,0.4165838360786438
1987,2,star,2,star,True,2,star,True,True,2,star,0.995947539806366,2,star,0.9986509680747986,2,star,0.9591977000236511,2,star,0.9945411086082458,0,galaxy,0.3580496907234192,2,star,0.6677760481834412
1988,2,star,1,quasar,False,1,quasar,False,True,1,quasar,0.8415826559066772,1,quasar,0.8722135424613953,1,quasar,0.8073082566261292,1,quasar,0.581218957901001,0,galaxy,0.3580482006072998,1,quasar,0.4080424904823303
1989,2,star,2,star,True,2,star,True,True,2,star,0.9970476031303406,2,star,0.60276859998703,2,star,0.931135356426239,0,galaxy,0.8415396809577942,0,galaxy,0.358100026845932,2,star,0.6790683269500732
1990,2,star,2,star,True,2,star,True,True,2,star,0.7542153000831604,2,star,0.5502461791038513,2,star,0.7394844889640808,2,star,0.935695469379425,0,galaxy,0.35805001854896545,2,star,0.5913749933242798
1991,2,star,2,star,True,2,star,True,True,2,star,0.930728554725647,2,star,0.6832169890403748,2,star,0.8870954513549805,2,star,0.6496056914329529,0,galaxy,0.3580489158630371,2,star,0.5494735240936279
1992,2,star,2,star,True,2,star,True,True,2,star,0.9207932353019714,2,star,0.8918618559837341,2,star,0.9338199496269226,2,star,0.9868956208229065,0,galaxy,0.3580499589443207,2,star,0.7369117736816406
1993,2,star,2,star,True,2,star,True,True,2,star,0.9954110980033875,2,star,0.8831852078437805,2,star,0.8809253573417664,2,star,0.5687097311019897,0,galaxy,0.35804980993270874,0,galaxy,0.4063459038734436
1994,2,star,2,star,True,2,star,True,True,2,star,0.9697242379188538,2,star,0.9402095675468445,2,star,0.8768703937530518,2,star,0.9482016563415527,0,galaxy,0.35804998874664307,2,star,0.6303312182426453
1995,2,star,1,quasar,False,1,quasar,False,True,1,quasar,0.5680686235427856,1,quasar,0.530587375164032,1,quasar,0.7326584458351135,1,quasar,0.5563705563545227,0,galaxy,0.3580489158630371,2,star,0.5121526122093201
1996,2,star,1,quasar,False,1,quasar,False,True,1,quasar,0.8046721816062927,1,quasar,0.6281160712242126,1,quasar,0.813133716583252,1,quasar,0.6533928513526917,0,galaxy,0.35804903507232666,2,star,0.4316301643848419
1997,2,star,1,quasar,False,1,quasar,False,True,1,quasar,0.6704477071762085,1,quasar,0.8564352989196777,1,quasar,0.7054278254508972,1,quasar,0.7896072864532471,0,galaxy,0.3580492436885834,2,star,0.43363896012306213
1998,2,star,1,quasar,False,1,quasar,False,True,1,quasar,0.8667711019515991,1,quasar,0.8926170468330383,1,quasar,0.8304136395454407,1,quasar,0.7376804947853088,0,galaxy,0.35805195569992065,2,star,0.4044254422187805
1999,2,star,1,quasar,False,1,quasar,False,True,1,quasar,0.8175137042999268,1,quasar,0.8161312937736511,1,quasar,0.8255998492240906,1,quasar,0.5917796492576599,0,galaxy,0.35804879665374756,0,galaxy,0.44577622413635254
2000,2,star,0,galaxy,False,2,star,True,False,2,star,0.9841306805610657,0,galaxy,0.9117535948753357,2,star,0.9739711284637451,2,star,0.9934670329093933,0,galaxy,0.35805103182792664,0,galaxy,0.4852858781814575
2001,2,star,2,star,True,2,star,True,True,2,star,0.9395144581794739,0,galaxy,0.6138895750045776,2,star,0.9221287369728088,2,star,0.9148901104927063,0,galaxy,0.358050137758255,2,star,0.4962248206138611
2002,2,star,2,star,True,2,star,True,True,2,star,0.8281765580177307,2,star,0.8005622029304504,2,star,0.9066529870033264,2,star,0.9767974019050598,0,galaxy,0.3580493628978729,2,star,0.6838634014129639
2003,2,star,2,star,True,2,star,True,True,2,star,0.961891770362854,2,star,0.8352254033088684,2,star,0.9518656134605408,2,star,0.9605560302734375,0,galaxy,0.358049601316452,2,star,0.5983015894889832
2004,2,star,2,star,True,2,star,True,True,2,star,0.9356557726860046,2,star,0.9458495378494263,2,star,0.9374189972877502,2,star,0.9757097363471985,0,galaxy,0.35804927349090576,2,star,0.6657454967498779
2005,2,star,2,star,True,2,star,True,True,2,star,0.9841426014900208,2,star,0.9832417964935303,2,star,0.9582371115684509,2,star,0.9524080157279968,0,galaxy,0.3580484986305237,2,star,0.8981768488883972
2006,2,star,2,star,True,2,star,True,True,2,star,0.9246302247047424,2,star,0.9140985012054443,2,star,0.9609566926956177,2,star,0.9849303960800171,0,galaxy,0.3580527901649475,0,galaxy,0.6437190175056458
2007,2,star,2,star,True,2,star,True,True,2,star,0.7048506736755371,2,star,0.533406138420105,1,quasar,0.44565850496292114,2,star,0.5520082712173462,0,galaxy,0.3580460548400879,0,galaxy,0.37433695793151855
2008,2,star,2,star,True,2,star,True,True,2,star,0.5993466377258301,0,galaxy,0.8540709614753723,2,star,0.6747032999992371,1,quasar,0.43108654022216797,0,galaxy,0.3580235242843628,2,star,0.861248791217804
2009,2,star,1,quasar,False,1,quasar,False,True,1,quasar,0.8851993680000305,1,quasar,0.9301334023475647,1,quasar,0.8176131844520569,1,quasar,0.8083969950675964,0,galaxy,0.3580492436885834,1,quasar,0.45916467905044556
2010,2,star,2,star,True,2,star,True,True,2,star,0.958782434463501,2,star,0.9415755867958069,2,star,0.7938691973686218,2,star,0.8613778948783875,0,galaxy,0.35804998874664307,0,galaxy,0.5374592542648315
2011,2,star,1,quasar,False,1,quasar,False,True,1,quasar,0.6603468656539917,1,quasar,0.5708698630332947,1,quasar,0.7916036248207092,2,star,0.5568602681159973,0,galaxy,0.3580454885959625,2,star,0.5958734154701233
2012,2,star,2,star,True,2,star,True,True,2,star,0.9550168514251709,2,star,0.8264363408088684,2,star,0.8440794348716736,2,star,0.974048376083374,0,galaxy,0.35805076360702515,2,star,0.4644593596458435
2013,2,star,0,galaxy,False,2,star,True,False,2,star,0.7069932222366333,2,star,0.6373546123504639,1,quasar,0.5329465270042419,0,galaxy,0.5417053699493408,0,galaxy,0.35805025696754456,0,galaxy,0.5417876243591309
2014,2,star,2,star,True,2,star,True,True,2,star,0.9209275841712952,2,star,0.6863977909088135,1,quasar,0.5734319090843201,2,star,0.7817960977554321,0,galaxy,0.3580518662929535,2,star,0.46897414326667786
2015,2,star,2,star,True,2,star,True,True,2,star,0.9805136322975159,2,star,0.9644040465354919,2,star,0.9480141997337341,2,star,0.9889287352561951,0,galaxy,0.35804954171180725,2,star,0.5611059665679932
2016,2,star,1,quasar,False,1,quasar,False,True,1,quasar,0.6816043853759766,1,quasar,0.7907803058624268,1,quasar,0.8266906142234802,1,quasar,0.6813322901725769,0,galaxy,0.3580492436885834,2,star,0.47704726457595825
2017,2,star,2,star,True,2,star,True,True,2,star,0.9883412718772888,2,star,0.9317697286605835,2,star,0.8385552167892456,2,star,0.9730226397514343,0,galaxy,0.35804927349090576,2,star,0.6596567034721375
2018,2,star,1,quasar,False,2,star,True,False,1,quasar,0.5923882126808167,1,quasar,0.5933793187141418,1,quasar,0.5005866289138794,2,star,0.8102862238883972,0,galaxy,0.35804983973503113,2,star,0.8033771514892578
2019,2,star,2,star,True,2,star,True,True,2,star,0.9793892502784729,2,star,0.7954555749893188,2,star,0.8105490803718567,2,star,0.9488899111747742,0,galaxy,0.3580492436885834,2,star,0.7298600077629089
2020,2,star,2,star,True,2,star,True,True,2,star,0.8760865330696106,2,star,0.5811097025871277,2,star,0.7263926863670349,2,star,0.5479011535644531,0,galaxy,0.35804983973503113,2,star,0.5769149661064148
2021,2,star,0,galaxy,False,2,star,True,False,2,star,0.8577603697776794,1,quasar,0.4657258689403534,1,quasar,0.7340933680534363,2,star,0.5343888401985168,0,galaxy,0.3580479621887207,0,galaxy,0.5390491485595703
2022,2,star,1,quasar,False,1,quasar,False,True,1,quasar,0.5471262335777283,1,quasar,0.6851645708084106,1,quasar,0.6825422048568726,2,star,0.6348941922187805,0,galaxy,0.35804593563079834,2,star,0.6486387252807617
2023,2,star,1,quasar,False,1,quasar,False,True,1,quasar,0.7553940415382385,1,quasar,0.591192364692688,1,quasar,0.7317076921463013,1,quasar,0.6900303363800049,0,galaxy,0.3580496609210968,1,quasar,0.46193161606788635
2024,2,star,2,star,True,2,star,True,True,2,star,0.8980720639228821,2,star,0.9860462546348572,2,star,0.9153596758842468,2,star,0.9152817726135254,0,galaxy,0.35804080963134766,2,star,0.8326761722564697
2025,2,star,2,star,True,2,star,True,True,2,star,0.9809844493865967,2,star,0.7078758478164673,2,star,0.909670352935791,2,star,0.9810500741004944,0,galaxy,0.3580333888530731,2,star,0.689025342464447
2026,2,star,2,star,True,2,star,True,True,2,star,0.7169287800788879,2,star,0.7563812136650085,1,quasar,0.6521419882774353,1,quasar,0.6553417444229126,0,galaxy,0.35804957151412964,2,star,0.5038594007492065
2027,2,star,2,star,True,2,star,True,True,2,star,0.6538196206092834,1,quasar,0.5151175260543823,2,star,0.5476863384246826,2,star,0.7344611287117004,0,galaxy,0.35804885625839233,2,star,0.6711214184761047
2028,2,star,1,quasar,False,1,quasar,False,True,1,quasar,0.5660766363143921,1,quasar,0.5897173881530762,1,quasar,0.8305646181106567,1,quasar,0.6886596083641052,0,galaxy,0.35804933309555054,2,star,0.3964158892631531
2029,2,star,2,star,True,2,star,True,True,2,star,0.9962588548660278,2,star,0.9959165453910828,2,star,0.9633588194847107,2,star,0.9387552738189697,0,galaxy,0.35802707076072693,2,star,0.7722967267036438
2030,2,star,2,star,True,2,star,True,True,2,star,0.9908370971679688,2,star,0.9950801134109497,2,star,0.9697208404541016,2,star,0.9818471074104309,0,galaxy,0.3580484986305237,2,star,0.5845696926116943
2031,2,star,0,galaxy,False,0,galaxy,False,True,0,galaxy,0.7473614811897278,0,galaxy,0.526585578918457,0,galaxy,0.9730684161186218,2,star,0.6675115823745728,0,galaxy,0.3580479621887207,0,galaxy,0.5591545104980469
2032,2,star,2,star,True,2,star,True,True,2,star,0.645957887172699,1,quasar,0.5597006678581238,1,quasar,0.5620483160018921,2,star,0.4939941167831421,0,galaxy,0.3580475449562073,2,star,0.4792026877403259
2033,2,star,1,quasar,False,1,quasar,False,True,1,quasar,0.8430564403533936,1,quasar,0.8245782852172852,1,quasar,0.7833324074745178,1,quasar,0.7569887042045593,0,galaxy,0.35803669691085815,2,star,0.5124650001525879
2034,2,star,2,star,True,2,star,True,True,2,star,0.6646068096160889,2,star,0.5956684350967407,1,quasar,0.5693394541740417,2,star,0.6576665639877319,0,galaxy,0.3580491244792938,2,star,0.5061684846878052
2035,2,star,2,star,True,2,star,True,True,2,star,0.9324499368667603,2,star,0.9292499423027039,2,star,0.8977838754653931,2,star,0.9808201193809509,0,galaxy,0.35805001854896545,2,star,0.6891665458679199
2036,2,star,1,quasar,False,1,quasar,False,True,1,quasar,0.7645987868309021,1,quasar,0.8715904951095581,1,quasar,0.8070641756057739,1,quasar,0.5305287837982178,0,galaxy,0.35804978013038635,2,star,0.4355195462703705
2037,2,star,0,galaxy,False,0,galaxy,False,True,2,star,0.4466915428638458,0,galaxy,0.44211864471435547,0,galaxy,0.7289053797721863,2,star,0.5225056409835815,0,galaxy,0.35805466771125793,0,galaxy,0.9898561239242554
2038,2,star,1,quasar,False,1,quasar,False,True,1,quasar,0.7538604140281677,1,quasar,0.5303305983543396,1,quasar,0.7951650619506836,1,quasar,0.5211814045906067,0,galaxy,0.3580426275730133,0,galaxy,0.7268102169036865
2039,2,star,2,star,True,2,star,True,True,1,quasar,0.5117444396018982,2,star,0.9488043785095215,2,star,0.49716031551361084,2,star,0.8283437490463257,0,galaxy,0.3580436706542969,2,star,0.5502526164054871
2040,2,star,2,star,True,2,star,True,True,2,star,0.8708819150924683,2,star,0.9742870926856995,2,star,0.9064856171607971,2,star,0.9188840985298157,0,galaxy,0.35804978013038635,2,star,0.7211337685585022
2041,2,star,1,quasar,False,1,quasar,False,True,1,quasar,0.805453360080719,2,star,0.49086880683898926,1,quasar,0.8347519636154175,1,quasar,0.6793761849403381,0,galaxy,0.35804858803749084,0,galaxy,0.5168753266334534
2042,2,star,2,star,True,2,star,True,True,2,star,0.8719978332519531,2,star,0.7620933651924133,1,quasar,0.5639604926109314,2,star,0.7892816662788391,0,galaxy,0.3580492436885834,2,star,0.465072363615036
2043,2,star,1,quasar,False,1,quasar,False,True,1,quasar,0.8167657852172852,1,quasar,0.7487732768058777,1,quasar,0.8278335332870483,1,quasar,0.6400156021118164,0,galaxy,0.3580440282821655,2,star,0.4738200008869171
2044,2,star,2,star,True,2,star,True,True,2,star,0.9353293776512146,2,star,0.7577952146530151,2,star,0.8785630464553833,2,star,0.95383620262146,0,galaxy,0.35804885625839233,2,star,0.6736569404602051
2045,2,star,2,star,True,2,star,True,True,2,star,0.8542115092277527,2,star,0.9215661883354187,0,galaxy,0.43363407254219055,2,star,0.7855538129806519,0,galaxy,0.35804980993270874,2,star,0.5809032917022705
2046,2,star,1,quasar,False,1,quasar,False,True,2,star,0.5495779514312744,1,quasar,0.5631023645401001,1,quasar,0.8082441687583923,1,quasar,0.5278357267379761,0,galaxy,0.35804930329322815,2,star,0.5870283246040344
2047,2,star,2,star,True,2,star,True,True,2,star,0.9524584412574768,0,galaxy,0.969673752784729,2,star,0.9578285813331604,2,star,0.9927175045013428,0,galaxy,0.35804232954978943,2,star,0.6754119992256165
2048,2,star,1,quasar,False,1,quasar,False,True,1,quasar,0.6447429060935974,1,quasar,0.5039289593696594,1,quasar,0.7889218330383301,1,quasar,0.7289009690284729,0,galaxy,0.3580489754676819,2,star,0.5379952192306519
2049,2,star,2,star,True,2,star,True,True,2,star,0.8216842412948608,2,star,0.9388028383255005,2,star,0.9452897310256958,2,star,0.8948724865913391,0,galaxy,0.3580312132835388,2,star,0.9818816781044006
2050,2,star,2,star,True,2,star,True,True,2,star,0.9261056780815125,2,star,0.7331964373588562,2,star,0.7959284782409668,2,star,0.5864515900611877,0,galaxy,0.35805001854896545,2,star,0.7350666522979736
2051,2,star,2,star,True,2,star,True,True,2,star,0.7080243825912476,1,quasar,0.6731898784637451,1,quasar,0.5720190405845642,2,star,0.7091599106788635,0,galaxy,0.3580433130264282,2,star,0.7089017033576965
2052,2,star,2,star,True,2,star,True,True,2,star,0.7067750096321106,2,star,0.47918516397476196,2,star,0.4797055423259735,2,star,0.6392998099327087,0,galaxy,0.3580490052700043,2,star,0.5091179609298706
2053,2,star,1,quasar,False,1,quasar,False,True,2,star,0.5791800618171692,1,quasar,0.8431577086448669,1,quasar,0.5885748863220215,1,quasar,0.5003247857093811,0,galaxy,0.358045369386673,2,star,0.4919849932193756
2054,2,star,2,star,True,2,star,True,True,2,star,0.9110694527626038,2,star,0.8891282081604004,2,star,0.9448138475418091,2,star,0.9902668595314026,0,galaxy,0.35804957151412964,2,star,0.7265848517417908
2055,2,star,0,galaxy,False,1,quasar,False,False,2,star,0.5448547601699829,2,star,0.48001429438591003,1,quasar,0.7598109245300293,1,quasar,0.54990154504776,0,galaxy,0.35804927349090576,0,galaxy,0.39996659755706787
2056,2,star,2,star,True,2,star,True,True,2,star,0.8869521617889404,2,star,0.7776862978935242,2,star,0.7840805649757385,2,star,0.8790432810783386,0,galaxy,0.35804980993270874,2,star,0.6238787770271301
2057,2,star,2,star,True,2,star,True,True,2,star,0.6686044335365295,2,star,0.4659072160720825,2,star,0.8213667273521423,2,star,0.5424287915229797,0,galaxy,0.35639631748199463,0,galaxy,0.46672120690345764
2058,2,star,2,star,True,2,star,True,True,2,star,0.6962493658065796,2,star,0.6411756873130798,2,star,0.6433683037757874,2,star,0.7700495719909668,0,galaxy,0.3580482602119446,2,star,0.5770310759544373
2059,2,star,1,quasar,False,1,quasar,False,True,2,star,0.5824635028839111,1,quasar,0.655372679233551,1,quasar,0.819236159324646,1,quasar,0.6016117334365845,0,galaxy,0.3580496311187744,2,star,0.4225539565086365
2060,2,star,1,quasar,False,1,quasar,False,True,1,quasar,0.5974212884902954,1,quasar,0.5313413739204407,1,quasar,0.6931990385055542,2,star,0.6066972613334656,0,galaxy,0.3580499589443207,0,galaxy,0.38038837909698486
2061,2,star,0,galaxy,False,2,star,True,False,0,galaxy,0.5364360213279724,1,quasar,0.48480549454689026,0,galaxy,0.6079524159431458,2,star,0.5079529881477356,0,galaxy,0.3580489754676819,2,star,0.4495897889137268
2062,2,star,2,star,True,2,star,True,True,2,star,0.6630886197090149,2,star,0.8508875966072083,2,star,0.6307908892631531,2,star,0.8141701221466064,0,galaxy,0.3580448031425476,2,star,0.7976889610290527
2063,2,star,1,quasar,False,1,quasar,False,True,1,quasar,0.5432308912277222,1,quasar,0.6859995722770691,1,quasar,0.7596748471260071,1,quasar,0.8549948930740356,0,galaxy,0.35804885625839233,2,star,0.43389400839805603
2064,2,star,2,star,True,2,star,True,True,1,quasar,0.48749595880508423,2,star,0.9125769138336182,2,star,0.5399138331413269,2,star,0.7276395559310913,0,galaxy,0.35804954171180725,2,star,0.6052883267402649
2065,2,star,1,quasar,False,1,quasar,False,True,1,quasar,0.564084529876709,1,quasar,0.8579292297363281,1,quasar,0.7918170690536499,1,quasar,0.5714828968048096,0,galaxy,0.35804861783981323,0,galaxy,0.5455805063247681
2066,2,star,1,quasar,False,1,quasar,False,True,1,quasar,0.5577208399772644,2,star,0.5214923024177551,1,quasar,0.8072096109390259,1,quasar,0.6536683440208435,0,galaxy,0.3581320345401764,0,galaxy,0.5098237991333008
2067,2,star,2,star,True,2,star,True,True,2,star,0.986173152923584,2,star,0.9869035482406616,2,star,0.9646534323692322,2,star,0.9931939840316772,0,galaxy,0.35805070400238037,2,star,0.46136176586151123
2068,2,star,2,star,True,2,star,True,True,2,star,0.9962459206581116,2,star,0.9857726693153381,2,star,0.9424898028373718,2,star,0.9883022904396057,0,galaxy,0.3580489158630371,2,star,0.7133025527000427
2069,2,star,1,quasar,False,1,quasar,False,True,1,quasar,0.8337774872779846,1,quasar,0.8344817161560059,1,quasar,0.7897045612335205,1,quasar,0.7168939113616943,0,galaxy,0.3580484390258789,0,galaxy,0.3389262855052948
2070,2,star,1,quasar,False,1,quasar,False,True,2,star,0.5040982365608215,1,quasar,0.6425134539604187,1,quasar,0.8117643594741821,1,quasar,0.5951906442642212,0,galaxy,0.35804879665374756,2,star,0.5965156555175781
2071,2,star,1,quasar,False,1,quasar,False,True,2,star,0.6815956830978394,1,quasar,0.6408036351203918,1,quasar,0.60968017578125,1,quasar,0.5494034886360168,0,galaxy,0.358049601316452,2,star,0.49327147006988525
2072,2,star,2,star,True,2,star,True,True,2,star,0.9902156591415405,2,star,0.9158452153205872,2,star,0.9617466330528259,2,star,0.991531252861023,0,galaxy,0.3580211102962494,2,star,0.6406237483024597
2073,2,star,2,star,True,2,star,True,True,2,star,0.7911690473556519,2,star,0.9897114038467407,2,star,0.9453908205032349,2,star,0.984790027141571,0,galaxy,0.35804852843284607,2,star,0.6357818841934204
2074,2,star,2,star,True,2,star,True,True,2,star,0.9932883381843567,2,star,0.9808078408241272,2,star,0.9683581590652466,2,star,0.9931102991104126,0,galaxy,0.3580498695373535,2,star,0.6091312170028687
2075,2,star,2,star,True,2,star,True,True,2,star,0.7264471650123596,2,star,0.8201572895050049,2,star,0.6435991525650024,2,star,0.6098306775093079,0,galaxy,0.3580496311187744,2,star,0.6170045137405396
2076,2,star,2,star,True,2,star,True,True,2,star,0.932567834854126,2,star,0.9059540629386902,2,star,0.8205872774124146,2,star,0.9369860291481018,0,galaxy,0.3580494225025177,2,star,0.6225279569625854
2077,2,star,2,star,True,2,star,True,True,2,star,0.9883019328117371,2,star,0.9636803269386292,2,star,0.9705657958984375,2,star,0.9249233603477478,0,galaxy,0.35804665088653564,2,star,0.5460115671157837
2078,2,star,2,star,True,2,star,True,True,2,star,0.9582686424255371,2,star,0.9895240664482117,2,star,0.9578317403793335,2,star,0.985901951789856,0,galaxy,0.35804885625839233,2,star,0.6876167058944702
2079,2,star,2,star,True,2,star,True,True,2,star,0.9120802283287048,2,star,0.9698407053947449,2,star,0.7134758234024048,2,star,0.7653429508209229,0,galaxy,0.3580487072467804,1,quasar,0.47063344717025757
2080,2,star,2,star,True,2,star,True,True,2,star,0.9218431711196899,2,star,0.6047548055648804,2,star,0.9497110843658447,2,star,0.9929419755935669,0,galaxy,0.35805779695510864,0,galaxy,0.38674938678741455
2081,2,star,1,quasar,False,1,quasar,False,True,1,quasar,0.6747851967811584,1,quasar,0.7799485325813293,1,quasar,0.8238474726676941,1,quasar,0.7052966356277466,0,galaxy,0.3580456078052521,2,star,0.478817343711853
2082,2,star,1,quasar,False,1,quasar,False,True,1,quasar,0.6444694995880127,2,star,0.5333479046821594,1,quasar,0.6785791516304016,1,quasar,0.5449482202529907,0,galaxy,0.3580496609210968,2,star,0.6532159447669983
2083,2,star,2,star,True,2,star,True,True,2,star,0.9806525707244873,2,star,0.6633329391479492,2,star,0.8433249592781067,2,star,0.9925462603569031,0,galaxy,0.3580496609210968,2,star,0.5587044954299927
2084,2,star,0,galaxy,False,0,galaxy,False,True,0,galaxy,0.9924646615982056,0,galaxy,0.8465362787246704,0,galaxy,0.8869987726211548,0,galaxy,0.959131121635437,0,galaxy,0.35802897810935974,0,galaxy,0.8383564352989197
2085,2,star,2,star,True,2,star,True,True,2,star,0.937587559223175,2,star,0.8757597208023071,2,star,0.8311767578125,2,star,0.925926685333252,0,galaxy,0.35803285241127014,2,star,0.6207955479621887
2086,2,star,2,star,True,2,star,True,True,2,star,0.9811769723892212,2,star,0.9946445226669312,2,star,0.9167424440383911,2,star,0.9694673418998718,0,galaxy,0.3580499291419983,2,star,0.8652823567390442
2087,2,star,2,star,True,2,star,True,True,2,star,0.6267077326774597,1,quasar,0.7215220928192139,1,quasar,0.5258644819259644,2,star,0.6633244156837463,0,galaxy,0.3580492436885834,2,star,0.503734827041626
2088,2,star,1,quasar,False,1,quasar,False,True,2,star,0.5503911972045898,1,quasar,0.8279396295547485,1,quasar,0.6536468267440796,2,star,0.6619443893432617,0,galaxy,0.3580482006072998,1,quasar,0.6158756613731384
2089,2,star,2,star,True,2,star,True,True,2,star,0.9168826341629028,2,star,0.8808217644691467,2,star,0.47745099663734436,2,star,0.7956843972206116,0,galaxy,0.3580496311187744,0,galaxy,0.4453882873058319
2090,2,star,2,star,True,2,star,True,True,2,star,0.9919348955154419,2,star,0.9790346622467041,2,star,0.8774012923240662,2,star,0.918617844581604,0,galaxy,0.35804298520088196,1,quasar,0.44848576188087463
2091,2,star,2,star,True,2,star,True,True,2,star,0.8462750911712646,2,star,0.533746063709259,2,star,0.5585731267929077,2,star,0.8237259984016418,0,galaxy,0.3580506443977356,2,star,0.6464162468910217
2092,2,star,1,quasar,False,1,quasar,False,True,1,quasar,0.6218148469924927,1,quasar,0.4787413775920868,1,quasar,0.8270702362060547,1,quasar,0.7385960817337036,0,galaxy,0.35804903507232666,1,quasar,0.42785128951072693
2093,2,star,2,star,True,2,star,True,True,2,star,0.5143195986747742,2,star,0.596890389919281,1,quasar,0.63104647397995,2,star,0.6259303092956543,0,galaxy,0.3580476939678192,2,star,0.6252357959747314
2094,2,star,1,quasar,False,1,quasar,False,True,1,quasar,0.8191220760345459,1,quasar,0.7433081269264221,1,quasar,0.5307564735412598,2,star,0.5173200964927673,0,galaxy,0.3580467998981476,2,star,0.5770523548126221
2095,2,star,1,quasar,False,1,quasar,False,True,1,quasar,0.9421884417533875,1,quasar,0.9217937588691711,1,quasar,0.8181692361831665,1,quasar,0.8091984987258911,0,galaxy,0.35805025696754456,2,star,0.5901839733123779
2096,2,star,2,star,True,2,star,True,True,2,star,0.4648594260215759,2,star,0.5091599822044373,1,quasar,0.3504015803337097,2,star,0.42125290632247925,0,galaxy,0.35804879665374756,2,star,0.42251139879226685
2097,2,star,2,star,True,2,star,True,True,2,star,0.9923898577690125,2,star,0.764409601688385,2,star,0.6489666104316711,2,star,0.7649595141410828,0,galaxy,0.35804903507232666,2,star,0.8057607412338257
2098,2,star,2,star,True,2,star,True,True,2,star,0.8812767267227173,2,star,0.96226567029953,2,star,0.8740652799606323,2,star,0.9590844511985779,0,galaxy,0.3582102358341217,2,star,0.7016125917434692
2099,2,star,1,quasar,False,1,quasar,False,True,2,star,0.6462275981903076,1,quasar,0.6701315641403198,1,quasar,0.7856639623641968,1,quasar,0.497726172208786,0,galaxy,0.3580494225025177,2,star,0.439947247505188
2100,2,star,1,quasar,False,1,quasar,False,True,1,quasar,0.5911324620246887,1,quasar,0.5941460728645325,1,quasar,0.7543419003486633,1,quasar,0.7501672506332397,0,galaxy,0.35805025696754456,2,star,0.5074589252471924
2101,2,star,1,quasar,False,1,quasar,False,True,1,quasar,0.6815458536148071,2,star,0.6056126356124878,1,quasar,0.8013730645179749,1,quasar,0.77656090259552,0,galaxy,0.3580491840839386,2,star,0.7676846385002136
2102,2,star,2,star,True,2,star,True,True,2,star,0.5593921542167664,2,star,0.5519459247589111,1,quasar,0.5005396604537964,2,star,0.7317672371864319,0,galaxy,0.3580465614795685,2,star,0.45862969756126404
2103,2,star,2,star,True,2,star,True,True,2,star,0.9143496751785278,2,star,0.8682305216789246,2,star,0.9198187589645386,2,star,0.913962185382843,0,galaxy,0.35805025696754456,2,star,0.7612694501876831
2104,2,star,1,quasar,False,1,quasar,False,True,1,quasar,0.943487823009491,1,quasar,0.8367174863815308,1,quasar,0.8285152316093445,1,quasar,0.7062616944313049,0,galaxy,0.35804954171180725,1,quasar,0.39029669761657715
2105,2,star,1,quasar,False,1,quasar,False,True,2,star,0.5218379497528076,1,quasar,0.7584511637687683,1,quasar,0.6777965426445007,1,quasar,0.4988322854042053,0,galaxy,0.35804829001426697,2,star,0.7611070275306702
2106,2,star,2,star,True,2,star,True,True,2,star,0.9084930419921875,2,star,0.9870627522468567,2,star,0.9382028579711914,2,star,0.9623770713806152,0,galaxy,0.3580496609210968,2,star,0.8074437379837036
2107,2,star,2,star,True,2,star,True,True,2,star,0.9214646816253662,2,star,0.7322034239768982,2,star,0.9037227630615234,2,star,0.841803252696991,0,galaxy,0.3580291271209717,2,star,0.5526750683784485
2108,2,star,1,quasar,False,1,quasar,False,True,1,quasar,0.5582321882247925,1,quasar,0.6020889282226562,1,quasar,0.7707809805870056,2,star,0.5996922254562378,0,galaxy,0.3580491244792938,1,quasar,0.47511205077171326
2109,2,star,1,quasar,False,1,quasar,False,True,1,quasar,0.4693288207054138,1,quasar,0.5617784857749939,1,quasar,0.7881900072097778,1,quasar,0.7389228343963623,0,galaxy,0.3580530881881714,2,star,0.5048222541809082
2110,2,star,2,star,True,2,star,True,True,2,star,0.9872702360153198,2,star,0.8908758163452148,2,star,0.9281932711601257,2,star,0.9567027688026428,0,galaxy,0.358047217130661,2,star,0.7261999249458313
2111,2,star,2,star,True,2,star,True,True,2,star,0.8735737204551697,2,star,0.8296986818313599,2,star,0.9232677817344666,2,star,0.96773362159729,0,galaxy,0.35804930329322815,2,star,0.8694057464599609
2112,2,star,2,star,True,2,star,True,True,2,star,0.862047016620636,2,star,0.9249662756919861,2,star,0.938110888004303,2,star,0.9914801120758057,0,galaxy,0.358048677444458,2,star,0.7788858413696289
2113,2,star,2,star,True,2,star,True,True,2,star,0.8743073344230652,2,star,0.692997932434082,2,star,0.7537797689437866,2,star,0.9877445101737976,0,galaxy,0.3580494523048401,2,star,0.7342090010643005
2114,2,star,2,star,True,2,star,True,True,2,star,0.9057376384735107,2,star,0.723916232585907,2,star,0.6343256831169128,2,star,0.5232849717140198,0,galaxy,0.35803377628326416,0,galaxy,0.6740273833274841
2115,2,star,1,quasar,False,1,quasar,False,True,1,quasar,0.5374661684036255,1,quasar,0.6509925723075867,1,quasar,0.6027911305427551,1,quasar,0.5688063502311707,0,galaxy,0.3580491542816162,2,star,0.6801295876502991
2116,2,star,2,star,True,2,star,True,True,2,star,0.9683278799057007,2,star,0.41416135430336,2,star,0.7603132128715515,2,star,0.9579323530197144,0,galaxy,0.35800835490226746,2,star,0.5494013428688049
2117,2,star,1,quasar,False,2,star,True,False,1,quasar,0.42825227975845337,1,quasar,0.41511157155036926,2,star,0.5212827920913696,1,quasar,0.5084188580513,0,galaxy,0.35804739594459534,0,galaxy,0.43576422333717346
2118,2,star,1,quasar,False,2,star,True,False,1,quasar,0.5559319853782654,2,star,0.7527415156364441,1,quasar,0.6662159562110901,1,quasar,0.462844580411911,0,galaxy,0.3580407500267029,0,galaxy,0.44028669595718384
2119,2,star,2,star,True,2,star,True,True,2,star,0.5968105792999268,0,galaxy,0.9995102882385254,1,quasar,0.5490737557411194,2,star,0.6209347248077393,0,galaxy,0.35796689987182617,2,star,0.8704159259796143
2120,2,star,2,star,True,1,quasar,False,False,1,quasar,0.741466760635376,2,star,0.5875573754310608,1,quasar,0.6158084273338318,2,star,0.5121631622314453,0,galaxy,0.35804423689842224,2,star,0.7030649185180664
2121,2,star,0,galaxy,False,2,star,True,False,0,galaxy,0.43230563402175903,0,galaxy,0.5566452741622925,2,star,0.8605530261993408,0,galaxy,0.4849887490272522,0,galaxy,0.3580307066440582,1,quasar,0.4243386685848236
2122,2,star,2,star,True,2,star,True,True,2,star,0.8723227381706238,1,quasar,0.6189032793045044,2,star,0.5304372310638428,1,quasar,0.5481095314025879,0,galaxy,0.358047753572464,2,star,0.5717127323150635
2123,2,star,2,star,True,2,star,True,True,2,star,0.711388111114502,2,star,0.814903199672699,2,star,0.7039852738380432,2,star,0.7734600901603699,0,galaxy,0.3580496311187744,2,star,0.6166343688964844
2124,2,star,2,star,True,2,star,True,True,2,star,0.8117503523826599,2,star,0.4837926924228668,2,star,0.9621790647506714,2,star,0.708873450756073,0,galaxy,0.35732215642929077,0,galaxy,0.9913161993026733
2125,2,star,2,star,True,2,star,True,True,2,star,0.8942242860794067,2,star,0.7875015735626221,2,star,0.6495779156684875,2,star,0.8345449566841125,0,galaxy,0.35803359746932983,2,star,0.6340110898017883
2126,2,star,2,star,True,2,star,True,True,2,star,0.5978459119796753,1,quasar,0.6226670742034912,1,quasar,0.5264507532119751,2,star,0.5368748903274536,0,galaxy,0.3580496311187744,2,star,0.6075240969657898
2127,2,star,2,star,True,2,star,True,True,1,quasar,0.38754311203956604,2,star,0.6493819952011108,2,star,0.4532000720500946,2,star,0.7092837691307068,0,galaxy,0.355403870344162,2,star,0.6857621669769287
2128,2,star,1,quasar,False,1,quasar,False,True,1,quasar,0.6299406290054321,1,quasar,0.5587533712387085,1,quasar,0.6279568672180176,2,star,0.6691514849662781,0,galaxy,0.35804474353790283,0,galaxy,0.3543075621128082
2129,2,star,2,star,True,2,star,True,True,2,star,0.5626134872436523,2,star,0.5292171835899353,2,star,0.6661783456802368,2,star,0.6330562233924866,0,galaxy,0.3580372929573059,0,galaxy,0.6224965453147888
2130,2,star,2,star,True,2,star,True,True,2,star,0.9458081722259521,2,star,0.7462477684020996,2,star,0.7781580686569214,2,star,0.9311754703521729,0,galaxy,0.3580402731895447,2,star,0.9334146976470947
2131,2,star,2,star,True,2,star,True,True,2,star,0.8402255177497864,2,star,0.5693953633308411,2,star,0.823220431804657,2,star,0.8956789374351501,0,galaxy,0.3580426275730133,1,quasar,0.4909467101097107
2132,2,star,0,galaxy,False,2,star,True,False,0,galaxy,0.5236780047416687,0,galaxy,0.7732119560241699,2,star,0.47377824783325195,2,star,0.9509746432304382,0,galaxy,0.35804346203804016,2,star,0.6920920014381409
2133,2,star,2,star,True,2,star,True,True,2,star,0.5086453557014465,2,star,0.879093587398529,2,star,0.7679656744003296,2,star,0.9031316041946411,0,galaxy,0.3580470383167267,2,star,0.6872231364250183
2134,2,star,2,star,True,2,star,True,True,2,star,0.9941704273223877,2,star,0.9956012964248657,2,star,0.9429929852485657,2,star,0.9934906959533691,0,galaxy,0.35804715752601624,2,star,0.6364693641662598
2135,2,star,2,star,True,2,star,True,True,2,star,0.9803183674812317,2,star,0.9945088028907776,2,star,0.9339169263839722,2,star,0.9887183904647827,0,galaxy,0.3580499589443207,2,star,0.5830389261245728
2136,2,star,2,star,True,2,star,True,True,2,star,0.9945283532142639,2,star,0.9838549494743347,2,star,0.9376146793365479,2,star,0.987772524356842,0,galaxy,0.3580496907234192,2,star,0.7857303619384766
2137,2,star,2,star,True,2,star,True,True,2,star,0.9527170658111572,2,star,0.7393185496330261,2,star,0.6733453273773193,2,star,0.7230090498924255,0,galaxy,0.3580492436885834,2,star,0.5426163673400879
2138,2,star,2,star,True,2,star,True,True,2,star,0.9803167581558228,2,star,0.787589967250824,2,star,0.860606849193573,2,star,0.940981924533844,0,galaxy,0.3580479323863983,2,star,0.5258306264877319
2139,2,star,2,star,True,2,star,True,True,2,star,0.9305869936943054,2,star,0.6676967144012451,2,star,0.8392844796180725,2,star,0.9733492732048035,0,galaxy,0.35805046558380127,2,star,0.8600153923034668
2140,2,star,2,star,True,2,star,True,True,2,star,0.6281240582466125,2,star,0.5755363702774048,2,star,0.6480700969696045,2,star,0.8764188289642334,0,galaxy,0.35804980993270874,2,star,0.6428767442703247
2141,2,star,2,star,True,2,star,True,True,2,star,0.8996812105178833,2,star,0.9749396443367004,1,quasar,0.5433493256568909,2,star,0.6157987117767334,0,galaxy,0.3580494225025177,2,star,0.8019810318946838
2142,2,star,2,star,True,2,star,True,True,2,star,0.9621841311454773,2,star,0.906926155090332,2,star,0.960649311542511,2,star,0.9646273851394653,0,galaxy,0.3580496609210968,2,star,0.4446937143802643
2143,2,star,2,star,True,2,star,True,True,2,star,0.9972541928291321,2,star,0.9972327351570129,2,star,0.9584479928016663,2,star,0.988298237323761,0,galaxy,0.35804426670074463,2,star,0.7228993773460388
2144,2,star,2,star,True,2,star,True,True,2,star,0.9815073013305664,2,star,0.9821311235427856,2,star,0.9525125026702881,2,star,0.9956703186035156,0,galaxy,0.35804998874664307,2,star,0.481937050819397
2145,2,star,1,quasar,False,1,quasar,False,True,1,quasar,0.7410053610801697,1,quasar,0.7320871353149414,1,quasar,0.651600182056427,1,quasar,0.5929009318351746,0,galaxy,0.3580489158630371,2,star,0.5252901911735535
2146,2,star,2,star,True,2,star,True,True,2,star,0.8662368059158325,2,star,0.8721963167190552,2,star,0.8340153098106384,2,star,0.9348838329315186,0,galaxy,0.3580496609210968,2,star,0.8032426238059998
2147,2,star,2,star,True,2,star,True,True,2,star,0.7482119798660278,2,star,0.9924528002738953,2,star,0.9006351828575134,2,star,0.9753281474113464,0,galaxy,0.3580535054206848,2,star,0.575141191482544
2148,2,star,2,star,True,2,star,True,True,2,star,0.6503190994262695,2,star,0.9668499827384949,2,star,0.7719775438308716,2,star,0.8968784213066101,0,galaxy,0.35790103673934937,2,star,0.34777143597602844
2149,2,star,2,star,True,2,star,True,True,2,star,0.981521725654602,2,star,0.9695902466773987,2,star,0.9504795074462891,2,star,0.9931861162185669,0,galaxy,0.3580496311187744,0,galaxy,0.45684704184532166
2150,2,star,2,star,True,2,star,True,True,2,star,0.9614286422729492,2,star,0.7737852931022644,2,star,0.9254316091537476,2,star,0.9872012138366699,0,galaxy,0.3580499589443207,2,star,0.7445977926254272
2151,2,star,2,star,True,2,star,True,True,2,star,0.8703838586807251,2,star,0.9871500730514526,2,star,0.9325246214866638,2,star,0.9753468632698059,0,galaxy,0.3580499589443207,2,star,0.7225741744041443
2152,2,star,2,star,True,2,star,True,True,2,star,0.9747569561004639,2,star,0.9928898811340332,2,star,0.9606937766075134,2,star,0.9822403788566589,0,galaxy,0.3580494523048401,2,star,0.6004813313484192
2153,2,star,2,star,True,2,star,True,True,2,star,0.985665500164032,2,star,0.9619035720825195,2,star,0.8956868648529053,2,star,0.961898684501648,0,galaxy,0.35805079340934753,2,star,0.7456977963447571
2154,2,star,2,star,True,2,star,True,True,2,star,0.8377717733383179,2,star,0.7501870393753052,2,star,0.8423343896865845,2,star,0.8879372477531433,0,galaxy,0.3580489456653595,2,star,0.7551241517066956
2155,2,star,2,star,True,2,star,True,True,2,star,0.9164609313011169,2,star,0.6646859049797058,2,star,0.5359643697738647,2,star,0.6171579360961914,0,galaxy,0.3580492436885834,2,star,0.679501473903656
2156,2,star,2,star,True,2,star,True,True,2,star,0.7005749940872192,2,star,0.503599226474762,1,quasar,0.5760545134544373,1,quasar,0.5056005120277405,0,galaxy,0.3580487370491028,2,star,0.6508939266204834
2157,2,star,2,star,True,2,star,True,True,2,star,0.8799694776535034,2,star,0.9948687553405762,2,star,0.9380866289138794,2,star,0.9920043349266052,0,galaxy,0.3580437898635864,2,star,0.6220670938491821
2158,2,star,0,galaxy,False,0,galaxy,False,True,0,galaxy,0.9100163578987122,0,galaxy,0.9790841341018677,0,galaxy,0.9369925856590271,0,galaxy,0.9635546207427979,0,galaxy,0.35805031657218933,0,galaxy,0.7339166402816772
2159,2,star,2,star,True,2,star,True,True,2,star,0.9618223905563354,2,star,0.911712646484375,2,star,0.9358277916908264,2,star,0.9937915205955505,0,galaxy,0.35805001854896545,2,star,0.5849173069000244
2160,2,star,2,star,True,2,star,True,True,2,star,0.6186602711677551,1,quasar,0.8456966280937195,1,quasar,0.6466366648674011,2,star,0.7797489166259766,0,galaxy,0.35804951190948486,2,star,0.6545072793960571
2161,2,star,2,star,True,2,star,True,True,2,star,0.6732614040374756,2,star,0.5764821767807007,1,quasar,0.6629973649978638,2,star,0.5017431378364563,0,galaxy,0.3580523729324341,2,star,0.9142004251480103
2162,2,star,2,star,True,2,star,True,True,2,star,0.7000120282173157,0,galaxy,0.4154227375984192,2,star,0.9430320858955383,2,star,0.9789894223213196,0,galaxy,0.3580508232116699,2,star,0.38219261169433594
2163,2,star,2,star,True,2,star,True,True,2,star,0.9796977639198303,2,star,0.9674710631370544,2,star,0.9731278419494629,2,star,0.9950689077377319,0,galaxy,0.3580487370491028,2,star,0.7690380215644836
2164,2,star,0,galaxy,False,2,star,True,False,2,star,0.8570595383644104,0,galaxy,0.5121291875839233,2,star,0.9389097094535828,2,star,0.9829121828079224,0,galaxy,0.35805007815361023,0,galaxy,0.42903932929039
2165,2,star,2,star,True,2,star,True,True,2,star,0.7941498756408691,2,star,0.5492720603942871,2,star,0.7255383133888245,2,star,0.7535651922225952,0,galaxy,0.358049601316452,1,quasar,0.4895164370536804
2166,2,star,1,quasar,False,1,quasar,False,True,1,quasar,0.6558085680007935,1,quasar,0.7948886156082153,1,quasar,0.8157877326011658,1,quasar,0.7297673225402832,0,galaxy,0.35805749893188477,1,quasar,0.5153382420539856
2167,2,star,1,quasar,False,1,quasar,False,True,1,quasar,0.6393074989318848,1,quasar,0.7079321146011353,1,quasar,0.7022864818572998,1,quasar,0.7590692639350891,0,galaxy,0.358048677444458,2,star,0.6681391000747681
2168,2,star,2,star,True,2,star,True,True,2,star,0.9771954417228699,2,star,0.9980646967887878,2,star,0.9394922852516174,2,star,0.9817525148391724,0,galaxy,0.3580482006072998,2,star,0.8577231764793396
2169,2,star,2,star,True,2,star,True,True,2,star,0.5559839606285095,2,star,0.7954521179199219,2,star,0.4787837862968445,2,star,0.5407000780105591,0,galaxy,0.358049601316452,2,star,0.6556787490844727
2170,2,star,1,quasar,False,1,quasar,False,True,1,quasar,0.8642165064811707,1,quasar,0.7597599029541016,1,quasar,0.7366539239883423,2,star,0.5832768082618713,0,galaxy,0.3580489158630371,2,star,0.4764966368675232
2171,2,star,2,star,True,2,star,True,True,2,star,0.5588946342468262,2,star,0.7828672528266907,2,star,0.6390535831451416,2,star,0.7534200549125671,0,galaxy,0.3580488860607147,2,star,0.8741368651390076
2172,2,star,2,star,True,2,star,True,True,2,star,0.8006830215454102,2,star,0.9654414653778076,2,star,0.6060768961906433,2,star,0.8808495998382568,0,galaxy,0.35804808139801025,2,star,0.5912188291549683
2173,2,star,2,star,True,2,star,True,True,2,star,0.9436600804328918,2,star,0.9320817589759827,2,star,0.9439745545387268,2,star,0.9635383486747742,0,galaxy,0.3580487072467804,2,star,0.5179905295372009
2174,2,star,2,star,True,2,star,True,True,2,star,0.5847979784011841,2,star,0.9609218239784241,2,star,0.7828748226165771,2,star,0.8890096545219421,0,galaxy,0.3580493927001953,2,star,0.6712617874145508
2175,2,star,1,quasar,False,1,quasar,False,True,1,quasar,0.9305499196052551,1,quasar,0.805036723613739,1,quasar,0.8446747064590454,1,quasar,0.6500735878944397,0,galaxy,0.358049213886261,2,star,0.3649666905403137
2176,2,star,2,star,True,2,star,True,True,2,star,0.9614112377166748,2,star,0.9323233366012573,2,star,0.7610718011856079,2,star,0.929300844669342,0,galaxy,0.35804393887519836,2,star,0.6159314513206482
2177,2,star,2,star,True,2,star,True,True,1,quasar,0.539202868938446,2,star,0.7789984941482544,1,quasar,0.532706081867218,2,star,0.5808305740356445,0,galaxy,0.358065664768219,2,star,0.5154090523719788
2178,2,star,2,star,True,2,star,True,True,2,star,0.9260281324386597,2,star,0.737162709236145,1,quasar,0.837146520614624,1,quasar,0.6232301592826843,0,galaxy,0.3580491244792938,2,star,0.4774576425552368
2179,2,star,2,star,True,2,star,True,True,2,star,0.9414195418357849,2,star,0.9852380156517029,2,star,0.9389324188232422,2,star,0.9938207268714905,0,galaxy,0.35805127024650574,0,galaxy,0.6327947974205017
2180,2,star,1,quasar,False,1,quasar,False,True,1,quasar,0.5278905034065247,1,quasar,0.47952166199684143,1,quasar,0.8098718523979187,1,quasar,0.6319544315338135,0,galaxy,0.358047217130661,2,star,0.488656222820282
2181,2,star,1,quasar,False,2,star,True,False,1,quasar,0.5100780129432678,2,star,0.5949535965919495,1,quasar,0.6424351930618286,1,quasar,0.4983368515968323,0,galaxy,0.35805219411849976,2,star,0.6706061363220215
2182,2,star,2,star,True,2,star,True,True,2,star,0.9648039937019348,2,star,0.5506505966186523,2,star,0.8042080402374268,2,star,0.8924158215522766,0,galaxy,0.35804855823516846,2,star,0.7386259436607361
2183,2,star,2,star,True,2,star,True,True,2,star,0.5174942016601562,2,star,0.6209240555763245,2,star,0.5232869386672974,2,star,0.6037548780441284,0,galaxy,0.35804855823516846,2,star,0.44486692547798157
2184,2,star,2,star,True,2,star,True,True,2,star,0.7224799990653992,2,star,0.7048160433769226,1,quasar,0.8137744069099426,1,quasar,0.767977237701416,0,galaxy,0.35805362462997437,2,star,0.7344903349876404
2185,2,star,2,star,True,2,star,True,True,2,star,0.9833512902259827,2,star,0.8943428993225098,2,star,0.8536113500595093,2,star,0.8356192708015442,0,galaxy,0.35804837942123413,2,star,0.7264202833175659
2186,2,star,2,star,True,2,star,True,True,2,star,0.7718498706817627,2,star,0.7643657326698303,2,star,0.7963240146636963,2,star,0.9030759334564209,0,galaxy,0.35805225372314453,2,star,0.6332836151123047
2187,2,star,2,star,True,2,star,True,True,2,star,0.998729407787323,2,star,0.8924506902694702,2,star,0.9670385718345642,2,star,0.9869428873062134,0,galaxy,0.3580511212348938,2,star,0.7388424277305603
2188,2,star,1,quasar,False,1,quasar,False,True,1,quasar,0.7954446077346802,2,star,0.68122798204422,1,quasar,0.6722235679626465,1,quasar,0.5792989730834961,0,galaxy,0.35804715752601624,2,star,0.43316465616226196
2189,2,star,2,star,True,2,star,True,True,2,star,0.9961742758750916,2,star,0.9932057857513428,2,star,0.9679668545722961,2,star,0.9943282008171082,0,galaxy,0.3580503463745117,0,galaxy,0.38746705651283264
2190,2,star,2,star,True,2,star,True,True,2,star,0.9920769929885864,2,star,0.9881532788276672,2,star,0.8560545444488525,2,star,0.9759190678596497,0,galaxy,0.35804763436317444,2,star,0.5421666502952576
2191,2,star,2,star,True,2,star,True,True,2,star,0.9746538400650024,2,star,0.8409512639045715,2,star,0.9642595648765564,2,star,0.9927034378051758,0,galaxy,0.35804978013038635,2,star,0.5584681630134583
2192,2,star,2,star,True,2,star,True,True,2,star,0.9867632985115051,2,star,0.9820039868354797,2,star,0.9683822393417358,2,star,0.9947062134742737,0,galaxy,0.3580496609210968,2,star,0.791257381439209
2193,2,star,2,star,True,2,star,True,True,2,star,0.964342474937439,2,star,0.8851887583732605,2,star,0.9619050025939941,2,star,0.9905310273170471,0,galaxy,0.3581337332725525,2,star,0.683064341545105
2194,2,star,2,star,True,2,star,True,True,2,star,0.9925824403762817,2,star,0.9869749546051025,2,star,0.9449939131736755,2,star,0.9916915893554688,0,galaxy,0.35804906487464905,2,star,0.6219332814216614
2195,2,star,2,star,True,2,star,True,True,2,star,0.9233524203300476,2,star,0.980701208114624,2,star,0.964726448059082,2,star,0.9924403429031372,0,galaxy,0.3580460250377655,2,star,0.7625876665115356
2196,2,star,2,star,True,2,star,True,True,2,star,0.9962601661682129,2,star,0.8775539994239807,2,star,0.9702557325363159,2,star,0.9867920875549316,0,galaxy,0.35805413126945496,2,star,0.7223507165908813
2197,2,star,2,star,True,2,star,True,True,2,star,0.9765781164169312,2,star,0.8078025579452515,2,star,0.9180901646614075,2,star,0.8964043259620667,0,galaxy,0.35804638266563416,2,star,0.401038259267807
2198,2,star,2,star,True,2,star,True,True,1,quasar,0.4719691574573517,2,star,0.9827086925506592,2,star,0.9444788694381714,2,star,0.9939518570899963,0,galaxy,0.358050137758255,0,galaxy,0.5011312365531921
2199,2,star,2,star,True,2,star,True,True,2,star,0.9891826510429382,2,star,0.9958212375640869,2,star,0.9614221453666687,2,star,0.993044912815094,0,galaxy,0.35805007815361023,2,star,0.4901958107948303
2200,2,star,2,star,True,2,star,True,True,2,star,0.9359851479530334,2,star,0.9063680171966553,2,star,0.9507412910461426,2,star,0.9899125695228577,0,galaxy,0.35805001854896545,2,star,0.8464071750640869
2201,2,star,2,star,True,2,star,True,True,2,star,0.5612771511077881,2,star,0.9459341168403625,2,star,0.864978015422821,2,star,0.9679384827613831,0,galaxy,0.35804247856140137,2,star,0.8645996451377869
2202,2,star,2,star,True,2,star,True,True,2,star,0.714896559715271,2,star,0.8632873296737671,2,star,0.8728553652763367,2,star,0.9431336522102356,0,galaxy,0.3580486476421356,2,star,0.9136325120925903
2203,2,star,2,star,True,2,star,True,True,2,star,0.8928214907646179,2,star,0.7021737694740295,2,star,0.777741014957428,2,star,0.878426730632782,0,galaxy,0.35804879665374756,2,star,0.6246861219406128
2204,2,star,1,quasar,False,1,quasar,False,True,1,quasar,0.8180202841758728,1,quasar,0.9106661677360535,1,quasar,0.7755690813064575,1,quasar,0.6821050047874451,0,galaxy,0.358049213886261,2,star,0.5298810005187988
2205,2,star,2,star,True,2,star,True,True,2,star,0.975428581237793,2,star,0.9865767955780029,2,star,0.9608291387557983,2,star,0.9873140454292297,0,galaxy,0.3580490052700043,2,star,0.4107550382614136
2206,2,star,2,star,True,2,star,True,True,2,star,0.9761885404586792,2,star,0.8910683393478394,2,star,0.9455642104148865,2,star,0.9232566952705383,0,galaxy,0.3580538034439087,2,star,0.4834076166152954
2207,2,star,2,star,True,2,star,True,True,2,star,0.9522315859794617,2,star,0.9081227779388428,2,star,0.5175679326057434,2,star,0.7639790177345276,0,galaxy,0.3580496311187744,2,star,0.542312741279602
2208,2,star,2,star,True,2,star,True,True,2,star,0.9830487966537476,2,star,0.7868013978004456,2,star,0.9378847479820251,2,star,0.9805151224136353,0,galaxy,0.35804158449172974,2,star,0.6511800289154053
2209,2,star,2,star,True,2,star,True,True,2,star,0.6477054357528687,2,star,0.5481626391410828,2,star,0.8822249174118042,2,star,0.9096965193748474,0,galaxy,0.3580452501773834,2,star,0.7428262829780579
2210,2,star,2,star,True,2,star,True,True,2,star,0.9662267565727234,2,star,0.9882696866989136,2,star,0.8762603998184204,2,star,0.964879035949707,0,galaxy,0.3580491244792938,0,galaxy,0.4639825224876404
2211,2,star,2,star,True,2,star,True,True,2,star,0.5989834070205688,2,star,0.5306072235107422,1,quasar,0.49826356768608093,2,star,0.7802354097366333,0,galaxy,0.35804805159568787,2,star,0.6649718284606934
2212,2,star,2,star,True,2,star,True,True,2,star,0.7977929711341858,2,star,0.6838012933731079,2,star,0.6669919490814209,2,star,0.8143025636672974,0,galaxy,0.35804957151412964,2,star,0.6897792220115662
2213,2,star,2,star,True,2,star,True,True,2,star,0.7338988184928894,2,star,0.6176216006278992,1,quasar,0.5108034610748291,2,star,0.551335871219635,0,galaxy,0.358045756816864,2,star,0.6772089004516602
2214,2,star,2,star,True,2,star,True,True,2,star,0.744594156742096,1,quasar,0.5667204260826111,2,star,0.5192550420761108,2,star,0.5598087310791016,0,galaxy,0.3580487072467804,0,galaxy,0.3878832757472992
2215,2,star,2,star,True,2,star,True,True,2,star,0.9270356297492981,2,star,0.5338125228881836,2,star,0.5894045829772949,2,star,0.8087238669395447,0,galaxy,0.3580491840839386,2,star,0.5907686948776245
2216,2,star,1,quasar,False,1,quasar,False,True,1,quasar,0.5481524467468262,1,quasar,0.7626619935035706,1,quasar,0.8094358444213867,1,quasar,0.795316755771637,0,galaxy,0.3580489158630371,1,quasar,0.38499915599823
2217,2,star,2,star,True,2,star,True,True,2,star,0.6991187334060669,1,quasar,0.6927809119224548,2,star,0.7343289256095886,2,star,0.9634403586387634,0,galaxy,0.3580490052700043,2,star,0.590207040309906
2218,2,star,2,star,True,2,star,True,True,2,star,0.9873148202896118,2,star,0.9741111397743225,2,star,0.8481229543685913,2,star,0.9878929257392883,0,galaxy,0.35804978013038635,2,star,0.5019177198410034
2219,2,star,2,star,True,2,star,True,True,2,star,0.889567494392395,1,quasar,0.5957348346710205,1,quasar,0.5623824000358582,2,star,0.6968650221824646,0,galaxy,0.358049601316452,2,star,0.7315439581871033
2220,2,star,2,star,True,2,star,True,True,2,star,0.9868050813674927,2,star,0.9648077487945557,2,star,0.9170046448707581,2,star,0.9630547165870667,0,galaxy,0.3580494523048401,0,galaxy,0.45143696665763855
2221,2,star,2,star,True,2,star,True,True,2,star,0.9940528273582458,2,star,0.9582024216651917,2,star,0.969794750213623,2,star,0.9943811297416687,0,galaxy,0.3580493927001953,2,star,0.7752089500427246
2222,2,star,2,star,True,2,star,True,True,2,star,0.9911995530128479,2,star,0.9157496094703674,2,star,0.9298841953277588,2,star,0.9692364931106567,0,galaxy,0.3580479621887207,2,star,0.6699661612510681
2223,2,star,2,star,True,2,star,True,True,2,star,0.8522159457206726,2,star,0.6091567873954773,2,star,0.532893717288971,1,quasar,0.6049022674560547,0,galaxy,0.35804879665374756,2,star,0.6912408471107483
2224,2,star,2,star,True,2,star,True,True,2,star,0.9835212230682373,2,star,0.9603075385093689,2,star,0.9133318662643433,2,star,0.9636064171791077,0,galaxy,0.3580562174320221,2,star,0.707647979259491
2225,2,star,2,star,True,2,star,True,True,2,star,0.42958971858024597,2,star,0.757295548915863,2,star,0.45907872915267944,2,star,0.5898435115814209,0,galaxy,0.35804855823516846,0,galaxy,0.4476376473903656
2226,2,star,2,star,True,2,star,True,True,2,star,0.926218569278717,2,star,0.7450066208839417,2,star,0.8436067700386047,2,star,0.900567889213562,0,galaxy,0.3580494821071625,2,star,0.5767794251441956
2227,2,star,2,star,True,2,star,True,True,2,star,0.7341727018356323,2,star,0.4603254497051239,2,star,0.7344483137130737,1,quasar,0.5056753754615784,0,galaxy,0.3580499589443207,0,galaxy,0.533093273639679
2228,2,star,2,star,True,2,star,True,True,2,star,0.9911694526672363,2,star,0.9241983890533447,2,star,0.9742659330368042,2,star,0.994675874710083,0,galaxy,0.3580501079559326,2,star,0.40343862771987915
2229,2,star,2,star,True,2,star,True,True,2,star,0.9973911046981812,2,star,0.9465188980102539,2,star,0.9673534035682678,2,star,0.9927984476089478,0,galaxy,0.3580554723739624,2,star,0.519803524017334
2230,2,star,2,star,True,2,star,True,True,2,star,0.9820215702056885,2,star,0.7928255200386047,2,star,0.6978796720504761,2,star,0.8094016313552856,0,galaxy,0.3580484390258789,2,star,0.5627463459968567
2231,2,star,2,star,True,1,quasar,False,False,2,star,0.5606000423431396,2,star,0.5732903480529785,1,quasar,0.7207003235816956,1,quasar,0.6043077111244202,0,galaxy,0.358048677444458,2,star,0.4065110683441162
2232,2,star,1,quasar,False,1,quasar,False,True,1,quasar,0.877761721611023,2,star,0.5011216402053833,1,quasar,0.8186976909637451,1,quasar,0.6834079623222351,0,galaxy,0.35804685950279236,0,galaxy,0.41629254817962646
2233,2,star,2,star,True,2,star,True,True,2,star,0.6135171055793762,1,quasar,0.6227789521217346,1,quasar,0.6606089472770691,2,star,0.6185863614082336,0,galaxy,0.35804980993270874,2,star,0.5744870901107788
2234,2,star,1,quasar,False,1,quasar,False,True,1,quasar,0.7350383996963501,1,quasar,0.5934746265411377,1,quasar,0.8034029603004456,1,quasar,0.7173049449920654,0,galaxy,0.3580489456653595,2,star,0.42926910519599915
2235,2,star,2,star,True,2,star,True,True,2,star,0.8694450855255127,1,quasar,0.5429288148880005,2,star,0.6247119307518005,2,star,0.9298902750015259,0,galaxy,0.35804814100265503,2,star,0.46625539660453796
2236,2,star,2,star,True,2,star,True,True,2,star,0.9881837964057922,2,star,0.9960355162620544,2,star,0.9715479016304016,2,star,0.9951717257499695,0,galaxy,0.3580498695373535,2,star,0.6844591498374939
2237,2,star,2,star,True,2,star,True,True,2,star,0.8720475435256958,2,star,0.5006129741668701,2,star,0.888936460018158,2,star,0.9912823438644409,0,galaxy,0.3580421507358551,0,galaxy,0.39306095242500305
2238,2,star,2,star,True,2,star,True,True,2,star,0.958279013633728,2,star,0.6254503130912781,2,star,0.9018054604530334,2,star,0.5456456542015076,0,galaxy,0.35804983973503113,0,galaxy,0.474527508020401
2239,2,star,2,star,True,2,star,True,True,2,star,0.7101626396179199,2,star,0.9906477332115173,2,star,0.8652389049530029,2,star,0.9664902687072754,0,galaxy,0.35804861783981323,2,star,0.6456624269485474
2240,2,star,2,star,True,2,star,True,True,2,star,0.8207237720489502,2,star,0.5091893076896667,1,quasar,0.5681328773498535,2,star,0.7591689825057983,0,galaxy,0.35804906487464905,2,star,0.7670548558235168
2241,2,star,1,quasar,False,1,quasar,False,True,2,star,0.5637050271034241,1,quasar,0.6147570610046387,1,quasar,0.6614069938659668,1,quasar,0.622015655040741,0,galaxy,0.3580488860607147,2,star,0.5232506990432739
2242,2,star,2,star,True,1,quasar,False,False,2,star,0.6200147867202759,2,star,0.5395882725715637,1,quasar,0.8302944898605347,1,quasar,0.5984352231025696,0,galaxy,0.3580404818058014,2,star,0.5269899368286133
2243,2,star,2,star,True,2,star,True,True,2,star,0.9629282355308533,2,star,0.9600651860237122,2,star,0.9543124437332153,2,star,0.9609555602073669,0,galaxy,0.35804930329322815,2,star,0.7323599457740784
2244,2,star,1,quasar,False,2,star,True,False,2,star,0.8787375688552856,1,quasar,0.5224170684814453,1,quasar,0.7136313319206238,1,quasar,0.5726805329322815,0,galaxy,0.3580489754676819,2,star,0.53382408618927
2245,2,star,2,star,True,2,star,True,True,2,star,0.9449220895767212,1,quasar,0.4354526102542877,2,star,0.8271207213401794,2,star,0.7706149816513062,0,galaxy,0.35804814100265503,2,star,0.53471440076828
2246,2,star,2,star,True,2,star,True,True,2,star,0.5616737008094788,2,star,0.7503195405006409,2,star,0.6246654391288757,2,star,0.6787262558937073,0,galaxy,0.3580487370491028,0,galaxy,0.441682904958725
2247,2,star,1,quasar,False,1,quasar,False,True,1,quasar,0.7672390341758728,1,quasar,0.6589899063110352,1,quasar,0.8231610059738159,1,quasar,0.7231206297874451,0,galaxy,0.3580489754676819,0,galaxy,0.41117972135543823
2248,2,star,2,star,True,2,star,True,True,2,star,0.6652746796607971,2,star,0.5329439640045166,2,star,0.5779491662979126,2,star,0.7492865920066833,0,galaxy,0.35804933309555054,2,star,0.5781918168067932
2249,2,star,1,quasar,False,1,quasar,False,True,1,quasar,0.6954740285873413,1,quasar,0.4172947406768799,1,quasar,0.4044756293296814,1,quasar,0.6205620765686035,0,galaxy,0.35800307989120483,2,star,0.4445798695087433
2250,2,star,1,quasar,False,1,quasar,False,True,1,quasar,0.9082745909690857,1,quasar,0.739247739315033,1,quasar,0.7454468607902527,1,quasar,0.7156274318695068,0,galaxy,0.3580479323863983,2,star,0.488241046667099
2251,2,star,2,star,True,2,star,True,True,2,star,0.9206750988960266,2,star,0.9663214087486267,2,star,0.9211405515670776,2,star,0.9706274271011353,0,galaxy,0.3580492436885834,2,star,0.8541452884674072
2252,2,star,2,star,True,2,star,True,True,2,star,0.5666196346282959,2,star,0.5177451372146606,2,star,0.4778658449649811,0,galaxy,0.47250306606292725,0,galaxy,0.3580486476421356,2,star,0.555134117603302
2253,2,star,2,star,True,2,star,True,True,2,star,0.8669614195823669,1,quasar,0.7644410133361816,2,star,0.5526312589645386,2,star,0.7423387765884399,0,galaxy,0.358049213886261,2,star,0.5942823886871338
2254,2,star,2,star,True,2,star,True,True,1,quasar,0.5763382315635681,1,quasar,0.6424294710159302,2,star,0.5103300213813782,2,star,0.6950182914733887,0,galaxy,0.35804837942123413,2,star,0.5399953126907349
2255,2,star,1,quasar,False,1,quasar,False,True,1,quasar,0.5925080180168152,1,quasar,0.6814031004905701,1,quasar,0.8176745772361755,1,quasar,0.7259253263473511,0,galaxy,0.3580490052700043,2,star,0.45377928018569946
2256,2,star,1,quasar,False,1,quasar,False,True,1,quasar,0.7245785593986511,1,quasar,0.8466957807540894,1,quasar,0.8278931975364685,1,quasar,0.6077845692634583,0,galaxy,0.3580492436885834,2,star,0.46922025084495544
2257,2,star,0,galaxy,False,0,galaxy,False,True,0,galaxy,0.8543596267700195,0,galaxy,0.8146410584449768,0,galaxy,0.91212397813797,0,galaxy,0.6942992210388184,0,galaxy,0.35805001854896545,0,galaxy,0.5771195888519287
2258,2,star,2,star,True,1,quasar,False,False,2,star,0.4982360005378723,2,star,0.5131736993789673,1,quasar,0.8039629459381104,1,quasar,0.6200177669525146,0,galaxy,0.35804978013038635,2,star,0.4890970289707184
2259,2,star,2,star,True,2,star,True,True,2,star,0.9892557859420776,2,star,0.9911604523658752,2,star,0.9445322155952454,2,star,0.9873695969581604,0,galaxy,0.35805124044418335,2,star,0.7426537275314331
2260,2,star,1,quasar,False,1,quasar,False,True,1,quasar,0.8928520083427429,1,quasar,0.8331186771392822,1,quasar,0.8395068645477295,1,quasar,0.6236618757247925,0,galaxy,0.3580493927001953,2,star,0.5368146896362305
2261,2,star,2,star,True,2,star,True,True,2,star,0.9551389217376709,2,star,0.9317814707756042,2,star,0.8409735560417175,2,star,0.9416214823722839,0,galaxy,0.3580491840839386,2,star,0.7365215420722961
2262,2,star,1,quasar,False,1,quasar,False,True,1,quasar,0.6951926350593567,1,quasar,0.5355331897735596,1,quasar,0.8032397031784058,1,quasar,0.5733142495155334,0,galaxy,0.3580482602119446,2,star,0.6566566824913025
2263,2,star,2,star,True,2,star,True,True,2,star,0.8041273355484009,2,star,0.9794179797172546,2,star,0.7031922936439514,2,star,0.8164830207824707,0,galaxy,0.35804930329322815,2,star,0.5705710649490356
2264,2,star,0,galaxy,False,0,galaxy,False,True,0,galaxy,0.9270407557487488,0,galaxy,0.8732271790504456,0,galaxy,0.9685377478599548,0,galaxy,0.8318584561347961,0,galaxy,0.35804885625839233,0,galaxy,0.7085084915161133
2265,2,star,2,star,True,2,star,True,True,2,star,0.6212486624717712,1,quasar,0.5414857268333435,1,quasar,0.6227633953094482,2,star,0.757592499256134,0,galaxy,0.3580490052700043,2,star,0.7785935401916504
2266,2,star,2,star,True,2,star,True,True,2,star,0.6015284061431885,2,star,0.52425616979599,2,star,0.8437320590019226,2,star,0.9429000020027161,0,galaxy,0.35804983973503113,2,star,0.49042999744415283
2267,2,star,2,star,True,2,star,True,True,2,star,0.45981302857398987,0,galaxy,0.4055310785770416,1,quasar,0.5023059844970703,2,star,0.5353235006332397,0,galaxy,0.35804879665374756,2,star,0.6697344779968262
2268,2,star,2,star,True,2,star,True,True,2,star,0.6329464316368103,1,quasar,0.5150765776634216,1,quasar,0.5576701760292053,2,star,0.7821093201637268,0,galaxy,0.3580491244792938,2,star,0.5799149870872498
2269,2,star,2,star,True,2,star,True,True,2,star,0.9521485567092896,2,star,0.9302884340286255,2,star,0.9043645858764648,2,star,0.961377739906311,0,galaxy,0.358049601316452,2,star,0.5773292779922485
2270,2,star,1,quasar,False,1,quasar,False,True,1,quasar,0.8412929177284241,1,quasar,0.4556815028190613,1,quasar,0.8079039454460144,1,quasar,0.5694462060928345,0,galaxy,0.35804930329322815,1,quasar,0.37260937690734863
2271,2,star,2,star,True,2,star,True,True,2,star,0.7794716954231262,2,star,0.6011611223220825,1,quasar,0.6408392190933228,2,star,0.8309017419815063,0,galaxy,0.3580493628978729,2,star,0.4155524671077728
2272,2,star,1,quasar,False,1,quasar,False,True,1,quasar,0.6827457547187805,1,quasar,0.6610156893730164,1,quasar,0.8118824362754822,1,quasar,0.48542410135269165,0,galaxy,0.3580489754676819,2,star,0.47520557045936584
2273,2,star,1,quasar,False,1,quasar,False,True,1,quasar,0.643993616104126,1,quasar,0.5817142724990845,1,quasar,0.5464099645614624,2,star,0.566814124584198,0,galaxy,0.35804951190948486,2,star,0.5772198438644409
2274,2,star,2,star,True,2,star,True,True,2,star,0.9596157670021057,2,star,0.9912848472595215,2,star,0.9527930021286011,2,star,0.9886839985847473,0,galaxy,0.35804930329322815,2,star,0.8114479780197144
2275,2,star,1,quasar,False,1,quasar,False,True,1,quasar,0.6501856446266174,1,quasar,0.5327218174934387,1,quasar,0.7869662046432495,1,quasar,0.5236766934394836,0,galaxy,0.3580496609210968,2,star,0.38873910903930664
2276,2,star,0,galaxy,False,0,galaxy,False,True,0,galaxy,0.5028948187828064,1,quasar,0.38890939950942993,0,galaxy,0.720887303352356,0,galaxy,0.4568203091621399,0,galaxy,0.358049601316452,0,galaxy,0.3947240710258484
2277,2,star,2,star,True,2,star,True,True,2,star,0.8233487606048584,2,star,0.8795455098152161,1,quasar,0.4954494833946228,1,quasar,0.609450101852417,0,galaxy,0.3580496609210968,2,star,0.46246570348739624
2278,2,star,2,star,True,2,star,True,True,2,star,0.8098900318145752,2,star,0.9685463309288025,2,star,0.6768825054168701,2,star,0.9260832071304321,0,galaxy,0.3580492436885834,2,star,0.5460283756256104
2279,2,star,0,galaxy,False,2,star,True,False,2,star,0.8480274677276611,0,galaxy,0.9019975662231445,2,star,0.6062427163124084,2,star,0.8914426565170288,0,galaxy,0.3580482602119446,0,galaxy,0.421819806098938
2280,2,star,1,quasar,False,1,quasar,False,True,2,star,0.84807950258255,1,quasar,0.6512508392333984,1,quasar,0.7202587127685547,1,quasar,0.5728672742843628,0,galaxy,0.358049213886261,2,star,0.38912394642829895
2281,2,star,1,quasar,False,1,quasar,False,True,1,quasar,0.5883500576019287,1,quasar,0.7015805840492249,1,quasar,0.5846538543701172,1,quasar,0.5738692879676819,0,galaxy,0.3580474555492401,2,star,0.49104011058807373
2282,2,star,1,quasar,False,1,quasar,False,True,2,star,0.5086889863014221,1,quasar,0.623039960861206,1,quasar,0.7123047113418579,1,quasar,0.7178766131401062,0,galaxy,0.358048677444458,2,star,0.6383598446846008
2283,2,star,0,galaxy,False,2,star,True,False,0,galaxy,0.5380043387413025,0,galaxy,0.47765621542930603,2,star,0.7540499567985535,2,star,0.9728218913078308,0,galaxy,0.3580492436885834,0,galaxy,0.4565552771091461
2284,2,star,2,star,True,2,star,True,True,2,star,0.5205108523368835,2,star,0.870229959487915,2,star,0.8199034929275513,2,star,0.833772599697113,0,galaxy,0.35804635286331177,2,star,0.9334457516670227
2285,2,star,1,quasar,False,1,quasar,False,True,1,quasar,0.556589663028717,1,quasar,0.6625871658325195,1,quasar,0.6927895545959473,2,star,0.5090188384056091,0,galaxy,0.3580493628978729,2,star,0.5615569353103638
2286,2,star,1,quasar,False,2,star,True,False,2,star,0.9153552055358887,1,quasar,0.686236560344696,1,quasar,0.5420653820037842,1,quasar,0.7957110404968262,0,galaxy,0.35804811120033264,2,star,0.758354127407074
2287,2,star,1,quasar,False,1,quasar,False,True,2,star,0.6035647392272949,1,quasar,0.6175194978713989,1,quasar,0.7016927003860474,1,quasar,0.6307095289230347,0,galaxy,0.3580480217933655,2,star,0.4668795168399811
2288,2,star,1,quasar,False,1,quasar,False,True,1,quasar,0.8875065445899963,1,quasar,0.812112033367157,1,quasar,0.8090981841087341,1,quasar,0.7322986125946045,0,galaxy,0.35810792446136475,2,star,0.6440921425819397
2289,2,star,2,star,True,2,star,True,True,2,star,0.7332015633583069,2,star,0.5207822918891907,2,star,0.6246993541717529,2,star,0.5978071093559265,0,galaxy,0.3580482006072998,2,star,0.7990614175796509
2290,2,star,0,galaxy,False,0,galaxy,False,True,0,galaxy,0.8931663036346436,0,galaxy,0.7277469635009766,0,galaxy,0.9654004573822021,0,galaxy,0.730969250202179,0,galaxy,0.3580494225025177,0,galaxy,0.49586930871009827
2291,2,star,1,quasar,False,1,quasar,False,True,2,star,0.6536871790885925,1,quasar,0.7642821669578552,1,quasar,0.633151113986969,1,quasar,0.5232408046722412,0,galaxy,0.3580490052700043,2,star,0.5822409391403198
2292,2,star,1,quasar,False,1,quasar,False,True,1,quasar,0.9310716986656189,1,quasar,0.8143936991691589,1,quasar,0.7880785465240479,1,quasar,0.5694826245307922,0,galaxy,0.35804903507232666,2,star,0.42764756083488464
2293,2,star,2,star,True,2,star,True,True,2,star,0.9907716512680054,0,galaxy,0.7294496297836304,2,star,0.908061146736145,2,star,0.7175743579864502,0,galaxy,0.3580518364906311,2,star,0.7087440490722656
2294,2,star,2,star,True,2,star,True,True,2,star,0.7374124526977539,2,star,0.5540907382965088,1,quasar,0.5696116089820862,2,star,0.7804266810417175,0,galaxy,0.3580438196659088,2,star,0.7369808554649353
2295,2,star,2,star,True,2,star,True,True,2,star,0.9785839915275574,2,star,0.9968095421791077,2,star,0.9150646328926086,2,star,0.9612448811531067,0,galaxy,0.3580484986305237,2,star,0.7495209574699402
2296,2,star,2,star,True,2,star,True,True,2,star,0.9439372420310974,2,star,0.9914405345916748,2,star,0.9190183877944946,2,star,0.9256608486175537,0,galaxy,0.3580491542816162,2,star,0.8775913715362549
2297,2,star,1,quasar,False,1,quasar,False,True,1,quasar,0.6634861826896667,1,quasar,0.6842788457870483,1,quasar,0.6817985773086548,2,star,0.660539984703064,0,galaxy,0.3580481708049774,2,star,0.5243451595306396
2298,2,star,2,star,True,2,star,True,True,2,star,0.9918766021728516,2,star,0.9919265508651733,2,star,0.9617912769317627,2,star,0.9895057082176208,0,galaxy,0.3580489754676819,2,star,0.7610581517219543
2299,2,star,2,star,True,2,star,True,True,2,star,0.9063989520072937,2,star,0.9974307417869568,2,star,0.8668646216392517,2,star,0.9907949566841125,0,galaxy,0.35804757475852966,2,star,0.5536591410636902
2300,2,star,2,star,True,2,star,True,True,2,star,0.6445629596710205,2,star,0.530671238899231,1,quasar,0.7290462851524353,2,star,0.5647091865539551,0,galaxy,0.35804933309555054,2,star,0.48806890845298767
2301,2,star,2,star,True,2,star,True,True,2,star,0.8280376195907593,2,star,0.795911431312561,2,star,0.44696876406669617,2,star,0.732289731502533,0,galaxy,0.3581874668598175,2,star,0.4997900426387787
2302,2,star,2,star,True,2,star,True,True,2,star,0.9861057996749878,2,star,0.989081859588623,2,star,0.9581686854362488,2,star,0.9884080290794373,0,galaxy,0.3580499589443207,2,star,0.6516490578651428
2303,2,star,2,star,True,2,star,True,True,2,star,0.9972487092018127,2,star,0.9876992702484131,2,star,0.958608865737915,2,star,0.8488612174987793,0,galaxy,0.35804983973503113,2,star,0.8967840075492859
2304,2,star,2,star,True,2,star,True,True,2,star,0.9295172691345215,2,star,0.9942054152488708,2,star,0.8682523369789124,2,star,0.9786755442619324,0,galaxy,0.358049601316452,2,star,0.7689228057861328
2305,2,star,2,star,True,2,star,True,True,2,star,0.6512282490730286,2,star,0.5465198755264282,2,star,0.5475533604621887,2,star,0.6695712208747864,0,galaxy,0.35804760456085205,2,star,0.6695426106452942
2306,2,star,0,galaxy,False,2,star,True,False,2,star,0.7461009621620178,1,quasar,0.5417156219482422,1,quasar,0.7224597930908203,2,star,0.5584360957145691,0,galaxy,0.3580543100833893,0,galaxy,0.5553030371665955
2307,2,star,2,star,True,2,star,True,True,2,star,0.9914019703865051,2,star,0.9952589869499207,2,star,0.9639395475387573,2,star,0.9904788732528687,0,galaxy,0.35804957151412964,2,star,0.8599060773849487
2308,2,star,2,star,True,2,star,True,True,2,star,0.981779158115387,2,star,0.97925865650177,2,star,0.9319490194320679,2,star,0.9554072022438049,0,galaxy,0.3580494225025177,2,star,0.7574145197868347
2309,2,star,2,star,True,2,star,True,True,2,star,0.9807072281837463,2,star,0.7030946612358093,2,star,0.9163986444473267,2,star,0.974755585193634,0,galaxy,0.3580501079559326,2,star,0.7397074103355408
2310,2,star,2,star,True,2,star,True,True,1,quasar,0.5259529948234558,2,star,0.5098057985305786,1,quasar,0.7126514315605164,2,star,0.6022908091545105,0,galaxy,0.35804930329322815,2,star,0.5476137399673462
2311,2,star,1,quasar,False,1,quasar,False,True,1,quasar,0.6870917081832886,1,quasar,0.6749834418296814,1,quasar,0.6876316666603088,2,star,0.5260137915611267,0,galaxy,0.3580487370491028,2,star,0.7031757235527039
2312,2,star,2,star,True,2,star,True,True,2,star,0.955114483833313,2,star,0.9375673532485962,2,star,0.7928677201271057,2,star,0.9330277442932129,0,galaxy,0.3580484092235565,2,star,0.5038836002349854
2313,2,star,2,star,True,2,star,True,True,2,star,0.9674776792526245,2,star,0.6694015860557556,1,quasar,0.6318114995956421,1,quasar,0.5424293875694275,0,galaxy,0.35804858803749084,2,star,0.7288878560066223
2314,2,star,2,star,True,2,star,True,True,2,star,0.8156512975692749,2,star,0.8141013979911804,2,star,0.5152515172958374,2,star,0.5921627879142761,0,galaxy,0.3581971228122711,2,star,0.5651381015777588
2315,2,star,2,star,True,2,star,True,True,2,star,0.9950990080833435,2,star,0.9990174770355225,2,star,0.9443073272705078,2,star,0.9894535541534424,0,galaxy,0.3580481708049774,2,star,0.8120879530906677
2316,2,star,2,star,True,2,star,True,True,2,star,0.7605522274971008,2,star,0.9149264097213745,2,star,0.739319920539856,2,star,0.9276826977729797,0,galaxy,0.3580496609210968,2,star,0.5590314269065857
2317,2,star,2,star,True,2,star,True,True,2,star,0.9591591954231262,2,star,0.7855276465415955,1,quasar,0.7935805916786194,1,quasar,0.8196120262145996,0,galaxy,0.35804957151412964,2,star,0.7052075266838074
2318,2,star,2,star,True,2,star,True,True,2,star,0.9878210425376892,2,star,0.9981866478919983,2,star,0.9512502551078796,2,star,0.9887958765029907,0,galaxy,0.35804930329322815,2,star,0.6624284982681274
2319,2,star,0,galaxy,False,0,galaxy,False,True,2,star,0.7884424924850464,0,galaxy,0.9153066873550415,1,quasar,0.7564742565155029,1,quasar,0.6548728346824646,0,galaxy,0.3580411970615387,0,galaxy,0.736214816570282
2320,2,star,2,star,True,2,star,True,True,2,star,0.9976760745048523,2,star,0.9918150305747986,2,star,0.9620035886764526,2,star,0.9929400682449341,0,galaxy,0.3580494225025177,2,star,0.7557666897773743
2321,2,star,2,star,True,2,star,True,True,2,star,0.995832622051239,2,star,0.9843140840530396,2,star,0.9417287707328796,2,star,0.9867392778396606,0,galaxy,0.35804951190948486,2,star,0.7059349417686462
2322,2,star,2,star,True,2,star,True,True,2,star,0.7008614540100098,2,star,0.950366735458374,2,star,0.46455642580986023,2,star,0.6616546511650085,0,galaxy,0.3583449125289917,1,quasar,0.522784948348999
2323,2,star,2,star,True,2,star,True,True,2,star,0.9862509965896606,2,star,0.9989213943481445,2,star,0.925530731678009,2,star,0.9603762626647949,0,galaxy,0.35804814100265503,2,star,0.9158374667167664
2324,2,star,2,star,True,2,star,True,True,2,star,0.917651355266571,2,star,0.9970376491546631,2,star,0.9519338607788086,2,star,0.9818630814552307,0,galaxy,0.35804468393325806,2,star,0.7822311520576477
2325,2,star,2,star,True,2,star,True,True,2,star,0.9647945761680603,0,galaxy,0.8612132668495178,2,star,0.9187406301498413,2,star,0.985680341720581,0,galaxy,0.35813066363334656,2,star,0.8541022539138794
2326,2,star,2,star,True,2,star,True,True,2,star,0.9129355549812317,2,star,0.9877687096595764,2,star,0.9182780981063843,2,star,0.9739665389060974,0,galaxy,0.3580494523048401,2,star,0.6331202983856201
2327,2,star,2,star,True,2,star,True,True,2,star,0.7586191892623901,2,star,0.5682256817817688,2,star,0.7945089340209961,2,star,0.5374888777732849,2,star,0.3475772738456726,2,star,0.8978578448295593
2328,2,star,1,quasar,False,1,quasar,False,True,1,quasar,0.8388150930404663,1,quasar,0.5994409918785095,1,quasar,0.5296659469604492,2,star,0.6265101432800293,0,galaxy,0.3580479919910431,1,quasar,0.5532004833221436
2329,2,star,1,quasar,False,1,quasar,False,True,1,quasar,0.5660966634750366,1,quasar,0.6833388209342957,1,quasar,0.7949837446212769,1,quasar,0.683218240737915,0,galaxy,0.3580492436885834,2,star,0.4835655987262726
2330,2,star,2,star,True,2,star,True,True,2,star,0.5931487679481506,2,star,0.7625924348831177,2,star,0.5245716571807861,2,star,0.6280326247215271,0,galaxy,0.3580476939678192,2,star,0.7056509852409363
2331,2,star,2,star,True,2,star,True,True,2,star,0.6273742318153381,2,star,0.9262306690216064,2,star,0.5356588363647461,2,star,0.7186719179153442,0,galaxy,0.3580486476421356,0,galaxy,0.5568573474884033
2332,2,star,2,star,True,2,star,True,True,2,star,0.7056155800819397,2,star,0.5215182900428772,2,star,0.8177697062492371,0,galaxy,0.4649715721607208,0,galaxy,0.35805216431617737,2,star,0.4245748519897461
2333,2,star,2,star,True,2,star,True,True,2,star,0.8306893110275269,2,star,0.6464729905128479,2,star,0.586151123046875,2,star,0.7989454865455627,0,galaxy,0.3580499291419983,2,star,0.8143652677536011
2334,2,star,2,star,True,2,star,True,True,1,quasar,0.6815406680107117,2,star,0.8931743502616882,2,star,0.5047438144683838,2,star,0.7829592823982239,0,galaxy,0.35805004835128784,2,star,0.7073606252670288
2335,2,star,2,star,True,2,star,True,True,2,star,0.680547833442688,2,star,0.7899894714355469,2,star,0.8353241086006165,2,star,0.7408847212791443,0,galaxy,0.3580634295940399,0,galaxy,0.5343910455703735
2336,2,star,2,star,True,2,star,True,True,2,star,0.9916077852249146,2,star,0.9708141684532166,2,star,0.9267501831054688,2,star,0.9933351278305054,0,galaxy,0.35804903507232666,2,star,0.5198648571968079
2337,2,star,1,quasar,False,1,quasar,False,True,1,quasar,0.8807185292243958,1,quasar,0.83137047290802,1,quasar,0.804179847240448,1,quasar,0.7303912043571472,0,galaxy,0.35803189873695374,2,star,0.4514016807079315
2338,2,star,0,galaxy,False,0,galaxy,False,True,1,quasar,0.4523058831691742,0,galaxy,0.8044175505638123,0,galaxy,0.9051366448402405,1,quasar,0.5651076436042786,0,galaxy,0.3580494225025177,1,quasar,0.4194827377796173
2339,2,star,2,star,True,2,star,True,True,2,star,0.6898879408836365,2,star,0.7150651216506958,2,star,0.7191098928451538,2,star,0.812092125415802,0,galaxy,0.3580481708049774,0,galaxy,0.401079922914505
2340,2,star,2,star,True,2,star,True,True,2,star,0.8572090268135071,2,star,0.8804486989974976,1,quasar,0.7196533679962158,1,quasar,0.5471851229667664,0,galaxy,0.35804975032806396,2,star,0.5336397290229797
2341,2,star,2,star,True,2,star,True,True,2,star,0.9533291459083557,2,star,0.7492333650588989,2,star,0.8843285441398621,2,star,0.9516419768333435,0,galaxy,0.3580494523048401,2,star,0.7813737988471985
2342,2,star,2,star,True,2,star,True,True,2,star,0.9953059554100037,2,star,0.9365809559822083,2,star,0.9781879186630249,2,star,0.9915665984153748,0,galaxy,0.35804954171180725,2,star,0.6003708839416504
2343,2,star,2,star,True,2,star,True,True,2,star,0.8826099038124084,2,star,0.7166858911514282,2,star,0.7980093955993652,2,star,0.5454891920089722,0,galaxy,0.3579236567020416,2,star,0.36216676235198975
2344,2,star,2,star,True,2,star,True,True,2,star,0.8770899772644043,2,star,0.5609333515167236,2,star,0.6633704900741577,1,quasar,0.6345887184143066,0,galaxy,0.35804906487464905,0,galaxy,0.6533968448638916
2345,2,star,1,quasar,False,1,quasar,False,True,1,quasar,0.6955254673957825,1,quasar,0.6189618706703186,1,quasar,0.8125789165496826,1,quasar,0.690990149974823,0,galaxy,0.3580491542816162,0,galaxy,0.35464563965797424
2346,2,star,1,quasar,False,1,quasar,False,True,1,quasar,0.5010021328926086,1,quasar,0.6009259819984436,1,quasar,0.5944266319274902,1,quasar,0.7786089777946472,0,galaxy,0.3579869270324707,2,star,0.5111314654350281
2347,2,star,2,star,True,2,star,True,True,2,star,0.9308754205703735,2,star,0.9944127202033997,2,star,0.9677019715309143,2,star,0.9685409665107727,0,galaxy,0.3580508232116699,2,star,0.7512473464012146
2348,2,star,1,quasar,False,1,quasar,False,True,1,quasar,0.497888445854187,2,star,0.5948326587677002,1,quasar,0.8212343454360962,1,quasar,0.5689517259597778,0,galaxy,0.358048677444458,0,galaxy,0.49900949001312256
2349,2,star,2,star,True,2,star,True,True,2,star,0.9556252956390381,2,star,0.9387363195419312,2,star,0.9503533840179443,2,star,0.9877151846885681,0,galaxy,0.3580498993396759,2,star,0.5283488035202026
2350,2,star,2,star,True,2,star,True,True,2,star,0.9695228338241577,2,star,0.7506861686706543,2,star,0.9505499601364136,2,star,0.9927748441696167,0,galaxy,0.35804951190948486,2,star,0.7309847474098206
2351,2,star,1,quasar,False,1,quasar,False,True,1,quasar,0.5611944794654846,1,quasar,0.7690153121948242,1,quasar,0.6281799077987671,1,quasar,0.696865439414978,0,galaxy,0.3580482006072998,2,star,0.7141720056533813
2352,2,star,2,star,True,2,star,True,True,2,star,0.7889306545257568,2,star,0.7411684989929199,2,star,0.510598361492157,2,star,0.6344888806343079,0,galaxy,0.3580497205257416,1,quasar,0.3876844346523285
2353,2,star,2,star,True,2,star,True,True,2,star,0.7523747086524963,2,star,0.8867110013961792,2,star,0.6986863613128662,1,quasar,0.4715862274169922,0,galaxy,0.3521169126033783,2,star,0.5932576060295105
