sample_index,true_label,true_class,majority_vote_label,majority_vote_class,majority_vote_correct,mean_probability_label,mean_probability_class,mean_probability_correct,strategies_agree,efficientnet_b0_label,efficientnet_b0_class,efficientnet_b0_confidence,resnet50_label,resnet50_class,resnet50_confidence,convnext_tiny_label,convnext_tiny_class,convnext_tiny_confidence,vit_b_16_label,vit_b_16_class,vit_b_16_confidence,vmamba_label,vmamba_class,vmamba_confidence,cnn_shallow_label,cnn_shallow_class,cnn_shallow_confidence
0,0,galaxy,0,galaxy,True,0,galaxy,True,True,0,galaxy,0.994517982006073,0,galaxy,0.9998698234558105,0,galaxy,0.9591550827026367,0,galaxy,0.9722691774368286,0,galaxy,0.9888707995414734,0,galaxy,0.47357770800590515
1,0,galaxy,0,galaxy,True,0,galaxy,True,True,0,galaxy,0.9145916104316711,0,galaxy,0.9968260526657104,0,galaxy,0.9884823560714722,0,galaxy,0.9840116500854492,0,galaxy,0.997351884841919,0,galaxy,0.579753577709198
2,0,galaxy,0,galaxy,True,0,galaxy,True,True,0,galaxy,0.9935895204544067,1,quasar,0.5471851825714111,0,galaxy,0.9807872772216797,0,galaxy,0.9799269437789917,0,galaxy,0.9947450160980225,0,galaxy,0.640065610408783
3,0,galaxy,0,galaxy,True,0,galaxy,True,True,0,galaxy,0.9854023456573486,0,galaxy,0.9996607303619385,0,galaxy,0.9920247793197632,0,galaxy,0.9457055926322937,0,galaxy,0.9988210797309875,0,galaxy,0.9495817422866821
4,0,galaxy,0,galaxy,True,0,galaxy,True,True,0,galaxy,0.9870851635932922,0,galaxy,0.99909508228302,0,galaxy,0.9902113080024719,0,galaxy,0.9897935390472412,0,galaxy,0.9986633062362671,0,galaxy,0.945523202419281
5,0,galaxy,0,galaxy,True,0,galaxy,True,True,0,galaxy,0.9418184161186218,0,galaxy,0.9968144297599792,0,galaxy,0.951123833656311,0,galaxy,0.9775698184967041,0,galaxy,0.9875867366790771,0,galaxy,0.40247416496276855
6,0,galaxy,0,galaxy,True,0,galaxy,True,True,0,galaxy,0.9926995635032654,0,galaxy,0.9863182306289673,0,galaxy,0.9885739088058472,0,galaxy,0.9702258706092834,0,galaxy,0.9983702301979065,0,galaxy,0.7233369946479797
7,0,galaxy,0,galaxy,True,0,galaxy,True,True,0,galaxy,0.9851832985877991,0,galaxy,0.9939866065979004,0,galaxy,0.9242026209831238,0,galaxy,0.9705735445022583,0,galaxy,0.9878655076026917,1,quasar,0.4953438341617584
8,0,galaxy,0,galaxy,True,0,galaxy,True,True,0,galaxy,0.9580658674240112,0,galaxy,0.9935771822929382,0,galaxy,0.9619923830032349,0,galaxy,0.934589684009552,0,galaxy,0.9866814613342285,2,star,0.37729620933532715
9,0,galaxy,0,galaxy,True,0,galaxy,True,True,0,galaxy,0.981162965297699,0,galaxy,0.9574498534202576,0,galaxy,0.9737480878829956,0,galaxy,0.9804458022117615,0,galaxy,0.9889167547225952,2,star,0.5478857755661011
10,0,galaxy,0,galaxy,True,0,galaxy,True,True,0,galaxy,0.9872491955757141,0,galaxy,0.989401638507843,0,galaxy,0.9811949133872986,0,galaxy,0.9704185128211975,0,galaxy,0.9960851669311523,0,galaxy,0.8034606575965881
11,0,galaxy,0,galaxy,True,0,galaxy,True,True,0,galaxy,0.9529604911804199,0,galaxy,0.9150444865226746,0,galaxy,0.9653090238571167,0,galaxy,0.9715198874473572,0,galaxy,0.9854885935783386,0,galaxy,0.598538339138031
12,0,galaxy,0,galaxy,True,0,galaxy,True,True,0,galaxy,0.9785063862800598,0,galaxy,0.9970845580101013,0,galaxy,0.9564043283462524,0,galaxy,0.9666081070899963,0,galaxy,0.9616566896438599,0,galaxy,0.4606478214263916
13,0,galaxy,0,galaxy,True,0,galaxy,True,True,0,galaxy,0.9692081212997437,0,galaxy,0.9853686690330505,0,galaxy,0.9734718203544617,0,galaxy,0.974338948726654,0,galaxy,0.9821828007698059,2,star,0.6339646577835083
14,0,galaxy,0,galaxy,True,0,galaxy,True,True,0,galaxy,0.9721636772155762,0,galaxy,0.9970368146896362,0,galaxy,0.99058997631073,0,galaxy,0.9836699962615967,0,galaxy,0.9982557892799377,0,galaxy,0.7791438102722168
15,0,galaxy,0,galaxy,True,0,galaxy,True,True,0,galaxy,0.9903205037117004,0,galaxy,0.9986246824264526,0,galaxy,0.9757856726646423,0,galaxy,0.9799051284790039,0,galaxy,0.997410237789154,0,galaxy,0.7057456970214844
16,0,galaxy,0,galaxy,True,0,galaxy,True,True,2,star,0.43251264095306396,0,galaxy,0.9434120059013367,0,galaxy,0.9313061833381653,0,galaxy,0.8146504759788513,0,galaxy,0.9642605781555176,2,star,0.7654058933258057
17,0,galaxy,0,galaxy,True,0,galaxy,True,True,0,galaxy,0.9483816027641296,0,galaxy,0.9961780309677124,0,galaxy,0.9541053771972656,0,galaxy,0.9464553594589233,0,galaxy,0.9908527731895447,0,galaxy,0.4137098789215088
18,0,galaxy,0,galaxy,True,0,galaxy,True,True,0,galaxy,0.9805071353912354,0,galaxy,0.9912472367286682,0,galaxy,0.9836797118186951,0,galaxy,0.9844248294830322,0,galaxy,0.9983250498771667,0,galaxy,0.6918614506721497
19,0,galaxy,0,galaxy,True,0,galaxy,True,True,0,galaxy,0.9862224459648132,0,galaxy,0.9785857200622559,0,galaxy,0.9676932096481323,0,galaxy,0.9691364765167236,0,galaxy,0.9914264678955078,0,galaxy,0.6631149649620056
20,0,galaxy,0,galaxy,True,0,galaxy,True,True,0,galaxy,0.9673643112182617,0,galaxy,0.9799438118934631,0,galaxy,0.9802345633506775,0,galaxy,0.9785390496253967,0,galaxy,0.99842369556427,2,star,0.438064843416214
21,0,galaxy,0,galaxy,True,0,galaxy,True,True,0,galaxy,0.9831589460372925,0,galaxy,0.9958815574645996,0,galaxy,0.9817988276481628,0,galaxy,0.9717612862586975,0,galaxy,0.95308518409729,0,galaxy,0.48095712065696716
22,0,galaxy,0,galaxy,True,0,galaxy,True,True,0,galaxy,0.9666876196861267,0,galaxy,0.9996572732925415,0,galaxy,0.9586028456687927,0,galaxy,0.9629014730453491,0,galaxy,0.98689866065979,0,galaxy,0.9107791781425476
23,0,galaxy,0,galaxy,True,0,galaxy,True,True,0,galaxy,0.990985631942749,0,galaxy,0.9966042041778564,0,galaxy,0.977442741394043,0,galaxy,0.9790626764297485,0,galaxy,0.992552638053894,0,galaxy,0.6077049970626831
24,0,galaxy,0,galaxy,True,0,galaxy,True,True,0,galaxy,0.9885348677635193,0,galaxy,0.9987471103668213,0,galaxy,0.9905093908309937,0,galaxy,0.989663302898407,0,galaxy,0.9986718893051147,0,galaxy,0.572306752204895
25,0,galaxy,0,galaxy,True,0,galaxy,True,True,0,galaxy,0.9890803694725037,0,galaxy,0.999531626701355,0,galaxy,0.9871113896369934,0,galaxy,0.9796518683433533,0,galaxy,0.998788058757782,0,galaxy,0.822532057762146
26,0,galaxy,0,galaxy,True,0,galaxy,True,True,0,galaxy,0.9708303213119507,0,galaxy,0.9957186579704285,0,galaxy,0.9885196089744568,0,galaxy,0.9810165762901306,0,galaxy,0.9988685846328735,0,galaxy,0.9431331157684326
27,0,galaxy,0,galaxy,True,0,galaxy,True,True,0,galaxy,0.8417428135871887,0,galaxy,0.9528171420097351,0,galaxy,0.9593102335929871,0,galaxy,0.9660211801528931,0,galaxy,0.9903102517127991,0,galaxy,0.6630698442459106
28,0,galaxy,0,galaxy,True,0,galaxy,True,True,0,galaxy,0.9853522181510925,0,galaxy,0.9994537234306335,0,galaxy,0.9538754820823669,0,galaxy,0.8728718757629395,0,galaxy,0.9881306886672974,0,galaxy,0.5615434050559998
29,0,galaxy,0,galaxy,True,0,galaxy,True,True,0,galaxy,0.9667615294456482,0,galaxy,0.9978423118591309,0,galaxy,0.9388757348060608,0,galaxy,0.9801888465881348,0,galaxy,0.9941085577011108,0,galaxy,0.8769031167030334
30,0,galaxy,0,galaxy,True,0,galaxy,True,True,0,galaxy,0.9636193513870239,0,galaxy,0.9898880124092102,0,galaxy,0.9848163723945618,0,galaxy,0.9787710309028625,0,galaxy,0.9931650757789612,0,galaxy,0.687337338924408
31,0,galaxy,0,galaxy,True,0,galaxy,True,True,0,galaxy,0.9879844188690186,0,galaxy,0.9631912708282471,0,galaxy,0.9551255702972412,0,galaxy,0.96530681848526,0,galaxy,0.9654420018196106,0,galaxy,0.5566335916519165
32,0,galaxy,0,galaxy,True,0,galaxy,True,True,0,galaxy,0.967680037021637,0,galaxy,0.9998375177383423,0,galaxy,0.9810178279876709,0,galaxy,0.9836094379425049,0,galaxy,0.9986385703086853,0,galaxy,0.5855708122253418
33,0,galaxy,0,galaxy,True,0,galaxy,True,True,0,galaxy,0.964861273765564,0,galaxy,0.9958849549293518,0,galaxy,0.9690828323364258,0,galaxy,0.9668551087379456,0,galaxy,0.9767629504203796,0,galaxy,0.6077678203582764
34,0,galaxy,0,galaxy,True,0,galaxy,True,True,0,galaxy,0.9322882890701294,0,galaxy,0.9296541810035706,0,galaxy,0.9299505949020386,0,galaxy,0.9763290882110596,0,galaxy,0.9982802867889404,0,galaxy,0.4365905523300171
35,0,galaxy,0,galaxy,True,0,galaxy,True,True,0,galaxy,0.9903411865234375,0,galaxy,0.998167872428894,0,galaxy,0.9890158772468567,0,galaxy,0.9840659499168396,0,galaxy,0.9980036616325378,0,galaxy,0.363267183303833
36,0,galaxy,0,galaxy,True,0,galaxy,True,True,0,galaxy,0.9716944694519043,0,galaxy,0.9922965168952942,0,galaxy,0.8797500133514404,0,galaxy,0.9333769679069519,1,quasar,0.5131860971450806,0,galaxy,0.7792506814002991
37,0,galaxy,0,galaxy,True,0,galaxy,True,True,0,galaxy,0.9338223934173584,0,galaxy,0.9865530133247375,0,galaxy,0.9487513303756714,0,galaxy,0.8745063543319702,0,galaxy,0.986665666103363,2,star,0.4677000343799591
38,0,galaxy,0,galaxy,True,0,galaxy,True,True,0,galaxy,0.8606964349746704,0,galaxy,0.999345600605011,0,galaxy,0.9438195824623108,2,star,0.4867512583732605,0,galaxy,0.990638017654419,2,star,0.6814002394676208
39,0,galaxy,0,galaxy,True,0,galaxy,True,True,0,galaxy,0.985870897769928,0,galaxy,0.9692777991294861,0,galaxy,0.9738515019416809,0,galaxy,0.9876656532287598,0,galaxy,0.9973708391189575,0,galaxy,0.9120299816131592
40,0,galaxy,0,galaxy,True,0,galaxy,True,True,0,galaxy,0.9557924270629883,0,galaxy,0.9732646346092224,0,galaxy,0.985082745552063,0,galaxy,0.9841398000717163,0,galaxy,0.9909325838088989,0,galaxy,0.7009560465812683
41,0,galaxy,0,galaxy,True,0,galaxy,True,True,0,galaxy,0.9878935217857361,0,galaxy,0.9989569187164307,0,galaxy,0.9699402451515198,0,galaxy,0.9713008999824524,0,galaxy,0.9792647361755371,2,star,0.43520185351371765
42,0,galaxy,0,galaxy,True,0,galaxy,True,True,0,galaxy,0.9918004870414734,0,galaxy,0.9988889098167419,0,galaxy,0.976353108882904,0,galaxy,0.968220591545105,0,galaxy,0.9901667833328247,2,star,0.46181780099868774
43,0,galaxy,0,galaxy,True,0,galaxy,True,True,0,galaxy,0.9580622315406799,0,galaxy,0.9929506778717041,0,galaxy,0.9850770831108093,0,galaxy,0.9240221977233887,0,galaxy,0.9984018206596375,0,galaxy,0.5786148309707642
44,0,galaxy,0,galaxy,True,0,galaxy,True,True,0,galaxy,0.9878765344619751,0,galaxy,0.9839838743209839,0,galaxy,0.9768418669700623,0,galaxy,0.9762486815452576,0,galaxy,0.9968233108520508,0,galaxy,0.754486083984375
45,0,galaxy,0,galaxy,True,0,galaxy,True,True,0,galaxy,0.8772796988487244,0,galaxy,0.6704821586608887,0,galaxy,0.9777283668518066,0,galaxy,0.9572940468788147,0,galaxy,0.9973638653755188,0,galaxy,0.6967636942863464
46,0,galaxy,0,galaxy,True,0,galaxy,True,True,0,galaxy,0.7880004644393921,0,galaxy,0.7561718821525574,0,galaxy,0.9648154377937317,0,galaxy,0.9858718514442444,0,galaxy,0.9977795481681824,2,star,0.4607241749763489
47,0,galaxy,0,galaxy,True,0,galaxy,True,True,0,galaxy,0.9829020500183105,0,galaxy,0.712620198726654,0,galaxy,0.9811954498291016,0,galaxy,0.9657773971557617,0,galaxy,0.9977452158927917,0,galaxy,0.6770647764205933
48,0,galaxy,0,galaxy,True,0,galaxy,True,True,0,galaxy,0.9603531360626221,0,galaxy,0.8321374654769897,0,galaxy,0.9750887751579285,0,galaxy,0.9682074189186096,0,galaxy,0.9949880838394165,0,galaxy,0.695751965045929
49,0,galaxy,0,galaxy,True,0,galaxy,True,True,0,galaxy,0.9750067591667175,0,galaxy,0.9018924236297607,0,galaxy,0.963028073310852,0,galaxy,0.9685595631599426,0,galaxy,0.9893198013305664,0,galaxy,0.5165513157844543
50,0,galaxy,0,galaxy,True,0,galaxy,True,True,0,galaxy,0.9818907380104065,0,galaxy,0.9987928867340088,0,galaxy,0.9228564500808716,0,galaxy,0.8339270353317261,0,galaxy,0.9660003781318665,0,galaxy,0.5226384997367859
51,0,galaxy,0,galaxy,True,0,galaxy,True,True,0,galaxy,0.5960062742233276,0,galaxy,0.5721310377120972,0,galaxy,0.8868772387504578,0,galaxy,0.9618286490440369,0,galaxy,0.9886550903320312,2,star,0.41386696696281433
52,0,galaxy,0,galaxy,True,0,galaxy,True,True,0,galaxy,0.9664698243141174,0,galaxy,0.4860590994358063,0,galaxy,0.9707884192466736,0,galaxy,0.9632418155670166,0,galaxy,0.994061291217804,2,star,0.703022837638855
53,0,galaxy,0,galaxy,True,0,galaxy,True,True,0,galaxy,0.9428626894950867,0,galaxy,0.9465138912200928,0,galaxy,0.9617903232574463,0,galaxy,0.9746618866920471,0,galaxy,0.9885679483413696,0,galaxy,0.5828735828399658
54,0,galaxy,0,galaxy,True,0,galaxy,True,True,0,galaxy,0.9035002589225769,0,galaxy,0.8126540184020996,0,galaxy,0.8604051470756531,0,galaxy,0.4768712520599365,0,galaxy,0.9769411683082581,0,galaxy,0.5823293328285217
55,0,galaxy,0,galaxy,True,0,galaxy,True,True,0,galaxy,0.945796549320221,0,galaxy,0.9559853672981262,0,galaxy,0.9761086106300354,0,galaxy,0.9716522097587585,0,galaxy,0.9855948686599731,0,galaxy,0.5829091668128967
56,0,galaxy,0,galaxy,True,0,galaxy,True,True,0,galaxy,0.9740731716156006,0,galaxy,0.8693016767501831,0,galaxy,0.9780173301696777,0,galaxy,0.9801090359687805,0,galaxy,0.9975653886795044,0,galaxy,0.613444983959198
57,0,galaxy,0,galaxy,True,0,galaxy,True,True,0,galaxy,0.9732601642608643,0,galaxy,0.9909612536430359,0,galaxy,0.9782172441482544,0,galaxy,0.984833300113678,0,galaxy,0.9840795397758484,0,galaxy,0.6602932214736938
58,0,galaxy,0,galaxy,True,0,galaxy,True,True,0,galaxy,0.964574933052063,0,galaxy,0.997404158115387,0,galaxy,0.9386333227157593,0,galaxy,0.9339243769645691,0,galaxy,0.9913330674171448,0,galaxy,0.8587472438812256
59,0,galaxy,0,galaxy,True,0,galaxy,True,True,0,galaxy,0.9969232678413391,0,galaxy,0.9926152229309082,0,galaxy,0.985590934753418,0,galaxy,0.9741114974021912,0,galaxy,0.9981216788291931,0,galaxy,0.9197994470596313
60,0,galaxy,0,galaxy,True,0,galaxy,True,True,0,galaxy,0.9128280878067017,0,galaxy,0.9987346529960632,0,galaxy,0.9814852476119995,0,galaxy,0.972507119178772,0,galaxy,0.9925000071525574,0,galaxy,0.8257965445518494
61,0,galaxy,0,galaxy,True,0,galaxy,True,True,2,star,0.513695478439331,0,galaxy,0.9803708791732788,0,galaxy,0.9743063449859619,0,galaxy,0.9387410879135132,0,galaxy,0.998603880405426,0,galaxy,0.6523454785346985
62,0,galaxy,0,galaxy,True,0,galaxy,True,True,0,galaxy,0.9889823794364929,0,galaxy,0.9983277916908264,0,galaxy,0.9899532198905945,0,galaxy,0.9844743013381958,0,galaxy,0.998807430267334,0,galaxy,0.7672296166419983
63,0,galaxy,0,galaxy,True,0,galaxy,True,True,0,galaxy,0.9518267512321472,0,galaxy,0.6265916228294373,0,galaxy,0.9877030253410339,0,galaxy,0.9812955260276794,0,galaxy,0.9986483454704285,0,galaxy,0.40900978446006775
64,0,galaxy,2,star,False,2,star,False,True,2,star,0.9568300843238831,1,quasar,0.6256985664367676,2,star,0.5762476921081543,2,star,0.7734789848327637,1,quasar,0.6219950318336487,2,star,0.40214866399765015
65,0,galaxy,0,galaxy,True,0,galaxy,True,True,0,galaxy,0.9736315608024597,0,galaxy,0.9973400235176086,0,galaxy,0.9377249479293823,0,galaxy,0.9568547606468201,0,galaxy,0.9861214756965637,0,galaxy,0.6163783073425293
66,0,galaxy,0,galaxy,True,0,galaxy,True,True,0,galaxy,0.981415867805481,0,galaxy,0.990830659866333,0,galaxy,0.9822127819061279,0,galaxy,0.9856343865394592,0,galaxy,0.9966771602630615,2,star,0.5891851782798767
67,0,galaxy,2,star,False,2,star,False,True,2,star,0.5510293841362,2,star,0.5330708026885986,0,galaxy,0.6037778258323669,2,star,0.6361908912658691,1,quasar,0.5012088418006897,0,galaxy,0.6904162764549255
68,0,galaxy,0,galaxy,True,0,galaxy,True,True,0,galaxy,0.9260935187339783,0,galaxy,0.9997662901878357,0,galaxy,0.9883214831352234,0,galaxy,0.9834578037261963,0,galaxy,0.9986423850059509,0,galaxy,0.7934250235557556
69,0,galaxy,0,galaxy,True,0,galaxy,True,True,2,star,0.35373738408088684,0,galaxy,0.38353946805000305,0,galaxy,0.459675133228302,2,star,0.7010177373886108,0,galaxy,0.8713533878326416,0,galaxy,0.4352187514305115
70,0,galaxy,0,galaxy,True,0,galaxy,True,True,1,quasar,0.9064882397651672,1,quasar,0.4281231462955475,0,galaxy,0.507124662399292,1,quasar,0.374990850687027,0,galaxy,0.5072808861732483,0,galaxy,0.776572585105896
71,0,galaxy,0,galaxy,True,0,galaxy,True,True,1,quasar,0.6094958186149597,0,galaxy,0.5549597144126892,0,galaxy,0.9342969059944153,0,galaxy,0.6547999978065491,1,quasar,0.6927340626716614,0,galaxy,0.716401994228363
72,0,galaxy,0,galaxy,True,0,galaxy,True,True,2,star,0.3832535743713379,0,galaxy,0.9354817271232605,0,galaxy,0.4792234003543854,2,star,0.46205857396125793,0,galaxy,0.8906666040420532,0,galaxy,0.6714668869972229
73,0,galaxy,1,quasar,False,1,quasar,False,True,1,quasar,0.8805302381515503,1,quasar,0.539009153842926,1,quasar,0.8194637894630432,1,quasar,0.7083759903907776,1,quasar,0.6340802907943726,1,quasar,0.5751001834869385
74,0,galaxy,1,quasar,False,1,quasar,False,True,1,quasar,0.8322011828422546,2,star,0.738820493221283,1,quasar,0.5209760665893555,2,star,0.825408935546875,1,quasar,0.5490283966064453,1,quasar,0.8643883466720581
75,0,galaxy,0,galaxy,True,0,galaxy,True,True,0,galaxy,0.48306310176849365,2,star,0.5999720692634583,0,galaxy,0.6192622780799866,2,star,0.572346568107605,0,galaxy,0.9302215576171875,0,galaxy,0.9166844487190247
76,0,galaxy,0,galaxy,True,0,galaxy,True,True,0,galaxy,0.45084330439567566,0,galaxy,0.42082488536834717,0,galaxy,0.5709767937660217,2,star,0.45000630617141724,0,galaxy,0.8962470293045044,0,galaxy,0.5062676072120667
77,0,galaxy,0,galaxy,True,0,galaxy,True,True,0,galaxy,0.9849633574485779,0,galaxy,0.9981389045715332,0,galaxy,0.9763936400413513,0,galaxy,0.9520236849784851,0,galaxy,0.9443510174751282,0,galaxy,0.9886003136634827
78,0,galaxy,0,galaxy,True,0,galaxy,True,True,0,galaxy,0.9700573682785034,0,galaxy,0.9997244477272034,0,galaxy,0.980513870716095,0,galaxy,0.9846174716949463,0,galaxy,0.9986407160758972,0,galaxy,0.8858133554458618
79,0,galaxy,1,quasar,False,0,galaxy,True,False,1,quasar,0.5505900979042053,1,quasar,0.5458043217658997,0,galaxy,0.9133594036102295,2,star,0.6521661281585693,0,galaxy,0.9836316108703613,1,quasar,0.7301368713378906
80,0,galaxy,0,galaxy,True,0,galaxy,True,True,0,galaxy,0.9848270416259766,0,galaxy,0.991093099117279,0,galaxy,0.967025637626648,0,galaxy,0.9664516448974609,0,galaxy,0.9763011336326599,0,galaxy,0.8114827275276184
81,0,galaxy,0,galaxy,True,0,galaxy,True,True,0,galaxy,0.45772629976272583,1,quasar,0.5824463367462158,0,galaxy,0.9490818381309509,0,galaxy,0.9415706992149353,0,galaxy,0.948788583278656,0,galaxy,0.7933999300003052
82,0,galaxy,0,galaxy,True,0,galaxy,True,True,0,galaxy,0.9581072330474854,0,galaxy,0.9999607801437378,0,galaxy,0.9694762825965881,0,galaxy,0.960481584072113,0,galaxy,0.9620251059532166,2,star,0.4991287887096405
83,0,galaxy,0,galaxy,True,0,galaxy,True,True,0,galaxy,0.9352765083312988,0,galaxy,0.9527957439422607,0,galaxy,0.8042304515838623,0,galaxy,0.9839746356010437,0,galaxy,0.9972097277641296,0,galaxy,0.9156323671340942
84,0,galaxy,2,star,False,2,star,False,True,0,galaxy,0.4229883551597595,2,star,0.455763041973114,2,star,0.610710859298706,2,star,0.46949994564056396,0,galaxy,0.5783517956733704,1,quasar,0.472238153219223
85,0,galaxy,0,galaxy,True,0,galaxy,True,True,0,galaxy,0.9401506781578064,0,galaxy,0.971013069152832,0,galaxy,0.9743354320526123,0,galaxy,0.9685136675834656,0,galaxy,0.9780973792076111,0,galaxy,0.7888005375862122
86,0,galaxy,0,galaxy,True,0,galaxy,True,True,0,galaxy,0.5097262263298035,0,galaxy,0.39203429222106934,0,galaxy,0.9269102215766907,0,galaxy,0.9503088593482971,0,galaxy,0.9067428112030029,0,galaxy,0.7687484622001648
87,0,galaxy,0,galaxy,True,0,galaxy,True,True,0,galaxy,0.9366465210914612,0,galaxy,0.8557348847389221,0,galaxy,0.9801579117774963,0,galaxy,0.8468916416168213,0,galaxy,0.9799163341522217,0,galaxy,0.4679313004016876
88,0,galaxy,0,galaxy,True,0,galaxy,True,True,0,galaxy,0.980692446231842,0,galaxy,0.9901999831199646,0,galaxy,0.9589841961860657,0,galaxy,0.975636899471283,0,galaxy,0.9942650198936462,0,galaxy,0.809361457824707
89,0,galaxy,0,galaxy,True,0,galaxy,True,True,0,galaxy,0.9735358357429504,0,galaxy,0.9980809688568115,0,galaxy,0.9782252311706543,0,galaxy,0.9730497002601624,0,galaxy,0.9949742555618286,0,galaxy,0.6029022336006165
90,0,galaxy,0,galaxy,True,0,galaxy,True,True,0,galaxy,0.9299120306968689,0,galaxy,0.9982571005821228,0,galaxy,0.980258584022522,0,galaxy,0.921534538269043,0,galaxy,0.9946135878562927,1,quasar,0.461117684841156
91,0,galaxy,0,galaxy,True,0,galaxy,True,True,0,galaxy,0.9818058609962463,0,galaxy,0.9992480874061584,0,galaxy,0.980381190776825,0,galaxy,0.9859547019004822,0,galaxy,0.9973547458648682,0,galaxy,0.6571882963180542
92,0,galaxy,0,galaxy,True,0,galaxy,True,True,0,galaxy,0.9569447040557861,0,galaxy,0.9965776801109314,0,galaxy,0.9696350693702698,0,galaxy,0.9633536338806152,0,galaxy,0.9792263507843018,1,quasar,0.5472344160079956
93,0,galaxy,0,galaxy,True,0,galaxy,True,True,0,galaxy,0.9405620694160461,1,quasar,0.6045640707015991,0,galaxy,0.9654104709625244,0,galaxy,0.9713038206100464,0,galaxy,0.9796158075332642,1,quasar,0.4680421054363251
94,0,galaxy,0,galaxy,True,0,galaxy,True,True,0,galaxy,0.6726616024971008,1,quasar,0.4798852801322937,0,galaxy,0.8518301844596863,2,star,0.47109538316726685,0,galaxy,0.9664790630340576,1,quasar,0.43866121768951416
95,0,galaxy,0,galaxy,True,0,galaxy,True,True,0,galaxy,0.6877613067626953,1,quasar,0.5288649797439575,0,galaxy,0.8263238072395325,2,star,0.9533857107162476,0,galaxy,0.8854694962501526,1,quasar,0.48719295859336853
96,0,galaxy,0,galaxy,True,0,galaxy,True,True,2,star,0.48366302251815796,0,galaxy,0.39225131273269653,0,galaxy,0.911896824836731,1,quasar,0.6500594019889832,0,galaxy,0.8661521077156067,1,quasar,0.3810751140117645
97,0,galaxy,0,galaxy,True,0,galaxy,True,True,0,galaxy,0.9532503485679626,0,galaxy,0.9988573789596558,0,galaxy,0.9771990776062012,0,galaxy,0.8534440398216248,0,galaxy,0.9217256903648376,1,quasar,0.5112351775169373
98,0,galaxy,0,galaxy,True,0,galaxy,True,True,0,galaxy,0.8653099536895752,0,galaxy,0.9725094437599182,0,galaxy,0.9567550420761108,0,galaxy,0.6261019706726074,0,galaxy,0.9677456617355347,1,quasar,0.4643928110599518
99,0,galaxy,0,galaxy,True,0,galaxy,True,True,0,galaxy,0.5219637751579285,0,galaxy,0.7548730373382568,0,galaxy,0.6290470957756042,0,galaxy,0.521083414554596,0,galaxy,0.9817611575126648,0,galaxy,0.43720880150794983
100,0,galaxy,0,galaxy,True,0,galaxy,True,True,0,galaxy,0.9788356423377991,0,galaxy,0.9490768909454346,0,galaxy,0.9250134825706482,0,galaxy,0.949841320514679,0,galaxy,0.9782134890556335,0,galaxy,0.7431877851486206
101,0,galaxy,0,galaxy,True,0,galaxy,True,True,0,galaxy,0.876369297504425,0,galaxy,0.9893754720687866,0,galaxy,0.9770839810371399,0,galaxy,0.9519014954566956,0,galaxy,0.9928184747695923,0,galaxy,0.7069693803787231
102,0,galaxy,0,galaxy,True,0,galaxy,True,True,1,quasar,0.47517159581184387,0,galaxy,0.9659090638160706,0,galaxy,0.910797119140625,0,galaxy,0.7691869139671326,0,galaxy,0.7710859179496765,0,galaxy,0.7344970107078552
103,0,galaxy,0,galaxy,True,0,galaxy,True,True,0,galaxy,0.9640624523162842,0,galaxy,0.971656084060669,0,galaxy,0.9079381823539734,0,galaxy,0.9344541430473328,0,galaxy,0.9695897102355957,1,quasar,0.5311551094055176
104,0,galaxy,0,galaxy,True,0,galaxy,True,True,0,galaxy,0.6670197248458862,0,galaxy,0.40465861558914185,0,galaxy,0.8399882912635803,0,galaxy,0.9197158813476562,0,galaxy,0.95163494348526,0,galaxy,0.48264002799987793
105,0,galaxy,0,galaxy,True,0,galaxy,True,True,0,galaxy,0.9190309047698975,0,galaxy,0.8971172571182251,0,galaxy,0.9714332818984985,0,galaxy,0.8909121751785278,0,galaxy,0.9605781435966492,0,galaxy,0.7598814368247986
106,0,galaxy,0,galaxy,True,0,galaxy,True,True,0,galaxy,0.6827354431152344,0,galaxy,0.3918225169181824,0,galaxy,0.7596443295478821,0,galaxy,0.9207155704498291,0,galaxy,0.8241115212440491,0,galaxy,0.48008084297180176
107,0,galaxy,0,galaxy,True,0,galaxy,True,True,0,galaxy,0.6826103925704956,0,galaxy,0.45333921909332275,0,galaxy,0.9048953652381897,0,galaxy,0.7880808711051941,0,galaxy,0.9269246459007263,0,galaxy,0.9381818175315857
108,0,galaxy,1,quasar,False,1,quasar,False,True,1,quasar,0.47586795687675476,1,quasar,0.441563218832016,1,quasar,0.47893381118774414,1,quasar,0.6557225584983826,1,quasar,0.5337976217269897,1,quasar,0.5059676170349121
109,0,galaxy,1,quasar,False,0,galaxy,True,False,1,quasar,0.6307500004768372,1,quasar,0.4833934009075165,2,star,0.43908098340034485,0,galaxy,0.6848196387290955,0,galaxy,0.4853239357471466,1,quasar,0.6108012795448303
110,0,galaxy,0,galaxy,True,0,galaxy,True,True,1,quasar,0.5809845328330994,0,galaxy,0.4288410544395447,0,galaxy,0.5091618299484253,0,galaxy,0.47484952211380005,0,galaxy,0.8174343705177307,0,galaxy,0.968871533870697
111,0,galaxy,0,galaxy,True,0,galaxy,True,True,0,galaxy,0.9530973434448242,0,galaxy,0.9241971969604492,0,galaxy,0.9849393367767334,0,galaxy,0.9822582006454468,0,galaxy,0.99836665391922,0,galaxy,0.763188362121582
112,0,galaxy,0,galaxy,True,0,galaxy,True,True,1,quasar,1.0,2,star,0.8589810729026794,0,galaxy,0.9581251740455627,0,galaxy,0.8594247698783875,0,galaxy,0.9559170603752136,0,galaxy,0.5829730033874512
113,0,galaxy,0,galaxy,True,0,galaxy,True,True,2,star,0.8450847864151001,0,galaxy,0.9900974035263062,0,galaxy,0.9370454549789429,0,galaxy,0.9822775721549988,0,galaxy,0.9394475221633911,0,galaxy,0.7396261692047119
114,0,galaxy,0,galaxy,True,0,galaxy,True,True,2,star,0.6061863303184509,0,galaxy,0.6666423082351685,0,galaxy,0.5321812033653259,0,galaxy,0.5239784121513367,1,quasar,0.7356744408607483,0,galaxy,0.6615810394287109
115,0,galaxy,0,galaxy,True,0,galaxy,True,True,0,galaxy,0.823054850101471,0,galaxy,0.9706137776374817,0,galaxy,0.953205406665802,0,galaxy,0.9824938178062439,0,galaxy,0.9888399243354797,0,galaxy,0.8847172260284424
116,0,galaxy,0,galaxy,True,0,galaxy,True,True,0,galaxy,0.9738767147064209,0,galaxy,0.9995579123497009,0,galaxy,0.9591161012649536,0,galaxy,0.9748944640159607,0,galaxy,0.9909851551055908,0,galaxy,0.5643547773361206
117,0,galaxy,0,galaxy,True,0,galaxy,True,True,0,galaxy,0.9458411931991577,0,galaxy,0.9987695813179016,0,galaxy,0.9264504909515381,0,galaxy,0.9608226418495178,0,galaxy,0.9876619577407837,0,galaxy,0.43467527627944946
118,0,galaxy,0,galaxy,True,0,galaxy,True,True,0,galaxy,0.9906209707260132,0,galaxy,0.9955294728279114,0,galaxy,0.9694116711616516,0,galaxy,0.9616362452507019,0,galaxy,0.9885532855987549,0,galaxy,0.37957555055618286
119,0,galaxy,0,galaxy,True,0,galaxy,True,True,0,galaxy,0.967115044593811,0,galaxy,0.9840551018714905,0,galaxy,0.9926211833953857,0,galaxy,0.9805296659469604,0,galaxy,0.998689591884613,0,galaxy,0.7708200812339783
120,0,galaxy,0,galaxy,True,0,galaxy,True,True,0,galaxy,0.7944163084030151,0,galaxy,0.9755246639251709,0,galaxy,0.9586970806121826,2,star,0.4542999267578125,0,galaxy,0.9857557415962219,2,star,0.39766767621040344
121,0,galaxy,0,galaxy,True,0,galaxy,True,True,0,galaxy,0.9835414290428162,0,galaxy,0.9978068470954895,0,galaxy,0.9154942631721497,0,galaxy,0.8987683057785034,0,galaxy,0.9777218699455261,0,galaxy,0.7709581255912781
122,0,galaxy,0,galaxy,True,0,galaxy,True,True,0,galaxy,0.9837131500244141,0,galaxy,0.9458415508270264,0,galaxy,0.990829586982727,0,galaxy,0.979170560836792,0,galaxy,0.9984495639801025,0,galaxy,0.971914529800415
123,0,galaxy,0,galaxy,True,0,galaxy,True,True,0,galaxy,0.8903918862342834,0,galaxy,0.9356197118759155,0,galaxy,0.9716306328773499,0,galaxy,0.9644899368286133,0,galaxy,0.9963650703430176,0,galaxy,0.6762449145317078
124,0,galaxy,0,galaxy,True,0,galaxy,True,True,0,galaxy,0.6609076261520386,0,galaxy,0.9856744408607483,0,galaxy,0.9508575797080994,0,galaxy,0.9596914052963257,0,galaxy,0.9910277724266052,0,galaxy,0.37197861075401306
125,0,galaxy,0,galaxy,True,0,galaxy,True,True,0,galaxy,0.9903830885887146,0,galaxy,0.9981192946434021,0,galaxy,0.9895508885383606,0,galaxy,0.9844517707824707,0,galaxy,0.9984824061393738,0,galaxy,0.6065288186073303
126,0,galaxy,0,galaxy,True,0,galaxy,True,True,0,galaxy,0.99073725938797,0,galaxy,0.9207035899162292,0,galaxy,0.9787185192108154,0,galaxy,0.9871302247047424,0,galaxy,0.9876624345779419,2,star,0.3714604377746582
127,0,galaxy,0,galaxy,True,0,galaxy,True,True,0,galaxy,0.9984228610992432,0,galaxy,0.9969789981842041,0,galaxy,0.9765642881393433,0,galaxy,0.9787452220916748,0,galaxy,0.9896308779716492,0,galaxy,0.5576542019844055
128,0,galaxy,0,galaxy,True,0,galaxy,True,True,0,galaxy,0.9593929648399353,0,galaxy,0.9987144470214844,0,galaxy,0.9679701924324036,0,galaxy,0.977035403251648,0,galaxy,0.988772451877594,0,galaxy,0.5575917959213257
129,0,galaxy,0,galaxy,True,0,galaxy,True,True,0,galaxy,0.9851226210594177,0,galaxy,0.9797224402427673,0,galaxy,0.9640084505081177,0,galaxy,0.9650290012359619,0,galaxy,0.987657904624939,2,star,0.46685659885406494
130,0,galaxy,0,galaxy,True,0,galaxy,True,True,0,galaxy,0.9875255823135376,0,galaxy,0.9794066548347473,0,galaxy,0.9626351594924927,0,galaxy,0.9795101284980774,0,galaxy,0.9915375709533691,2,star,0.540766716003418
131,0,galaxy,0,galaxy,True,0,galaxy,True,True,0,galaxy,0.9484807848930359,0,galaxy,0.9881836771965027,0,galaxy,0.9561583995819092,0,galaxy,0.9840925931930542,0,galaxy,0.9898479580879211,0,galaxy,0.543207585811615
132,0,galaxy,0,galaxy,True,0,galaxy,True,True,0,galaxy,0.9781293869018555,0,galaxy,0.9958752989768982,0,galaxy,0.9545859098434448,0,galaxy,0.9738515019416809,0,galaxy,0.9428200125694275,2,star,0.4659183919429779
133,0,galaxy,0,galaxy,True,0,galaxy,True,True,0,galaxy,0.9405688643455505,0,galaxy,0.8016166687011719,0,galaxy,0.9589443206787109,0,galaxy,0.7892951369285583,0,galaxy,0.9932087063789368,0,galaxy,0.3882264196872711
134,0,galaxy,0,galaxy,True,0,galaxy,True,True,0,galaxy,0.9403406977653503,0,galaxy,0.441860556602478,0,galaxy,0.9697335362434387,0,galaxy,0.9295424818992615,0,galaxy,0.9967030882835388,0,galaxy,0.7107011675834656
135,0,galaxy,1,quasar,False,2,star,False,False,2,star,0.7860413193702698,2,star,0.5755402445793152,1,quasar,0.6225228905677795,1,quasar,0.652959942817688,1,quasar,0.5992268323898315,2,star,0.5706711411476135
136,0,galaxy,0,galaxy,True,0,galaxy,True,True,0,galaxy,0.9517506957054138,0,galaxy,0.9773136973381042,0,galaxy,0.8888834118843079,0,galaxy,0.9786328673362732,0,galaxy,0.9869893193244934,0,galaxy,0.7046188712120056
137,0,galaxy,0,galaxy,True,0,galaxy,True,True,0,galaxy,0.8667854070663452,0,galaxy,0.968716561794281,0,galaxy,0.9856690168380737,0,galaxy,0.9564803242683411,0,galaxy,0.9987554550170898,0,galaxy,0.6735431551933289
138,0,galaxy,0,galaxy,True,0,galaxy,True,True,0,galaxy,0.9896723031997681,0,galaxy,0.9934628009796143,0,galaxy,0.9893139004707336,0,galaxy,0.9857516884803772,0,galaxy,0.9985604882240295,0,galaxy,0.893618643283844
139,0,galaxy,0,galaxy,True,0,galaxy,True,True,0,galaxy,0.8472427129745483,0,galaxy,0.9281013607978821,0,galaxy,0.8987687826156616,0,galaxy,0.5050413012504578,0,galaxy,0.9800838232040405,0,galaxy,0.37970781326293945
140,0,galaxy,0,galaxy,True,0,galaxy,True,True,0,galaxy,0.9611494541168213,0,galaxy,0.9986948370933533,0,galaxy,0.9835004806518555,0,galaxy,0.9638557434082031,0,galaxy,0.9945757389068604,2,star,0.4512311816215515
141,0,galaxy,0,galaxy,True,0,galaxy,True,True,0,galaxy,0.9590443968772888,0,galaxy,0.985824465751648,0,galaxy,0.9841653108596802,0,galaxy,0.9803606867790222,0,galaxy,0.9983153343200684,0,galaxy,0.5575806498527527
142,0,galaxy,0,galaxy,True,0,galaxy,True,True,0,galaxy,0.955946147441864,0,galaxy,0.9899182915687561,0,galaxy,0.9367762207984924,0,galaxy,0.9595344662666321,0,galaxy,0.9886507987976074,0,galaxy,0.6321538090705872
143,0,galaxy,0,galaxy,True,0,galaxy,True,True,0,galaxy,0.9699047207832336,0,galaxy,0.9996094107627869,0,galaxy,0.9460956454277039,0,galaxy,0.9418719410896301,0,galaxy,0.9903286099433899,0,galaxy,0.39788103103637695
144,0,galaxy,0,galaxy,True,0,galaxy,True,True,0,galaxy,0.9520178437232971,0,galaxy,0.9963556528091431,0,galaxy,0.9655647277832031,0,galaxy,0.9144791960716248,0,galaxy,0.9844175577163696,0,galaxy,0.6877864003181458
145,0,galaxy,0,galaxy,True,0,galaxy,True,True,0,galaxy,0.9943390488624573,0,galaxy,0.9995150566101074,0,galaxy,0.9389200210571289,0,galaxy,0.959449291229248,0,galaxy,0.9846908450126648,0,galaxy,0.7864934802055359
146,0,galaxy,0,galaxy,True,0,galaxy,True,True,0,galaxy,0.9671388864517212,0,galaxy,0.9444199204444885,0,galaxy,0.9696743488311768,0,galaxy,0.8661589026451111,0,galaxy,0.9881489872932434,0,galaxy,0.8408682942390442
147,0,galaxy,0,galaxy,True,0,galaxy,True,True,0,galaxy,0.9903774857521057,0,galaxy,0.9995627999305725,0,galaxy,0.9850431680679321,0,galaxy,0.9647188782691956,0,galaxy,0.9988670349121094,2,star,0.36178940534591675
148,0,galaxy,0,galaxy,True,0,galaxy,True,True,0,galaxy,0.948218047618866,0,galaxy,0.9990742206573486,0,galaxy,0.9909595251083374,0,galaxy,0.9698002338409424,0,galaxy,0.9988002777099609,0,galaxy,0.9184087514877319
149,0,galaxy,0,galaxy,True,0,galaxy,True,True,0,galaxy,0.9510294198989868,0,galaxy,0.9676834940910339,0,galaxy,0.9854254722595215,0,galaxy,0.9711771607398987,0,galaxy,0.9981334805488586,0,galaxy,0.5139301419258118
150,0,galaxy,0,galaxy,True,0,galaxy,True,True,0,galaxy,0.9769619107246399,2,star,0.6353691816329956,0,galaxy,0.8893156051635742,0,galaxy,0.8331052660942078,0,galaxy,0.9780058860778809,0,galaxy,0.6355097889900208
151,0,galaxy,0,galaxy,True,0,galaxy,True,True,0,galaxy,0.9834950566291809,0,galaxy,0.9778754711151123,0,galaxy,0.9807297587394714,0,galaxy,0.9811827540397644,0,galaxy,0.996488094329834,0,galaxy,0.7121971845626831
152,0,galaxy,0,galaxy,True,0,galaxy,True,True,0,galaxy,0.9767835140228271,0,galaxy,0.9607205390930176,0,galaxy,0.9710699319839478,0,galaxy,0.9703209400177002,1,quasar,0.7529172301292419,0,galaxy,0.980742335319519
153,0,galaxy,0,galaxy,True,0,galaxy,True,True,0,galaxy,0.973616898059845,0,galaxy,0.971953272819519,0,galaxy,0.9859057664871216,0,galaxy,0.9631147384643555,0,galaxy,0.9971146583557129,0,galaxy,0.8921104073524475
154,0,galaxy,0,galaxy,True,0,galaxy,True,True,0,galaxy,0.9877498745918274,0,galaxy,0.45388105511665344,0,galaxy,0.8580253720283508,2,star,0.6477084755897522,0,galaxy,0.9966341853141785,2,star,0.43718084692955017
155,0,galaxy,0,galaxy,True,0,galaxy,True,True,0,galaxy,0.9917209148406982,0,galaxy,0.9985873699188232,0,galaxy,0.9920949339866638,0,galaxy,0.9851492643356323,0,galaxy,0.9985696077346802,0,galaxy,0.9262762665748596
156,0,galaxy,0,galaxy,True,0,galaxy,True,True,0,galaxy,0.9798293113708496,0,galaxy,0.9967082738876343,0,galaxy,0.9682658314704895,0,galaxy,0.9368579983711243,0,galaxy,0.9598458409309387,0,galaxy,0.5814263820648193
157,0,galaxy,0,galaxy,True,0,galaxy,True,True,0,galaxy,0.9890798926353455,0,galaxy,0.9602019786834717,0,galaxy,0.9758729934692383,0,galaxy,0.9853106737136841,0,galaxy,0.998473584651947,0,galaxy,0.7546995282173157
158,0,galaxy,0,galaxy,True,0,galaxy,True,True,0,galaxy,0.9914976954460144,2,star,0.48629656434059143,0,galaxy,0.9766546487808228,0,galaxy,0.9512745141983032,0,galaxy,0.9886919260025024,2,star,0.5588202476501465
159,0,galaxy,0,galaxy,True,0,galaxy,True,True,0,galaxy,0.985466480255127,0,galaxy,0.9949566721916199,0,galaxy,0.9455950260162354,0,galaxy,0.7907359004020691,0,galaxy,0.9927605390548706,2,star,0.365252286195755
160,0,galaxy,0,galaxy,True,0,galaxy,True,True,0,galaxy,0.9909918308258057,0,galaxy,0.9407373070716858,0,galaxy,0.9504572153091431,0,galaxy,0.9434985518455505,0,galaxy,0.9913111925125122,0,galaxy,0.5152199864387512
161,0,galaxy,0,galaxy,True,0,galaxy,True,True,0,galaxy,0.9753797054290771,0,galaxy,0.9619749188423157,0,galaxy,0.9559245705604553,0,galaxy,0.9714486598968506,0,galaxy,0.9887793064117432,0,galaxy,0.6145190596580505
162,0,galaxy,0,galaxy,True,0,galaxy,True,True,0,galaxy,0.9790767431259155,0,galaxy,0.9983075857162476,0,galaxy,0.992613673210144,0,galaxy,0.9866700768470764,0,galaxy,0.9988207221031189,0,galaxy,0.923067569732666
163,0,galaxy,0,galaxy,True,0,galaxy,True,True,0,galaxy,0.8007582426071167,0,galaxy,0.9996229410171509,0,galaxy,0.9441167712211609,0,galaxy,0.9317018389701843,0,galaxy,0.9772931933403015,0,galaxy,0.6867879629135132
164,0,galaxy,0,galaxy,True,0,galaxy,True,True,0,galaxy,0.9656783938407898,0,galaxy,0.9998836517333984,0,galaxy,0.9649036526679993,0,galaxy,0.8800711631774902,0,galaxy,0.9887240529060364,0,galaxy,0.6326597332954407
165,0,galaxy,0,galaxy,True,0,galaxy,True,True,0,galaxy,0.9769402742385864,0,galaxy,0.9990984201431274,0,galaxy,0.940237820148468,0,galaxy,0.9196934700012207,0,galaxy,0.967246413230896,2,star,0.43613988161087036
166,0,galaxy,0,galaxy,True,0,galaxy,True,True,0,galaxy,0.9626014828681946,0,galaxy,0.9940332770347595,0,galaxy,0.9508537650108337,0,galaxy,0.9682950377464294,0,galaxy,0.9942973256111145,0,galaxy,0.6740249395370483
167,0,galaxy,0,galaxy,True,0,galaxy,True,True,0,galaxy,0.4921019971370697,0,galaxy,0.5287912487983704,2,star,0.5081286430358887,2,star,0.46333059668540955,0,galaxy,0.7217043042182922,1,quasar,0.4881695508956909
168,0,galaxy,0,galaxy,True,0,galaxy,True,True,0,galaxy,0.9826788902282715,0,galaxy,0.9997687935829163,0,galaxy,0.9776662588119507,0,galaxy,0.975807249546051,0,galaxy,0.9865651726722717,0,galaxy,0.9369262456893921
169,0,galaxy,0,galaxy,True,0,galaxy,True,True,0,galaxy,0.9764795899391174,0,galaxy,0.9971824884414673,0,galaxy,0.9913466572761536,0,galaxy,0.9720945358276367,0,galaxy,0.9988420605659485,0,galaxy,0.6637752652168274
170,0,galaxy,0,galaxy,True,0,galaxy,True,True,0,galaxy,0.9539045691490173,0,galaxy,0.9966148734092712,0,galaxy,0.9788399934768677,0,galaxy,0.9199669361114502,0,galaxy,0.9981673955917358,0,galaxy,0.9585427045822144
171,0,galaxy,0,galaxy,True,0,galaxy,True,True,0,galaxy,0.9678303003311157,0,galaxy,0.9691846370697021,0,galaxy,0.992393970489502,0,galaxy,0.9817158579826355,0,galaxy,0.998755931854248,0,galaxy,0.8732635378837585
172,0,galaxy,0,galaxy,True,0,galaxy,True,True,0,galaxy,0.9207281470298767,0,galaxy,0.9887005686759949,0,galaxy,0.9831125140190125,0,galaxy,0.9707496762275696,0,galaxy,0.9971725940704346,0,galaxy,0.7026397585868835
173,0,galaxy,0,galaxy,True,0,galaxy,True,True,0,galaxy,0.8941981792449951,2,star,0.8093565702438354,0,galaxy,0.9462096095085144,0,galaxy,0.9268783926963806,0,galaxy,0.6431143283843994,0,galaxy,0.5395207405090332
174,0,galaxy,0,galaxy,True,0,galaxy,True,True,0,galaxy,0.9712835550308228,0,galaxy,0.9177104830741882,0,galaxy,0.9599089622497559,0,galaxy,0.9744165539741516,0,galaxy,0.9087168574333191,2,star,0.5034990906715393
175,0,galaxy,0,galaxy,True,0,galaxy,True,True,0,galaxy,0.9805507659912109,0,galaxy,0.9913868308067322,0,galaxy,0.9899335503578186,0,galaxy,0.9812555909156799,0,galaxy,0.998859167098999,0,galaxy,0.6391301155090332
176,0,galaxy,0,galaxy,True,0,galaxy,True,True,0,galaxy,0.8940319418907166,0,galaxy,0.6128783226013184,0,galaxy,0.8697757720947266,2,star,0.39328256249427795,1,quasar,0.7704498767852783,0,galaxy,0.5385040640830994
177,0,galaxy,0,galaxy,True,0,galaxy,True,True,0,galaxy,0.9675163626670837,0,galaxy,0.9978050589561462,0,galaxy,0.9828722476959229,0,galaxy,0.9065601825714111,0,galaxy,0.9959011673927307,2,star,0.44947949051856995
178,0,galaxy,0,galaxy,True,0,galaxy,True,True,0,galaxy,0.9873681664466858,2,star,0.5009022951126099,0,galaxy,0.972849428653717,0,galaxy,0.9633510112762451,0,galaxy,0.9931837916374207,0,galaxy,0.467329204082489
179,0,galaxy,0,galaxy,True,0,galaxy,True,True,0,galaxy,0.9613975286483765,0,galaxy,0.9921833872795105,0,galaxy,0.9866228699684143,0,galaxy,0.9846034646034241,0,galaxy,0.9981130361557007,0,galaxy,0.8061420917510986
180,0,galaxy,0,galaxy,True,0,galaxy,True,True,0,galaxy,0.9189828634262085,0,galaxy,0.9980801343917847,0,galaxy,0.9811142086982727,0,galaxy,0.8917161226272583,0,galaxy,0.9756931662559509,2,star,0.4546991288661957
181,0,galaxy,0,galaxy,True,0,galaxy,True,True,0,galaxy,0.9647011160850525,0,galaxy,0.9983298182487488,0,galaxy,0.986628532409668,0,galaxy,0.985241711139679,0,galaxy,0.9988945126533508,0,galaxy,0.8224450945854187
182,0,galaxy,0,galaxy,True,0,galaxy,True,True,0,galaxy,0.8839649558067322,0,galaxy,0.9798968434333801,0,galaxy,0.9888461232185364,0,galaxy,0.9891125559806824,0,galaxy,0.9986050724983215,0,galaxy,0.6904115676879883
183,0,galaxy,0,galaxy,True,0,galaxy,True,True,0,galaxy,0.9927811026573181,0,galaxy,0.998630166053772,0,galaxy,0.9892386198043823,0,galaxy,0.9722198247909546,0,galaxy,0.9985492825508118,0,galaxy,0.640700101852417
184,0,galaxy,0,galaxy,True,0,galaxy,True,True,0,galaxy,0.9801803827285767,0,galaxy,0.9781044125556946,0,galaxy,0.9767364263534546,0,galaxy,0.9832936525344849,0,galaxy,0.9571518301963806,0,galaxy,0.44991931319236755
185,0,galaxy,0,galaxy,True,0,galaxy,True,True,0,galaxy,0.8937788605690002,0,galaxy,0.9935489296913147,0,galaxy,0.9885382652282715,0,galaxy,0.9840601682662964,0,galaxy,0.9987529516220093,0,galaxy,0.5130658149719238
186,0,galaxy,0,galaxy,True,0,galaxy,True,True,0,galaxy,0.9144803881645203,0,galaxy,0.9913792610168457,0,galaxy,0.9845958352088928,0,galaxy,0.9828753471374512,0,galaxy,0.9988487958908081,0,galaxy,0.6726350784301758
187,0,galaxy,0,galaxy,True,0,galaxy,True,True,2,star,0.7402299046516418,0,galaxy,0.9693117141723633,0,galaxy,0.9884181618690491,0,galaxy,0.9808163046836853,0,galaxy,0.9981644749641418,2,star,0.388014554977417
188,0,galaxy,0,galaxy,True,0,galaxy,True,True,0,galaxy,0.6238828897476196,0,galaxy,0.5599215626716614,0,galaxy,0.9419527053833008,0,galaxy,0.9454952478408813,0,galaxy,0.998302698135376,0,galaxy,0.5407561659812927
189,0,galaxy,0,galaxy,True,0,galaxy,True,True,0,galaxy,0.8976705074310303,0,galaxy,0.9997605681419373,0,galaxy,0.9950041174888611,0,galaxy,0.9818206429481506,0,galaxy,0.9976928234100342,0,galaxy,0.8087570667266846
190,0,galaxy,0,galaxy,True,0,galaxy,True,True,0,galaxy,0.9651278853416443,0,galaxy,0.9751326441764832,0,galaxy,0.9420502781867981,0,galaxy,0.9230610728263855,0,galaxy,0.9900192022323608,0,galaxy,0.7878205180168152
191,0,galaxy,0,galaxy,True,0,galaxy,True,True,0,galaxy,0.9692045450210571,0,galaxy,0.8792877197265625,0,galaxy,0.9360129833221436,0,galaxy,0.9363604784011841,0,galaxy,0.9494187235832214,2,star,0.4980858862400055
192,0,galaxy,0,galaxy,True,0,galaxy,True,True,0,galaxy,0.989725649356842,0,galaxy,0.9798420667648315,0,galaxy,0.9898686408996582,0,galaxy,0.9831780791282654,0,galaxy,0.9978506565093994,0,galaxy,0.4846594035625458
193,0,galaxy,0,galaxy,True,0,galaxy,True,True,0,galaxy,0.9795205593109131,0,galaxy,0.9968104958534241,0,galaxy,0.9720321297645569,0,galaxy,0.9246025085449219,0,galaxy,0.9819981455802917,0,galaxy,0.842825174331665
194,0,galaxy,0,galaxy,True,0,galaxy,True,True,0,galaxy,0.8487633466720581,0,galaxy,0.4836229383945465,0,galaxy,0.9565273523330688,0,galaxy,0.9843474626541138,0,galaxy,0.9965930581092834,0,galaxy,0.7365385293960571
195,0,galaxy,0,galaxy,True,0,galaxy,True,True,0,galaxy,0.9638974666595459,0,galaxy,0.9995623230934143,0,galaxy,0.9918573498725891,0,galaxy,0.9862035512924194,0,galaxy,0.9987366795539856,0,galaxy,0.8350862264633179
196,0,galaxy,0,galaxy,True,0,galaxy,True,True,0,galaxy,0.9852625131607056,0,galaxy,0.9990881681442261,0,galaxy,0.9859748482704163,0,galaxy,0.991033136844635,0,galaxy,0.9959385395050049,0,galaxy,0.8521530032157898
197,0,galaxy,0,galaxy,True,0,galaxy,True,True,0,galaxy,0.9684478640556335,0,galaxy,0.8231513500213623,0,galaxy,0.9610959887504578,0,galaxy,0.9677786827087402,0,galaxy,0.9806557893753052,2,star,0.6922338008880615
198,0,galaxy,0,galaxy,True,0,galaxy,True,True,0,galaxy,0.9730520844459534,0,galaxy,0.9168546795845032,0,galaxy,0.9750341773033142,0,galaxy,0.9712203741073608,0,galaxy,0.9884423613548279,2,star,0.49702247977256775
199,0,galaxy,0,galaxy,True,0,galaxy,True,True,2,star,0.5080711245536804,0,galaxy,0.6479154229164124,2,star,0.3864600360393524,0,galaxy,0.4840061068534851,0,galaxy,0.5574536323547363,2,star,0.39268022775650024
200,0,galaxy,0,galaxy,True,0,galaxy,True,True,0,galaxy,0.9596075415611267,0,galaxy,0.9992222785949707,0,galaxy,0.980791449546814,0,galaxy,0.9551683068275452,0,galaxy,0.9960535764694214,0,galaxy,0.6278513073921204
201,0,galaxy,0,galaxy,True,0,galaxy,True,True,0,galaxy,0.9918150305747986,0,galaxy,0.9994310736656189,0,galaxy,0.9650629758834839,0,galaxy,0.8929557204246521,0,galaxy,0.9925221800804138,0,galaxy,0.4918474555015564
202,0,galaxy,0,galaxy,True,0,galaxy,True,True,0,galaxy,0.9618756771087646,0,galaxy,0.7988772988319397,0,galaxy,0.988578200340271,0,galaxy,0.9787729978561401,0,galaxy,0.9958435893058777,0,galaxy,0.6461622714996338
203,0,galaxy,0,galaxy,True,0,galaxy,True,True,0,galaxy,0.9866920113563538,0,galaxy,0.9988969564437866,0,galaxy,0.9868077635765076,0,galaxy,0.9744517803192139,0,galaxy,0.9986274242401123,0,galaxy,0.6796278357505798
204,0,galaxy,0,galaxy,True,0,galaxy,True,True,0,galaxy,0.9460544586181641,0,galaxy,0.999789297580719,0,galaxy,0.9676938652992249,0,galaxy,0.9813960194587708,0,galaxy,0.9901873469352722,0,galaxy,0.6150891780853271
205,0,galaxy,0,galaxy,True,0,galaxy,True,True,0,galaxy,0.983169674873352,0,galaxy,0.9756666421890259,0,galaxy,0.9521775245666504,0,galaxy,0.9689667820930481,0,galaxy,0.9973625540733337,0,galaxy,0.8978968858718872
206,0,galaxy,0,galaxy,True,0,galaxy,True,True,0,galaxy,0.9350546598434448,0,galaxy,0.9554411768913269,0,galaxy,0.9134273529052734,0,galaxy,0.959732174873352,0,galaxy,0.8041686415672302,0,galaxy,0.4417007863521576
207,0,galaxy,0,galaxy,True,0,galaxy,True,True,0,galaxy,0.9634023308753967,0,galaxy,0.9992430210113525,0,galaxy,0.7925313115119934,0,galaxy,0.7762419581413269,0,galaxy,0.9705999493598938,0,galaxy,0.5479735732078552
208,0,galaxy,0,galaxy,True,0,galaxy,True,True,0,galaxy,0.9809365272521973,0,galaxy,0.9483569264411926,0,galaxy,0.9867373108863831,0,galaxy,0.9841213226318359,0,galaxy,0.9986328482627869,0,galaxy,0.8165542483329773
209,0,galaxy,0,galaxy,True,0,galaxy,True,True,0,galaxy,0.9601753950119019,0,galaxy,0.6573951840400696,0,galaxy,0.977428138256073,0,galaxy,0.7925851345062256,0,galaxy,0.995586633682251,2,star,0.5714614391326904
210,0,galaxy,0,galaxy,True,0,galaxy,True,True,0,galaxy,0.9626546502113342,0,galaxy,0.9313620924949646,0,galaxy,0.964255154132843,0,galaxy,0.979176938533783,0,galaxy,0.9563409686088562,0,galaxy,0.8303118944168091
211,0,galaxy,0,galaxy,True,0,galaxy,True,True,0,galaxy,0.985111653804779,0,galaxy,0.998673677444458,0,galaxy,0.9688422083854675,0,galaxy,0.9725180268287659,0,galaxy,0.9876052141189575,0,galaxy,0.5855160355567932
212,0,galaxy,1,quasar,False,1,quasar,False,True,1,quasar,0.3803982734680176,1,quasar,0.6417002081871033,1,quasar,0.409389853477478,2,star,0.7842481732368469,0,galaxy,0.7280654311180115,2,star,0.35673773288726807
213,0,galaxy,0,galaxy,True,0,galaxy,True,True,0,galaxy,0.9317991137504578,0,galaxy,0.9776914119720459,0,galaxy,0.9722467064857483,0,galaxy,0.9815528988838196,0,galaxy,0.9921964406967163,0,galaxy,0.47277215123176575
214,0,galaxy,0,galaxy,True,0,galaxy,True,True,0,galaxy,0.8710480332374573,0,galaxy,0.9998695850372314,0,galaxy,0.9744701981544495,0,galaxy,0.9311655759811401,0,galaxy,0.989024817943573,0,galaxy,0.5062931776046753
215,0,galaxy,0,galaxy,True,0,galaxy,True,True,0,galaxy,0.9810062646865845,0,galaxy,0.9752106666564941,0,galaxy,0.9842671751976013,0,galaxy,0.9683206081390381,0,galaxy,0.9989608526229858,0,galaxy,0.866402268409729
216,0,galaxy,0,galaxy,True,0,galaxy,True,True,0,galaxy,0.8672192096710205,0,galaxy,0.999487042427063,0,galaxy,0.9605295658111572,0,galaxy,0.937127411365509,0,galaxy,0.9744790196418762,0,galaxy,0.6306105256080627
217,0,galaxy,0,galaxy,True,0,galaxy,True,True,2,star,0.5525685548782349,0,galaxy,0.9990394711494446,0,galaxy,0.9606620073318481,0,galaxy,0.5843868851661682,0,galaxy,0.9777206182479858,0,galaxy,0.5979170799255371
218,0,galaxy,0,galaxy,True,0,galaxy,True,True,0,galaxy,0.9760681390762329,0,galaxy,0.9993764758110046,0,galaxy,0.9533013105392456,0,galaxy,0.974755585193634,0,galaxy,0.9905312657356262,0,galaxy,0.711153507232666
219,0,galaxy,0,galaxy,True,0,galaxy,True,True,0,galaxy,0.981423020362854,0,galaxy,0.9991523027420044,0,galaxy,0.9871992468833923,0,galaxy,0.98453289270401,0,galaxy,0.9942989349365234,0,galaxy,0.9469121098518372
220,0,galaxy,0,galaxy,True,0,galaxy,True,True,0,galaxy,0.9480347633361816,0,galaxy,0.745869517326355,0,galaxy,0.9765282273292542,0,galaxy,0.9832393527030945,0,galaxy,0.9980096220970154,0,galaxy,0.635530412197113
221,0,galaxy,0,galaxy,True,0,galaxy,True,True,0,galaxy,0.7410749793052673,2,star,0.5118137001991272,0,galaxy,0.9733753204345703,0,galaxy,0.8714457154273987,0,galaxy,0.996136486530304,2,star,0.4646039307117462
222,0,galaxy,0,galaxy,True,0,galaxy,True,True,0,galaxy,0.9571207165718079,0,galaxy,0.9995805621147156,0,galaxy,0.9760279655456543,0,galaxy,0.9719414710998535,0,galaxy,0.9882861971855164,0,galaxy,0.7566739320755005
223,0,galaxy,0,galaxy,True,0,galaxy,True,True,0,galaxy,0.984333336353302,0,galaxy,0.9958233833312988,0,galaxy,0.9883496761322021,0,galaxy,0.9816669225692749,0,galaxy,0.9985663294792175,0,galaxy,0.5968268513679504
224,0,galaxy,0,galaxy,True,0,galaxy,True,True,0,galaxy,0.9524990916252136,0,galaxy,0.9989625215530396,0,galaxy,0.9843984842300415,0,galaxy,0.9861195087432861,0,galaxy,0.9975008368492126,0,galaxy,0.8856506943702698
225,0,galaxy,0,galaxy,True,0,galaxy,True,True,0,galaxy,0.9835556149482727,0,galaxy,0.9922894835472107,0,galaxy,0.9870941042900085,0,galaxy,0.9788076877593994,0,galaxy,0.996629536151886,0,galaxy,0.8253788948059082
226,0,galaxy,0,galaxy,True,0,galaxy,True,True,0,galaxy,0.9702224135398865,0,galaxy,0.9760781526565552,0,galaxy,0.9571158289909363,0,galaxy,0.9638367891311646,0,galaxy,0.9828086495399475,0,galaxy,0.4972035884857178
227,0,galaxy,0,galaxy,True,0,galaxy,True,True,0,galaxy,0.944929301738739,0,galaxy,0.9875196218490601,0,galaxy,0.9607270956039429,0,galaxy,0.9606696963310242,0,galaxy,0.9987654685974121,0,galaxy,0.474240779876709
228,0,galaxy,0,galaxy,True,0,galaxy,True,True,0,galaxy,0.9845431447029114,0,galaxy,0.9938540458679199,0,galaxy,0.9705415368080139,0,galaxy,0.9770265221595764,0,galaxy,0.9891252517700195,0,galaxy,0.574984073638916
229,0,galaxy,0,galaxy,True,0,galaxy,True,True,0,galaxy,0.9491845965385437,0,galaxy,0.93837970495224,0,galaxy,0.978996753692627,0,galaxy,0.9166901707649231,0,galaxy,0.9931175708770752,1,quasar,0.47028404474258423
230,0,galaxy,0,galaxy,True,0,galaxy,True,True,0,galaxy,0.9915076494216919,0,galaxy,0.9597565531730652,0,galaxy,0.9925023317337036,0,galaxy,0.983814001083374,0,galaxy,0.9988755583763123,0,galaxy,0.8291894793510437
231,0,galaxy,0,galaxy,True,0,galaxy,True,True,0,galaxy,0.894426703453064,1,quasar,0.6191714406013489,0,galaxy,0.8288485407829285,0,galaxy,0.9138021469116211,0,galaxy,0.9958159327507019,0,galaxy,0.5133381485939026
232,0,galaxy,0,galaxy,True,0,galaxy,True,True,0,galaxy,0.9567650556564331,0,galaxy,0.9971432089805603,0,galaxy,0.9527953863143921,0,galaxy,0.947966456413269,0,galaxy,0.9903655052185059,0,galaxy,0.5957621932029724
233,0,galaxy,0,galaxy,True,0,galaxy,True,True,0,galaxy,0.9825943112373352,0,galaxy,0.6585767269134521,0,galaxy,0.9901024103164673,0,galaxy,0.9847358465194702,0,galaxy,0.9985149502754211,0,galaxy,0.8521883487701416
234,0,galaxy,0,galaxy,True,0,galaxy,True,True,0,galaxy,0.8494186401367188,0,galaxy,0.9979974627494812,0,galaxy,0.9569366574287415,0,galaxy,0.9802952408790588,0,galaxy,0.9927928447723389,0,galaxy,0.8535966873168945
235,0,galaxy,0,galaxy,True,0,galaxy,True,True,0,galaxy,0.8931112289428711,0,galaxy,0.997892439365387,0,galaxy,0.9819990396499634,0,galaxy,0.9620144367218018,0,galaxy,0.9984948635101318,0,galaxy,0.8892059326171875
236,0,galaxy,0,galaxy,True,0,galaxy,True,True,0,galaxy,0.9561423659324646,0,galaxy,0.9248120784759521,0,galaxy,0.9578620195388794,0,galaxy,0.9781904220581055,0,galaxy,0.9868647456169128,0,galaxy,0.5549741983413696
237,0,galaxy,0,galaxy,True,0,galaxy,True,True,0,galaxy,0.9017571806907654,0,galaxy,0.9744551777839661,0,galaxy,0.9677941203117371,0,galaxy,0.9777597784996033,0,galaxy,0.9852613806724548,0,galaxy,0.7424327731132507
238,0,galaxy,0,galaxy,True,0,galaxy,True,True,0,galaxy,0.9637890458106995,0,galaxy,0.9991787075996399,0,galaxy,0.9696857333183289,0,galaxy,0.960029125213623,0,galaxy,0.9853193759918213,0,galaxy,0.7868158221244812
239,0,galaxy,0,galaxy,True,0,galaxy,True,True,0,galaxy,0.9920067191123962,0,galaxy,0.9998462200164795,0,galaxy,0.9762549996376038,0,galaxy,0.9155406951904297,0,galaxy,0.9936808347702026,0,galaxy,0.6577185988426208
240,0,galaxy,0,galaxy,True,0,galaxy,True,True,0,galaxy,0.952987015247345,0,galaxy,0.9865679740905762,0,galaxy,0.9850102066993713,0,galaxy,0.9862639904022217,0,galaxy,0.9816219210624695,0,galaxy,0.6917247176170349
241,0,galaxy,0,galaxy,True,0,galaxy,True,True,0,galaxy,0.9518040418624878,0,galaxy,0.9898495674133301,0,galaxy,0.9886592030525208,0,galaxy,0.9444970488548279,0,galaxy,0.9981536269187927,0,galaxy,0.9856502413749695
242,0,galaxy,0,galaxy,True,0,galaxy,True,True,0,galaxy,0.9847870469093323,0,galaxy,0.9772549271583557,0,galaxy,0.9636461138725281,0,galaxy,0.9504326581954956,0,galaxy,0.972551167011261,0,galaxy,0.9459128975868225
243,0,galaxy,0,galaxy,True,0,galaxy,True,True,0,galaxy,0.9865267872810364,0,galaxy,0.9989271759986877,0,galaxy,0.9810785055160522,0,galaxy,0.9798229336738586,0,galaxy,0.9986905455589294,0,galaxy,0.7062560319900513
244,0,galaxy,0,galaxy,True,0,galaxy,True,True,0,galaxy,0.9665341377258301,0,galaxy,0.9995802044868469,0,galaxy,0.9459713101387024,0,galaxy,0.9728031754493713,0,galaxy,0.9649534821510315,2,star,0.670950174331665
245,0,galaxy,2,star,False,2,star,False,True,2,star,0.5837915539741516,0,galaxy,0.8240993618965149,2,star,0.47572648525238037,2,star,0.4958546459674835,2,star,0.8871062397956848,1,quasar,0.45291978120803833
246,0,galaxy,0,galaxy,True,0,galaxy,True,True,0,galaxy,0.963735818862915,0,galaxy,0.6927332878112793,0,galaxy,0.9872100353240967,0,galaxy,0.9567176103591919,0,galaxy,0.9951497912406921,0,galaxy,0.5740171074867249
247,0,galaxy,0,galaxy,True,0,galaxy,True,True,0,galaxy,0.7659962773323059,0,galaxy,0.8848305940628052,0,galaxy,0.9298393726348877,0,galaxy,0.4878970980644226,0,galaxy,0.7263701558113098,0,galaxy,0.5472474098205566
248,0,galaxy,0,galaxy,True,0,galaxy,True,True,0,galaxy,0.8034942746162415,0,galaxy,0.9521080255508423,0,galaxy,0.874235987663269,0,galaxy,0.9680870771408081,0,galaxy,0.9691582918167114,0,galaxy,0.5037531852722168
249,0,galaxy,0,galaxy,True,0,galaxy,True,True,0,galaxy,0.9777227640151978,0,galaxy,0.9914877414703369,0,galaxy,0.9104883670806885,0,galaxy,0.9156172871589661,0,galaxy,0.9923719167709351,0,galaxy,0.5733850598335266
250,0,galaxy,0,galaxy,True,0,galaxy,True,True,0,galaxy,0.9902286529541016,0,galaxy,0.9876725077629089,0,galaxy,0.9904099702835083,0,galaxy,0.9398968815803528,0,galaxy,0.9986572265625,0,galaxy,0.9156986474990845
251,0,galaxy,0,galaxy,True,0,galaxy,True,True,0,galaxy,0.9886929392814636,0,galaxy,0.9969260096549988,0,galaxy,0.9846711158752441,0,galaxy,0.9822975397109985,0,galaxy,0.996109664440155,0,galaxy,0.8840073347091675
252,0,galaxy,0,galaxy,True,0,galaxy,True,True,0,galaxy,0.9674566984176636,0,galaxy,0.9821575880050659,0,galaxy,0.9725894331932068,0,galaxy,0.9757091999053955,0,galaxy,0.9476876854896545,0,galaxy,0.8753454685211182
253,0,galaxy,0,galaxy,True,0,galaxy,True,True,0,galaxy,0.9885746836662292,0,galaxy,0.9788803458213806,0,galaxy,0.9830098748207092,0,galaxy,0.8370180130004883,0,galaxy,0.9748361110687256,0,galaxy,0.9279981851577759
254,0,galaxy,0,galaxy,True,0,galaxy,True,True,2,star,0.619432806968689,0,galaxy,0.9399417638778687,0,galaxy,0.9511664509773254,0,galaxy,0.7493557333946228,0,galaxy,0.9853612780570984,0,galaxy,0.6122963428497314
255,0,galaxy,0,galaxy,True,0,galaxy,True,True,0,galaxy,0.8089454174041748,0,galaxy,0.9155301451683044,0,galaxy,0.9622886776924133,0,galaxy,0.9615270495414734,0,galaxy,0.9680542349815369,0,galaxy,0.6915271878242493
256,0,galaxy,0,galaxy,True,0,galaxy,True,True,0,galaxy,0.9467514753341675,0,galaxy,0.9078369140625,0,galaxy,0.9655663967132568,0,galaxy,0.9358720779418945,0,galaxy,0.9904628396034241,0,galaxy,0.6486216187477112
257,0,galaxy,0,galaxy,True,0,galaxy,True,True,0,galaxy,0.9846405982971191,0,galaxy,0.9272586107254028,0,galaxy,0.9692485928535461,0,galaxy,0.9576046466827393,0,galaxy,0.9876742959022522,0,galaxy,0.7209815382957458
258,0,galaxy,0,galaxy,True,0,galaxy,True,True,0,galaxy,0.9107261896133423,0,galaxy,0.7567638158798218,0,galaxy,0.9516326785087585,0,galaxy,0.9653540253639221,0,galaxy,0.7801743745803833,0,galaxy,0.5553101301193237
259,0,galaxy,0,galaxy,True,0,galaxy,True,True,0,galaxy,0.9666979908943176,0,galaxy,0.9996858835220337,0,galaxy,0.9369748830795288,0,galaxy,0.9779616594314575,0,galaxy,0.958395779132843,0,galaxy,0.44764453172683716
260,0,galaxy,0,galaxy,True,0,galaxy,True,True,0,galaxy,0.976657509803772,0,galaxy,0.9972175359725952,0,galaxy,0.9570761919021606,0,galaxy,0.9649354815483093,0,galaxy,0.9797679781913757,0,galaxy,0.4641464948654175
261,0,galaxy,0,galaxy,True,0,galaxy,True,True,0,galaxy,0.9422658085823059,0,galaxy,0.9924601912498474,0,galaxy,0.9821069836616516,0,galaxy,0.9853969216346741,0,galaxy,0.99810791015625,0,galaxy,0.63712477684021
262,0,galaxy,0,galaxy,True,0,galaxy,True,True,0,galaxy,0.9532322883605957,0,galaxy,0.5506907105445862,0,galaxy,0.6767739653587341,0,galaxy,0.9659882187843323,0,galaxy,0.857179582118988,0,galaxy,0.47065767645835876
263,0,galaxy,0,galaxy,True,0,galaxy,True,True,0,galaxy,0.9890607595443726,0,galaxy,0.9885674715042114,0,galaxy,0.9508233666419983,0,galaxy,0.795541524887085,0,galaxy,0.9954010248184204,0,galaxy,0.9893223643302917
264,0,galaxy,0,galaxy,True,0,galaxy,True,True,0,galaxy,0.8777946829795837,0,galaxy,0.8770478963851929,0,galaxy,0.9540039300918579,0,galaxy,0.974536120891571,0,galaxy,0.989568293094635,0,galaxy,0.8577771186828613
265,0,galaxy,0,galaxy,True,0,galaxy,True,True,0,galaxy,0.995223343372345,0,galaxy,0.9944717884063721,0,galaxy,0.9750833511352539,0,galaxy,0.9826592206954956,0,galaxy,0.9948219060897827,0,galaxy,0.697589099407196
266,0,galaxy,0,galaxy,True,0,galaxy,True,True,0,galaxy,0.9802129864692688,0,galaxy,0.9988746047019958,0,galaxy,0.9610394835472107,0,galaxy,0.979091465473175,0,galaxy,0.9699605703353882,0,galaxy,0.7401852011680603
267,0,galaxy,0,galaxy,True,0,galaxy,True,True,0,galaxy,0.9260991811752319,0,galaxy,0.9645265340805054,0,galaxy,0.9805789589881897,0,galaxy,0.5219627022743225,0,galaxy,0.9977589845657349,0,galaxy,0.9922989010810852
268,0,galaxy,0,galaxy,True,0,galaxy,True,True,0,galaxy,0.9226357340812683,0,galaxy,0.9915754199028015,0,galaxy,0.9926624298095703,0,galaxy,0.9862122535705566,0,galaxy,0.9987297654151917,0,galaxy,0.8607129454612732
269,0,galaxy,0,galaxy,True,0,galaxy,True,True,0,galaxy,0.9735591411590576,0,galaxy,0.9945554733276367,0,galaxy,0.9886073470115662,0,galaxy,0.9735141396522522,0,galaxy,0.998607337474823,0,galaxy,0.8959552645683289
270,0,galaxy,0,galaxy,True,0,galaxy,True,True,0,galaxy,0.9360443949699402,0,galaxy,0.9874345660209656,0,galaxy,0.9866296052932739,0,galaxy,0.9807900190353394,0,galaxy,0.9987525939941406,0,galaxy,0.7522924542427063
271,0,galaxy,0,galaxy,True,0,galaxy,True,True,0,galaxy,0.564713180065155,0,galaxy,0.8639166951179504,0,galaxy,0.9405925869941711,0,galaxy,0.8960448503494263,0,galaxy,0.9968445301055908,0,galaxy,0.6827002763748169
272,0,galaxy,0,galaxy,True,0,galaxy,True,True,0,galaxy,0.9813845157623291,0,galaxy,0.9998519420623779,0,galaxy,0.9906485676765442,0,galaxy,0.9831489324569702,0,galaxy,0.9988309741020203,0,galaxy,0.6643839478492737
273,0,galaxy,0,galaxy,True,0,galaxy,True,True,0,galaxy,0.8859735131263733,0,galaxy,0.9971902966499329,0,galaxy,0.9921703934669495,0,galaxy,0.9821783900260925,0,galaxy,0.9989171028137207,0,galaxy,0.7458082437515259
274,0,galaxy,0,galaxy,True,0,galaxy,True,True,0,galaxy,0.9897118806838989,0,galaxy,0.9999691247940063,0,galaxy,0.9778607487678528,0,galaxy,0.9834012985229492,0,galaxy,0.9973263740539551,0,galaxy,0.8275601267814636
275,0,galaxy,0,galaxy,True,0,galaxy,True,True,0,galaxy,0.9711050987243652,0,galaxy,0.9947057366371155,0,galaxy,0.9795082807540894,0,galaxy,0.9360647797584534,0,galaxy,0.9923682808876038,0,galaxy,0.5702391862869263
276,0,galaxy,0,galaxy,True,0,galaxy,True,True,0,galaxy,0.9757038354873657,0,galaxy,0.9986540079116821,0,galaxy,0.9849851131439209,0,galaxy,0.9815614819526672,0,galaxy,0.9982860684394836,0,galaxy,0.8632004857063293
277,0,galaxy,0,galaxy,True,0,galaxy,True,True,0,galaxy,0.9834100604057312,0,galaxy,0.9644914269447327,0,galaxy,0.9906238913536072,0,galaxy,0.9893827438354492,0,galaxy,0.9986169338226318,0,galaxy,0.8453150987625122
278,0,galaxy,0,galaxy,True,0,galaxy,True,True,0,galaxy,0.9831259846687317,0,galaxy,0.969228982925415,0,galaxy,0.9749446511268616,0,galaxy,0.9743484258651733,0,galaxy,0.9988247752189636,0,galaxy,0.41740676760673523
279,0,galaxy,0,galaxy,True,0,galaxy,True,True,0,galaxy,0.9833647608757019,0,galaxy,0.9770135283470154,0,galaxy,0.9921151995658875,0,galaxy,0.9844857454299927,0,galaxy,0.9981546998023987,0,galaxy,0.7609608769416809
280,0,galaxy,0,galaxy,True,0,galaxy,True,True,0,galaxy,0.966053307056427,0,galaxy,0.999603807926178,0,galaxy,0.9847862124443054,0,galaxy,0.9850847125053406,0,galaxy,0.9980553388595581,0,galaxy,0.734617292881012
281,0,galaxy,0,galaxy,True,0,galaxy,True,True,0,galaxy,0.989841878414154,0,galaxy,0.933210551738739,0,galaxy,0.9580128788948059,0,galaxy,0.9812998175621033,0,galaxy,0.9646522402763367,0,galaxy,0.5512480735778809
282,0,galaxy,0,galaxy,True,0,galaxy,True,True,0,galaxy,0.936774730682373,0,galaxy,0.9946335554122925,0,galaxy,0.9565247297286987,0,galaxy,0.9647223353385925,0,galaxy,0.9484006762504578,0,galaxy,0.6831721663475037
283,0,galaxy,0,galaxy,True,0,galaxy,True,True,0,galaxy,0.9964702129364014,0,galaxy,0.9960749745368958,0,galaxy,0.9738975167274475,0,galaxy,0.9669199585914612,0,galaxy,0.9938576817512512,0,galaxy,0.8759086728096008
284,0,galaxy,0,galaxy,True,0,galaxy,True,True,0,galaxy,0.9964237809181213,0,galaxy,0.996034562587738,0,galaxy,0.9858632683753967,0,galaxy,0.9830815196037292,0,galaxy,0.9968980550765991,0,galaxy,0.5675060749053955
285,0,galaxy,0,galaxy,True,0,galaxy,True,True,0,galaxy,0.9225010275840759,0,galaxy,0.995455265045166,0,galaxy,0.7230591177940369,0,galaxy,0.9202964305877686,0,galaxy,0.9088017344474792,0,galaxy,0.43997493386268616
286,0,galaxy,0,galaxy,True,0,galaxy,True,True,0,galaxy,0.9859932661056519,0,galaxy,0.9998511075973511,0,galaxy,0.9857534170150757,0,galaxy,0.9402588605880737,0,galaxy,0.9985766410827637,0,galaxy,0.7075901627540588
287,0,galaxy,0,galaxy,True,0,galaxy,True,True,0,galaxy,0.9691773653030396,0,galaxy,0.9948114156723022,0,galaxy,0.9928016662597656,0,galaxy,0.985592246055603,0,galaxy,0.9987770915031433,0,galaxy,0.8139073252677917
288,0,galaxy,0,galaxy,True,0,galaxy,True,True,0,galaxy,0.9916734099388123,0,galaxy,0.9706376791000366,0,galaxy,0.9649813771247864,0,galaxy,0.9504641890525818,0,galaxy,0.9853761792182922,0,galaxy,0.6506304144859314
289,0,galaxy,0,galaxy,True,0,galaxy,True,True,0,galaxy,0.989850640296936,0,galaxy,0.9000617861747742,0,galaxy,0.9479687809944153,0,galaxy,0.9668585658073425,0,galaxy,0.9827663898468018,0,galaxy,0.42675548791885376
290,0,galaxy,0,galaxy,True,0,galaxy,True,True,0,galaxy,0.9933938384056091,0,galaxy,0.9974143505096436,0,galaxy,0.9602308869361877,0,galaxy,0.972274661064148,0,galaxy,0.9946045279502869,0,galaxy,0.5445125102996826
291,0,galaxy,0,galaxy,True,0,galaxy,True,True,0,galaxy,0.9940819144248962,0,galaxy,0.9913458228111267,0,galaxy,0.9630534648895264,0,galaxy,0.9561192393302917,0,galaxy,0.982826292514801,0,galaxy,0.5339425206184387
292,0,galaxy,0,galaxy,True,0,galaxy,True,True,0,galaxy,0.9885008335113525,0,galaxy,0.9845600128173828,0,galaxy,0.9724622368812561,0,galaxy,0.9820603132247925,0,galaxy,0.9934816360473633,0,galaxy,0.7303164601325989
293,0,galaxy,0,galaxy,True,0,galaxy,True,True,0,galaxy,0.9945789575576782,0,galaxy,0.9979028701782227,0,galaxy,0.9726478457450867,0,galaxy,0.9807377457618713,0,galaxy,0.9878981709480286,2,star,0.46549612283706665
294,0,galaxy,0,galaxy,True,0,galaxy,True,True,0,galaxy,0.9863706827163696,0,galaxy,0.9993834495544434,0,galaxy,0.9951657056808472,0,galaxy,0.973214864730835,0,galaxy,0.9988484382629395,0,galaxy,0.7178577184677124
295,0,galaxy,0,galaxy,True,0,galaxy,True,True,0,galaxy,0.9851096868515015,0,galaxy,0.981925368309021,0,galaxy,0.9916889071464539,0,galaxy,0.9781860709190369,0,galaxy,0.9974048733711243,0,galaxy,0.6808115839958191
296,0,galaxy,0,galaxy,True,0,galaxy,True,True,0,galaxy,0.9884655475616455,0,galaxy,0.9993564486503601,0,galaxy,0.9771578311920166,0,galaxy,0.984544575214386,0,galaxy,0.9786642789840698,0,galaxy,0.5075605511665344
297,0,galaxy,0,galaxy,True,0,galaxy,True,True,0,galaxy,0.9764949083328247,0,galaxy,0.8883876204490662,0,galaxy,0.9910769462585449,0,galaxy,0.9662381410598755,0,galaxy,0.9983296990394592,0,galaxy,0.9552336931228638
298,0,galaxy,0,galaxy,True,0,galaxy,True,True,0,galaxy,0.8750156760215759,0,galaxy,0.9604504704475403,0,galaxy,0.9884328246116638,0,galaxy,0.9828248023986816,0,galaxy,0.9985344409942627,0,galaxy,0.5799450874328613
299,0,galaxy,0,galaxy,True,0,galaxy,True,True,0,galaxy,0.968616783618927,0,galaxy,0.9959890246391296,0,galaxy,0.9712932109832764,0,galaxy,0.9631849527359009,0,galaxy,0.983735203742981,0,galaxy,0.7813259959220886
300,0,galaxy,0,galaxy,True,0,galaxy,True,True,0,galaxy,0.9801200032234192,0,galaxy,0.9954546689987183,0,galaxy,0.9673904180526733,0,galaxy,0.9691400527954102,0,galaxy,0.9878634214401245,0,galaxy,0.8146867752075195
301,0,galaxy,0,galaxy,True,0,galaxy,True,True,0,galaxy,0.9932396411895752,0,galaxy,0.9993870258331299,0,galaxy,0.963220477104187,0,galaxy,0.9686878323554993,0,galaxy,0.9910545945167542,0,galaxy,0.653283953666687
302,0,galaxy,0,galaxy,True,0,galaxy,True,True,0,galaxy,0.9744338989257812,0,galaxy,0.9992781281471252,0,galaxy,0.9910904169082642,0,galaxy,0.98381108045578,0,galaxy,0.998906135559082,0,galaxy,0.7638559937477112
303,0,galaxy,0,galaxy,True,0,galaxy,True,True,0,galaxy,0.9892359375953674,0,galaxy,0.9990341663360596,0,galaxy,0.97420734167099,0,galaxy,0.9589123129844666,0,galaxy,0.9938588738441467,0,galaxy,0.4652501046657562
304,0,galaxy,0,galaxy,True,0,galaxy,True,True,0,galaxy,0.9863196015357971,0,galaxy,0.9907208681106567,0,galaxy,0.9585944414138794,0,galaxy,0.9636420607566833,0,galaxy,0.9877032041549683,0,galaxy,0.5707982778549194
305,0,galaxy,0,galaxy,True,0,galaxy,True,True,0,galaxy,0.9744023084640503,0,galaxy,0.9527074098587036,0,galaxy,0.9585395455360413,0,galaxy,0.962433397769928,0,galaxy,0.9850619435310364,2,star,0.467304527759552
306,0,galaxy,0,galaxy,True,0,galaxy,True,True,0,galaxy,0.9550072550773621,0,galaxy,0.9921571016311646,0,galaxy,0.9414992928504944,0,galaxy,0.9645810127258301,0,galaxy,0.9634405970573425,1,quasar,0.45074257254600525
307,0,galaxy,0,galaxy,True,0,galaxy,True,True,0,galaxy,0.9883164763450623,0,galaxy,0.9997598528862,0,galaxy,0.9726530313491821,0,galaxy,0.9774837493896484,0,galaxy,0.9883365035057068,0,galaxy,0.43414217233657837
308,0,galaxy,0,galaxy,True,0,galaxy,True,True,0,galaxy,0.9345033764839172,0,galaxy,0.9958844780921936,0,galaxy,0.9781749248504639,0,galaxy,0.9765461683273315,0,galaxy,0.9833364486694336,0,galaxy,0.9447839260101318
309,0,galaxy,0,galaxy,True,0,galaxy,True,True,0,galaxy,0.9425889253616333,0,galaxy,0.9234651923179626,0,galaxy,0.9799795150756836,0,galaxy,0.9833418130874634,0,galaxy,0.9979673027992249,0,galaxy,0.8721956014633179
310,0,galaxy,0,galaxy,True,0,galaxy,True,True,0,galaxy,0.9914939403533936,0,galaxy,0.8688951134681702,0,galaxy,0.43661773204803467,0,galaxy,0.9745439291000366,0,galaxy,0.7422060966491699,0,galaxy,0.6063860654830933
311,0,galaxy,0,galaxy,True,0,galaxy,True,True,0,galaxy,0.9932053089141846,0,galaxy,0.9888128638267517,0,galaxy,0.9815820455551147,0,galaxy,0.9467259049415588,0,galaxy,0.9909125566482544,0,galaxy,0.6980215311050415
312,0,galaxy,0,galaxy,True,0,galaxy,True,True,0,galaxy,0.8890054225921631,0,galaxy,0.9941621422767639,0,galaxy,0.9796984195709229,0,galaxy,0.9783365726470947,0,galaxy,0.9987626075744629,0,galaxy,0.4986805021762848
313,0,galaxy,0,galaxy,True,0,galaxy,True,True,0,galaxy,0.9041380286216736,0,galaxy,0.9986661672592163,0,galaxy,0.9673240184783936,0,galaxy,0.964525580406189,0,galaxy,0.9782717823982239,0,galaxy,0.554423451423645
314,0,galaxy,0,galaxy,True,0,galaxy,True,True,0,galaxy,0.9767735004425049,0,galaxy,0.9566841125488281,0,galaxy,0.9580979943275452,0,galaxy,0.9727903008460999,0,galaxy,0.9861702919006348,2,star,0.36331281065940857
315,0,galaxy,0,galaxy,True,0,galaxy,True,True,0,galaxy,0.9779579043388367,0,galaxy,0.9985963702201843,0,galaxy,0.9716611504554749,0,galaxy,0.9634515643119812,0,galaxy,0.9904601573944092,2,star,0.5180540084838867
316,0,galaxy,0,galaxy,True,0,galaxy,True,True,0,galaxy,0.9396534562110901,0,galaxy,0.993067741394043,0,galaxy,0.9760524034500122,0,galaxy,0.9830427169799805,0,galaxy,0.9886831641197205,1,quasar,0.3752797842025757
317,0,galaxy,0,galaxy,True,0,galaxy,True,True,0,galaxy,0.9859158992767334,0,galaxy,0.9992096424102783,0,galaxy,0.9536377787590027,0,galaxy,0.9711833596229553,0,galaxy,0.9916912317276001,0,galaxy,0.5903183221817017
318,0,galaxy,0,galaxy,True,0,galaxy,True,True,0,galaxy,0.9875292778015137,0,galaxy,0.879431426525116,0,galaxy,0.8202474117279053,0,galaxy,0.9684280753135681,0,galaxy,0.9771881103515625,0,galaxy,0.7394182682037354
319,0,galaxy,0,galaxy,True,0,galaxy,True,True,0,galaxy,0.9845712184906006,0,galaxy,0.9996427297592163,0,galaxy,0.9547349810600281,0,galaxy,0.9670703411102295,0,galaxy,0.9835726618766785,0,galaxy,0.9223409295082092
320,0,galaxy,0,galaxy,True,0,galaxy,True,True,0,galaxy,0.858218252658844,0,galaxy,0.8994398713111877,0,galaxy,0.981514036655426,0,galaxy,0.9644114375114441,0,galaxy,0.9941926598548889,0,galaxy,0.8601298928260803
321,0,galaxy,0,galaxy,True,0,galaxy,True,True,0,galaxy,0.9725239872932434,0,galaxy,0.9947009086608887,0,galaxy,0.9806955456733704,0,galaxy,0.9500032067298889,0,galaxy,0.9941291809082031,0,galaxy,0.7876222133636475
322,0,galaxy,0,galaxy,True,0,galaxy,True,True,0,galaxy,0.9535682797431946,0,galaxy,0.9980624318122864,0,galaxy,0.9866509437561035,0,galaxy,0.9825528860092163,0,galaxy,0.9987530708312988,0,galaxy,0.6365113258361816
323,0,galaxy,0,galaxy,True,0,galaxy,True,True,0,galaxy,0.961734414100647,0,galaxy,0.7710499167442322,0,galaxy,0.9860179424285889,0,galaxy,0.9833528995513916,0,galaxy,0.9984809756278992,0,galaxy,0.8748864531517029
324,0,galaxy,0,galaxy,True,1,quasar,False,False,0,galaxy,0.4853106439113617,0,galaxy,0.39554959535598755,1,quasar,0.5250699520111084,1,quasar,0.423606276512146,1,quasar,0.8756958842277527,0,galaxy,0.5554729104042053
325,0,galaxy,0,galaxy,True,0,galaxy,True,True,0,galaxy,0.7134215831756592,0,galaxy,0.4380998909473419,0,galaxy,0.8900250196456909,0,galaxy,0.9511757493019104,0,galaxy,0.9921054840087891,0,galaxy,0.6350219249725342
326,0,galaxy,0,galaxy,True,0,galaxy,True,True,0,galaxy,0.9727178812026978,0,galaxy,0.8193121552467346,0,galaxy,0.9431502223014832,0,galaxy,0.960139274597168,0,galaxy,0.9776870608329773,0,galaxy,0.49010175466537476
327,0,galaxy,0,galaxy,True,0,galaxy,True,True,0,galaxy,0.9822238087654114,0,galaxy,0.9197549223899841,0,galaxy,0.9726066589355469,0,galaxy,0.9567566514015198,0,galaxy,0.9929377436637878,1,quasar,0.47206398844718933
328,0,galaxy,0,galaxy,True,0,galaxy,True,True,0,galaxy,0.8027382493019104,0,galaxy,0.8971685171127319,0,galaxy,0.9479214549064636,0,galaxy,0.9539384841918945,0,galaxy,0.9815160036087036,0,galaxy,0.5720592141151428
329,0,galaxy,0,galaxy,True,0,galaxy,True,True,0,galaxy,0.9863508343696594,0,galaxy,0.9989588260650635,0,galaxy,0.9597148299217224,0,galaxy,0.9710780382156372,0,galaxy,0.9908638596534729,0,galaxy,0.6287661194801331
330,0,galaxy,0,galaxy,True,0,galaxy,True,True,0,galaxy,0.9877551198005676,0,galaxy,0.999625563621521,0,galaxy,0.9772657752037048,0,galaxy,0.9728058576583862,0,galaxy,0.9857930541038513,0,galaxy,0.5876275897026062
331,0,galaxy,0,galaxy,True,0,galaxy,True,True,0,galaxy,0.9211605191230774,0,galaxy,0.9772806763648987,0,galaxy,0.9863407611846924,0,galaxy,0.972445011138916,0,galaxy,0.9900162816047668,0,galaxy,0.7135142087936401
332,0,galaxy,0,galaxy,True,0,galaxy,True,True,0,galaxy,0.8949676752090454,0,galaxy,0.9901915788650513,0,galaxy,0.9785130023956299,0,galaxy,0.9837008118629456,0,galaxy,0.9981328845024109,0,galaxy,0.897192120552063
333,0,galaxy,0,galaxy,True,0,galaxy,True,True,0,galaxy,0.991314709186554,0,galaxy,0.9968010187149048,0,galaxy,0.9686629772186279,0,galaxy,0.9373594522476196,0,galaxy,0.9787785410881042,0,galaxy,0.41934481263160706
334,0,galaxy,0,galaxy,True,0,galaxy,True,True,0,galaxy,0.5746116638183594,0,galaxy,0.6234663128852844,0,galaxy,0.9811431169509888,0,galaxy,0.8798596858978271,0,galaxy,0.9961153268814087,0,galaxy,0.8162049055099487
335,0,galaxy,0,galaxy,True,0,galaxy,True,True,0,galaxy,0.9558373093605042,0,galaxy,0.9769822359085083,0,galaxy,0.977521538734436,0,galaxy,0.9798612594604492,0,galaxy,0.9859793782234192,0,galaxy,0.5861595869064331
336,0,galaxy,0,galaxy,True,0,galaxy,True,True,0,galaxy,0.9911020994186401,0,galaxy,0.9975760579109192,0,galaxy,0.9756765961647034,0,galaxy,0.9524280428886414,0,galaxy,0.9845716953277588,0,galaxy,0.42275580763816833
337,0,galaxy,0,galaxy,True,0,galaxy,True,True,0,galaxy,0.9884987473487854,0,galaxy,0.9929432272911072,0,galaxy,0.9646716117858887,0,galaxy,0.9673077464103699,0,galaxy,0.9812089204788208,0,galaxy,0.6346020698547363
338,0,galaxy,0,galaxy,True,0,galaxy,True,True,0,galaxy,0.9400112628936768,0,galaxy,0.9991375207901001,0,galaxy,0.9939306974411011,0,galaxy,0.9839268326759338,0,galaxy,0.9979627132415771,0,galaxy,0.6271897554397583
339,0,galaxy,0,galaxy,True,0,galaxy,True,True,0,galaxy,0.9940111041069031,0,galaxy,0.9978885054588318,0,galaxy,0.9710903763771057,0,galaxy,0.9759883284568787,0,galaxy,0.9881507158279419,0,galaxy,0.669110119342804
340,0,galaxy,0,galaxy,True,0,galaxy,True,True,0,galaxy,0.9895203113555908,0,galaxy,0.997292697429657,0,galaxy,0.9714940190315247,0,galaxy,0.95853590965271,0,galaxy,0.9923761487007141,2,star,0.5537021160125732
341,0,galaxy,0,galaxy,True,0,galaxy,True,True,0,galaxy,0.9474168419837952,0,galaxy,0.7120470404624939,0,galaxy,0.8941860795021057,0,galaxy,0.6127742528915405,0,galaxy,0.9878345727920532,0,galaxy,0.592605471611023
342,0,galaxy,0,galaxy,True,0,galaxy,True,True,2,star,0.7914291620254517,0,galaxy,0.7695940732955933,0,galaxy,0.9268139600753784,0,galaxy,0.9735168814659119,0,galaxy,0.9916457533836365,2,star,0.4367780089378357
343,0,galaxy,0,galaxy,True,0,galaxy,True,True,0,galaxy,0.9518150687217712,0,galaxy,0.9610852599143982,0,galaxy,0.9906370043754578,0,galaxy,0.9538793563842773,0,galaxy,0.9966976642608643,0,galaxy,0.6874101758003235
344,0,galaxy,0,galaxy,True,0,galaxy,True,True,0,galaxy,0.9627169370651245,0,galaxy,0.9971355199813843,0,galaxy,0.9874441027641296,0,galaxy,0.9819238781929016,0,galaxy,0.9986588954925537,0,galaxy,0.6046802997589111
345,0,galaxy,0,galaxy,True,0,galaxy,True,True,0,galaxy,0.9788665175437927,0,galaxy,0.9870774745941162,0,galaxy,0.9878345727920532,0,galaxy,0.9665873050689697,0,galaxy,0.9989388585090637,0,galaxy,0.9205170273780823
346,0,galaxy,0,galaxy,True,0,galaxy,True,True,0,galaxy,0.9917492866516113,0,galaxy,0.9999890327453613,0,galaxy,0.9740391373634338,0,galaxy,0.9819896221160889,0,galaxy,0.9976853132247925,0,galaxy,0.837144136428833
347,0,galaxy,0,galaxy,True,0,galaxy,True,True,0,galaxy,0.9074679017066956,0,galaxy,0.9398239254951477,0,galaxy,0.9679704308509827,0,galaxy,0.9641379117965698,0,galaxy,0.9882515072822571,2,star,0.4188653230667114
348,0,galaxy,0,galaxy,True,0,galaxy,True,True,0,galaxy,0.9876746535301208,0,galaxy,0.998075008392334,0,galaxy,0.9692533016204834,0,galaxy,0.9567694067955017,0,galaxy,0.992734432220459,0,galaxy,0.5706872344017029
349,0,galaxy,0,galaxy,True,0,galaxy,True,True,0,galaxy,0.9069688320159912,0,galaxy,0.8778167366981506,0,galaxy,0.9727817177772522,0,galaxy,0.9283129572868347,0,galaxy,0.9607144594192505,0,galaxy,0.6326242685317993
350,0,galaxy,0,galaxy,True,0,galaxy,True,True,0,galaxy,0.9821199774742126,0,galaxy,0.9993541836738586,0,galaxy,0.9626598358154297,0,galaxy,0.9835757613182068,0,galaxy,0.9905052781105042,0,galaxy,0.571312665939331
351,0,galaxy,0,galaxy,True,0,galaxy,True,True,0,galaxy,0.9910383224487305,0,galaxy,0.9952319264411926,0,galaxy,0.9904014468193054,0,galaxy,0.9846578240394592,0,galaxy,0.9985187649726868,2,star,0.5242533087730408
352,0,galaxy,0,galaxy,True,0,galaxy,True,True,0,galaxy,0.9113399386405945,0,galaxy,0.9957094192504883,0,galaxy,0.9906031489372253,0,galaxy,0.5804983377456665,0,galaxy,0.9886759519577026,0,galaxy,0.9990864992141724
353,0,galaxy,0,galaxy,True,0,galaxy,True,True,0,galaxy,0.969616711139679,0,galaxy,0.9506898522377014,0,galaxy,0.987993597984314,0,galaxy,0.9823899269104004,0,galaxy,0.998764157295227,0,galaxy,0.5920182466506958
354,0,galaxy,0,galaxy,True,0,galaxy,True,True,0,galaxy,0.9828466773033142,0,galaxy,0.9630998373031616,0,galaxy,0.9673060774803162,0,galaxy,0.9814753532409668,0,galaxy,0.9144761562347412,0,galaxy,0.660216212272644
355,0,galaxy,0,galaxy,True,0,galaxy,True,True,0,galaxy,0.9733418822288513,0,galaxy,0.995319664478302,0,galaxy,0.9467063546180725,0,galaxy,0.9589014649391174,0,galaxy,0.9753075838088989,0,galaxy,0.6574634909629822
356,0,galaxy,0,galaxy,True,0,galaxy,True,True,0,galaxy,0.968404233455658,0,galaxy,0.999811589717865,0,galaxy,0.9904165267944336,0,galaxy,0.9848139882087708,0,galaxy,0.9986568689346313,0,galaxy,0.9508143663406372
357,0,galaxy,0,galaxy,True,0,galaxy,True,True,0,galaxy,0.9803516268730164,0,galaxy,0.9960713386535645,0,galaxy,0.9882391691207886,0,galaxy,0.9297590851783752,0,galaxy,0.9982170462608337,0,galaxy,0.9764910340309143
358,0,galaxy,0,galaxy,True,0,galaxy,True,True,0,galaxy,0.9665018916130066,0,galaxy,0.6654454469680786,0,galaxy,0.9594936370849609,0,galaxy,0.8720688223838806,0,galaxy,0.9927815794944763,0,galaxy,0.40532246232032776
359,0,galaxy,0,galaxy,True,0,galaxy,True,True,0,galaxy,0.9236384034156799,0,galaxy,0.9928258657455444,0,galaxy,0.9892200827598572,0,galaxy,0.9841268658638,0,galaxy,0.9980494976043701,0,galaxy,0.5959591269493103
360,0,galaxy,0,galaxy,True,0,galaxy,True,True,0,galaxy,0.9251534938812256,0,galaxy,0.9973480701446533,0,galaxy,0.9907247424125671,0,galaxy,0.9861646294593811,0,galaxy,0.9984885454177856,0,galaxy,0.6571648120880127
361,0,galaxy,0,galaxy,True,0,galaxy,True,True,0,galaxy,0.9647285342216492,0,galaxy,0.9371203780174255,0,galaxy,0.9803917407989502,0,galaxy,0.9835652709007263,0,galaxy,0.9979494214057922,0,galaxy,0.6611874103546143
362,0,galaxy,0,galaxy,True,0,galaxy,True,True,0,galaxy,0.9835379719734192,0,galaxy,0.9929686188697815,0,galaxy,0.9829242825508118,0,galaxy,0.8957122564315796,0,galaxy,0.9981598258018494,0,galaxy,0.9681501984596252
363,0,galaxy,0,galaxy,True,0,galaxy,True,True,0,galaxy,0.948397696018219,0,galaxy,0.5503581762313843,0,galaxy,0.987913191318512,0,galaxy,0.7649103403091431,0,galaxy,0.9945606589317322,0,galaxy,0.7252000570297241
364,0,galaxy,0,galaxy,True,0,galaxy,True,True,0,galaxy,0.9872580170631409,0,galaxy,0.9861035346984863,0,galaxy,0.9896249175071716,0,galaxy,0.962641716003418,0,galaxy,0.9984520673751831,0,galaxy,0.7237629294395447
365,0,galaxy,0,galaxy,True,0,galaxy,True,True,0,galaxy,0.9844170212745667,0,galaxy,0.6187875270843506,0,galaxy,0.9667943716049194,0,galaxy,0.959251344203949,0,galaxy,0.9980308413505554,0,galaxy,0.7496392726898193
366,0,galaxy,0,galaxy,True,0,galaxy,True,True,0,galaxy,0.9447134137153625,0,galaxy,0.775025486946106,0,galaxy,0.9749993681907654,0,galaxy,0.9880502820014954,0,galaxy,0.9944747090339661,0,galaxy,0.5594583749771118
367,0,galaxy,0,galaxy,True,0,galaxy,True,True,0,galaxy,0.9941351413726807,0,galaxy,0.8968721032142639,0,galaxy,0.9428881406784058,0,galaxy,0.9416582584381104,0,galaxy,0.979203462600708,2,star,0.4945637285709381
368,0,galaxy,0,galaxy,True,0,galaxy,True,True,0,galaxy,0.9912472367286682,0,galaxy,0.9988961219787598,0,galaxy,0.9658074975013733,0,galaxy,0.9721919894218445,0,galaxy,0.9871754050254822,0,galaxy,0.6519702076911926
369,0,galaxy,0,galaxy,True,0,galaxy,True,True,0,galaxy,0.9905133247375488,0,galaxy,0.994030237197876,0,galaxy,0.970452070236206,0,galaxy,0.9740043878555298,0,galaxy,0.9854867458343506,0,galaxy,0.633505642414093
370,0,galaxy,0,galaxy,True,0,galaxy,True,True,0,galaxy,0.9911522269248962,0,galaxy,0.9996628761291504,0,galaxy,0.9710889458656311,0,galaxy,0.9762743711471558,0,galaxy,0.9886000752449036,0,galaxy,0.6079964637756348
371,0,galaxy,0,galaxy,True,0,galaxy,True,True,0,galaxy,0.9526309370994568,0,galaxy,0.998974084854126,0,galaxy,0.9937885403633118,0,galaxy,0.9836291670799255,0,galaxy,0.9983810186386108,0,galaxy,0.9508901238441467
372,0,galaxy,0,galaxy,True,0,galaxy,True,True,0,galaxy,0.9688459038734436,0,galaxy,0.9985083937644958,0,galaxy,0.9820465445518494,0,galaxy,0.9656387567520142,0,galaxy,0.9930936098098755,0,galaxy,0.6955166459083557
373,0,galaxy,0,galaxy,True,0,galaxy,True,True,0,galaxy,0.9903588891029358,0,galaxy,0.8911543488502502,0,galaxy,0.9684568047523499,0,galaxy,0.9735820889472961,0,galaxy,0.9866434931755066,0,galaxy,0.6361982822418213
374,0,galaxy,2,star,False,2,star,False,True,2,star,0.6115598082542419,2,star,0.7404926419258118,1,quasar,0.4535110294818878,2,star,0.5516788363456726,0,galaxy,0.5462254285812378,2,star,0.39297086000442505
375,0,galaxy,0,galaxy,True,0,galaxy,True,True,0,galaxy,0.9976959824562073,0,galaxy,0.9961000680923462,0,galaxy,0.9721935391426086,0,galaxy,0.9521612524986267,0,galaxy,0.9829034209251404,2,star,0.8510920405387878
376,0,galaxy,0,galaxy,True,0,galaxy,True,True,0,galaxy,0.9882333874702454,0,galaxy,0.924216628074646,0,galaxy,0.9567139744758606,0,galaxy,0.977725625038147,0,galaxy,0.991387665271759,2,star,0.48549675941467285
377,0,galaxy,0,galaxy,True,0,galaxy,True,True,0,galaxy,0.977739155292511,0,galaxy,0.9901750087738037,0,galaxy,0.9632517695426941,0,galaxy,0.9870740175247192,0,galaxy,0.9845747947692871,2,star,0.6388779282569885
378,0,galaxy,0,galaxy,True,0,galaxy,True,True,0,galaxy,0.9879088997840881,0,galaxy,0.9794673323631287,0,galaxy,0.9851410388946533,0,galaxy,0.983798623085022,0,galaxy,0.9988314509391785,0,galaxy,0.5331595540046692
379,0,galaxy,0,galaxy,True,0,galaxy,True,True,0,galaxy,0.9846048951148987,0,galaxy,0.9986706972122192,0,galaxy,0.9603385329246521,0,galaxy,0.9419252276420593,0,galaxy,0.9751614332199097,0,galaxy,0.6319555640220642
380,0,galaxy,0,galaxy,True,0,galaxy,True,True,0,galaxy,0.8899046778678894,0,galaxy,0.8958286046981812,0,galaxy,0.9847055077552795,0,galaxy,0.9754270315170288,0,galaxy,0.9984447360038757,0,galaxy,0.9558732509613037
381,0,galaxy,0,galaxy,True,0,galaxy,True,True,0,galaxy,0.9029355645179749,0,galaxy,0.9742789268493652,0,galaxy,0.9821990132331848,0,galaxy,0.9854211211204529,0,galaxy,0.9980973601341248,0,galaxy,0.778851330280304
382,0,galaxy,0,galaxy,True,0,galaxy,True,True,0,galaxy,0.9663180708885193,0,galaxy,0.9957746863365173,0,galaxy,0.9516788125038147,0,galaxy,0.9567802548408508,0,galaxy,0.9876924157142639,2,star,0.4682506322860718
383,0,galaxy,0,galaxy,True,0,galaxy,True,True,0,galaxy,0.9957068562507629,0,galaxy,0.9935896396636963,0,galaxy,0.990230143070221,0,galaxy,0.9777096509933472,0,galaxy,0.9985357522964478,0,galaxy,0.862187922000885
384,0,galaxy,0,galaxy,True,0,galaxy,True,True,2,star,0.9999998807907104,2,star,0.8268857002258301,0,galaxy,0.9637900590896606,0,galaxy,0.5834643244743347,0,galaxy,0.998374342918396,0,galaxy,0.9106284379959106
385,0,galaxy,0,galaxy,True,0,galaxy,True,True,0,galaxy,0.9929285645484924,0,galaxy,0.9996799230575562,0,galaxy,0.9735156297683716,0,galaxy,0.9706088304519653,0,galaxy,0.9900968074798584,2,star,0.5331544876098633
386,0,galaxy,0,galaxy,True,0,galaxy,True,True,0,galaxy,0.9873753786087036,0,galaxy,0.9996994733810425,0,galaxy,0.9701781868934631,0,galaxy,0.9544665813446045,0,galaxy,0.9909693598747253,0,galaxy,0.6336365342140198
387,0,galaxy,0,galaxy,True,0,galaxy,True,True,0,galaxy,0.9770860075950623,2,star,0.5611761212348938,0,galaxy,0.9881693124771118,0,galaxy,0.9521411061286926,0,galaxy,0.9953871369361877,0,galaxy,0.6892058253288269
388,0,galaxy,0,galaxy,True,0,galaxy,True,True,0,galaxy,0.9386894106864929,1,quasar,0.5121344327926636,0,galaxy,0.9483171701431274,0,galaxy,0.9541336894035339,0,galaxy,0.9965665340423584,0,galaxy,0.7643296122550964
389,0,galaxy,0,galaxy,True,0,galaxy,True,True,0,galaxy,0.9947792291641235,0,galaxy,0.9924558401107788,0,galaxy,0.9156987071037292,0,galaxy,0.9328950047492981,0,galaxy,0.9945036172866821,2,star,0.9173051714897156
390,0,galaxy,0,galaxy,True,0,galaxy,True,True,2,star,1.0,0,galaxy,0.9983219504356384,0,galaxy,0.9790385365486145,0,galaxy,0.9343323707580566,0,galaxy,0.9864800572395325,0,galaxy,0.9305711984634399
391,0,galaxy,0,galaxy,True,0,galaxy,True,True,0,galaxy,0.9883881211280823,0,galaxy,0.9991286396980286,0,galaxy,0.9764568209648132,0,galaxy,0.9804357290267944,0,galaxy,0.9946334362030029,0,galaxy,0.5718151926994324
392,0,galaxy,0,galaxy,True,0,galaxy,True,True,0,galaxy,0.9719199538230896,0,galaxy,0.9514660239219666,0,galaxy,0.9910979866981506,0,galaxy,0.8399820923805237,0,galaxy,0.9980667233467102,0,galaxy,0.755174458026886
393,0,galaxy,0,galaxy,True,0,galaxy,True,True,0,galaxy,0.9863836765289307,0,galaxy,0.8284971117973328,0,galaxy,0.9888267517089844,0,galaxy,0.8432172536849976,0,galaxy,0.998700737953186,0,galaxy,0.5547453761100769
394,0,galaxy,0,galaxy,True,0,galaxy,True,True,0,galaxy,0.5836645364761353,0,galaxy,0.9145634174346924,0,galaxy,0.9433611631393433,0,galaxy,0.8793879151344299,0,galaxy,0.9943286776542664,0,galaxy,0.5082224607467651
395,0,galaxy,0,galaxy,True,0,galaxy,True,True,0,galaxy,0.9855964779853821,0,galaxy,0.9979982972145081,0,galaxy,0.9890767335891724,0,galaxy,0.9792450666427612,0,galaxy,0.9988378882408142,2,star,0.5462055802345276
396,0,galaxy,0,galaxy,True,0,galaxy,True,True,0,galaxy,0.9985387325286865,0,galaxy,0.9924478530883789,0,galaxy,0.9893370866775513,0,galaxy,0.9575515985488892,0,galaxy,0.9988247752189636,0,galaxy,0.7853105664253235
397,0,galaxy,0,galaxy,True,0,galaxy,True,True,0,galaxy,0.9019750356674194,0,galaxy,0.9267082810401917,0,galaxy,0.9622779488563538,0,galaxy,0.9860235452651978,0,galaxy,0.9970113039016724,0,galaxy,0.8529665470123291
398,0,galaxy,0,galaxy,True,0,galaxy,True,True,0,galaxy,0.9970467686653137,0,galaxy,0.993235170841217,0,galaxy,0.9895813465118408,0,galaxy,0.9803715348243713,0,galaxy,0.9986514449119568,0,galaxy,0.5698230862617493
399,0,galaxy,0,galaxy,True,0,galaxy,True,True,0,galaxy,0.976844847202301,0,galaxy,0.5149337649345398,0,galaxy,0.9697002172470093,0,galaxy,0.9441466331481934,0,galaxy,0.9925389885902405,0,galaxy,0.5965246558189392
400,0,galaxy,0,galaxy,True,0,galaxy,True,True,0,galaxy,0.9802058935165405,0,galaxy,0.9996453523635864,0,galaxy,0.9907822012901306,0,galaxy,0.9842537641525269,0,galaxy,0.998623251914978,0,galaxy,0.8401115536689758
401,0,galaxy,0,galaxy,True,0,galaxy,True,True,0,galaxy,0.990882933139801,0,galaxy,0.9987579584121704,0,galaxy,0.9735287427902222,0,galaxy,0.9809827208518982,0,galaxy,0.9896843433380127,0,galaxy,0.6448474526405334
402,0,galaxy,0,galaxy,True,0,galaxy,True,True,0,galaxy,0.9734357595443726,0,galaxy,0.9993277788162231,0,galaxy,0.9654125571250916,0,galaxy,0.9691540598869324,0,galaxy,0.9780350923538208,0,galaxy,0.5543280243873596
403,0,galaxy,0,galaxy,True,0,galaxy,True,True,0,galaxy,0.9477818608283997,0,galaxy,0.9960505366325378,0,galaxy,0.964238166809082,0,galaxy,0.9635828137397766,0,galaxy,0.9671685695648193,0,galaxy,0.44463270902633667
404,0,galaxy,0,galaxy,True,0,galaxy,True,True,2,star,0.5355740189552307,0,galaxy,0.9991594552993774,0,galaxy,0.9924250841140747,0,galaxy,0.9293841123580933,0,galaxy,0.9989389777183533,0,galaxy,0.9344841241836548
405,0,galaxy,0,galaxy,True,0,galaxy,True,True,0,galaxy,0.9364968538284302,0,galaxy,0.9991558790206909,0,galaxy,0.9642634391784668,0,galaxy,0.9818629622459412,0,galaxy,0.9877240657806396,0,galaxy,0.6975361704826355
406,0,galaxy,0,galaxy,True,0,galaxy,True,True,0,galaxy,0.9848975539207458,0,galaxy,0.9861641526222229,0,galaxy,0.9746452569961548,0,galaxy,0.966731071472168,0,galaxy,0.9931924939155579,0,galaxy,0.7638569474220276
407,0,galaxy,0,galaxy,True,0,galaxy,True,True,0,galaxy,0.9456508755683899,0,galaxy,0.989234209060669,0,galaxy,0.9517257809638977,0,galaxy,0.982183575630188,0,galaxy,0.980857253074646,2,star,0.5069394707679749
408,0,galaxy,0,galaxy,True,0,galaxy,True,True,0,galaxy,0.9822632670402527,0,galaxy,0.9927670955657959,0,galaxy,0.9912258982658386,0,galaxy,0.9857044219970703,0,galaxy,0.9986420273780823,0,galaxy,0.667807936668396
409,0,galaxy,0,galaxy,True,0,galaxy,True,True,0,galaxy,0.9827136993408203,0,galaxy,0.9913401007652283,0,galaxy,0.9758947491645813,0,galaxy,0.9677254557609558,0,galaxy,0.9912258982658386,0,galaxy,0.9040765166282654
410,0,galaxy,0,galaxy,True,0,galaxy,True,True,0,galaxy,0.9872859120368958,0,galaxy,0.9987009763717651,0,galaxy,0.9628472328186035,0,galaxy,0.9748387336730957,0,galaxy,0.9928157329559326,0,galaxy,0.8098623752593994
411,0,galaxy,0,galaxy,True,0,galaxy,True,True,0,galaxy,0.99093097448349,0,galaxy,0.9992356300354004,0,galaxy,0.973162829875946,0,galaxy,0.838318407535553,0,galaxy,0.9908384680747986,0,galaxy,0.613601803779602
412,0,galaxy,0,galaxy,True,0,galaxy,True,True,0,galaxy,0.9807433485984802,0,galaxy,0.9574297666549683,0,galaxy,0.9800723791122437,0,galaxy,0.9516614079475403,0,galaxy,0.9984379410743713,0,galaxy,0.9481337666511536
413,0,galaxy,0,galaxy,True,0,galaxy,True,True,0,galaxy,0.9836748838424683,0,galaxy,0.9971068501472473,0,galaxy,0.9898287057876587,0,galaxy,0.9847118854522705,0,galaxy,0.9984040856361389,0,galaxy,0.7712882161140442
414,0,galaxy,0,galaxy,True,0,galaxy,True,True,0,galaxy,0.9918894171714783,0,galaxy,0.9959375858306885,0,galaxy,0.9554151296615601,0,galaxy,0.9704804420471191,0,galaxy,0.9851328134536743,0,galaxy,0.43701469898223877
415,0,galaxy,0,galaxy,True,0,galaxy,True,True,0,galaxy,0.9887913465499878,0,galaxy,0.9999054670333862,0,galaxy,0.9703163504600525,0,galaxy,0.9458909034729004,0,galaxy,0.9870856404304504,2,star,0.541418194770813
416,0,galaxy,0,galaxy,True,0,galaxy,True,True,0,galaxy,0.9820314645767212,0,galaxy,0.9656923413276672,0,galaxy,0.9626971483230591,0,galaxy,0.9487294554710388,0,galaxy,0.9973119497299194,0,galaxy,0.58851557970047
417,0,galaxy,0,galaxy,True,0,galaxy,True,True,0,galaxy,0.9965341091156006,0,galaxy,0.9968709349632263,0,galaxy,0.9739278554916382,0,galaxy,0.9513573050498962,0,galaxy,0.9865264296531677,0,galaxy,0.742988646030426
418,0,galaxy,0,galaxy,True,0,galaxy,True,True,0,galaxy,0.987721860408783,0,galaxy,0.9990115165710449,0,galaxy,0.9675011038780212,0,galaxy,0.9743319153785706,0,galaxy,0.9913221597671509,0,galaxy,0.5719600319862366
419,0,galaxy,0,galaxy,True,0,galaxy,True,True,0,galaxy,0.9567491412162781,0,galaxy,0.9996844530105591,0,galaxy,0.9741214513778687,0,galaxy,0.9648604989051819,0,galaxy,0.9888975024223328,0,galaxy,0.6168259382247925
420,0,galaxy,0,galaxy,True,0,galaxy,True,True,0,galaxy,0.9904277324676514,0,galaxy,0.9796841144561768,0,galaxy,0.9865447878837585,0,galaxy,0.9834936857223511,0,galaxy,0.9908974766731262,0,galaxy,0.4311940670013428
421,0,galaxy,0,galaxy,True,0,galaxy,True,True,0,galaxy,0.9080374836921692,2,star,0.5164360404014587,0,galaxy,0.9799162149429321,0,galaxy,0.8376604914665222,0,galaxy,0.9966171383857727,0,galaxy,0.44364291429519653
422,0,galaxy,0,galaxy,True,0,galaxy,True,True,0,galaxy,0.909946084022522,0,galaxy,0.9641611576080322,0,galaxy,0.9777714014053345,0,galaxy,0.9858083724975586,0,galaxy,0.9971987009048462,0,galaxy,0.6475262641906738
423,0,galaxy,0,galaxy,True,0,galaxy,True,True,0,galaxy,0.9732759594917297,0,galaxy,0.4113810658454895,0,galaxy,0.9490786194801331,0,galaxy,0.9764211773872375,0,galaxy,0.9969112277030945,0,galaxy,0.78673255443573
424,0,galaxy,0,galaxy,True,0,galaxy,True,True,0,galaxy,0.9399469494819641,0,galaxy,0.9990181922912598,0,galaxy,0.9671428203582764,0,galaxy,0.9722481966018677,0,galaxy,0.9947358965873718,0,galaxy,0.5860791802406311
425,0,galaxy,0,galaxy,True,0,galaxy,True,True,0,galaxy,0.9930495023727417,0,galaxy,0.9951764345169067,0,galaxy,0.9706032276153564,0,galaxy,0.9590480327606201,0,galaxy,0.9810892939567566,2,star,0.6919149160385132
426,0,galaxy,0,galaxy,True,0,galaxy,True,True,0,galaxy,0.9730147123336792,0,galaxy,0.9827104210853577,0,galaxy,0.9880291819572449,0,galaxy,0.9762948155403137,0,galaxy,0.9977284073829651,0,galaxy,0.926441490650177
427,0,galaxy,0,galaxy,True,0,galaxy,True,True,0,galaxy,0.9715993404388428,0,galaxy,0.9980533123016357,0,galaxy,0.9773046970367432,0,galaxy,0.9259065985679626,0,galaxy,0.9903066158294678,0,galaxy,0.5093377828598022
428,0,galaxy,0,galaxy,True,0,galaxy,True,True,0,galaxy,0.4306279718875885,0,galaxy,0.9954469799995422,0,galaxy,0.9480786919593811,0,galaxy,0.9056102633476257,0,galaxy,0.9810885190963745,0,galaxy,0.49738311767578125
429,0,galaxy,0,galaxy,True,0,galaxy,True,True,0,galaxy,0.9570556282997131,0,galaxy,0.9983935952186584,0,galaxy,0.940687894821167,0,galaxy,0.970289409160614,0,galaxy,0.9892662763595581,0,galaxy,0.589059591293335
430,0,galaxy,0,galaxy,True,0,galaxy,True,True,0,galaxy,0.9841682314872742,0,galaxy,0.9948480129241943,0,galaxy,0.9818915724754333,0,galaxy,0.962334930896759,0,galaxy,0.9831081032752991,0,galaxy,0.5708907842636108
431,0,galaxy,0,galaxy,True,0,galaxy,True,True,0,galaxy,0.9639288187026978,0,galaxy,0.9960659146308899,0,galaxy,0.9593124389648438,0,galaxy,0.9649022221565247,0,galaxy,0.9979918003082275,2,star,0.671687662601471
432,0,galaxy,0,galaxy,True,0,galaxy,True,True,0,galaxy,0.760231614112854,0,galaxy,0.965957760810852,0,galaxy,0.9197096228599548,0,galaxy,0.9809001684188843,0,galaxy,0.9543296098709106,0,galaxy,0.7938618659973145
433,0,galaxy,0,galaxy,True,0,galaxy,True,True,0,galaxy,0.9709868431091309,0,galaxy,0.9961495399475098,0,galaxy,0.8884984254837036,0,galaxy,0.46801280975341797,0,galaxy,0.475207656621933,0,galaxy,0.603087842464447
434,0,galaxy,0,galaxy,True,0,galaxy,True,True,0,galaxy,0.9732195138931274,0,galaxy,0.9962802529335022,0,galaxy,0.9051074981689453,0,galaxy,0.9651702046394348,0,galaxy,0.9863687753677368,0,galaxy,0.5200501680374146
435,0,galaxy,0,galaxy,True,0,galaxy,True,True,0,galaxy,0.9852104783058167,0,galaxy,0.9967077970504761,0,galaxy,0.9606935381889343,0,galaxy,0.9457700848579407,0,galaxy,0.9826166033744812,0,galaxy,0.4827058017253876
436,0,galaxy,2,star,False,0,galaxy,True,False,2,star,0.5232888460159302,2,star,0.5509283542633057,0,galaxy,0.6961728930473328,2,star,0.41666677594184875,0,galaxy,0.6631869077682495,2,star,0.49575096368789673
437,0,galaxy,0,galaxy,True,0,galaxy,True,True,0,galaxy,0.831179678440094,0,galaxy,0.4238397181034088,0,galaxy,0.8902185559272766,0,galaxy,0.8741550445556641,0,galaxy,0.9975848197937012,2,star,0.8491409420967102
438,0,galaxy,0,galaxy,True,0,galaxy,True,True,0,galaxy,0.9602473974227905,0,galaxy,0.6400962471961975,0,galaxy,0.9679991602897644,0,galaxy,0.9672418236732483,0,galaxy,0.9819605350494385,1,quasar,0.8161687254905701
439,0,galaxy,0,galaxy,True,0,galaxy,True,True,0,galaxy,0.974090039730072,0,galaxy,0.9995189905166626,0,galaxy,0.9589837789535522,0,galaxy,0.9646790623664856,0,galaxy,0.9932199716567993,2,star,0.5361307263374329
440,0,galaxy,0,galaxy,True,0,galaxy,True,True,0,galaxy,0.8993650674819946,0,galaxy,0.9955713152885437,0,galaxy,0.959613025188446,0,galaxy,0.8489443063735962,0,galaxy,0.9899531006813049,0,galaxy,0.8102014660835266
441,0,galaxy,0,galaxy,True,0,galaxy,True,True,0,galaxy,0.9911109209060669,0,galaxy,0.9996824264526367,0,galaxy,0.9521588683128357,0,galaxy,0.9439322352409363,0,galaxy,0.9897785782814026,0,galaxy,0.5432412028312683
442,0,galaxy,0,galaxy,True,0,galaxy,True,True,0,galaxy,0.9784185290336609,0,galaxy,0.9789208769798279,0,galaxy,0.9420297145843506,0,galaxy,0.9331197142601013,0,galaxy,0.985089898109436,2,star,0.4806596636772156
443,0,galaxy,0,galaxy,True,0,galaxy,True,True,0,galaxy,0.9765459895133972,0,galaxy,0.9683898091316223,0,galaxy,0.9661189317703247,0,galaxy,0.966361939907074,0,galaxy,0.9874308109283447,0,galaxy,0.368702232837677
444,0,galaxy,0,galaxy,True,0,galaxy,True,True,0,galaxy,0.9894638061523438,0,galaxy,0.9971346855163574,0,galaxy,0.9719209671020508,0,galaxy,0.9665609002113342,0,galaxy,0.9966519474983215,0,galaxy,0.601759672164917
445,0,galaxy,0,galaxy,True,0,galaxy,True,True,0,galaxy,0.9760161638259888,0,galaxy,0.9901907444000244,0,galaxy,0.9657064080238342,0,galaxy,0.9365649223327637,0,galaxy,0.9913371801376343,0,galaxy,0.5977497696876526
446,0,galaxy,0,galaxy,True,0,galaxy,True,True,0,galaxy,0.8822441697120667,0,galaxy,0.9482829570770264,0,galaxy,0.9386931657791138,0,galaxy,0.8602170944213867,0,galaxy,0.9669097065925598,2,star,0.39965566992759705
447,0,galaxy,0,galaxy,True,0,galaxy,True,True,0,galaxy,0.9752968549728394,0,galaxy,0.9959192872047424,0,galaxy,0.9432283639907837,0,galaxy,0.9739415049552917,0,galaxy,0.9850261807441711,0,galaxy,0.5935031771659851
448,0,galaxy,0,galaxy,True,0,galaxy,True,True,0,galaxy,0.9902386665344238,0,galaxy,0.9983377456665039,0,galaxy,0.9677168726921082,0,galaxy,0.9854589700698853,0,galaxy,0.9724814891815186,0,galaxy,0.8050946593284607
449,0,galaxy,0,galaxy,True,0,galaxy,True,True,0,galaxy,0.9730100035667419,0,galaxy,0.9986048340797424,0,galaxy,0.9715133905410767,0,galaxy,0.8077512979507446,0,galaxy,0.9632083773612976,0,galaxy,0.7768100500106812
450,0,galaxy,0,galaxy,True,0,galaxy,True,True,0,galaxy,0.9901031255722046,0,galaxy,0.9078989028930664,0,galaxy,0.9483039975166321,0,galaxy,0.8745198845863342,0,galaxy,0.9894514679908752,0,galaxy,0.508485734462738
451,0,galaxy,0,galaxy,True,0,galaxy,True,True,0,galaxy,0.7877739667892456,0,galaxy,0.9868831038475037,0,galaxy,0.9644972681999207,0,galaxy,0.8406349420547485,0,galaxy,0.9900684952735901,0,galaxy,0.6199665665626526
452,0,galaxy,0,galaxy,True,0,galaxy,True,True,0,galaxy,0.9516640305519104,0,galaxy,0.9962255954742432,0,galaxy,0.97112637758255,0,galaxy,0.965485692024231,0,galaxy,0.9897359609603882,0,galaxy,0.4990878701210022
453,0,galaxy,0,galaxy,True,0,galaxy,True,True,0,galaxy,0.9856793284416199,0,galaxy,0.9687879681587219,0,galaxy,0.9150456786155701,0,galaxy,0.9722515940666199,0,galaxy,0.9944918155670166,0,galaxy,0.6262632012367249
454,0,galaxy,0,galaxy,True,0,galaxy,True,True,0,galaxy,0.9736001491546631,0,galaxy,0.9993460774421692,0,galaxy,0.6468825936317444,0,galaxy,0.8321927785873413,0,galaxy,0.9906761646270752,0,galaxy,0.5038493871688843
455,0,galaxy,0,galaxy,True,0,galaxy,True,True,0,galaxy,0.9696781635284424,0,galaxy,0.9974338412284851,0,galaxy,0.985933244228363,0,galaxy,0.9139456152915955,0,galaxy,0.9971200227737427,0,galaxy,0.9466820359230042
456,0,galaxy,0,galaxy,True,0,galaxy,True,True,0,galaxy,0.8798712491989136,0,galaxy,0.7194321751594543,0,galaxy,0.981425404548645,0,galaxy,0.9701128005981445,0,galaxy,0.9904546141624451,0,galaxy,0.9472337961196899
457,0,galaxy,0,galaxy,True,0,galaxy,True,True,0,galaxy,0.9902189373970032,0,galaxy,0.9986094236373901,0,galaxy,0.9739744067192078,0,galaxy,0.9734706878662109,0,galaxy,0.991113007068634,0,galaxy,0.8318271040916443
458,0,galaxy,0,galaxy,True,0,galaxy,True,True,0,galaxy,0.990773618221283,0,galaxy,0.9865773916244507,0,galaxy,0.96261066198349,0,galaxy,0.9770947694778442,0,galaxy,0.9870868921279907,0,galaxy,0.7710820436477661
459,0,galaxy,0,galaxy,True,0,galaxy,True,True,0,galaxy,0.9622634053230286,0,galaxy,0.9998528957366943,0,galaxy,0.9621297121047974,0,galaxy,0.9850494265556335,0,galaxy,0.98964524269104,0,galaxy,0.7002251148223877
460,0,galaxy,0,galaxy,True,0,galaxy,True,True,0,galaxy,0.8716394901275635,0,galaxy,0.9978796243667603,0,galaxy,0.9273502230644226,0,galaxy,0.5125979781150818,0,galaxy,0.9838405251502991,0,galaxy,0.9327774047851562
461,0,galaxy,0,galaxy,True,0,galaxy,True,True,0,galaxy,0.9562094211578369,2,star,0.9945817589759827,0,galaxy,0.9767417907714844,0,galaxy,0.9761366844177246,2,star,0.8106778860092163,2,star,0.8267377018928528
462,0,galaxy,0,galaxy,True,0,galaxy,True,True,0,galaxy,0.7661025524139404,0,galaxy,0.9998688697814941,0,galaxy,0.8642688393592834,0,galaxy,0.7810954451560974,0,galaxy,0.998513400554657,0,galaxy,0.7739734649658203
463,0,galaxy,0,galaxy,True,0,galaxy,True,True,0,galaxy,0.9758726358413696,0,galaxy,0.9997732043266296,0,galaxy,0.9694517850875854,0,galaxy,0.9573982954025269,0,galaxy,0.985084593296051,0,galaxy,0.9546281695365906
464,0,galaxy,0,galaxy,True,0,galaxy,True,True,0,galaxy,0.9551055431365967,0,galaxy,0.54148268699646,0,galaxy,0.958910346031189,0,galaxy,0.8454789519309998,0,galaxy,0.9955481290817261,0,galaxy,0.5893265008926392
465,0,galaxy,0,galaxy,True,0,galaxy,True,True,1,quasar,0.7096230387687683,0,galaxy,0.9937437176704407,0,galaxy,0.9742737412452698,0,galaxy,0.9657980799674988,0,galaxy,0.9826532602310181,0,galaxy,0.9600922465324402
466,0,galaxy,0,galaxy,True,0,galaxy,True,True,0,galaxy,0.9247631430625916,0,galaxy,0.9711146950721741,0,galaxy,0.9892626404762268,0,galaxy,0.9680983424186707,0,galaxy,0.9982547163963318,0,galaxy,0.8712686896324158
467,0,galaxy,0,galaxy,True,0,galaxy,True,True,0,galaxy,0.904995322227478,0,galaxy,0.46087267994880676,0,galaxy,0.984693169593811,0,galaxy,0.9232903718948364,0,galaxy,0.9980687499046326,0,galaxy,0.6063201427459717
468,0,galaxy,0,galaxy,True,0,galaxy,True,True,0,galaxy,0.9207584857940674,0,galaxy,0.9973402619361877,0,galaxy,0.9777747392654419,0,galaxy,0.9802135825157166,0,galaxy,0.9406505823135376,0,galaxy,0.8408526182174683
469,0,galaxy,0,galaxy,True,0,galaxy,True,True,0,galaxy,0.873589277267456,0,galaxy,0.9719835519790649,0,galaxy,0.9795802235603333,0,galaxy,0.9886994957923889,0,galaxy,0.9971202611923218,0,galaxy,0.8645210862159729
470,0,galaxy,0,galaxy,True,0,galaxy,True,True,0,galaxy,0.9848917722702026,0,galaxy,0.7180130481719971,0,galaxy,0.9746296405792236,0,galaxy,0.9775168895721436,0,galaxy,0.976513683795929,0,galaxy,0.7621708512306213
471,0,galaxy,0,galaxy,True,0,galaxy,True,True,0,galaxy,0.9318886399269104,0,galaxy,0.9999241828918457,0,galaxy,0.9863491058349609,0,galaxy,0.9789767265319824,0,galaxy,0.9981563687324524,0,galaxy,0.8084588646888733
472,0,galaxy,0,galaxy,True,0,galaxy,True,True,0,galaxy,0.9847352504730225,0,galaxy,0.9998780488967896,0,galaxy,0.9578705430030823,0,galaxy,0.9591598510742188,0,galaxy,0.9871048927307129,0,galaxy,0.8097013235092163
473,0,galaxy,0,galaxy,True,0,galaxy,True,True,0,galaxy,0.5557444095611572,0,galaxy,0.9665991067886353,0,galaxy,0.8354100584983826,1,quasar,0.557295024394989,0,galaxy,0.9731988310813904,0,galaxy,0.475820928812027
474,0,galaxy,0,galaxy,True,0,galaxy,True,True,0,galaxy,0.9136869311332703,0,galaxy,0.9920321702957153,0,galaxy,0.9536994695663452,0,galaxy,0.9645780324935913,0,galaxy,0.9849086999893188,0,galaxy,0.9394792914390564
475,0,galaxy,0,galaxy,True,0,galaxy,True,True,0,galaxy,0.9937124848365784,0,galaxy,0.9962502121925354,0,galaxy,0.986412525177002,0,galaxy,0.9526405930519104,0,galaxy,0.9977704286575317,0,galaxy,0.7696157097816467
476,0,galaxy,0,galaxy,True,0,galaxy,True,True,0,galaxy,0.9849399924278259,0,galaxy,0.9999339580535889,0,galaxy,0.9867854714393616,0,galaxy,0.9727905988693237,0,galaxy,0.9981922507286072,0,galaxy,0.8380003571510315
477,0,galaxy,0,galaxy,True,0,galaxy,True,True,0,galaxy,0.9616559147834778,0,galaxy,0.9781858921051025,0,galaxy,0.9779144525527954,0,galaxy,0.9832955002784729,0,galaxy,0.9957783222198486,0,galaxy,0.8925517201423645
478,0,galaxy,0,galaxy,True,0,galaxy,True,True,0,galaxy,0.9948829412460327,0,galaxy,0.9976425766944885,0,galaxy,0.967217743396759,0,galaxy,0.9692237377166748,0,galaxy,0.9875932335853577,0,galaxy,0.5602548122406006
479,0,galaxy,0,galaxy,True,0,galaxy,True,True,0,galaxy,0.9800845384597778,0,galaxy,0.9949578642845154,0,galaxy,0.9845194816589355,0,galaxy,0.9439488053321838,0,galaxy,0.9944350719451904,0,galaxy,0.6648796796798706
480,0,galaxy,0,galaxy,True,0,galaxy,True,True,0,galaxy,0.8868524432182312,0,galaxy,0.5592597126960754,0,galaxy,0.9530336856842041,0,galaxy,0.98203045129776,0,galaxy,0.9690718054771423,0,galaxy,0.7484781742095947
481,0,galaxy,0,galaxy,True,0,galaxy,True,True,0,galaxy,0.8181174397468567,0,galaxy,0.9998812675476074,0,galaxy,0.9433038830757141,0,galaxy,0.9141530990600586,0,galaxy,0.9925681352615356,0,galaxy,0.608974039554596
482,0,galaxy,0,galaxy,True,0,galaxy,True,True,0,galaxy,0.9674848318099976,0,galaxy,0.5848268270492554,0,galaxy,0.9775017499923706,0,galaxy,0.9710596799850464,0,galaxy,0.9777171611785889,0,galaxy,0.9159954190254211
483,0,galaxy,0,galaxy,True,0,galaxy,True,True,0,galaxy,0.9055840373039246,0,galaxy,0.9946158528327942,0,galaxy,0.9872344136238098,0,galaxy,0.9778744578361511,0,galaxy,0.9981480836868286,0,galaxy,0.6646826267242432
484,0,galaxy,0,galaxy,True,0,galaxy,True,True,0,galaxy,0.9790526032447815,0,galaxy,0.4949469268321991,0,galaxy,0.9740563035011292,0,galaxy,0.9753055572509766,0,galaxy,0.9436623454093933,0,galaxy,0.5192319750785828
485,0,galaxy,0,galaxy,True,0,galaxy,True,True,0,galaxy,0.9429901242256165,0,galaxy,0.9992989301681519,0,galaxy,0.9778679609298706,0,galaxy,0.8489859700202942,0,galaxy,0.9841701984405518,0,galaxy,0.42989233136177063
486,0,galaxy,0,galaxy,True,0,galaxy,True,True,0,galaxy,0.47237929701805115,0,galaxy,0.9727316498756409,0,galaxy,0.9375978112220764,0,galaxy,0.9084628820419312,0,galaxy,0.9685668349266052,1,quasar,0.46568596363067627
487,0,galaxy,0,galaxy,True,0,galaxy,True,True,0,galaxy,0.9620340466499329,0,galaxy,0.9922580122947693,0,galaxy,0.9737588167190552,0,galaxy,0.9818354845046997,0,galaxy,0.9859076142311096,0,galaxy,0.4056752026081085
488,0,galaxy,0,galaxy,True,0,galaxy,True,True,0,galaxy,0.9839718341827393,0,galaxy,0.7577815651893616,0,galaxy,0.8975666165351868,0,galaxy,0.8910167217254639,0,galaxy,0.9862329959869385,0,galaxy,0.4803529977798462
489,0,galaxy,0,galaxy,True,0,galaxy,True,True,0,galaxy,0.9959129691123962,0,galaxy,0.9995467066764832,0,galaxy,0.9603274464607239,0,galaxy,0.9597002863883972,0,galaxy,0.987486720085144,0,galaxy,0.589115560054779
490,0,galaxy,0,galaxy,True,0,galaxy,True,True,0,galaxy,0.8150926232337952,0,galaxy,0.9987425208091736,0,galaxy,0.9651541113853455,0,galaxy,0.9508240222930908,0,galaxy,0.9807767271995544,2,star,0.4001652002334595
491,0,galaxy,0,galaxy,True,0,galaxy,True,True,0,galaxy,0.898735523223877,0,galaxy,0.6849755644798279,0,galaxy,0.9634297490119934,0,galaxy,0.7441166043281555,0,galaxy,0.6991980075836182,0,galaxy,0.4378645420074463
492,0,galaxy,0,galaxy,True,0,galaxy,True,True,0,galaxy,0.956423819065094,0,galaxy,0.9914154410362244,0,galaxy,0.9833327531814575,0,galaxy,0.9689378142356873,0,galaxy,0.997871994972229,0,galaxy,0.6407333016395569
493,0,galaxy,0,galaxy,True,0,galaxy,True,True,0,galaxy,0.9664512872695923,0,galaxy,0.9760686159133911,0,galaxy,0.9844692349433899,0,galaxy,0.9800028800964355,0,galaxy,0.9983651041984558,0,galaxy,0.9101830124855042
494,0,galaxy,0,galaxy,True,0,galaxy,True,True,0,galaxy,0.9960483908653259,0,galaxy,0.5290226340293884,0,galaxy,0.9877350926399231,0,galaxy,0.9731068015098572,0,galaxy,0.998001754283905,0,galaxy,0.9152194857597351
495,0,galaxy,0,galaxy,True,0,galaxy,True,True,0,galaxy,0.8627069592475891,0,galaxy,0.9864844679832458,0,galaxy,0.9714322686195374,0,galaxy,0.9541671276092529,0,galaxy,0.9977400302886963,0,galaxy,0.7079252600669861
496,0,galaxy,0,galaxy,True,0,galaxy,True,True,0,galaxy,0.9831823110580444,0,galaxy,0.8759759664535522,0,galaxy,0.9731243252754211,0,galaxy,0.979963481426239,0,galaxy,0.9967628717422485,0,galaxy,0.6600432991981506
497,0,galaxy,0,galaxy,True,0,galaxy,True,True,0,galaxy,0.7039995193481445,0,galaxy,0.9975284934043884,0,galaxy,0.9941031336784363,0,galaxy,0.9814685583114624,0,galaxy,0.9983659386634827,0,galaxy,0.9403716921806335
498,0,galaxy,0,galaxy,True,0,galaxy,True,True,0,galaxy,0.9911804795265198,0,galaxy,0.9994250535964966,0,galaxy,0.9718818664550781,0,galaxy,0.9729361534118652,0,galaxy,0.9916120767593384,0,galaxy,0.5197925567626953
499,0,galaxy,0,galaxy,True,0,galaxy,True,True,0,galaxy,0.99043208360672,0,galaxy,0.9986022114753723,0,galaxy,0.9895785450935364,0,galaxy,0.9527591466903687,0,galaxy,0.9988962411880493,2,star,0.7194818258285522
500,0,galaxy,0,galaxy,True,0,galaxy,True,True,0,galaxy,0.9885518550872803,0,galaxy,0.6797395944595337,0,galaxy,0.9813805222511292,0,galaxy,0.9308407306671143,0,galaxy,0.9985548853874207,0,galaxy,0.742495059967041
501,0,galaxy,0,galaxy,True,0,galaxy,True,True,0,galaxy,0.9921006560325623,0,galaxy,0.9987263083457947,0,galaxy,0.9865440726280212,0,galaxy,0.9861322641372681,0,galaxy,0.9987034797668457,0,galaxy,0.7336977124214172
502,0,galaxy,0,galaxy,True,0,galaxy,True,True,0,galaxy,0.9942203760147095,0,galaxy,0.9997108578681946,0,galaxy,0.9622029066085815,0,galaxy,0.9529211521148682,0,galaxy,0.9868150949478149,0,galaxy,0.6407143473625183
503,0,galaxy,0,galaxy,True,0,galaxy,True,True,0,galaxy,0.9846615195274353,0,galaxy,0.9999549388885498,0,galaxy,0.9712976217269897,0,galaxy,0.964333176612854,0,galaxy,0.987810492515564,0,galaxy,0.8686939477920532
504,0,galaxy,0,galaxy,True,0,galaxy,True,True,0,galaxy,0.9263669848442078,0,galaxy,0.9689018726348877,0,galaxy,0.9176648855209351,0,galaxy,0.8801417350769043,0,galaxy,0.9834796190261841,1,quasar,0.5888081192970276
505,0,galaxy,0,galaxy,True,0,galaxy,True,True,0,galaxy,0.946167528629303,0,galaxy,0.9977986216545105,0,galaxy,0.9704779982566833,0,galaxy,0.967588484287262,0,galaxy,0.9872616529464722,0,galaxy,0.7290310859680176
506,0,galaxy,0,galaxy,True,0,galaxy,True,True,0,galaxy,0.973781406879425,0,galaxy,0.9798407554626465,0,galaxy,0.9764092564582825,0,galaxy,0.8735420107841492,0,galaxy,0.9900541305541992,0,galaxy,0.6163021922111511
507,0,galaxy,0,galaxy,True,0,galaxy,True,True,0,galaxy,0.9468702673912048,0,galaxy,0.9997016787528992,0,galaxy,0.9862092137336731,0,galaxy,0.9779972434043884,0,galaxy,0.9984418749809265,0,galaxy,0.749392032623291
508,0,galaxy,0,galaxy,True,0,galaxy,True,True,0,galaxy,0.9314795732498169,0,galaxy,0.9979088306427002,0,galaxy,0.9698708653450012,0,galaxy,0.9881938695907593,0,galaxy,0.9927238821983337,0,galaxy,0.5914279222488403
509,0,galaxy,0,galaxy,True,0,galaxy,True,True,1,quasar,0.6313034892082214,0,galaxy,0.6283349394798279,0,galaxy,0.8767078518867493,0,galaxy,0.7966935038566589,0,galaxy,0.7831222414970398,0,galaxy,0.576346755027771
510,0,galaxy,0,galaxy,True,0,galaxy,True,True,0,galaxy,0.9717342853546143,0,galaxy,0.9981180429458618,0,galaxy,0.9624942541122437,0,galaxy,0.9507789015769958,0,galaxy,0.8278822302818298,0,galaxy,0.6599763631820679
511,0,galaxy,0,galaxy,True,0,galaxy,True,True,0,galaxy,0.8154813647270203,0,galaxy,0.9985262155532837,0,galaxy,0.9848553538322449,0,galaxy,0.9722276926040649,0,galaxy,0.9971616268157959,0,galaxy,0.5077216625213623
512,0,galaxy,0,galaxy,True,0,galaxy,True,True,1,quasar,0.6800622344017029,1,quasar,0.42256009578704834,0,galaxy,0.5668197274208069,0,galaxy,0.8125938773155212,0,galaxy,0.7513455748558044,1,quasar,0.4266084134578705
513,0,galaxy,0,galaxy,True,0,galaxy,True,True,0,galaxy,0.9394070506095886,0,galaxy,0.9944164752960205,0,galaxy,0.9590622782707214,0,galaxy,0.9722089767456055,0,galaxy,0.9961734414100647,1,quasar,0.5019482970237732
514,0,galaxy,0,galaxy,True,0,galaxy,True,True,0,galaxy,0.958063542842865,0,galaxy,0.9957866072654724,0,galaxy,0.9835307002067566,0,galaxy,0.9824658632278442,0,galaxy,0.9763122797012329,0,galaxy,0.8657472133636475
515,0,galaxy,0,galaxy,True,0,galaxy,True,True,0,galaxy,0.9695795178413391,0,galaxy,0.9854626655578613,0,galaxy,0.9714909791946411,0,galaxy,0.9749782085418701,0,galaxy,0.9841619729995728,0,galaxy,0.7913501262664795
516,0,galaxy,0,galaxy,True,0,galaxy,True,True,1,quasar,0.7739831805229187,1,quasar,0.4246317148208618,0,galaxy,0.8495181798934937,0,galaxy,0.5115668773651123,0,galaxy,0.9391568303108215,0,galaxy,0.5965863466262817
517,0,galaxy,0,galaxy,True,0,galaxy,True,True,0,galaxy,0.9712192416191101,0,galaxy,0.9980970025062561,0,galaxy,0.986707329750061,0,galaxy,0.9840637445449829,0,galaxy,0.9979914426803589,2,star,0.4764519929885864
518,0,galaxy,0,galaxy,True,0,galaxy,True,True,0,galaxy,0.9033784866333008,0,galaxy,0.9505542516708374,0,galaxy,0.980983555316925,0,galaxy,0.9780958890914917,0,galaxy,0.99834144115448,0,galaxy,0.9238259792327881
519,0,galaxy,0,galaxy,True,0,galaxy,True,True,0,galaxy,0.9681392312049866,0,galaxy,0.9940841794013977,0,galaxy,0.9656676650047302,0,galaxy,0.9789855480194092,0,galaxy,0.9974827170372009,0,galaxy,0.7736083269119263
520,0,galaxy,0,galaxy,True,0,galaxy,True,True,0,galaxy,0.8523134589195251,0,galaxy,0.9945753812789917,0,galaxy,0.9582403898239136,0,galaxy,0.9751538634300232,0,galaxy,0.9725341796875,0,galaxy,0.6989626884460449
521,0,galaxy,0,galaxy,True,0,galaxy,True,True,2,star,0.44178149104118347,0,galaxy,0.8086223602294922,0,galaxy,0.9724968671798706,0,galaxy,0.8896264433860779,0,galaxy,0.9976189732551575,0,galaxy,0.5708993673324585
522,0,galaxy,0,galaxy,True,0,galaxy,True,True,0,galaxy,0.9520114660263062,0,galaxy,0.8749129176139832,0,galaxy,0.9620609879493713,0,galaxy,0.9370536208152771,0,galaxy,0.9872515201568604,0,galaxy,0.3987365961074829
523,0,galaxy,1,quasar,False,1,quasar,False,True,2,star,0.5373870134353638,2,star,0.3427809774875641,1,quasar,0.6121466755867004,1,quasar,0.6146163940429688,1,quasar,0.6610506772994995,1,quasar,0.38602495193481445
524,0,galaxy,0,galaxy,True,0,galaxy,True,True,0,galaxy,0.9611578583717346,0,galaxy,0.9902127385139465,0,galaxy,0.985289990901947,0,galaxy,0.9829607605934143,0,galaxy,0.9981147050857544,1,quasar,0.4227502942085266
525,0,galaxy,0,galaxy,True,0,galaxy,True,True,0,galaxy,0.9740726947784424,0,galaxy,0.48875007033348083,0,galaxy,0.9592398405075073,0,galaxy,0.9739393591880798,0,galaxy,0.9900820851325989,0,galaxy,0.8141856789588928
526,0,galaxy,0,galaxy,True,0,galaxy,True,True,0,galaxy,0.9906427264213562,0,galaxy,0.9932273030281067,0,galaxy,0.9641289114952087,0,galaxy,0.9775158762931824,0,galaxy,0.9901536107063293,0,galaxy,0.7414180040359497
527,0,galaxy,0,galaxy,True,0,galaxy,True,True,0,galaxy,0.9707140326499939,0,galaxy,0.993650496006012,0,galaxy,0.9605739712715149,0,galaxy,0.9522179961204529,0,galaxy,0.9858183264732361,2,star,0.46514463424682617
528,0,galaxy,0,galaxy,True,0,galaxy,True,True,0,galaxy,0.9821330904960632,0,galaxy,0.9998478889465332,0,galaxy,0.9676456451416016,0,galaxy,0.9828743934631348,0,galaxy,0.9977779984474182,0,galaxy,0.6948055028915405
529,0,galaxy,0,galaxy,True,0,galaxy,True,True,0,galaxy,0.9554480910301208,0,galaxy,0.9899633526802063,0,galaxy,0.9844282269477844,0,galaxy,0.9860146045684814,0,galaxy,0.9951285123825073,0,galaxy,0.7954323291778564
530,0,galaxy,0,galaxy,True,0,galaxy,True,True,0,galaxy,0.9842862486839294,0,galaxy,0.9985526204109192,0,galaxy,0.9657154679298401,0,galaxy,0.8953916430473328,0,galaxy,0.9729118943214417,0,galaxy,0.4798067510128021
531,0,galaxy,0,galaxy,True,0,galaxy,True,True,0,galaxy,0.9841585159301758,0,galaxy,0.9918219447135925,0,galaxy,0.9631827473640442,0,galaxy,0.976885199546814,0,galaxy,0.9933132529258728,0,galaxy,0.8617483973503113
532,0,galaxy,0,galaxy,True,0,galaxy,True,True,0,galaxy,0.8755788803100586,0,galaxy,0.974869430065155,0,galaxy,0.9708268642425537,0,galaxy,0.975962221622467,0,galaxy,0.9881873726844788,0,galaxy,0.8157705664634705
533,0,galaxy,0,galaxy,True,0,galaxy,True,True,0,galaxy,0.931581974029541,0,galaxy,0.987122118473053,0,galaxy,0.9922687411308289,0,galaxy,0.973868727684021,0,galaxy,0.9988299012184143,0,galaxy,0.7750254273414612
534,0,galaxy,0,galaxy,True,0,galaxy,True,True,0,galaxy,0.9746227264404297,0,galaxy,0.9947965741157532,0,galaxy,0.9713979363441467,0,galaxy,0.9776663780212402,0,galaxy,0.9845595955848694,0,galaxy,0.37923696637153625
535,0,galaxy,0,galaxy,True,0,galaxy,True,True,0,galaxy,0.9777765274047852,0,galaxy,0.9995538592338562,0,galaxy,0.9884627461433411,0,galaxy,0.9842965006828308,0,galaxy,0.9987775683403015,0,galaxy,0.48236411809921265
536,0,galaxy,0,galaxy,True,0,galaxy,True,True,0,galaxy,0.994631290435791,0,galaxy,0.9990670084953308,0,galaxy,0.9680427312850952,0,galaxy,0.9767448306083679,0,galaxy,0.992366373538971,0,galaxy,0.6125591993331909
537,0,galaxy,0,galaxy,True,0,galaxy,True,True,0,galaxy,0.9151127338409424,0,galaxy,0.9938790798187256,0,galaxy,0.9495785236358643,0,galaxy,0.9714425206184387,0,galaxy,0.9984700083732605,0,galaxy,0.9498321413993835
538,0,galaxy,0,galaxy,True,0,galaxy,True,True,0,galaxy,0.9517489671707153,0,galaxy,0.9448347091674805,0,galaxy,0.9810396432876587,0,galaxy,0.9832944869995117,0,galaxy,0.9957970380783081,0,galaxy,0.8692211508750916
539,0,galaxy,0,galaxy,True,0,galaxy,True,True,0,galaxy,0.791346549987793,0,galaxy,0.9157265424728394,0,galaxy,0.945412814617157,0,galaxy,0.9712495803833008,0,galaxy,0.9627929329872131,1,quasar,0.3932868540287018
540,0,galaxy,0,galaxy,True,0,galaxy,True,True,0,galaxy,0.969170331954956,0,galaxy,0.993415117263794,0,galaxy,0.9891646504402161,0,galaxy,0.9771537780761719,0,galaxy,0.9988642930984497,2,star,0.6260975003242493
541,0,galaxy,0,galaxy,True,0,galaxy,True,True,2,star,0.5565652847290039,1,quasar,0.3887180984020233,1,quasar,0.39264771342277527,0,galaxy,0.39104601740837097,0,galaxy,0.9330512285232544,0,galaxy,0.3616669774055481
542,0,galaxy,0,galaxy,True,0,galaxy,True,True,0,galaxy,0.9616437554359436,0,galaxy,0.996616780757904,0,galaxy,0.9800140857696533,0,galaxy,0.9779102206230164,0,galaxy,0.9927980303764343,0,galaxy,0.5595295429229736
543,0,galaxy,0,galaxy,True,0,galaxy,True,True,0,galaxy,0.7832518815994263,0,galaxy,0.943532407283783,0,galaxy,0.8710288405418396,0,galaxy,0.9678815603256226,0,galaxy,0.9708729386329651,1,quasar,0.5284567475318909
544,0,galaxy,0,galaxy,True,0,galaxy,True,True,0,galaxy,0.9839898347854614,0,galaxy,0.9930104613304138,0,galaxy,0.9780731797218323,0,galaxy,0.9707782864570618,0,galaxy,0.9847720265388489,0,galaxy,0.5777897834777832
545,0,galaxy,0,galaxy,True,0,galaxy,True,True,0,galaxy,0.9304713010787964,0,galaxy,0.6796412467956543,0,galaxy,0.970283031463623,0,galaxy,0.9008049964904785,0,galaxy,0.9921835064888,2,star,0.5081356763839722
546,0,galaxy,0,galaxy,True,0,galaxy,True,True,0,galaxy,0.9296024441719055,0,galaxy,0.9716521501541138,0,galaxy,0.9044640064239502,0,galaxy,0.8967555165290833,0,galaxy,0.494922935962677,0,galaxy,0.5693435072898865
547,0,galaxy,0,galaxy,True,0,galaxy,True,True,0,galaxy,0.8152430653572083,0,galaxy,0.9965207576751709,0,galaxy,0.9542587399482727,0,galaxy,0.900435745716095,0,galaxy,0.9812154173851013,0,galaxy,0.747456431388855
548,0,galaxy,0,galaxy,True,0,galaxy,True,True,0,galaxy,0.8657774925231934,0,galaxy,0.999923825263977,0,galaxy,0.9271469712257385,0,galaxy,0.9081326127052307,0,galaxy,0.9891637563705444,0,galaxy,0.5082066059112549
549,0,galaxy,0,galaxy,True,0,galaxy,True,True,0,galaxy,0.8772575855255127,0,galaxy,0.99397212266922,0,galaxy,0.9920026063919067,0,galaxy,0.9807206988334656,0,galaxy,0.9985174536705017,0,galaxy,0.7199658751487732
550,0,galaxy,0,galaxy,True,0,galaxy,True,True,0,galaxy,0.9422280192375183,0,galaxy,0.8455139994621277,0,galaxy,0.9565545916557312,0,galaxy,0.9651809930801392,0,galaxy,0.9801436066627502,0,galaxy,0.7002700567245483
551,0,galaxy,0,galaxy,True,0,galaxy,True,True,0,galaxy,0.9377501010894775,0,galaxy,0.9983627200126648,0,galaxy,0.992584764957428,0,galaxy,0.8264752626419067,0,galaxy,0.9979078769683838,0,galaxy,0.9765287041664124
552,0,galaxy,0,galaxy,True,0,galaxy,True,True,0,galaxy,0.5799990892410278,0,galaxy,0.7001582384109497,0,galaxy,0.9477118849754333,0,galaxy,0.9869712591171265,0,galaxy,0.9987848401069641,0,galaxy,0.6898504495620728
553,0,galaxy,0,galaxy,True,0,galaxy,True,True,0,galaxy,0.9692413806915283,0,galaxy,0.9744974970817566,0,galaxy,0.9871259331703186,0,galaxy,0.9803124070167542,0,galaxy,0.9985533356666565,0,galaxy,0.939186155796051
554,0,galaxy,0,galaxy,True,0,galaxy,True,True,0,galaxy,0.9564494490623474,0,galaxy,0.9669730067253113,0,galaxy,0.935855507850647,0,galaxy,0.5773924589157104,0,galaxy,0.9840945601463318,0,galaxy,0.49140840768814087
555,0,galaxy,0,galaxy,True,0,galaxy,True,True,0,galaxy,0.8384566903114319,0,galaxy,0.993364691734314,0,galaxy,0.942288339138031,0,galaxy,0.9653118252754211,0,galaxy,0.9983388185501099,2,star,0.403787225484848
556,0,galaxy,0,galaxy,True,0,galaxy,True,True,0,galaxy,0.9410719275474548,0,galaxy,0.9577867984771729,0,galaxy,0.8305136561393738,0,galaxy,0.9704248905181885,0,galaxy,0.9798159599304199,0,galaxy,0.5589939951896667
557,0,galaxy,0,galaxy,True,0,galaxy,True,True,0,galaxy,0.9547737836837769,0,galaxy,0.9891021251678467,0,galaxy,0.9894557595252991,0,galaxy,0.9854311943054199,0,galaxy,0.9986555576324463,0,galaxy,0.7376001477241516
558,0,galaxy,0,galaxy,True,0,galaxy,True,True,0,galaxy,0.9884578585624695,0,galaxy,0.9989774227142334,0,galaxy,0.9719455242156982,0,galaxy,0.9807708859443665,0,galaxy,0.9902640581130981,2,star,0.43499892950057983
559,0,galaxy,0,galaxy,True,2,star,False,False,0,galaxy,0.8450162410736084,2,star,0.9783907532691956,2,star,0.616632878780365,2,star,0.6817049980163574,0,galaxy,0.6527830958366394,0,galaxy,0.35086989402770996
560,0,galaxy,0,galaxy,True,0,galaxy,True,True,0,galaxy,0.9919725656509399,0,galaxy,0.9935787916183472,0,galaxy,0.9871039986610413,0,galaxy,0.9865656495094299,0,galaxy,0.9983313679695129,0,galaxy,0.6568701863288879
561,0,galaxy,0,galaxy,True,0,galaxy,True,True,0,galaxy,0.9230120778083801,0,galaxy,0.8176827430725098,0,galaxy,0.9708468317985535,0,galaxy,0.9720532894134521,0,galaxy,0.9921314120292664,0,galaxy,0.5498752593994141
562,0,galaxy,0,galaxy,True,0,galaxy,True,True,0,galaxy,0.949416995048523,0,galaxy,0.9428654313087463,0,galaxy,0.9917351007461548,0,galaxy,0.9765050411224365,0,galaxy,0.9988067150115967,0,galaxy,0.8679040670394897
563,0,galaxy,0,galaxy,True,0,galaxy,True,True,0,galaxy,0.9585710763931274,0,galaxy,0.9978525638580322,0,galaxy,0.9773264527320862,0,galaxy,0.9857186675071716,0,galaxy,0.9924458861351013,0,galaxy,0.8111990690231323
564,0,galaxy,0,galaxy,True,0,galaxy,True,True,0,galaxy,0.9843973517417908,0,galaxy,0.9953445792198181,0,galaxy,0.9677276611328125,0,galaxy,0.9738178253173828,0,galaxy,0.9937068819999695,0,galaxy,0.7484012842178345
565,0,galaxy,0,galaxy,True,0,galaxy,True,True,0,galaxy,0.9522504210472107,0,galaxy,0.9772071242332458,0,galaxy,0.9576365351676941,0,galaxy,0.9560475945472717,0,galaxy,0.9778473377227783,0,galaxy,0.5177763104438782
566,0,galaxy,0,galaxy,True,0,galaxy,True,True,0,galaxy,0.9243898987770081,0,galaxy,0.9998165965080261,0,galaxy,0.9616588950157166,0,galaxy,0.9701856970787048,0,galaxy,0.983230710029602,0,galaxy,0.6991255879402161
567,0,galaxy,0,galaxy,True,0,galaxy,True,True,0,galaxy,0.7360860109329224,0,galaxy,0.9271647334098816,0,galaxy,0.90497225522995,0,galaxy,0.9656257033348083,0,galaxy,0.9083945155143738,0,galaxy,0.8127989172935486
568,0,galaxy,0,galaxy,True,0,galaxy,True,True,0,galaxy,0.982450544834137,0,galaxy,0.8915038108825684,0,galaxy,0.9495325088500977,0,galaxy,0.9235235452651978,0,galaxy,0.9882749319076538,1,quasar,0.5882567167282104
569,0,galaxy,0,galaxy,True,0,galaxy,True,True,0,galaxy,0.9802629351615906,0,galaxy,0.9981974959373474,0,galaxy,0.9887205958366394,0,galaxy,0.9695011973381042,0,galaxy,0.9981005787849426,0,galaxy,0.8074801564216614
570,0,galaxy,0,galaxy,True,0,galaxy,True,True,0,galaxy,0.9883177876472473,0,galaxy,0.8944882154464722,0,galaxy,0.9503883123397827,0,galaxy,0.9775980114936829,0,galaxy,0.9965481162071228,0,galaxy,0.9179809093475342
571,0,galaxy,0,galaxy,True,0,galaxy,True,True,0,galaxy,0.9859583973884583,0,galaxy,0.9982708692550659,0,galaxy,0.9922916293144226,0,galaxy,0.9842497706413269,0,galaxy,0.9988333582878113,0,galaxy,0.7916507720947266
572,0,galaxy,0,galaxy,True,0,galaxy,True,True,0,galaxy,0.9699752926826477,0,galaxy,0.9980142116546631,0,galaxy,0.989704430103302,0,galaxy,0.9859937429428101,0,galaxy,0.99853515625,2,star,0.49134722352027893
573,0,galaxy,0,galaxy,True,0,galaxy,True,True,0,galaxy,0.9556198716163635,0,galaxy,0.9995080232620239,0,galaxy,0.9585002064704895,0,galaxy,0.9449015259742737,0,galaxy,0.9902774095535278,0,galaxy,0.5237212181091309
574,0,galaxy,0,galaxy,True,0,galaxy,True,True,0,galaxy,0.8497322797775269,0,galaxy,0.9195303916931152,0,galaxy,0.9673004150390625,0,galaxy,0.9836727976799011,0,galaxy,0.9562089443206787,0,galaxy,0.3754214644432068
575,0,galaxy,0,galaxy,True,0,galaxy,True,True,0,galaxy,0.9786872267723083,0,galaxy,0.9944459199905396,0,galaxy,0.9668649435043335,0,galaxy,0.9688767790794373,0,galaxy,0.9892640709877014,0,galaxy,0.5274112224578857
576,0,galaxy,0,galaxy,True,0,galaxy,True,True,0,galaxy,0.9384974241256714,0,galaxy,0.9845996499061584,0,galaxy,0.9692212343215942,0,galaxy,0.818386971950531,0,galaxy,0.9919623732566833,0,galaxy,0.8530430793762207
577,0,galaxy,2,star,False,2,star,False,True,2,star,0.9848117828369141,2,star,0.9820902347564697,2,star,0.9774076342582703,2,star,0.8437243700027466,2,star,0.8290055990219116,2,star,0.6097845435142517
578,0,galaxy,0,galaxy,True,0,galaxy,True,True,0,galaxy,0.8145408630371094,0,galaxy,0.9997908473014832,0,galaxy,0.970186173915863,0,galaxy,0.9745786786079407,0,galaxy,0.9795982241630554,0,galaxy,0.8864083886146545
579,0,galaxy,0,galaxy,True,0,galaxy,True,True,0,galaxy,0.9750115275382996,0,galaxy,0.9993768334388733,0,galaxy,0.978583574295044,0,galaxy,0.9688897728919983,0,galaxy,0.9850419163703918,0,galaxy,0.8945654630661011
580,0,galaxy,0,galaxy,True,0,galaxy,True,True,0,galaxy,0.9938219785690308,0,galaxy,0.9095973968505859,0,galaxy,0.9704890847206116,0,galaxy,0.977680504322052,0,galaxy,0.989993155002594,0,galaxy,0.6084202527999878
581,0,galaxy,0,galaxy,True,0,galaxy,True,True,0,galaxy,0.9328653812408447,0,galaxy,0.9901156425476074,0,galaxy,0.9443431496620178,0,galaxy,0.8469784259796143,0,galaxy,0.9864446520805359,1,quasar,0.3986508846282959
582,0,galaxy,0,galaxy,True,0,galaxy,True,True,0,galaxy,0.9394155740737915,0,galaxy,0.9956177473068237,0,galaxy,0.9141223430633545,0,galaxy,0.9831700921058655,0,galaxy,0.9938340187072754,0,galaxy,0.7692312002182007
583,0,galaxy,0,galaxy,True,0,galaxy,True,True,0,galaxy,0.9447836875915527,0,galaxy,0.9801709651947021,0,galaxy,0.975361704826355,0,galaxy,0.9716631770133972,0,galaxy,0.9873403906822205,0,galaxy,0.7094292640686035
584,0,galaxy,0,galaxy,True,0,galaxy,True,True,0,galaxy,0.8502176403999329,0,galaxy,0.9950488209724426,0,galaxy,0.9578866362571716,0,galaxy,0.8726797699928284,0,galaxy,0.9194163680076599,0,galaxy,0.5057058334350586
585,0,galaxy,0,galaxy,True,0,galaxy,True,True,0,galaxy,0.9816709756851196,0,galaxy,0.9941686391830444,0,galaxy,0.9643480181694031,0,galaxy,0.9561832547187805,0,galaxy,0.9984960556030273,2,star,0.4460165202617645
586,0,galaxy,0,galaxy,True,0,galaxy,True,True,0,galaxy,0.8714814186096191,0,galaxy,0.8680656552314758,0,galaxy,0.9878244400024414,0,galaxy,0.918423056602478,0,galaxy,0.998938262462616,0,galaxy,0.5126381516456604
587,0,galaxy,0,galaxy,True,0,galaxy,True,True,0,galaxy,0.8670603632926941,0,galaxy,0.9728451371192932,0,galaxy,0.9208680391311646,0,galaxy,0.9755932092666626,0,galaxy,0.9933360815048218,0,galaxy,0.9322220087051392
588,0,galaxy,0,galaxy,True,0,galaxy,True,True,0,galaxy,0.9752467274665833,0,galaxy,0.9256349802017212,0,galaxy,0.9868112206459045,0,galaxy,0.9838178157806396,0,galaxy,0.996539831161499,0,galaxy,0.5691831707954407
589,0,galaxy,0,galaxy,True,0,galaxy,True,True,0,galaxy,0.9553444385528564,0,galaxy,0.9999518394470215,0,galaxy,0.942215621471405,0,galaxy,0.9736971259117126,0,galaxy,0.9194405674934387,0,galaxy,0.520654022693634
590,0,galaxy,0,galaxy,True,0,galaxy,True,True,0,galaxy,0.968007504940033,0,galaxy,0.9950880408287048,0,galaxy,0.9867393970489502,0,galaxy,0.9289458990097046,0,galaxy,0.9985042810440063,0,galaxy,0.9565569162368774
591,0,galaxy,0,galaxy,True,0,galaxy,True,True,0,galaxy,0.9846641421318054,0,galaxy,0.9989928603172302,0,galaxy,0.9639348983764648,0,galaxy,0.7949497103691101,0,galaxy,0.9856616854667664,0,galaxy,0.6917803883552551
592,0,galaxy,0,galaxy,True,0,galaxy,True,True,0,galaxy,0.9948461055755615,0,galaxy,0.999609649181366,0,galaxy,0.991365909576416,0,galaxy,0.9735441207885742,0,galaxy,0.9988937973976135,0,galaxy,0.7073001861572266
593,0,galaxy,0,galaxy,True,0,galaxy,True,True,0,galaxy,0.8553787469863892,0,galaxy,0.9962051510810852,0,galaxy,0.9601640701293945,0,galaxy,0.9631981253623962,0,galaxy,0.9888747930526733,0,galaxy,0.8517322540283203
594,0,galaxy,0,galaxy,True,0,galaxy,True,True,0,galaxy,0.9742196798324585,0,galaxy,0.9997865557670593,0,galaxy,0.9885827302932739,0,galaxy,0.9845234155654907,0,galaxy,0.9988522529602051,0,galaxy,0.44945913553237915
595,0,galaxy,0,galaxy,True,0,galaxy,True,True,0,galaxy,0.9876612424850464,0,galaxy,0.9928938746452332,0,galaxy,0.9902006983757019,0,galaxy,0.9842851758003235,0,galaxy,0.9989011287689209,0,galaxy,0.7765954732894897
596,0,galaxy,0,galaxy,True,0,galaxy,True,True,0,galaxy,0.9831534028053284,0,galaxy,0.9996170997619629,0,galaxy,0.9663839340209961,0,galaxy,0.9732273817062378,0,galaxy,0.9942606687545776,0,galaxy,0.8116021752357483
597,0,galaxy,0,galaxy,True,0,galaxy,True,True,0,galaxy,0.9609211087226868,0,galaxy,0.9873213768005371,0,galaxy,0.9483466744422913,0,galaxy,0.970920205116272,0,galaxy,0.9875825047492981,0,galaxy,0.6558452844619751
598,0,galaxy,0,galaxy,True,0,galaxy,True,True,0,galaxy,0.9587012529373169,0,galaxy,0.9971352815628052,0,galaxy,0.9746767282485962,0,galaxy,0.9838902354240417,0,galaxy,0.9960589408874512,0,galaxy,0.7368215918540955
599,0,galaxy,0,galaxy,True,0,galaxy,True,True,0,galaxy,0.9510049223899841,0,galaxy,0.986146867275238,0,galaxy,0.9782990217208862,0,galaxy,0.9600547552108765,0,galaxy,0.9823265671730042,2,star,0.47749531269073486
600,0,galaxy,0,galaxy,True,0,galaxy,True,True,0,galaxy,0.9908672571182251,0,galaxy,0.9986804127693176,0,galaxy,0.9711167812347412,0,galaxy,0.9798240661621094,0,galaxy,0.9943448305130005,0,galaxy,0.4868009686470032
601,0,galaxy,0,galaxy,True,0,galaxy,True,True,0,galaxy,0.9874748587608337,0,galaxy,0.9596360921859741,0,galaxy,0.968471884727478,0,galaxy,0.9886965751647949,0,galaxy,0.89496910572052,0,galaxy,0.5788401961326599
602,0,galaxy,0,galaxy,True,0,galaxy,True,True,0,galaxy,0.9546678066253662,0,galaxy,0.9967566132545471,0,galaxy,0.9741267561912537,0,galaxy,0.974944531917572,0,galaxy,0.9936016201972961,0,galaxy,0.49368658661842346
603,0,galaxy,0,galaxy,True,0,galaxy,True,True,0,galaxy,0.901816725730896,0,galaxy,0.9899649024009705,0,galaxy,0.9335092306137085,2,star,0.5951309204101562,0,galaxy,0.98298579454422,0,galaxy,0.9985166192054749
604,0,galaxy,0,galaxy,True,0,galaxy,True,True,0,galaxy,0.8869108557701111,0,galaxy,0.9608078002929688,0,galaxy,0.983498752117157,0,galaxy,0.7684656977653503,0,galaxy,0.9982086420059204,0,galaxy,0.9989672899246216
605,0,galaxy,0,galaxy,True,0,galaxy,True,True,0,galaxy,0.9565235376358032,2,star,0.5302053689956665,0,galaxy,0.9815101623535156,0,galaxy,0.9682465195655823,0,galaxy,0.997568666934967,0,galaxy,0.4259471893310547
606,0,galaxy,0,galaxy,True,0,galaxy,True,True,0,galaxy,0.9804837107658386,0,galaxy,0.9440534710884094,0,galaxy,0.954410195350647,0,galaxy,0.9502939581871033,0,galaxy,0.989335834980011,0,galaxy,0.5581748485565186
607,0,galaxy,0,galaxy,True,0,galaxy,True,True,0,galaxy,0.9857214689254761,0,galaxy,0.9999328851699829,0,galaxy,0.9765864610671997,0,galaxy,0.9747074246406555,0,galaxy,0.993159294128418,0,galaxy,0.8443235158920288
608,0,galaxy,0,galaxy,True,0,galaxy,True,True,0,galaxy,0.9879970550537109,0,galaxy,0.9976771473884583,0,galaxy,0.9865676164627075,0,galaxy,0.981515645980835,0,galaxy,0.998889148235321,0,galaxy,0.6681409478187561
609,0,galaxy,0,galaxy,True,0,galaxy,True,True,0,galaxy,0.9077166318893433,0,galaxy,0.9319652318954468,0,galaxy,0.9760565757751465,0,galaxy,0.9691867828369141,0,galaxy,0.9941574335098267,0,galaxy,0.6739318370819092
610,0,galaxy,0,galaxy,True,0,galaxy,True,True,0,galaxy,0.9322052001953125,0,galaxy,0.8388771414756775,0,galaxy,0.981399655342102,0,galaxy,0.9751341342926025,0,galaxy,0.9986873269081116,2,star,0.45780932903289795
611,0,galaxy,0,galaxy,True,0,galaxy,True,True,0,galaxy,0.9851291179656982,0,galaxy,0.9876174330711365,0,galaxy,0.987030565738678,0,galaxy,0.9825094938278198,0,galaxy,0.9985871315002441,0,galaxy,0.7837067246437073
612,0,galaxy,0,galaxy,True,0,galaxy,True,True,0,galaxy,0.9230820536613464,0,galaxy,0.998400866985321,0,galaxy,0.9863708019256592,0,galaxy,0.9351306557655334,0,galaxy,0.9981746673583984,0,galaxy,0.8500874042510986
613,0,galaxy,0,galaxy,True,0,galaxy,True,True,0,galaxy,0.9833664894104004,0,galaxy,0.9981037378311157,0,galaxy,0.9399674534797668,0,galaxy,0.9722229838371277,0,galaxy,0.9912880063056946,0,galaxy,0.5578464865684509
614,0,galaxy,0,galaxy,True,0,galaxy,True,True,0,galaxy,0.9465559720993042,0,galaxy,0.9938111901283264,0,galaxy,0.9714484810829163,0,galaxy,0.9287983179092407,0,galaxy,0.982343316078186,0,galaxy,0.7697773575782776
615,0,galaxy,0,galaxy,True,0,galaxy,True,True,0,galaxy,0.9647985696792603,0,galaxy,0.9999265670776367,0,galaxy,0.9332093596458435,0,galaxy,0.957653820514679,0,galaxy,0.9910339713096619,0,galaxy,0.4568992853164673
616,0,galaxy,0,galaxy,True,0,galaxy,True,True,0,galaxy,0.9923648834228516,0,galaxy,0.9993680119514465,0,galaxy,0.986996054649353,0,galaxy,0.9770769476890564,0,galaxy,0.9984945058822632,0,galaxy,0.8584736585617065
617,0,galaxy,0,galaxy,True,0,galaxy,True,True,0,galaxy,0.9777752757072449,0,galaxy,0.9991876482963562,0,galaxy,0.9730134606361389,0,galaxy,0.9638404250144958,0,galaxy,0.9909405708312988,0,galaxy,0.5253311395645142
618,0,galaxy,0,galaxy,True,0,galaxy,True,True,0,galaxy,0.9259719848632812,0,galaxy,0.966160237789154,0,galaxy,0.9600064158439636,0,galaxy,0.7002087831497192,0,galaxy,0.9900746941566467,0,galaxy,0.7180936336517334
619,0,galaxy,0,galaxy,True,0,galaxy,True,True,0,galaxy,0.9798714518547058,0,galaxy,0.9969630837440491,0,galaxy,0.9904518127441406,0,galaxy,0.9580680131912231,0,galaxy,0.9987356066703796,0,galaxy,0.9097292423248291
620,0,galaxy,0,galaxy,True,0,galaxy,True,True,0,galaxy,0.9020923376083374,0,galaxy,0.8075493574142456,0,galaxy,0.9814808368682861,0,galaxy,0.9804909825325012,0,galaxy,0.9988947510719299,0,galaxy,0.4361523985862732
621,0,galaxy,0,galaxy,True,0,galaxy,True,True,0,galaxy,0.9743470549583435,0,galaxy,0.997714638710022,0,galaxy,0.9896144270896912,0,galaxy,0.9644657969474792,0,galaxy,0.9984025359153748,0,galaxy,0.6186167001724243
622,0,galaxy,0,galaxy,True,0,galaxy,True,True,0,galaxy,0.9910756349563599,0,galaxy,0.9979368448257446,0,galaxy,0.9883962869644165,0,galaxy,0.9777502417564392,0,galaxy,0.9980721473693848,0,galaxy,0.49971258640289307
623,0,galaxy,0,galaxy,True,0,galaxy,True,True,0,galaxy,0.9781977534294128,0,galaxy,0.8490174412727356,0,galaxy,0.9660702347755432,0,galaxy,0.981702983379364,0,galaxy,0.9891788959503174,0,galaxy,0.5029575824737549
624,0,galaxy,0,galaxy,True,0,galaxy,True,True,0,galaxy,0.9833570718765259,0,galaxy,0.9975506663322449,0,galaxy,0.9901065230369568,0,galaxy,0.9768829345703125,0,galaxy,0.9988079071044922,0,galaxy,0.8164448142051697
625,0,galaxy,0,galaxy,True,0,galaxy,True,True,0,galaxy,0.9469862580299377,0,galaxy,0.9987272620201111,0,galaxy,0.9909940361976624,0,galaxy,0.9824287295341492,0,galaxy,0.9985294342041016,0,galaxy,0.79288649559021
626,0,galaxy,0,galaxy,True,0,galaxy,True,True,0,galaxy,0.9872046709060669,0,galaxy,0.9745813012123108,0,galaxy,0.962482213973999,0,galaxy,0.9733659625053406,0,galaxy,0.9857703447341919,0,galaxy,0.44713205099105835
627,0,galaxy,0,galaxy,True,0,galaxy,True,True,0,galaxy,0.9058914184570312,0,galaxy,0.7094839215278625,0,galaxy,0.9672978520393372,0,galaxy,0.9507008790969849,0,galaxy,0.9912264943122864,2,star,0.7940754294395447
628,0,galaxy,0,galaxy,True,0,galaxy,True,True,0,galaxy,0.6712356209754944,0,galaxy,0.9671498537063599,0,galaxy,0.9750974178314209,0,galaxy,0.9541255831718445,0,galaxy,0.703946053981781,2,star,0.42076119780540466
629,0,galaxy,0,galaxy,True,0,galaxy,True,True,0,galaxy,0.9764240980148315,0,galaxy,0.9911245703697205,0,galaxy,0.9538594484329224,0,galaxy,0.9685613512992859,0,galaxy,0.9844027757644653,0,galaxy,0.5783079862594604
630,0,galaxy,0,galaxy,True,0,galaxy,True,True,0,galaxy,0.9919955730438232,0,galaxy,0.9477502107620239,0,galaxy,0.9604062438011169,0,galaxy,0.972480058670044,0,galaxy,0.9911722540855408,2,star,0.47393491864204407
631,0,galaxy,0,galaxy,True,0,galaxy,True,True,0,galaxy,0.9883092641830444,0,galaxy,0.968464732170105,0,galaxy,0.9811713695526123,0,galaxy,0.9783160090446472,0,galaxy,0.9952998161315918,0,galaxy,0.5597379803657532
632,0,galaxy,0,galaxy,True,0,galaxy,True,True,0,galaxy,0.9844483137130737,0,galaxy,0.9911126494407654,0,galaxy,0.9284936785697937,0,galaxy,0.9092051982879639,0,galaxy,0.990204930305481,0,galaxy,0.7604016661643982
633,0,galaxy,0,galaxy,True,0,galaxy,True,True,0,galaxy,0.9544083476066589,0,galaxy,0.9236448407173157,0,galaxy,0.9863909482955933,0,galaxy,0.9600896835327148,0,galaxy,0.9986442923545837,0,galaxy,0.7542502284049988
634,0,galaxy,0,galaxy,True,0,galaxy,True,True,0,galaxy,0.9890843033790588,0,galaxy,0.9993835687637329,0,galaxy,0.9885714650154114,0,galaxy,0.9515014290809631,0,galaxy,0.9966700673103333,0,galaxy,0.8788072466850281
635,0,galaxy,0,galaxy,True,0,galaxy,True,True,0,galaxy,0.9881795644760132,0,galaxy,0.4243152141571045,0,galaxy,0.8244094848632812,0,galaxy,0.9774158596992493,0,galaxy,0.96562659740448,0,galaxy,0.4566819965839386
636,0,galaxy,0,galaxy,True,0,galaxy,True,True,0,galaxy,0.9559932947158813,0,galaxy,0.9980796575546265,0,galaxy,0.9905567169189453,0,galaxy,0.9849120378494263,0,galaxy,0.9986779093742371,0,galaxy,0.6898099184036255
637,0,galaxy,0,galaxy,True,0,galaxy,True,True,0,galaxy,0.9928537011146545,0,galaxy,0.9214104413986206,0,galaxy,0.961419939994812,0,galaxy,0.9674888253211975,0,galaxy,0.9921219348907471,2,star,0.6169626712799072
638,0,galaxy,0,galaxy,True,0,galaxy,True,True,0,galaxy,0.9897410869598389,0,galaxy,0.995841920375824,0,galaxy,0.9723668694496155,0,galaxy,0.9715185761451721,0,galaxy,0.9936352968215942,0,galaxy,0.6000186800956726
639,0,galaxy,0,galaxy,True,0,galaxy,True,True,0,galaxy,0.9472914934158325,0,galaxy,0.9219998121261597,0,galaxy,0.9755841493606567,0,galaxy,0.9753130674362183,0,galaxy,0.9972013235092163,0,galaxy,0.4596022963523865
640,0,galaxy,0,galaxy,True,0,galaxy,True,True,0,galaxy,0.9778652191162109,0,galaxy,0.9883592128753662,0,galaxy,0.9935020804405212,0,galaxy,0.9580628871917725,0,galaxy,0.98896324634552,0,galaxy,0.6689351201057434
641,0,galaxy,0,galaxy,True,0,galaxy,True,True,0,galaxy,0.9422188401222229,0,galaxy,0.9983622431755066,0,galaxy,0.9945988655090332,0,galaxy,0.9732190370559692,0,galaxy,0.9984910488128662,0,galaxy,0.8196479082107544
642,0,galaxy,0,galaxy,True,0,galaxy,True,True,0,galaxy,0.9676650762557983,0,galaxy,0.9992745518684387,0,galaxy,0.9901182055473328,0,galaxy,0.9889100193977356,0,galaxy,0.9987887740135193,0,galaxy,0.8153544664382935
643,0,galaxy,0,galaxy,True,0,galaxy,True,True,0,galaxy,0.9127689599990845,0,galaxy,0.9857828617095947,0,galaxy,0.985375702381134,0,galaxy,0.9849973917007446,0,galaxy,0.9976574182510376,0,galaxy,0.6551323533058167
644,0,galaxy,0,galaxy,True,0,galaxy,True,True,0,galaxy,0.9954512715339661,0,galaxy,0.9994205236434937,0,galaxy,0.9650061130523682,0,galaxy,0.9762879610061646,0,galaxy,0.9971880316734314,0,galaxy,0.6409199237823486
645,0,galaxy,0,galaxy,True,0,galaxy,True,True,0,galaxy,0.9814899563789368,0,galaxy,0.8825811147689819,0,galaxy,0.9632013440132141,0,galaxy,0.9791312217712402,0,galaxy,0.9983304142951965,0,galaxy,0.8689477443695068
646,0,galaxy,0,galaxy,True,0,galaxy,True,True,0,galaxy,0.997057318687439,0,galaxy,0.9999508857727051,0,galaxy,0.9736918210983276,0,galaxy,0.978643000125885,0,galaxy,0.9931749701499939,0,galaxy,0.6107459664344788
647,0,galaxy,0,galaxy,True,0,galaxy,True,True,0,galaxy,0.989518940448761,0,galaxy,0.9991890788078308,0,galaxy,0.9778851866722107,0,galaxy,0.9731093049049377,0,galaxy,0.9857639670372009,0,galaxy,0.5888636112213135
648,0,galaxy,0,galaxy,True,0,galaxy,True,True,0,galaxy,0.9529773592948914,0,galaxy,0.999613344669342,0,galaxy,0.9901852607727051,0,galaxy,0.9418246746063232,0,galaxy,0.9974679946899414,0,galaxy,0.6409210562705994
649,0,galaxy,0,galaxy,True,0,galaxy,True,True,0,galaxy,0.9908568263053894,0,galaxy,0.9931227564811707,0,galaxy,0.9891290068626404,0,galaxy,0.9347850680351257,0,galaxy,0.9987737536430359,2,star,0.4866742789745331
650,0,galaxy,0,galaxy,True,0,galaxy,True,True,0,galaxy,0.982296884059906,0,galaxy,0.9950355291366577,0,galaxy,0.9803733825683594,0,galaxy,0.8874480724334717,0,galaxy,0.9962564706802368,0,galaxy,0.9570595622062683
651,0,galaxy,0,galaxy,True,0,galaxy,True,True,0,galaxy,0.9879611134529114,0,galaxy,0.998999297618866,0,galaxy,0.9876353144645691,0,galaxy,0.984053909778595,0,galaxy,0.9981595873832703,0,galaxy,0.811063289642334
652,0,galaxy,0,galaxy,True,0,galaxy,True,True,0,galaxy,0.9675314426422119,0,galaxy,0.9988234639167786,0,galaxy,0.9683089852333069,0,galaxy,0.9745655655860901,0,galaxy,0.9905101656913757,0,galaxy,0.7867329716682434
653,0,galaxy,0,galaxy,True,0,galaxy,True,True,0,galaxy,0.9924261569976807,0,galaxy,0.9987773299217224,0,galaxy,0.9750970602035522,0,galaxy,0.9726887941360474,0,galaxy,0.9953771829605103,0,galaxy,0.7829665541648865
654,0,galaxy,0,galaxy,True,0,galaxy,True,True,0,galaxy,0.9854059219360352,0,galaxy,0.9977375268936157,0,galaxy,0.9934565424919128,0,galaxy,0.9789205193519592,0,galaxy,0.9988605976104736,0,galaxy,0.9693747162818909
655,0,galaxy,0,galaxy,True,0,galaxy,True,True,0,galaxy,0.9958409667015076,0,galaxy,0.9551875591278076,0,galaxy,0.9788819551467896,0,galaxy,0.9854517579078674,0,galaxy,0.9986379742622375,0,galaxy,0.8587816953659058
656,0,galaxy,0,galaxy,True,0,galaxy,True,True,0,galaxy,0.9927022457122803,0,galaxy,0.9996356964111328,0,galaxy,0.9877696633338928,0,galaxy,0.9865489602088928,0,galaxy,0.9989156723022461,0,galaxy,0.8070615530014038
657,0,galaxy,0,galaxy,True,0,galaxy,True,True,0,galaxy,0.9237073063850403,0,galaxy,0.8753593564033508,0,galaxy,0.9402592182159424,0,galaxy,0.989508867263794,0,galaxy,0.9986761212348938,0,galaxy,0.9380982518196106
658,0,galaxy,0,galaxy,True,0,galaxy,True,True,0,galaxy,0.6848039031028748,0,galaxy,0.9998860359191895,0,galaxy,0.853620171546936,0,galaxy,0.9322941303253174,0,galaxy,0.6818097829818726,0,galaxy,0.595021665096283
659,0,galaxy,0,galaxy,True,0,galaxy,True,True,0,galaxy,0.9016504883766174,0,galaxy,0.673015296459198,0,galaxy,0.9786046743392944,0,galaxy,0.8969498872756958,0,galaxy,0.9985374212265015,0,galaxy,0.6273984909057617
660,0,galaxy,0,galaxy,True,0,galaxy,True,True,0,galaxy,0.9934712648391724,0,galaxy,0.9956598877906799,0,galaxy,0.9933962821960449,0,galaxy,0.9840952754020691,0,galaxy,0.9984862208366394,0,galaxy,0.9372826814651489
661,0,galaxy,0,galaxy,True,0,galaxy,True,True,0,galaxy,0.9783315658569336,0,galaxy,0.9995273351669312,0,galaxy,0.978710949420929,0,galaxy,0.9423940777778625,0,galaxy,0.9830642342567444,2,star,0.46318113803863525
662,0,galaxy,0,galaxy,True,0,galaxy,True,True,0,galaxy,0.9718399047851562,0,galaxy,0.9878798127174377,0,galaxy,0.9845126271247864,0,galaxy,0.9778002500534058,0,galaxy,0.9986149072647095,0,galaxy,0.7255591154098511
663,0,galaxy,0,galaxy,True,0,galaxy,True,True,0,galaxy,0.9921830296516418,0,galaxy,0.9959563612937927,0,galaxy,0.9803116321563721,0,galaxy,0.9689616560935974,0,galaxy,0.997215747833252,0,galaxy,0.9689791202545166
664,0,galaxy,0,galaxy,True,0,galaxy,True,True,0,galaxy,0.9788862466812134,0,galaxy,0.9985212683677673,0,galaxy,0.9672971367835999,0,galaxy,0.9801493287086487,0,galaxy,0.979822039604187,0,galaxy,0.6552679538726807
665,0,galaxy,0,galaxy,True,0,galaxy,True,True,0,galaxy,0.9906184077262878,0,galaxy,0.7080014944076538,0,galaxy,0.9856184124946594,0,galaxy,0.9870938658714294,0,galaxy,0.9983965754508972,0,galaxy,0.6778419017791748
666,0,galaxy,0,galaxy,True,0,galaxy,True,True,0,galaxy,0.9601445198059082,0,galaxy,0.453046977519989,0,galaxy,0.9476383924484253,0,galaxy,0.9816405177116394,0,galaxy,0.9959825277328491,0,galaxy,0.4405774176120758
667,0,galaxy,0,galaxy,True,0,galaxy,True,True,0,galaxy,0.9901540875434875,0,galaxy,0.994573175907135,0,galaxy,0.9392157196998596,0,galaxy,0.9654428958892822,0,galaxy,0.9926373958587646,2,star,0.4234355092048645
668,0,galaxy,0,galaxy,True,0,galaxy,True,True,0,galaxy,0.9567795991897583,0,galaxy,0.9950952529907227,0,galaxy,0.9746082425117493,0,galaxy,0.9113649725914001,0,galaxy,0.9928640127182007,2,star,0.4564814567565918
669,0,galaxy,0,galaxy,True,0,galaxy,True,True,0,galaxy,0.9882336854934692,0,galaxy,0.9709713459014893,0,galaxy,0.9758131504058838,0,galaxy,0.9778379797935486,0,galaxy,0.986652135848999,0,galaxy,0.5906042456626892
670,0,galaxy,0,galaxy,True,0,galaxy,True,True,0,galaxy,0.9628286361694336,0,galaxy,0.99811851978302,0,galaxy,0.9640193581581116,0,galaxy,0.9645678400993347,0,galaxy,0.988696813583374,2,star,0.4410479664802551
671,0,galaxy,0,galaxy,True,0,galaxy,True,True,0,galaxy,0.8759300708770752,0,galaxy,0.44061994552612305,0,galaxy,0.954804003238678,0,galaxy,0.9633359313011169,0,galaxy,0.9917603731155396,2,star,0.5775966644287109
672,0,galaxy,0,galaxy,True,0,galaxy,True,True,0,galaxy,0.9850561618804932,0,galaxy,0.9894282221794128,0,galaxy,0.9766106605529785,0,galaxy,0.9730176329612732,0,galaxy,0.9977412223815918,0,galaxy,0.5841051340103149
673,0,galaxy,0,galaxy,True,0,galaxy,True,True,0,galaxy,0.6520249843597412,0,galaxy,0.4819803237915039,0,galaxy,0.9401054382324219,0,galaxy,0.9590452909469604,0,galaxy,0.9898041486740112,2,star,0.5018951892852783
674,0,galaxy,0,galaxy,True,0,galaxy,True,True,0,galaxy,0.9775609374046326,0,galaxy,0.9998792409896851,0,galaxy,0.9560309052467346,0,galaxy,0.9730854630470276,0,galaxy,0.9953296184539795,2,star,0.7014191150665283
675,0,galaxy,0,galaxy,True,0,galaxy,True,True,0,galaxy,0.770473062992096,2,star,0.46719595789909363,0,galaxy,0.5522444248199463,0,galaxy,0.9073097109794617,1,quasar,0.6983734965324402,2,star,0.46431317925453186
676,0,galaxy,0,galaxy,True,0,galaxy,True,True,0,galaxy,0.9832647442817688,0,galaxy,0.8583464026451111,0,galaxy,0.9374257922172546,0,galaxy,0.968746542930603,0,galaxy,0.9937565326690674,2,star,0.980620265007019
677,0,galaxy,0,galaxy,True,0,galaxy,True,True,0,galaxy,0.9206318855285645,0,galaxy,0.7825125455856323,0,galaxy,0.951252818107605,0,galaxy,0.964558482170105,2,star,0.4688090682029724,0,galaxy,0.5373733043670654
678,0,galaxy,0,galaxy,True,0,galaxy,True,True,0,galaxy,0.8968413472175598,0,galaxy,0.9838531017303467,0,galaxy,0.9329277276992798,0,galaxy,0.9290526509284973,0,galaxy,0.9917668700218201,0,galaxy,0.8692333102226257
679,0,galaxy,0,galaxy,True,0,galaxy,True,True,0,galaxy,0.9702878594398499,0,galaxy,0.4755115807056427,0,galaxy,0.9133560657501221,0,galaxy,0.9548690915107727,0,galaxy,0.7978390455245972,2,star,0.5365443229675293
680,0,galaxy,0,galaxy,True,0,galaxy,True,True,2,star,0.804882287979126,0,galaxy,0.7306864857673645,0,galaxy,0.5261130332946777,0,galaxy,0.886907160282135,0,galaxy,0.6637117266654968,0,galaxy,0.5136551260948181
681,0,galaxy,0,galaxy,True,0,galaxy,True,True,0,galaxy,0.8536126017570496,0,galaxy,0.7588657140731812,0,galaxy,0.9378786683082581,0,galaxy,0.9702582359313965,0,galaxy,0.9942187070846558,0,galaxy,0.6705246567726135
682,0,galaxy,0,galaxy,True,0,galaxy,True,True,0,galaxy,0.9777776598930359,0,galaxy,0.9787232875823975,0,galaxy,0.9841440916061401,0,galaxy,0.9847020506858826,0,galaxy,0.9986618757247925,0,galaxy,0.6794910430908203
683,0,galaxy,0,galaxy,True,0,galaxy,True,True,0,galaxy,0.9884451627731323,0,galaxy,0.9939999580383301,0,galaxy,0.9679254293441772,0,galaxy,0.9474951028823853,0,galaxy,0.9953540563583374,2,star,0.6153960824012756
684,0,galaxy,0,galaxy,True,0,galaxy,True,True,0,galaxy,0.9584258794784546,0,galaxy,0.9999392032623291,0,galaxy,0.9758745431900024,0,galaxy,0.9767142534255981,0,galaxy,0.9942050576210022,0,galaxy,0.9366612434387207
685,0,galaxy,0,galaxy,True,0,galaxy,True,True,0,galaxy,0.9259244799613953,0,galaxy,0.9892249703407288,0,galaxy,0.9372925162315369,0,galaxy,0.7585058212280273,1,quasar,0.7679477334022522,2,star,0.5221214294433594
686,0,galaxy,0,galaxy,True,0,galaxy,True,True,0,galaxy,0.9676390290260315,0,galaxy,0.9985985159873962,0,galaxy,0.9817226529121399,0,galaxy,0.9775201678276062,0,galaxy,0.9783154726028442,0,galaxy,0.6702464818954468
687,0,galaxy,0,galaxy,True,0,galaxy,True,True,0,galaxy,0.9737241268157959,0,galaxy,0.9974008798599243,0,galaxy,0.9800215363502502,0,galaxy,0.9880714416503906,0,galaxy,0.9968944787979126,0,galaxy,0.9713929891586304
688,0,galaxy,0,galaxy,True,0,galaxy,True,True,0,galaxy,0.984023928642273,0,galaxy,0.9992302656173706,0,galaxy,0.9711138606071472,0,galaxy,0.9563257098197937,0,galaxy,0.9893961548805237,0,galaxy,0.8134603500366211
689,0,galaxy,0,galaxy,True,0,galaxy,True,True,0,galaxy,0.9891162514686584,0,galaxy,0.9967896342277527,0,galaxy,0.9461274147033691,0,galaxy,0.9810570478439331,1,quasar,0.6962563991546631,0,galaxy,0.7808260321617126
690,0,galaxy,0,galaxy,True,0,galaxy,True,True,0,galaxy,0.9759693741798401,0,galaxy,0.9974675178527832,0,galaxy,0.9891394972801208,0,galaxy,0.9796207547187805,0,galaxy,0.9986334443092346,0,galaxy,0.5817842483520508
691,0,galaxy,0,galaxy,True,0,galaxy,True,True,0,galaxy,0.9744539260864258,0,galaxy,0.9677983522415161,0,galaxy,0.9891252517700195,0,galaxy,0.973793089389801,0,galaxy,0.9987406134605408,0,galaxy,0.7333254814147949
692,0,galaxy,0,galaxy,True,0,galaxy,True,True,0,galaxy,0.9507502317428589,0,galaxy,0.9071121215820312,0,galaxy,0.9932552576065063,0,galaxy,0.9791496396064758,0,galaxy,0.9986133575439453,0,galaxy,0.8640542030334473
693,0,galaxy,0,galaxy,True,0,galaxy,True,True,0,galaxy,0.8835799098014832,0,galaxy,0.5413364171981812,0,galaxy,0.9693228602409363,0,galaxy,0.9596715569496155,0,galaxy,0.9937824606895447,0,galaxy,0.6206430196762085
694,0,galaxy,0,galaxy,True,0,galaxy,True,True,0,galaxy,0.993341863155365,0,galaxy,0.9995402097702026,0,galaxy,0.9862217307090759,0,galaxy,0.9624770283699036,0,galaxy,0.9985262155532837,0,galaxy,0.940713107585907
695,0,galaxy,0,galaxy,True,0,galaxy,True,True,0,galaxy,0.9732890725135803,0,galaxy,0.9804336428642273,0,galaxy,0.9621413350105286,0,galaxy,0.976924479007721,0,galaxy,0.9898906946182251,0,galaxy,0.648980438709259
696,0,galaxy,0,galaxy,True,0,galaxy,True,True,0,galaxy,0.980414628982544,0,galaxy,0.86612868309021,0,galaxy,0.9106327891349792,0,galaxy,0.9728632569313049,0,galaxy,0.7937561869621277,0,galaxy,0.45802390575408936
697,0,galaxy,0,galaxy,True,0,galaxy,True,True,0,galaxy,0.972329318523407,0,galaxy,0.9891803860664368,0,galaxy,0.9816224575042725,0,galaxy,0.9660911560058594,0,galaxy,0.9982409477233887,0,galaxy,0.7058728337287903
698,0,galaxy,0,galaxy,True,0,galaxy,True,True,0,galaxy,0.980880856513977,0,galaxy,0.9974402189254761,0,galaxy,0.9544564485549927,0,galaxy,0.9726253747940063,0,galaxy,0.99045729637146,0,galaxy,0.8812602758407593
699,0,galaxy,0,galaxy,True,0,galaxy,True,True,0,galaxy,0.924894392490387,0,galaxy,0.9708512425422668,0,galaxy,0.9288085699081421,0,galaxy,0.9769716858863831,0,galaxy,0.9440308213233948,0,galaxy,0.8905564546585083
700,0,galaxy,0,galaxy,True,0,galaxy,True,True,0,galaxy,0.8998222351074219,0,galaxy,0.5164018869400024,0,galaxy,0.7446330189704895,0,galaxy,0.685964822769165,1,quasar,0.7366366982460022,0,galaxy,0.521837055683136
701,0,galaxy,0,galaxy,True,0,galaxy,True,True,0,galaxy,0.9785187244415283,0,galaxy,0.9994317889213562,0,galaxy,0.964318573474884,0,galaxy,0.9833605289459229,0,galaxy,0.9876735806465149,2,star,0.4914345443248749
702,0,galaxy,0,galaxy,True,0,galaxy,True,True,0,galaxy,0.8056015968322754,0,galaxy,0.8444660902023315,0,galaxy,0.971875786781311,0,galaxy,0.9630847573280334,0,galaxy,0.9892939329147339,0,galaxy,0.5023862719535828
703,0,galaxy,0,galaxy,True,0,galaxy,True,True,0,galaxy,0.9841593503952026,0,galaxy,0.9868119359016418,0,galaxy,0.9523105025291443,0,galaxy,0.9643101096153259,0,galaxy,0.9872533679008484,0,galaxy,0.5490814447402954
704,0,galaxy,0,galaxy,True,0,galaxy,True,True,0,galaxy,0.910256564617157,0,galaxy,0.8983877897262573,0,galaxy,0.9486739635467529,0,galaxy,0.9302177429199219,0,galaxy,0.9437288045883179,0,galaxy,0.8354005813598633
705,0,galaxy,0,galaxy,True,0,galaxy,True,True,0,galaxy,0.6741540431976318,0,galaxy,0.9922584891319275,0,galaxy,0.972091794013977,0,galaxy,0.9766740798950195,0,galaxy,0.9804628491401672,1,quasar,0.5113530158996582
706,0,galaxy,0,galaxy,True,0,galaxy,True,True,0,galaxy,0.9919514656066895,0,galaxy,0.896152138710022,0,galaxy,0.9728579521179199,0,galaxy,0.9327142238616943,0,galaxy,0.9904768466949463,2,star,0.750106692314148
707,0,galaxy,0,galaxy,True,0,galaxy,True,True,0,galaxy,0.9090123772621155,0,galaxy,0.9947688579559326,0,galaxy,0.9566637277603149,0,galaxy,0.9661700129508972,0,galaxy,0.9732339382171631,1,quasar,0.5056238770484924
708,0,galaxy,0,galaxy,True,0,galaxy,True,True,0,galaxy,0.9790557026863098,0,galaxy,0.9663628935813904,0,galaxy,0.9840602874755859,0,galaxy,0.9639391303062439,0,galaxy,0.9986996650695801,0,galaxy,0.9608654379844666
709,0,galaxy,0,galaxy,True,0,galaxy,True,True,0,galaxy,0.9909272193908691,0,galaxy,0.9989124536514282,0,galaxy,0.9894263744354248,0,galaxy,0.9822360277175903,0,galaxy,0.9981973767280579,0,galaxy,0.9702938795089722
710,0,galaxy,0,galaxy,True,0,galaxy,True,True,0,galaxy,0.8443766832351685,0,galaxy,0.998676598072052,0,galaxy,0.9666926860809326,0,galaxy,0.9220138192176819,0,galaxy,0.9661634564399719,0,galaxy,0.651567280292511
711,0,galaxy,0,galaxy,True,0,galaxy,True,True,0,galaxy,0.8630408048629761,0,galaxy,0.5136132836341858,2,star,0.5055022239685059,0,galaxy,0.968923032283783,2,star,0.7677550315856934,2,star,0.7091769576072693
712,0,galaxy,0,galaxy,True,0,galaxy,True,True,0,galaxy,0.980107307434082,0,galaxy,0.9998069405555725,0,galaxy,0.9701418280601501,0,galaxy,0.9561536908149719,0,galaxy,0.9216170310974121,0,galaxy,0.7065984010696411
713,0,galaxy,0,galaxy,True,0,galaxy,True,True,0,galaxy,0.9635220766067505,0,galaxy,0.7070026993751526,0,galaxy,0.9909746050834656,0,galaxy,0.9133147597312927,0,galaxy,0.9982795715332031,0,galaxy,0.4419425129890442
714,0,galaxy,0,galaxy,True,0,galaxy,True,True,0,galaxy,0.9494207501411438,2,star,0.4927246868610382,0,galaxy,0.9455191493034363,0,galaxy,0.8346250057220459,0,galaxy,0.9980902075767517,0,galaxy,0.7840229272842407
715,0,galaxy,0,galaxy,True,0,galaxy,True,True,0,galaxy,0.9785588979721069,0,galaxy,0.68706876039505,0,galaxy,0.9575156569480896,0,galaxy,0.9502843022346497,0,galaxy,0.9243655204772949,0,galaxy,0.5193479657173157
716,0,galaxy,0,galaxy,True,0,galaxy,True,True,0,galaxy,0.9597246646881104,0,galaxy,0.9627501964569092,0,galaxy,0.9675943851470947,0,galaxy,0.9707204699516296,0,galaxy,0.9795350432395935,1,quasar,0.4760171175003052
717,0,galaxy,0,galaxy,True,0,galaxy,True,True,0,galaxy,0.8522872924804688,0,galaxy,0.4654986560344696,0,galaxy,0.9715757966041565,0,galaxy,0.9038186073303223,0,galaxy,0.9975510239601135,2,star,0.5361629128456116
718,0,galaxy,0,galaxy,True,0,galaxy,True,True,0,galaxy,0.9771847128868103,0,galaxy,0.9993675351142883,0,galaxy,0.9601351022720337,0,galaxy,0.9571649432182312,0,galaxy,0.9793119430541992,2,star,0.4382017254829407
719,0,galaxy,0,galaxy,True,0,galaxy,True,True,0,galaxy,0.9407089352607727,0,galaxy,0.995896577835083,0,galaxy,0.9671112895011902,0,galaxy,0.9508757591247559,0,galaxy,0.9784466028213501,0,galaxy,0.48579326272010803
720,0,galaxy,0,galaxy,True,0,galaxy,True,True,0,galaxy,0.987144410610199,0,galaxy,0.9764031767845154,0,galaxy,0.9472780823707581,0,galaxy,0.958236813545227,0,galaxy,0.9882763028144836,0,galaxy,0.5570578575134277
721,0,galaxy,0,galaxy,True,0,galaxy,True,True,0,galaxy,0.9784874320030212,0,galaxy,0.9949694275856018,0,galaxy,0.9812591671943665,0,galaxy,0.9740239381790161,0,galaxy,0.9984978437423706,0,galaxy,0.4327601492404938
722,0,galaxy,0,galaxy,True,0,galaxy,True,True,0,galaxy,0.9806402921676636,0,galaxy,0.9868948459625244,0,galaxy,0.9740657210350037,0,galaxy,0.9728118181228638,0,galaxy,0.9908522963523865,0,galaxy,0.7450511455535889
723,0,galaxy,0,galaxy,True,0,galaxy,True,True,0,galaxy,0.9840206503868103,0,galaxy,0.9654707908630371,0,galaxy,0.9902904629707336,0,galaxy,0.9740945100784302,0,galaxy,0.9988667964935303,0,galaxy,0.6328667402267456
724,0,galaxy,0,galaxy,True,0,galaxy,True,True,0,galaxy,0.9674349427223206,0,galaxy,0.8253425359725952,0,galaxy,0.9015750885009766,0,galaxy,0.9766268134117126,2,star,0.45709362626075745,0,galaxy,0.7605504393577576
725,0,galaxy,0,galaxy,True,0,galaxy,True,True,0,galaxy,0.9803370833396912,0,galaxy,0.9992388486862183,0,galaxy,0.9623111486434937,0,galaxy,0.971754789352417,0,galaxy,0.9922885298728943,0,galaxy,0.788981020450592
726,0,galaxy,0,galaxy,True,0,galaxy,True,True,0,galaxy,0.9835169911384583,0,galaxy,0.9923587441444397,0,galaxy,0.9853178262710571,0,galaxy,0.8819921612739563,0,galaxy,0.9970711469650269,0,galaxy,0.888286828994751
727,0,galaxy,0,galaxy,True,0,galaxy,True,True,0,galaxy,0.9747672080993652,0,galaxy,0.9838624596595764,0,galaxy,0.9904773235321045,0,galaxy,0.9584735035896301,0,galaxy,0.9988856911659241,0,galaxy,0.5632658004760742
728,0,galaxy,0,galaxy,True,0,galaxy,True,True,0,galaxy,0.8313661813735962,0,galaxy,0.9461328983306885,0,galaxy,0.9763143658638,0,galaxy,0.9777140021324158,0,galaxy,0.9980694651603699,2,star,0.5224298238754272
729,0,galaxy,0,galaxy,True,0,galaxy,True,True,0,galaxy,0.9944131970405579,0,galaxy,0.9816356897354126,0,galaxy,0.989168643951416,0,galaxy,0.7865849733352661,0,galaxy,0.9989275336265564,0,galaxy,0.676834762096405
730,0,galaxy,0,galaxy,True,0,galaxy,True,True,0,galaxy,0.9258168339729309,2,star,0.7645191550254822,0,galaxy,0.9704726338386536,0,galaxy,0.8561379313468933,0,galaxy,0.9888389706611633,0,galaxy,0.6624341607093811
731,0,galaxy,0,galaxy,True,0,galaxy,True,True,0,galaxy,0.9947517514228821,0,galaxy,0.9995373487472534,0,galaxy,0.9828998446464539,0,galaxy,0.9602648615837097,0,galaxy,0.9986276626586914,0,galaxy,0.8496843576431274
732,0,galaxy,0,galaxy,True,0,galaxy,True,True,0,galaxy,0.9434072971343994,0,galaxy,0.9832823872566223,0,galaxy,0.991083025932312,0,galaxy,0.9840794205665588,0,galaxy,0.9959756731987,0,galaxy,0.8742377758026123
733,0,galaxy,0,galaxy,True,0,galaxy,True,True,0,galaxy,0.9820898771286011,0,galaxy,0.9787582159042358,0,galaxy,0.9707321524620056,0,galaxy,0.98095703125,0,galaxy,0.9959852695465088,0,galaxy,0.7360507845878601
734,0,galaxy,0,galaxy,True,0,galaxy,True,True,0,galaxy,0.9199696183204651,0,galaxy,0.9694690108299255,0,galaxy,0.9838565587997437,0,galaxy,0.9707979559898376,0,galaxy,0.9978657364845276,0,galaxy,0.92305588722229
735,0,galaxy,0,galaxy,True,0,galaxy,True,True,0,galaxy,0.8970764875411987,0,galaxy,0.9993419051170349,0,galaxy,0.9613219499588013,0,galaxy,0.9646771550178528,0,galaxy,0.9827523827552795,0,galaxy,0.4518696367740631
736,0,galaxy,0,galaxy,True,0,galaxy,True,True,0,galaxy,0.9851806163787842,0,galaxy,0.9676381349563599,0,galaxy,0.9840744733810425,0,galaxy,0.9816408753395081,0,galaxy,0.998981773853302,0,galaxy,0.5316610336303711
737,0,galaxy,0,galaxy,True,0,galaxy,True,True,0,galaxy,0.9179943799972534,0,galaxy,0.991981565952301,0,galaxy,0.9763467311859131,0,galaxy,0.9772096276283264,0,galaxy,0.9897129535675049,0,galaxy,0.8739832043647766
738,0,galaxy,0,galaxy,True,0,galaxy,True,True,0,galaxy,0.9902055859565735,0,galaxy,0.9959898591041565,0,galaxy,0.9711460471153259,0,galaxy,0.9763004779815674,0,galaxy,0.9802299737930298,0,galaxy,0.38792893290519714
739,0,galaxy,0,galaxy,True,0,galaxy,True,True,0,galaxy,0.9857524037361145,0,galaxy,0.9925553202629089,0,galaxy,0.9812154173851013,0,galaxy,0.958800196647644,0,galaxy,0.9919924736022949,0,galaxy,0.6046953797340393
740,0,galaxy,0,galaxy,True,0,galaxy,True,True,0,galaxy,0.9776008129119873,0,galaxy,0.9669418334960938,0,galaxy,0.9681473970413208,0,galaxy,0.9813976287841797,0,galaxy,0.9893652200698853,0,galaxy,0.6490946412086487
741,0,galaxy,0,galaxy,True,0,galaxy,True,True,0,galaxy,0.9822834134101868,0,galaxy,0.9889134764671326,0,galaxy,0.9614308476448059,0,galaxy,0.9657919406890869,0,galaxy,0.9905635118484497,0,galaxy,0.4250335395336151
742,0,galaxy,0,galaxy,True,0,galaxy,True,True,0,galaxy,0.9495945572853088,0,galaxy,0.9948638081550598,0,galaxy,0.9592270255088806,0,galaxy,0.9419721961021423,0,galaxy,0.9883559942245483,1,quasar,0.44285401701927185
743,0,galaxy,0,galaxy,True,0,galaxy,True,True,0,galaxy,0.9356215596199036,0,galaxy,0.9988539218902588,0,galaxy,0.9778863191604614,0,galaxy,0.9665176868438721,0,galaxy,0.9877786040306091,0,galaxy,0.529163122177124
744,0,galaxy,0,galaxy,True,0,galaxy,True,True,0,galaxy,0.965527355670929,0,galaxy,0.8900454640388489,0,galaxy,0.9690927267074585,0,galaxy,0.939824640750885,0,galaxy,0.9981685876846313,1,quasar,0.3690654933452606
745,0,galaxy,0,galaxy,True,0,galaxy,True,True,0,galaxy,0.9567825198173523,0,galaxy,0.9928538203239441,0,galaxy,0.9887146353721619,0,galaxy,0.9786132574081421,0,galaxy,0.9987485408782959,0,galaxy,0.7042859196662903
746,0,galaxy,0,galaxy,True,0,galaxy,True,True,0,galaxy,0.9873486757278442,0,galaxy,0.9938295483589172,0,galaxy,0.9780199527740479,0,galaxy,0.9791023135185242,0,galaxy,0.9988880753517151,0,galaxy,0.6763777136802673
747,0,galaxy,0,galaxy,True,0,galaxy,True,True,0,galaxy,0.967154860496521,0,galaxy,0.9950957298278809,0,galaxy,0.9528035521507263,0,galaxy,0.8751577138900757,0,galaxy,0.9902337789535522,0,galaxy,0.6198219060897827
748,0,galaxy,0,galaxy,True,0,galaxy,True,True,0,galaxy,0.9766117930412292,0,galaxy,0.982725977897644,0,galaxy,0.9863951206207275,0,galaxy,0.9770848751068115,0,galaxy,0.9986298084259033,0,galaxy,0.5077168345451355
749,0,galaxy,0,galaxy,True,0,galaxy,True,True,0,galaxy,0.9947446584701538,0,galaxy,0.9464154243469238,0,galaxy,0.9813545346260071,0,galaxy,0.9823044538497925,0,galaxy,0.998958945274353,0,galaxy,0.5391815304756165
750,0,galaxy,0,galaxy,True,0,galaxy,True,True,0,galaxy,0.9466466307640076,0,galaxy,0.9856240749359131,0,galaxy,0.956938624382019,0,galaxy,0.9507068991661072,0,galaxy,0.9947870969772339,0,galaxy,0.4527798891067505
751,0,galaxy,0,galaxy,True,0,galaxy,True,True,0,galaxy,0.988471508026123,0,galaxy,0.952186644077301,0,galaxy,0.9795820713043213,0,galaxy,0.9777748584747314,0,galaxy,0.9956337809562683,2,star,0.41638755798339844
752,0,galaxy,0,galaxy,True,0,galaxy,True,True,0,galaxy,0.9823447465896606,0,galaxy,0.9877062439918518,0,galaxy,0.9731386303901672,0,galaxy,0.9734496474266052,0,galaxy,0.9981604218482971,0,galaxy,0.5696841478347778
753,0,galaxy,0,galaxy,True,0,galaxy,True,True,0,galaxy,0.9889312982559204,0,galaxy,0.8692371845245361,0,galaxy,0.9575014710426331,0,galaxy,0.9769859910011292,0,galaxy,0.9954368472099304,0,galaxy,0.9707998633384705
754,0,galaxy,0,galaxy,True,0,galaxy,True,True,0,galaxy,0.8924872279167175,0,galaxy,0.9988754391670227,0,galaxy,0.9894067645072937,0,galaxy,0.9657176733016968,0,galaxy,0.9966917037963867,0,galaxy,0.8412280082702637
755,0,galaxy,0,galaxy,True,0,galaxy,True,True,0,galaxy,0.9875962734222412,0,galaxy,0.968721866607666,0,galaxy,0.9884487986564636,0,galaxy,0.9796504974365234,0,galaxy,0.996239423751831,0,galaxy,0.4618086516857147
756,0,galaxy,0,galaxy,True,0,galaxy,True,True,0,galaxy,0.9798480868339539,0,galaxy,0.9999208450317383,0,galaxy,0.9586654901504517,0,galaxy,0.9816793203353882,0,galaxy,0.9817419648170471,0,galaxy,0.4996541738510132
757,0,galaxy,0,galaxy,True,0,galaxy,True,True,0,galaxy,0.9911952018737793,0,galaxy,0.9987805485725403,0,galaxy,0.9563204646110535,0,galaxy,0.9171078205108643,0,galaxy,0.9896506071090698,2,star,0.5285943746566772
758,0,galaxy,0,galaxy,True,0,galaxy,True,True,0,galaxy,0.9576929807662964,0,galaxy,0.9929240942001343,0,galaxy,0.970740795135498,0,galaxy,0.9286925792694092,0,galaxy,0.9936521053314209,0,galaxy,0.7185792922973633
759,0,galaxy,0,galaxy,True,0,galaxy,True,True,2,star,0.5678936839103699,2,star,0.6852871179580688,0,galaxy,0.9649184346199036,0,galaxy,0.9725685715675354,0,galaxy,0.9879982471466064,0,galaxy,0.39563941955566406
760,0,galaxy,0,galaxy,True,0,galaxy,True,True,0,galaxy,0.9911224842071533,0,galaxy,0.9987670183181763,0,galaxy,0.9581480026245117,0,galaxy,0.9748040437698364,0,galaxy,0.9878018498420715,0,galaxy,0.6440057158470154
761,0,galaxy,0,galaxy,True,0,galaxy,True,True,0,galaxy,0.9571924805641174,0,galaxy,0.589302659034729,0,galaxy,0.9714917540550232,0,galaxy,0.7164048552513123,0,galaxy,0.9885641932487488,0,galaxy,0.40637803077697754
762,0,galaxy,0,galaxy,True,0,galaxy,True,True,0,galaxy,0.9847763776779175,0,galaxy,0.9982165694236755,0,galaxy,0.9772878885269165,0,galaxy,0.987851083278656,0,galaxy,0.9978237152099609,0,galaxy,0.650091290473938
763,0,galaxy,0,galaxy,True,0,galaxy,True,True,0,galaxy,0.9846125245094299,0,galaxy,0.997928261756897,0,galaxy,0.9352805614471436,0,galaxy,0.9291585683822632,0,galaxy,0.9788519144058228,0,galaxy,0.592025637626648
764,0,galaxy,0,galaxy,True,0,galaxy,True,True,0,galaxy,0.9902507066726685,0,galaxy,0.8786033987998962,0,galaxy,0.9612103700637817,0,galaxy,0.9633893966674805,0,galaxy,0.9834719896316528,0,galaxy,0.5319046974182129
765,0,galaxy,0,galaxy,True,0,galaxy,True,True,0,galaxy,0.9716963768005371,0,galaxy,0.962326169013977,0,galaxy,0.944850742816925,0,galaxy,0.9745689630508423,0,galaxy,0.9928863644599915,0,galaxy,0.798907995223999
766,0,galaxy,0,galaxy,True,0,galaxy,True,True,0,galaxy,0.9497319459915161,0,galaxy,0.6408447623252869,0,galaxy,0.9927812218666077,0,galaxy,0.9821356534957886,0,galaxy,0.9985346794128418,0,galaxy,0.8410548567771912
767,0,galaxy,0,galaxy,True,0,galaxy,True,True,0,galaxy,0.932582676410675,1,quasar,0.6657587885856628,0,galaxy,0.962073802947998,0,galaxy,0.9583772420883179,0,galaxy,0.9973773956298828,0,galaxy,0.7709717750549316
768,0,galaxy,0,galaxy,True,0,galaxy,True,True,0,galaxy,0.9948644042015076,0,galaxy,0.9917239546775818,0,galaxy,0.9812948703765869,0,galaxy,0.9773114323616028,0,galaxy,0.9982452392578125,0,galaxy,0.6165985465049744
769,0,galaxy,0,galaxy,True,0,galaxy,True,True,0,galaxy,0.9786483645439148,0,galaxy,0.9816654324531555,0,galaxy,0.9647246599197388,0,galaxy,0.9827125072479248,0,galaxy,0.9925089478492737,0,galaxy,0.9762493371963501
770,0,galaxy,0,galaxy,True,0,galaxy,True,True,0,galaxy,0.990944504737854,0,galaxy,0.9839694499969482,0,galaxy,0.9759705066680908,0,galaxy,0.960792601108551,0,galaxy,0.9849454164505005,0,galaxy,0.9856064915657043
771,0,galaxy,0,galaxy,True,0,galaxy,True,True,0,galaxy,0.9732944965362549,0,galaxy,0.9992584586143494,0,galaxy,0.9923386573791504,0,galaxy,0.9790470004081726,0,galaxy,0.9988147020339966,0,galaxy,0.6369444131851196
772,0,galaxy,0,galaxy,True,0,galaxy,True,True,0,galaxy,0.9708304405212402,0,galaxy,0.9748905897140503,0,galaxy,0.954734742641449,0,galaxy,0.9752503633499146,0,galaxy,0.9948562383651733,0,galaxy,0.7124961614608765
773,0,galaxy,0,galaxy,True,0,galaxy,True,True,0,galaxy,0.9664714932441711,0,galaxy,0.984155535697937,0,galaxy,0.9757809042930603,0,galaxy,0.9503045082092285,0,galaxy,0.997612714767456,0,galaxy,0.8234415054321289
774,0,galaxy,0,galaxy,True,0,galaxy,True,True,0,galaxy,0.9812124371528625,0,galaxy,0.9984006285667419,0,galaxy,0.9244199395179749,0,galaxy,0.9290168881416321,0,galaxy,0.9830362200737,0,galaxy,0.5054748058319092
775,0,galaxy,0,galaxy,True,0,galaxy,True,True,0,galaxy,0.740358829498291,0,galaxy,0.99981290102005,0,galaxy,0.962028980255127,0,galaxy,0.9748377203941345,0,galaxy,0.9961438179016113,0,galaxy,0.7689630389213562
776,0,galaxy,0,galaxy,True,0,galaxy,True,True,0,galaxy,0.9865226149559021,0,galaxy,0.9943566918373108,0,galaxy,0.9831544160842896,0,galaxy,0.9805386066436768,0,galaxy,0.9966015815734863,0,galaxy,0.7594286203384399
777,0,galaxy,0,galaxy,True,0,galaxy,True,True,0,galaxy,0.9534845948219299,0,galaxy,0.9993999004364014,0,galaxy,0.9796058535575867,0,galaxy,0.9798765778541565,0,galaxy,0.994147777557373,0,galaxy,0.8995582461357117
778,0,galaxy,0,galaxy,True,0,galaxy,True,True,0,galaxy,0.9737453460693359,0,galaxy,0.9685158133506775,0,galaxy,0.9911319613456726,0,galaxy,0.9825335144996643,0,galaxy,0.9982543587684631,0,galaxy,0.7374162077903748
779,0,galaxy,0,galaxy,True,0,galaxy,True,True,0,galaxy,0.9457838535308838,0,galaxy,0.9976760745048523,0,galaxy,0.9721798300743103,0,galaxy,0.9792491793632507,0,galaxy,0.9983683228492737,0,galaxy,0.7751558423042297
780,0,galaxy,0,galaxy,True,0,galaxy,True,True,0,galaxy,0.8347249627113342,0,galaxy,0.9971703886985779,0,galaxy,0.9675636887550354,0,galaxy,0.9512931108474731,0,galaxy,0.922529399394989,0,galaxy,0.5336868166923523
781,0,galaxy,0,galaxy,True,0,galaxy,True,True,0,galaxy,0.9876027703285217,0,galaxy,0.9963880777359009,0,galaxy,0.9784706830978394,0,galaxy,0.9775825142860413,0,galaxy,0.9977598190307617,0,galaxy,0.39493241906166077
782,0,galaxy,0,galaxy,True,0,galaxy,True,True,0,galaxy,0.9756549596786499,0,galaxy,0.9998589754104614,0,galaxy,0.9847255349159241,0,galaxy,0.9825548529624939,0,galaxy,0.9987204074859619,0,galaxy,0.8475252985954285
783,0,galaxy,0,galaxy,True,0,galaxy,True,True,0,galaxy,0.9743322730064392,0,galaxy,0.9958968162536621,0,galaxy,0.9357382655143738,0,galaxy,0.9678763747215271,0,galaxy,0.9880282878875732,0,galaxy,0.46753352880477905
784,0,galaxy,0,galaxy,True,0,galaxy,True,True,2,star,0.5249489545822144,0,galaxy,0.9235122203826904,0,galaxy,0.8156290054321289,0,galaxy,0.8963164687156677,0,galaxy,0.9868393540382385,2,star,0.4179304540157318
785,0,galaxy,0,galaxy,True,0,galaxy,True,True,0,galaxy,0.9976333379745483,0,galaxy,0.9465019106864929,0,galaxy,0.9673677682876587,0,galaxy,0.9649278521537781,0,galaxy,0.9987121820449829,0,galaxy,0.41867247223854065
786,0,galaxy,0,galaxy,True,0,galaxy,True,True,0,galaxy,0.5876767039299011,0,galaxy,0.9838066101074219,0,galaxy,0.9220504760742188,0,galaxy,0.9564898014068604,0,galaxy,0.9872502088546753,1,quasar,0.5396742224693298
787,0,galaxy,0,galaxy,True,0,galaxy,True,True,0,galaxy,0.7901467680931091,0,galaxy,0.9903894066810608,0,galaxy,0.9904206991195679,0,galaxy,0.9567538499832153,0,galaxy,0.9978353381156921,0,galaxy,0.8853593468666077
788,0,galaxy,0,galaxy,True,0,galaxy,True,True,0,galaxy,0.9819157123565674,0,galaxy,0.9979366064071655,0,galaxy,0.9704721570014954,0,galaxy,0.9781241416931152,0,galaxy,0.9979248046875,0,galaxy,0.785160481929779
789,0,galaxy,2,star,False,2,star,False,True,0,galaxy,0.6337348222732544,2,star,0.5013698935508728,1,quasar,0.35219988226890564,2,star,0.6033967137336731,0,galaxy,0.6328943967819214,2,star,0.5580652356147766
790,0,galaxy,0,galaxy,True,0,galaxy,True,True,0,galaxy,0.978725790977478,0,galaxy,0.9929665327072144,0,galaxy,0.987288236618042,0,galaxy,0.9844144582748413,0,galaxy,0.9988570213317871,0,galaxy,0.708963930606842
791,0,galaxy,0,galaxy,True,0,galaxy,True,True,0,galaxy,0.9907598495483398,0,galaxy,0.9992541670799255,0,galaxy,0.9803007245063782,0,galaxy,0.9712112545967102,0,galaxy,0.9891507625579834,0,galaxy,0.916596531867981
792,0,galaxy,0,galaxy,True,0,galaxy,True,True,0,galaxy,0.9918373227119446,0,galaxy,0.9996920824050903,0,galaxy,0.9246023893356323,0,galaxy,0.9713582396507263,0,galaxy,0.9948291182518005,0,galaxy,0.8676729202270508
793,0,galaxy,0,galaxy,True,0,galaxy,True,True,0,galaxy,0.9564726948738098,0,galaxy,0.9955352544784546,0,galaxy,0.9914002418518066,0,galaxy,0.9713436365127563,0,galaxy,0.9987393021583557,0,galaxy,0.4775983393192291
794,0,galaxy,0,galaxy,True,0,galaxy,True,True,0,galaxy,0.9940979480743408,0,galaxy,0.9997653365135193,0,galaxy,0.9851555228233337,0,galaxy,0.9813543558120728,0,galaxy,0.9902306199073792,0,galaxy,0.9465473294258118
795,0,galaxy,0,galaxy,True,0,galaxy,True,True,0,galaxy,0.9872761368751526,0,galaxy,0.9900522828102112,0,galaxy,0.9674879312515259,0,galaxy,0.9864728450775146,0,galaxy,0.9984136819839478,0,galaxy,0.4943724274635315
796,0,galaxy,0,galaxy,True,0,galaxy,True,True,0,galaxy,0.9932916164398193,0,galaxy,0.997711181640625,0,galaxy,0.9834015369415283,0,galaxy,0.9419668912887573,0,galaxy,0.9890345335006714,0,galaxy,0.5918329358100891
797,0,galaxy,0,galaxy,True,0,galaxy,True,True,0,galaxy,0.9953805208206177,0,galaxy,0.998977780342102,0,galaxy,0.9799739122390747,0,galaxy,0.9779741168022156,0,galaxy,0.9883103370666504,0,galaxy,0.6429250240325928
798,0,galaxy,0,galaxy,True,0,galaxy,True,True,0,galaxy,0.9666435122489929,0,galaxy,0.9991976618766785,0,galaxy,0.9837383031845093,0,galaxy,0.9668142199516296,0,galaxy,0.9988387227058411,0,galaxy,0.8583989143371582
799,0,galaxy,0,galaxy,True,0,galaxy,True,True,0,galaxy,0.9691187739372253,0,galaxy,0.9971646666526794,0,galaxy,0.9707989692687988,0,galaxy,0.9408707618713379,0,galaxy,0.9909816384315491,0,galaxy,0.7505906224250793
800,0,galaxy,0,galaxy,True,0,galaxy,True,True,0,galaxy,0.9695882797241211,0,galaxy,0.9993488192558289,0,galaxy,0.9683237671852112,0,galaxy,0.9636799097061157,0,galaxy,0.9741398096084595,0,galaxy,0.6446657776832581
801,0,galaxy,0,galaxy,True,0,galaxy,True,True,0,galaxy,0.9920946955680847,0,galaxy,0.9885041117668152,0,galaxy,0.9890353083610535,0,galaxy,0.9217991232872009,0,galaxy,0.9975612163543701,0,galaxy,0.8967966437339783
802,0,galaxy,0,galaxy,True,0,galaxy,True,True,0,galaxy,0.9947687387466431,0,galaxy,0.9998741149902344,0,galaxy,0.9723285436630249,0,galaxy,0.9881138205528259,0,galaxy,0.9856325387954712,0,galaxy,0.756706178188324
803,0,galaxy,0,galaxy,True,0,galaxy,True,True,0,galaxy,0.9351676106452942,0,galaxy,0.6641522645950317,0,galaxy,0.9646846055984497,0,galaxy,0.9880092740058899,0,galaxy,0.9981426000595093,0,galaxy,0.8858861923217773
804,0,galaxy,0,galaxy,True,0,galaxy,True,True,0,galaxy,0.966794490814209,0,galaxy,0.9937361478805542,0,galaxy,0.9890801310539246,0,galaxy,0.9837102890014648,0,galaxy,0.9984745383262634,0,galaxy,0.8240880966186523
805,0,galaxy,0,galaxy,True,0,galaxy,True,True,0,galaxy,0.9895695447921753,0,galaxy,0.9848541021347046,0,galaxy,0.9849234819412231,0,galaxy,0.9794877171516418,0,galaxy,0.9985344409942627,0,galaxy,0.7391455769538879
806,0,galaxy,0,galaxy,True,0,galaxy,True,True,0,galaxy,0.9603288769721985,0,galaxy,0.9994331002235413,0,galaxy,0.9865445494651794,0,galaxy,0.9819096326828003,0,galaxy,0.997368574142456,0,galaxy,0.6904855966567993
807,0,galaxy,0,galaxy,True,0,galaxy,True,True,0,galaxy,0.994143545627594,0,galaxy,0.9928168058395386,0,galaxy,0.9553351402282715,0,galaxy,0.9613420367240906,0,galaxy,0.9952346682548523,2,star,0.8340856432914734
808,0,galaxy,0,galaxy,True,0,galaxy,True,True,0,galaxy,0.9809324741363525,0,galaxy,0.9995607733726501,0,galaxy,0.9674248695373535,0,galaxy,0.9578808546066284,0,galaxy,0.9907324314117432,0,galaxy,0.46255674958229065
809,0,galaxy,0,galaxy,True,0,galaxy,True,True,0,galaxy,0.7260844111442566,0,galaxy,0.8951352834701538,0,galaxy,0.9682536721229553,0,galaxy,0.9534428119659424,0,galaxy,0.987984299659729,0,galaxy,0.39210912585258484
810,0,galaxy,0,galaxy,True,0,galaxy,True,True,0,galaxy,0.9912877678871155,0,galaxy,0.9775780439376831,0,galaxy,0.9886147975921631,0,galaxy,0.9777467846870422,0,galaxy,0.9988250136375427,0,galaxy,0.7995935678482056
811,0,galaxy,0,galaxy,True,0,galaxy,True,True,0,galaxy,0.9743460416793823,0,galaxy,0.8216562271118164,0,galaxy,0.9726042747497559,0,galaxy,0.854411780834198,0,galaxy,0.9795387387275696,0,galaxy,0.8306924104690552
812,1,quasar,1,quasar,True,1,quasar,True,True,2,star,0.5212109088897705,1,quasar,0.8853185176849365,1,quasar,0.4034959673881531,1,quasar,0.3670542538166046,1,quasar,0.9289097785949707,2,star,0.591251790523529
813,1,quasar,1,quasar,True,1,quasar,True,True,1,quasar,0.8336882591247559,1,quasar,0.9424064755439758,1,quasar,0.7594831585884094,1,quasar,0.6355245113372803,1,quasar,0.9624626636505127,2,star,0.4015647768974304
814,1,quasar,2,star,False,2,star,False,True,2,star,0.6258362531661987,2,star,0.5242886543273926,1,quasar,0.5216893553733826,2,star,0.6744855642318726,1,quasar,0.8885309100151062,0,galaxy,0.7581404447555542
815,1,quasar,1,quasar,True,1,quasar,True,True,1,quasar,0.583337128162384,1,quasar,0.9453566670417786,1,quasar,0.8700307607650757,1,quasar,0.8140437602996826,1,quasar,0.9217915534973145,2,star,0.49438849091529846
816,1,quasar,1,quasar,True,1,quasar,True,True,2,star,0.6021096110343933,2,star,0.5474763512611389,1,quasar,0.769342839717865,1,quasar,0.6932839155197144,1,quasar,0.7564846873283386,2,star,0.5181123614311218
817,1,quasar,1,quasar,True,1,quasar,True,True,1,quasar,0.7551191449165344,1,quasar,0.9564820528030396,1,quasar,0.8587256073951721,1,quasar,0.7932778000831604,1,quasar,0.8782504200935364,1,quasar,0.615464985370636
818,1,quasar,1,quasar,True,1,quasar,True,True,1,quasar,0.6594114899635315,1,quasar,0.6286247968673706,1,quasar,0.6700134873390198,1,quasar,0.6584827303886414,1,quasar,0.7380664944648743,2,star,0.4790382981300354
819,1,quasar,1,quasar,True,1,quasar,True,True,1,quasar,0.7343927025794983,1,quasar,0.9000559449195862,1,quasar,0.8685764670372009,1,quasar,0.8242192268371582,1,quasar,0.9685271382331848,2,star,0.5259811282157898
820,1,quasar,2,star,False,2,star,False,True,2,star,0.9232890009880066,2,star,0.9008378386497498,2,star,0.601304829120636,2,star,0.8001816868782043,2,star,0.5970880389213562,2,star,0.40794339776039124
821,1,quasar,1,quasar,True,1,quasar,True,True,1,quasar,0.7615653276443481,1,quasar,0.9951276779174805,1,quasar,0.8425552248954773,1,quasar,0.795173704624176,1,quasar,0.9241907596588135,2,star,0.4172076880931854
822,1,quasar,1,quasar,True,1,quasar,True,True,1,quasar,0.5237276554107666,1,quasar,0.9160045981407166,1,quasar,0.8566782474517822,1,quasar,0.8060889840126038,1,quasar,0.7242522239685059,1,quasar,0.5016676783561707
823,1,quasar,1,quasar,True,1,quasar,True,True,1,quasar,0.7056284546852112,1,quasar,0.9576655030250549,1,quasar,0.8391706943511963,1,quasar,0.7981100678443909,1,quasar,0.8177748918533325,1,quasar,0.47345972061157227
824,1,quasar,1,quasar,True,1,quasar,True,True,1,quasar,0.5241659879684448,1,quasar,0.8689378499984741,1,quasar,0.7086206078529358,1,quasar,0.805083692073822,1,quasar,0.8344907164573669,2,star,0.5206332206726074
825,1,quasar,1,quasar,True,1,quasar,True,True,1,quasar,0.6397347450256348,1,quasar,0.8519247174263,1,quasar,0.7376834750175476,1,quasar,0.6498433351516724,1,quasar,0.5144280791282654,2,star,0.5300236344337463
826,1,quasar,1,quasar,True,1,quasar,True,True,1,quasar,0.7424911260604858,1,quasar,0.7026344537734985,2,star,0.47731757164001465,2,star,0.6068788170814514,1,quasar,0.5397419333457947,1,quasar,0.5141718983650208
827,1,quasar,1,quasar,True,1,quasar,True,True,1,quasar,0.640823245048523,1,quasar,0.9009429812431335,1,quasar,0.6423205137252808,1,quasar,0.8055805563926697,1,quasar,0.6502335667610168,1,quasar,0.710271418094635
828,1,quasar,0,galaxy,False,1,quasar,True,False,0,galaxy,0.5050618052482605,0,galaxy,0.4934931695461273,0,galaxy,0.6692894697189331,2,star,0.5323065519332886,1,quasar,0.8508321046829224,1,quasar,0.4758875072002411
829,1,quasar,1,quasar,True,1,quasar,True,True,1,quasar,0.5663121342658997,1,quasar,0.9227250814437866,1,quasar,0.8475666046142578,1,quasar,0.7931979894638062,1,quasar,0.6095736026763916,2,star,0.4759705662727356
830,1,quasar,1,quasar,True,1,quasar,True,True,1,quasar,0.6067200899124146,1,quasar,0.9910553693771362,1,quasar,0.8321338891983032,1,quasar,0.6069778800010681,1,quasar,0.8310757279396057,1,quasar,0.5426201224327087
831,1,quasar,1,quasar,True,1,quasar,True,True,1,quasar,0.6493520736694336,1,quasar,0.9957589507102966,1,quasar,0.8694695234298706,1,quasar,0.7192500233650208,1,quasar,0.9150227904319763,2,star,0.5766470432281494
832,1,quasar,0,galaxy,False,0,galaxy,False,True,0,galaxy,0.693315327167511,0,galaxy,0.38551515340805054,0,galaxy,0.852904736995697,0,galaxy,0.9711591005325317,1,quasar,0.8013890981674194,0,galaxy,0.9269468784332275
833,1,quasar,1,quasar,True,1,quasar,True,True,1,quasar,0.6194208264350891,1,quasar,0.8481530547142029,1,quasar,0.581182599067688,2,star,0.5177505612373352,1,quasar,0.8754177093505859,0,galaxy,0.4271537661552429
834,1,quasar,1,quasar,True,1,quasar,True,True,2,star,0.6234950423240662,1,quasar,0.9918338060379028,1,quasar,0.8235905170440674,2,star,0.5333856344223022,1,quasar,0.9092395901679993,2,star,0.5074852705001831
835,1,quasar,1,quasar,True,1,quasar,True,True,1,quasar,0.4997502565383911,1,quasar,0.9561120867729187,1,quasar,0.8328491449356079,1,quasar,0.7830981612205505,1,quasar,0.8205844163894653,2,star,0.4130009114742279
836,1,quasar,1,quasar,True,1,quasar,True,True,1,quasar,0.5851515531539917,1,quasar,0.9745705127716064,1,quasar,0.8365911841392517,1,quasar,0.6201604604721069,1,quasar,0.6422005295753479,0,galaxy,0.5363970398902893
837,1,quasar,1,quasar,True,1,quasar,True,True,1,quasar,0.5818361043930054,1,quasar,0.9961366057395935,1,quasar,0.8371661901473999,1,quasar,0.6391363143920898,1,quasar,0.820762038230896,2,star,0.44764307141304016
838,1,quasar,1,quasar,True,1,quasar,True,True,1,quasar,0.6103140711784363,1,quasar,0.9492231607437134,1,quasar,0.8037664294242859,1,quasar,0.6836283802986145,1,quasar,0.8041282296180725,2,star,0.4882664978504181
839,1,quasar,1,quasar,True,1,quasar,True,True,2,star,0.5320935845375061,1,quasar,0.8520298004150391,1,quasar,0.8612740635871887,1,quasar,0.4973021447658539,1,quasar,0.9737952351570129,2,star,0.6423319578170776
840,1,quasar,1,quasar,True,1,quasar,True,True,1,quasar,0.6602702140808105,1,quasar,0.7876397371292114,1,quasar,0.8233544230461121,1,quasar,0.7619419693946838,1,quasar,0.8369705677032471,2,star,0.42836251854896545
841,1,quasar,1,quasar,True,1,quasar,True,True,1,quasar,0.5529681444168091,1,quasar,0.49327707290649414,1,quasar,0.8426648378372192,1,quasar,0.6976456046104431,1,quasar,0.9061910510063171,2,star,0.3712305724620819
842,1,quasar,1,quasar,True,1,quasar,True,True,2,star,0.8324775099754333,2,star,0.569780707359314,1,quasar,0.6581113338470459,1,quasar,0.8091505765914917,1,quasar,0.5821212530136108,2,star,0.5307819247245789
843,1,quasar,1,quasar,True,1,quasar,True,True,1,quasar,0.5295248031616211,1,quasar,0.7390375733375549,1,quasar,0.81081223487854,1,quasar,0.6924546957015991,1,quasar,0.8135828375816345,2,star,0.4955015778541565
844,1,quasar,1,quasar,True,1,quasar,True,True,2,star,0.9595940709114075,1,quasar,0.8211737275123596,1,quasar,0.8409518003463745,1,quasar,0.5347744822502136,1,quasar,0.8358945250511169,2,star,0.44846203923225403
845,1,quasar,1,quasar,True,1,quasar,True,True,1,quasar,0.8656542897224426,1,quasar,0.8678701519966125,1,quasar,0.8754782676696777,1,quasar,0.8000422120094299,1,quasar,0.9732162356376648,1,quasar,0.8118489384651184
846,1,quasar,1,quasar,True,1,quasar,True,True,2,star,0.6067593693733215,1,quasar,0.9324368834495544,1,quasar,0.80061936378479,1,quasar,0.7701166272163391,1,quasar,0.9480081796646118,2,star,0.5029113292694092
847,1,quasar,1,quasar,True,1,quasar,True,True,1,quasar,0.5331699252128601,1,quasar,0.4103844165802002,1,quasar,0.5130716562271118,1,quasar,0.552272379398346,1,quasar,0.8695477247238159,2,star,0.776874840259552
848,1,quasar,2,star,False,2,star,False,True,1,quasar,0.5577273964881897,2,star,0.7436312437057495,2,star,0.7256609201431274,1,quasar,0.6616472601890564,2,star,0.9166268706321716,2,star,0.5121760368347168
849,1,quasar,1,quasar,True,1,quasar,True,True,1,quasar,0.8749837279319763,1,quasar,0.9872583746910095,1,quasar,0.7970269322395325,1,quasar,0.6075422763824463,1,quasar,0.8893446326255798,1,quasar,0.8457971215248108
850,1,quasar,1,quasar,True,1,quasar,True,True,1,quasar,0.822041928768158,1,quasar,0.9005497097969055,1,quasar,0.7980045080184937,1,quasar,0.8004174828529358,1,quasar,0.8886446356773376,1,quasar,0.6013284921646118
851,1,quasar,1,quasar,True,1,quasar,True,True,1,quasar,0.701003909111023,1,quasar,0.7581079602241516,1,quasar,0.6978879570960999,1,quasar,0.4899950921535492,1,quasar,0.7576508522033691,1,quasar,0.4235866367816925
852,1,quasar,1,quasar,True,1,quasar,True,True,2,star,0.7091173529624939,1,quasar,0.9607242345809937,1,quasar,0.8236653208732605,1,quasar,0.5955760478973389,1,quasar,0.8480753302574158,1,quasar,0.48292553424835205
853,1,quasar,1,quasar,True,1,quasar,True,True,2,star,0.4346330761909485,1,quasar,0.6506730318069458,1,quasar,0.831547200679779,1,quasar,0.6645150184631348,1,quasar,0.8208733201026917,0,galaxy,0.4737687408924103
854,1,quasar,0,galaxy,False,0,galaxy,False,True,0,galaxy,0.6670494675636292,1,quasar,0.6157077550888062,0,galaxy,0.8895929455757141,0,galaxy,0.8597460985183716,0,galaxy,0.9724092483520508,0,galaxy,0.4683535397052765
855,1,quasar,1,quasar,True,1,quasar,True,True,1,quasar,0.8254071474075317,1,quasar,0.9790807366371155,1,quasar,0.8674658536911011,1,quasar,0.8061630725860596,1,quasar,0.9579728245735168,1,quasar,0.5526049733161926
856,1,quasar,1,quasar,True,1,quasar,True,True,1,quasar,0.9174242615699768,1,quasar,0.7976210117340088,1,quasar,0.7379627823829651,1,quasar,0.7877134680747986,1,quasar,0.5795741677284241,1,quasar,0.7762141823768616
857,1,quasar,1,quasar,True,1,quasar,True,True,1,quasar,0.6795228719711304,1,quasar,0.9749823808670044,1,quasar,0.4876868426799774,2,star,0.5149781107902527,1,quasar,0.8671336770057678,1,quasar,0.440896600484848
858,1,quasar,1,quasar,True,1,quasar,True,True,1,quasar,0.9254160523414612,1,quasar,0.9805299043655396,1,quasar,0.8140210509300232,1,quasar,0.6321349740028381,1,quasar,0.9113170504570007,0,galaxy,0.5189493894577026
859,1,quasar,1,quasar,True,1,quasar,True,True,1,quasar,0.79518723487854,1,quasar,0.9822797179222107,1,quasar,0.8663043975830078,1,quasar,0.8036079406738281,1,quasar,0.8298420906066895,1,quasar,0.5499098300933838
860,1,quasar,1,quasar,True,1,quasar,True,True,2,star,0.7087187767028809,1,quasar,0.5506342053413391,1,quasar,0.8281890153884888,1,quasar,0.632588803768158,1,quasar,0.6001295447349548,0,galaxy,0.3883967995643616
861,1,quasar,1,quasar,True,1,quasar,True,True,1,quasar,0.578914225101471,1,quasar,0.9561634063720703,1,quasar,0.8593409657478333,1,quasar,0.8185263872146606,1,quasar,0.8303171396255493,1,quasar,0.48755523562431335
862,1,quasar,1,quasar,True,1,quasar,True,True,1,quasar,0.724908173084259,1,quasar,0.8070422410964966,1,quasar,0.8538123965263367,1,quasar,0.6306930780410767,1,quasar,0.8316413164138794,1,quasar,0.4369764029979706
863,1,quasar,1,quasar,True,1,quasar,True,True,1,quasar,0.856102466583252,1,quasar,0.989932656288147,1,quasar,0.8310862183570862,1,quasar,0.8051280379295349,1,quasar,0.8234100341796875,1,quasar,0.6807664036750793
864,1,quasar,1,quasar,True,1,quasar,True,True,1,quasar,0.7863245606422424,1,quasar,0.9333113431930542,1,quasar,0.854028582572937,1,quasar,0.8108285665512085,1,quasar,0.7880356311798096,2,star,0.4335804283618927
865,1,quasar,1,quasar,True,1,quasar,True,True,1,quasar,0.9811511635780334,1,quasar,0.9729152917861938,1,quasar,0.8632510900497437,1,quasar,0.7986096739768982,1,quasar,0.8397865891456604,1,quasar,0.7440310716629028
866,1,quasar,1,quasar,True,1,quasar,True,True,2,star,0.5254474878311157,1,quasar,0.5301099419593811,1,quasar,0.5592373013496399,1,quasar,0.7873690724372864,1,quasar,0.6745625734329224,0,galaxy,0.5461769104003906
867,1,quasar,2,star,False,2,star,False,True,2,star,0.8489810824394226,2,star,0.5802564024925232,1,quasar,0.729527473449707,1,quasar,0.7122160792350769,2,star,0.7661011815071106,2,star,0.6904218196868896
868,1,quasar,1,quasar,True,1,quasar,True,True,2,star,0.7002454996109009,2,star,0.7011740803718567,2,star,0.7357913851737976,1,quasar,0.6152565479278564,1,quasar,0.7786402702331543,1,quasar,0.7433332204818726
869,1,quasar,1,quasar,True,1,quasar,True,True,1,quasar,0.7292508482933044,1,quasar,0.8542174696922302,1,quasar,0.8512181043624878,1,quasar,0.7958265542984009,1,quasar,0.8127420544624329,1,quasar,0.48768413066864014
870,1,quasar,1,quasar,True,1,quasar,True,True,2,star,0.6226592659950256,1,quasar,0.6029696464538574,1,quasar,0.8272982835769653,1,quasar,0.6724845170974731,1,quasar,0.5995646119117737,1,quasar,0.46228399872779846
871,1,quasar,1,quasar,True,1,quasar,True,True,1,quasar,0.7514421939849854,1,quasar,0.9880757331848145,2,star,0.5044206380844116,1,quasar,0.5413656830787659,1,quasar,0.9116471409797668,1,quasar,0.5947371125221252
872,1,quasar,1,quasar,True,1,quasar,True,True,1,quasar,0.9193334579467773,1,quasar,0.8357886075973511,1,quasar,0.7641643285751343,1,quasar,0.695959210395813,1,quasar,0.8315302133560181,1,quasar,0.4971931576728821
873,1,quasar,1,quasar,True,1,quasar,True,True,1,quasar,0.8418021202087402,1,quasar,0.7812042832374573,1,quasar,0.856683611869812,1,quasar,0.8030608296394348,1,quasar,0.8964530825614929,1,quasar,0.46895453333854675
874,1,quasar,1,quasar,True,1,quasar,True,True,1,quasar,0.8700758218765259,1,quasar,0.9153317213058472,1,quasar,0.8559800386428833,1,quasar,0.7838655114173889,1,quasar,0.9300847053527832,0,galaxy,0.4014429748058319
875,1,quasar,0,galaxy,False,0,galaxy,False,True,1,quasar,0.5096026659011841,1,quasar,0.431139200925827,0,galaxy,0.8788940906524658,0,galaxy,0.8587607741355896,1,quasar,0.5394206047058105,0,galaxy,0.46061480045318604
876,1,quasar,1,quasar,True,1,quasar,True,True,1,quasar,0.7981521487236023,1,quasar,0.7339221239089966,1,quasar,0.8450455069541931,1,quasar,0.7530568838119507,1,quasar,0.9058509469032288,1,quasar,0.4856173098087311
877,1,quasar,0,galaxy,False,2,star,False,False,0,galaxy,0.7108595967292786,2,star,0.659807562828064,0,galaxy,0.5225593447685242,2,star,0.6793023347854614,1,quasar,0.8318294286727905,0,galaxy,0.46564698219299316
878,1,quasar,1,quasar,True,1,quasar,True,True,2,star,0.6905325055122375,1,quasar,0.8418468236923218,1,quasar,0.8299182057380676,1,quasar,0.8122217655181885,1,quasar,0.9671878814697266,1,quasar,0.46293795108795166
879,1,quasar,1,quasar,True,1,quasar,True,True,2,star,0.5507760643959045,1,quasar,0.873486340045929,1,quasar,0.8565637469291687,1,quasar,0.7915536165237427,1,quasar,0.7718920111656189,2,star,0.4868769347667694
880,1,quasar,1,quasar,True,1,quasar,True,True,2,star,0.5999827980995178,1,quasar,0.875807523727417,2,star,0.6454113721847534,1,quasar,0.7966941595077515,1,quasar,0.8480796217918396,1,quasar,0.5544986128807068
881,1,quasar,1,quasar,True,1,quasar,True,True,1,quasar,0.8578545451164246,1,quasar,0.9721193313598633,1,quasar,0.7044820189476013,1,quasar,0.804111897945404,1,quasar,0.8792374730110168,1,quasar,0.6265760064125061
882,1,quasar,1,quasar,True,1,quasar,True,True,2,star,0.6616291403770447,1,quasar,0.8354120254516602,1,quasar,0.6557313799858093,1,quasar,0.7967492341995239,1,quasar,0.9378259181976318,1,quasar,0.5694202780723572
883,1,quasar,1,quasar,True,1,quasar,True,True,1,quasar,0.8409604430198669,1,quasar,0.9268551468849182,1,quasar,0.8688961863517761,1,quasar,0.8071103096008301,1,quasar,0.9413476586341858,1,quasar,0.6694713830947876
884,1,quasar,1,quasar,True,1,quasar,True,True,1,quasar,0.7523938417434692,1,quasar,0.9907800555229187,1,quasar,0.8177352547645569,1,quasar,0.7788767218589783,1,quasar,0.8574949502944946,1,quasar,0.5206380486488342
885,1,quasar,1,quasar,True,1,quasar,True,True,1,quasar,0.7581762671470642,1,quasar,0.7989372611045837,1,quasar,0.8758790493011475,1,quasar,0.8136587142944336,1,quasar,0.9421128630638123,1,quasar,0.4821104407310486
886,1,quasar,1,quasar,True,1,quasar,True,True,2,star,0.5090802311897278,1,quasar,0.9319592118263245,1,quasar,0.8668770790100098,1,quasar,0.8086686134338379,1,quasar,0.9547976851463318,1,quasar,0.599215030670166
887,1,quasar,1,quasar,True,1,quasar,True,True,1,quasar,0.7368829846382141,1,quasar,0.9810484647750854,1,quasar,0.8134781718254089,1,quasar,0.5901909470558167,1,quasar,0.700823187828064,2,star,0.5561498403549194
888,1,quasar,1,quasar,True,1,quasar,True,True,1,quasar,0.5796294212341309,1,quasar,0.5590379238128662,1,quasar,0.8489426970481873,1,quasar,0.6314225792884827,1,quasar,0.7268245816230774,2,star,0.606643795967102
889,1,quasar,1,quasar,True,2,star,False,False,2,star,0.7597468495368958,2,star,0.6643068790435791,1,quasar,0.8001219630241394,1,quasar,0.5850557088851929,1,quasar,0.6405340433120728,2,star,0.7321577072143555
890,1,quasar,1,quasar,True,1,quasar,True,True,2,star,0.718161404132843,1,quasar,0.9639586210250854,1,quasar,0.8700961470603943,1,quasar,0.8013274073600769,1,quasar,0.9462332725524902,2,star,0.4966312348842621
891,1,quasar,1,quasar,True,2,star,False,False,2,star,0.4406425356864929,1,quasar,0.631955623626709,1,quasar,0.4262712299823761,2,star,0.5914573073387146,1,quasar,0.7643313407897949,2,star,0.7511485815048218
892,1,quasar,1,quasar,True,1,quasar,True,True,1,quasar,0.41954511404037476,1,quasar,0.7597454786300659,0,galaxy,0.9301168918609619,2,star,0.3601858615875244,1,quasar,0.8182986974716187,2,star,0.43624910712242126
893,1,quasar,1,quasar,True,1,quasar,True,True,1,quasar,0.8773307204246521,1,quasar,0.9041076302528381,1,quasar,0.8524717688560486,1,quasar,0.7762410044670105,1,quasar,0.8395292162895203,2,star,0.4924812316894531
894,1,quasar,0,galaxy,False,0,galaxy,False,True,0,galaxy,0.6779928207397461,2,star,0.4243389070034027,0,galaxy,0.6648750901222229,0,galaxy,0.966996431350708,2,star,0.84368497133255,2,star,0.5451890230178833
895,1,quasar,2,star,False,2,star,False,True,2,star,0.8949756622314453,2,star,0.6371921300888062,2,star,0.7271740436553955,1,quasar,0.6035597920417786,1,quasar,0.7748932242393494,2,star,0.6410684585571289
896,1,quasar,1,quasar,True,1,quasar,True,True,1,quasar,0.5854748487472534,1,quasar,0.976745069026947,1,quasar,0.8546119928359985,1,quasar,0.625185489654541,1,quasar,0.757138192653656,2,star,0.41392070055007935
897,1,quasar,1,quasar,True,1,quasar,True,True,1,quasar,0.5338603854179382,1,quasar,0.7344868183135986,1,quasar,0.8544260263442993,1,quasar,0.8126513957977295,1,quasar,0.764937698841095,2,star,0.5184071063995361
898,1,quasar,1,quasar,True,1,quasar,True,True,2,star,0.7463357448577881,2,star,0.5670769214630127,1,quasar,0.8271145224571228,1,quasar,0.8096097707748413,1,quasar,0.8881421089172363,2,star,0.6180525422096252
899,1,quasar,1,quasar,True,1,quasar,True,True,2,star,0.7119871377944946,1,quasar,0.7114806175231934,1,quasar,0.6182395219802856,1,quasar,0.6049858331680298,2,star,0.5553655624389648,2,star,0.5855728983879089
900,1,quasar,1,quasar,True,1,quasar,True,True,1,quasar,0.6356289982795715,1,quasar,0.9504026174545288,1,quasar,0.8710901737213135,1,quasar,0.8211344480514526,1,quasar,0.8694187998771667,2,star,0.6257714033126831
901,1,quasar,1,quasar,True,1,quasar,True,True,1,quasar,0.5522310733795166,1,quasar,0.9309547543525696,1,quasar,0.7452681660652161,1,quasar,0.7591531872749329,1,quasar,0.7595841884613037,0,galaxy,0.5640371441841125
902,1,quasar,1,quasar,True,1,quasar,True,True,2,star,0.611774206161499,1,quasar,0.6551542282104492,1,quasar,0.7319449782371521,1,quasar,0.7963941693305969,1,quasar,0.8779048919677734,2,star,0.6052259802818298
903,1,quasar,1,quasar,True,1,quasar,True,True,1,quasar,0.5799553990364075,1,quasar,0.7734261751174927,1,quasar,0.6847588419914246,1,quasar,0.8180437684059143,1,quasar,0.8382518291473389,2,star,0.6685513257980347
904,1,quasar,1,quasar,True,1,quasar,True,True,2,star,0.5772958993911743,1,quasar,0.6008959412574768,1,quasar,0.8172656297683716,1,quasar,0.7895493507385254,1,quasar,0.7919124364852905,2,star,0.5009026527404785
905,1,quasar,0,galaxy,False,0,galaxy,False,True,0,galaxy,0.9761328101158142,0,galaxy,0.7788146734237671,0,galaxy,0.9831748604774475,0,galaxy,0.9828529953956604,0,galaxy,0.9968186616897583,0,galaxy,0.6386498808860779
906,1,quasar,0,galaxy,False,0,galaxy,False,True,0,galaxy,0.9703391194343567,1,quasar,0.9547454118728638,0,galaxy,0.960034966468811,0,galaxy,0.8844982385635376,1,quasar,0.512658417224884,0,galaxy,0.5007692575454712
907,1,quasar,1,quasar,True,1,quasar,True,True,1,quasar,0.7142376899719238,1,quasar,0.5290858745574951,1,quasar,0.7064517736434937,2,star,0.5759960412979126,1,quasar,0.9018270969390869,1,quasar,0.4824386239051819
908,1,quasar,1,quasar,True,1,quasar,True,True,1,quasar,0.5341750383377075,1,quasar,0.8257430195808411,1,quasar,0.7704921364784241,1,quasar,0.6873456239700317,1,quasar,0.9669905304908752,0,galaxy,0.4377420246601105
909,1,quasar,1,quasar,True,1,quasar,True,True,2,star,0.587798535823822,1,quasar,0.9926203489303589,1,quasar,0.6317276358604431,1,quasar,0.8038191199302673,1,quasar,0.8654032349586487,2,star,0.8352199196815491
910,1,quasar,1,quasar,True,1,quasar,True,True,2,star,0.6280258893966675,1,quasar,0.5928476452827454,1,quasar,0.5688706636428833,1,quasar,0.7953382134437561,1,quasar,0.7445477247238159,2,star,0.774452269077301
911,1,quasar,1,quasar,True,1,quasar,True,True,2,star,0.6082386374473572,1,quasar,0.71727454662323,1,quasar,0.5035468935966492,1,quasar,0.6157582998275757,1,quasar,0.7901434302330017,2,star,0.8620913028717041
912,1,quasar,1,quasar,True,1,quasar,True,True,1,quasar,0.7345205545425415,1,quasar,0.8955267071723938,1,quasar,0.8639347553253174,1,quasar,0.7876551747322083,1,quasar,0.8160207867622375,2,star,0.37792786955833435
913,1,quasar,1,quasar,True,1,quasar,True,True,1,quasar,0.6157651543617249,1,quasar,0.6159238219261169,2,star,0.7383794784545898,1,quasar,0.8097634315490723,2,star,0.6660784482955933,2,star,0.5805181264877319
914,1,quasar,1,quasar,True,1,quasar,True,True,1,quasar,0.601275622844696,1,quasar,0.6245346069335938,1,quasar,0.7689791917800903,1,quasar,0.8174824714660645,1,quasar,0.6000018119812012,2,star,0.6529464721679688
915,1,quasar,1,quasar,True,1,quasar,True,True,1,quasar,0.5698557496070862,1,quasar,0.7576138973236084,1,quasar,0.843746542930603,1,quasar,0.7017226219177246,1,quasar,0.918804407119751,1,quasar,0.6813534498214722
916,1,quasar,1,quasar,True,1,quasar,True,True,2,star,0.7468485832214355,2,star,0.5164998769760132,1,quasar,0.7396948933601379,1,quasar,0.7305907607078552,1,quasar,0.5227532982826233,2,star,0.5910912752151489
917,1,quasar,1,quasar,True,1,quasar,True,True,1,quasar,0.6636672616004944,1,quasar,0.8727620244026184,1,quasar,0.7794737219810486,1,quasar,0.5711968541145325,1,quasar,0.8241510987281799,2,star,0.46574196219444275
918,1,quasar,1,quasar,True,1,quasar,True,True,1,quasar,0.5808017253875732,1,quasar,0.8916795253753662,1,quasar,0.8445429801940918,1,quasar,0.8088098168373108,1,quasar,0.6050039529800415,2,star,0.6147111654281616
919,1,quasar,1,quasar,True,1,quasar,True,True,1,quasar,0.6929041147232056,1,quasar,0.9233790636062622,1,quasar,0.8174017071723938,1,quasar,0.6533669233322144,1,quasar,0.583999752998352,2,star,0.4374862313270569
920,1,quasar,1,quasar,True,1,quasar,True,True,2,star,0.7524358630180359,2,star,0.509659469127655,1,quasar,0.80405193567276,1,quasar,0.6238718032836914,1,quasar,0.8178603649139404,2,star,0.5347933769226074
921,1,quasar,1,quasar,True,1,quasar,True,True,1,quasar,0.5996225476264954,1,quasar,0.6315398812294006,1,quasar,0.8663903474807739,1,quasar,0.5334156155586243,1,quasar,0.9446780681610107,2,star,0.6622266173362732
922,1,quasar,2,star,False,2,star,False,True,2,star,0.9198377728462219,2,star,0.6314889788627625,1,quasar,0.6038049459457397,2,star,0.5997881889343262,2,star,0.9141787886619568,2,star,0.49543696641921997
923,1,quasar,1,quasar,True,1,quasar,True,True,1,quasar,0.5808884501457214,1,quasar,0.9426551461219788,1,quasar,0.7467806935310364,1,quasar,0.6200810074806213,1,quasar,0.8406829833984375,2,star,0.7568585276603699
924,1,quasar,1,quasar,True,1,quasar,True,True,1,quasar,0.5136181712150574,1,quasar,0.5782067775726318,1,quasar,0.8504387736320496,1,quasar,0.7922910451889038,1,quasar,0.7679066061973572,2,star,0.5529308319091797
925,1,quasar,1,quasar,True,1,quasar,True,True,2,star,0.5567446351051331,1,quasar,0.6121881008148193,1,quasar,0.7266179323196411,1,quasar,0.5754323601722717,1,quasar,0.5406315922737122,2,star,0.49317052960395813
926,1,quasar,1,quasar,True,1,quasar,True,True,1,quasar,0.6727016568183899,1,quasar,0.7931433916091919,1,quasar,0.8548902273178101,1,quasar,0.7910493016242981,1,quasar,0.8458259105682373,2,star,0.612598180770874
927,1,quasar,1,quasar,True,1,quasar,True,True,1,quasar,0.6962586641311646,1,quasar,0.930199921131134,1,quasar,0.8690148591995239,1,quasar,0.8120697140693665,1,quasar,0.9598333835601807,2,star,0.6183366179466248
928,1,quasar,1,quasar,True,1,quasar,True,True,1,quasar,0.6555387377738953,1,quasar,0.6421427726745605,1,quasar,0.8685437440872192,1,quasar,0.8118765354156494,1,quasar,0.9157928824424744,2,star,0.5155546069145203
929,1,quasar,1,quasar,True,1,quasar,True,True,1,quasar,0.7841148376464844,1,quasar,0.9412338137626648,1,quasar,0.865082859992981,1,quasar,0.7966683506965637,1,quasar,0.7406966686248779,1,quasar,0.5375293493270874
930,1,quasar,1,quasar,True,1,quasar,True,True,1,quasar,0.8708285689353943,1,quasar,0.99257493019104,1,quasar,0.857061505317688,1,quasar,0.8128764629364014,1,quasar,0.8777706027030945,2,star,0.5255997776985168
931,1,quasar,1,quasar,True,1,quasar,True,True,1,quasar,0.5542199015617371,1,quasar,0.8925871253013611,1,quasar,0.7421814203262329,1,quasar,0.7170311808586121,1,quasar,0.6961185336112976,2,star,0.5733182430267334
932,1,quasar,1,quasar,True,1,quasar,True,True,1,quasar,0.7212884426116943,1,quasar,0.9732996821403503,1,quasar,0.8661217093467712,1,quasar,0.8191376328468323,1,quasar,0.9675577878952026,1,quasar,0.6384673714637756
933,1,quasar,1,quasar,True,1,quasar,True,True,1,quasar,0.5425119996070862,1,quasar,0.9768742918968201,1,quasar,0.8515879511833191,1,quasar,0.730376124382019,2,star,0.7729029059410095,1,quasar,0.6450451612472534
934,1,quasar,2,star,False,2,star,False,True,2,star,0.7988755702972412,1,quasar,0.6981074213981628,2,star,0.7318266034126282,2,star,0.5902680158615112,2,star,0.8990185260772705,2,star,0.6003418564796448
935,1,quasar,2,star,False,2,star,False,True,1,quasar,0.538874089717865,2,star,0.636841356754303,1,quasar,0.7312289476394653,2,star,0.5009491443634033,2,star,0.5939556360244751,2,star,0.6279658675193787
936,1,quasar,2,star,False,2,star,False,True,2,star,0.6911364197731018,2,star,0.5337069034576416,1,quasar,0.7692625522613525,2,star,0.6263630390167236,1,quasar,0.6209196448326111,2,star,0.7584196329116821
937,1,quasar,1,quasar,True,1,quasar,True,True,1,quasar,0.7637796401977539,1,quasar,0.980412483215332,1,quasar,0.8747365474700928,1,quasar,0.8211840987205505,1,quasar,0.8232985734939575,0,galaxy,0.43683722615242004
938,1,quasar,1,quasar,True,1,quasar,True,True,1,quasar,0.6825581192970276,1,quasar,0.8839111924171448,1,quasar,0.5927196145057678,2,star,0.60036700963974,1,quasar,0.7760556936264038,2,star,0.6165119409561157
939,1,quasar,1,quasar,True,1,quasar,True,True,1,quasar,0.6340585947036743,1,quasar,0.5879090428352356,1,quasar,0.838485598564148,1,quasar,0.6783925890922546,1,quasar,0.8644364476203918,0,galaxy,0.44716861844062805
940,1,quasar,1,quasar,True,1,quasar,True,True,1,quasar,0.9028797745704651,1,quasar,0.9671468138694763,1,quasar,0.8402607440948486,1,quasar,0.8178016543388367,1,quasar,0.5217394828796387,1,quasar,0.5868096947669983
941,1,quasar,1,quasar,True,1,quasar,True,True,1,quasar,0.6255682706832886,1,quasar,0.5727094411849976,1,quasar,0.7946402430534363,1,quasar,0.6143274307250977,1,quasar,0.8527752757072449,1,quasar,0.7582298517227173
942,1,quasar,1,quasar,True,1,quasar,True,True,2,star,0.6608930230140686,1,quasar,0.9278706908226013,1,quasar,0.8255410194396973,1,quasar,0.8044212460517883,1,quasar,0.6938894987106323,1,quasar,0.48812195658683777
943,1,quasar,0,galaxy,False,0,galaxy,False,True,0,galaxy,0.9054160118103027,0,galaxy,0.5560949444770813,0,galaxy,0.8851338028907776,0,galaxy,0.902256429195404,0,galaxy,0.6238828301429749,1,quasar,0.45157554745674133
944,1,quasar,0,galaxy,False,0,galaxy,False,True,0,galaxy,0.8947712779045105,0,galaxy,0.6024844646453857,0,galaxy,0.8573907017707825,0,galaxy,0.954858660697937,0,galaxy,0.4743283987045288,1,quasar,0.3744141459465027
945,1,quasar,0,galaxy,False,0,galaxy,False,True,0,galaxy,0.9633370637893677,0,galaxy,0.814244270324707,0,galaxy,0.9631597399711609,0,galaxy,0.9809593558311462,0,galaxy,0.9966975450515747,0,galaxy,0.8611292839050293
946,1,quasar,1,quasar,True,1,quasar,True,True,1,quasar,0.43890810012817383,1,quasar,0.5174084305763245,0,galaxy,0.8824818134307861,2,star,0.5960912704467773,1,quasar,0.8312749862670898,2,star,0.8579909801483154
947,1,quasar,0,galaxy,False,0,galaxy,False,True,0,galaxy,0.4259728193283081,1,quasar,0.3619133234024048,0,galaxy,0.8830071091651917,0,galaxy,0.9629471302032471,0,galaxy,0.9391828179359436,0,galaxy,0.45180177688598633
948,1,quasar,2,star,False,2,star,False,True,2,star,0.4775629937648773,2,star,0.5492305755615234,1,quasar,0.4295904338359833,2,star,0.49781832098960876,1,quasar,0.7774217128753662,2,star,0.6895289421081543
949,1,quasar,1,quasar,True,1,quasar,True,True,1,quasar,0.6208845376968384,1,quasar,0.9168417453765869,1,quasar,0.7715573310852051,1,quasar,0.786641538143158,1,quasar,0.9069231152534485,2,star,0.4662955105304718
950,1,quasar,1,quasar,True,1,quasar,True,True,1,quasar,0.7424997091293335,1,quasar,0.8400915265083313,1,quasar,0.8281181454658508,1,quasar,0.570767879486084,1,quasar,0.8338916301727295,0,galaxy,0.48835062980651855
951,1,quasar,1,quasar,True,1,quasar,True,True,2,star,0.5756891369819641,1,quasar,0.8636025190353394,1,quasar,0.5565562844276428,2,star,0.6925013065338135,1,quasar,0.7944788932800293,2,star,0.49965739250183105
952,1,quasar,1,quasar,True,1,quasar,True,True,1,quasar,0.7508474588394165,1,quasar,0.8112767338752747,1,quasar,0.638351321220398,1,quasar,0.6393272876739502,1,quasar,0.8251548409461975,0,galaxy,0.4065892994403839
953,1,quasar,1,quasar,True,1,quasar,True,True,1,quasar,0.6153221130371094,1,quasar,0.5822156071662903,1,quasar,0.8202111721038818,1,quasar,0.6504277586936951,1,quasar,0.75863116979599,2,star,0.40079694986343384
954,1,quasar,1,quasar,True,1,quasar,True,True,1,quasar,0.5642736554145813,1,quasar,0.9286386966705322,1,quasar,0.656059205532074,1,quasar,0.6136732697486877,1,quasar,0.5380895733833313,2,star,0.5440260767936707
955,1,quasar,1,quasar,True,1,quasar,True,True,1,quasar,0.7148804068565369,1,quasar,0.8648154735565186,1,quasar,0.5652680397033691,1,quasar,0.63713139295578,1,quasar,0.6380186676979065,1,quasar,0.40198636054992676
956,1,quasar,1,quasar,True,1,quasar,True,True,1,quasar,0.6309871673583984,1,quasar,0.9764700531959534,1,quasar,0.585126519203186,1,quasar,0.6024383306503296,1,quasar,0.5900930166244507,2,star,0.49963870644569397
957,1,quasar,1,quasar,True,1,quasar,True,True,1,quasar,0.5423257350921631,1,quasar,0.9782307147979736,1,quasar,0.5530478954315186,1,quasar,0.5001500844955444,1,quasar,0.6160731315612793,0,galaxy,0.5776841640472412
958,1,quasar,1,quasar,True,1,quasar,True,True,2,star,0.7211921215057373,1,quasar,0.7979035973548889,1,quasar,0.7823376059532166,1,quasar,0.7911468148231506,1,quasar,0.7953193783760071,2,star,0.5487545132637024
959,1,quasar,1,quasar,True,1,quasar,True,True,2,star,0.5752051472663879,1,quasar,0.9244554042816162,1,quasar,0.7993201017379761,1,quasar,0.6667720079421997,1,quasar,0.7652136087417603,2,star,0.41012221574783325
960,1,quasar,1,quasar,True,1,quasar,True,True,2,star,0.5673757195472717,1,quasar,0.9812533259391785,1,quasar,0.74140465259552,1,quasar,0.6080402731895447,1,quasar,0.8022848963737488,1,quasar,0.46872133016586304
961,1,quasar,1,quasar,True,1,quasar,True,True,2,star,0.5847247242927551,1,quasar,0.8571752905845642,1,quasar,0.8681989908218384,1,quasar,0.7265297174453735,1,quasar,0.9715239405632019,2,star,0.6769927144050598
962,1,quasar,1,quasar,True,1,quasar,True,True,1,quasar,0.6496126055717468,1,quasar,0.6494810581207275,1,quasar,0.8467403054237366,1,quasar,0.7332333326339722,1,quasar,0.7954479455947876,2,star,0.6904901266098022
963,1,quasar,1,quasar,True,1,quasar,True,True,1,quasar,0.7536646723747253,1,quasar,0.9436240196228027,1,quasar,0.6526858806610107,1,quasar,0.673630952835083,1,quasar,0.8925741910934448,1,quasar,0.35360094904899597
964,1,quasar,1,quasar,True,1,quasar,True,True,2,star,0.6784887313842773,1,quasar,0.8877114057540894,1,quasar,0.8630993962287903,1,quasar,0.6839583516120911,1,quasar,0.853657066822052,2,star,0.4745955765247345
965,1,quasar,2,star,False,2,star,False,True,2,star,0.6123021245002747,1,quasar,0.7729136943817139,2,star,0.6994554400444031,2,star,0.5300253629684448,1,quasar,0.581583559513092,2,star,0.5412811040878296
966,1,quasar,2,star,False,1,quasar,True,False,2,star,0.6317577958106995,2,star,0.4682750403881073,1,quasar,0.5342286229133606,1,quasar,0.6630852818489075,2,star,0.5291295647621155,0,galaxy,0.6864829659461975
967,1,quasar,1,quasar,True,1,quasar,True,True,1,quasar,0.6977286338806152,1,quasar,0.4725362956523895,1,quasar,0.7825647592544556,1,quasar,0.6478989124298096,1,quasar,0.8973265886306763,1,quasar,0.47850272059440613
968,1,quasar,1,quasar,True,1,quasar,True,True,1,quasar,0.5863339304924011,1,quasar,0.953780472278595,1,quasar,0.8480737805366516,1,quasar,0.8041335940361023,1,quasar,0.6102977991104126,2,star,0.5864982604980469
969,1,quasar,1,quasar,True,1,quasar,True,True,2,star,0.5543878674507141,1,quasar,0.97430419921875,1,quasar,0.8440034985542297,1,quasar,0.8070176839828491,1,quasar,0.8592926263809204,2,star,0.6033397912979126
970,1,quasar,1,quasar,True,1,quasar,True,True,1,quasar,0.5094268321990967,1,quasar,0.7622053027153015,1,quasar,0.833065390586853,1,quasar,0.7645947933197021,1,quasar,0.5980646014213562,2,star,0.6461364030838013
971,1,quasar,1,quasar,True,1,quasar,True,True,1,quasar,0.6230688691139221,1,quasar,0.8576513528823853,1,quasar,0.7536312937736511,1,quasar,0.8022143840789795,1,quasar,0.687156617641449,1,quasar,0.549030601978302
972,1,quasar,1,quasar,True,1,quasar,True,True,1,quasar,0.6191030740737915,1,quasar,0.9884849786758423,1,quasar,0.772613525390625,1,quasar,0.614280641078949,1,quasar,0.8266953229904175,2,star,0.4985591769218445
973,1,quasar,1,quasar,True,2,star,False,False,1,quasar,0.5079830288887024,2,star,0.5794405937194824,1,quasar,0.519741952419281,2,star,0.5597121119499207,1,quasar,0.5572360754013062,2,star,0.560148298740387
974,1,quasar,1,quasar,True,1,quasar,True,True,1,quasar,0.5686864852905273,1,quasar,0.8998956680297852,1,quasar,0.8703960180282593,1,quasar,0.8053287863731384,1,quasar,0.8857230544090271,2,star,0.40541401505470276
975,1,quasar,1,quasar,True,1,quasar,True,True,2,star,0.3842552602291107,1,quasar,0.8128803968429565,1,quasar,0.5710468888282776,1,quasar,0.6643621325492859,1,quasar,0.5356808304786682,0,galaxy,0.5592074394226074
976,1,quasar,1,quasar,True,1,quasar,True,True,2,star,0.6702348589897156,1,quasar,0.9828780889511108,1,quasar,0.8693612217903137,1,quasar,0.80939120054245,1,quasar,0.947375476360321,2,star,0.5254001617431641
977,1,quasar,1,quasar,True,1,quasar,True,True,1,quasar,0.7417027950286865,1,quasar,0.9638988971710205,1,quasar,0.8292550444602966,1,quasar,0.7252206206321716,1,quasar,0.923453152179718,2,star,0.6551852226257324
978,1,quasar,1,quasar,True,1,quasar,True,True,1,quasar,0.5825784802436829,1,quasar,0.9008128643035889,1,quasar,0.8521876335144043,1,quasar,0.7797571420669556,1,quasar,0.5331692099571228,2,star,0.7385752201080322
979,1,quasar,1,quasar,True,1,quasar,True,True,1,quasar,0.8312928676605225,1,quasar,0.9969723224639893,1,quasar,0.84762042760849,1,quasar,0.7898099422454834,1,quasar,0.9494935870170593,1,quasar,0.46184709668159485
980,1,quasar,1,quasar,True,1,quasar,True,True,1,quasar,0.7403468489646912,1,quasar,0.7768399119377136,1,quasar,0.8410239219665527,2,star,0.5815848112106323,1,quasar,0.8921293020248413,1,quasar,0.6972349882125854
981,1,quasar,1,quasar,True,1,quasar,True,True,1,quasar,0.6609987020492554,1,quasar,0.8041852712631226,1,quasar,0.8324963450431824,1,quasar,0.7950775027275085,1,quasar,0.8629599213600159,1,quasar,0.4987555146217346
982,1,quasar,1,quasar,True,1,quasar,True,True,2,star,0.589297354221344,1,quasar,0.4728294909000397,1,quasar,0.6359949707984924,1,quasar,0.6227697134017944,1,quasar,0.7706278562545776,1,quasar,0.5608780980110168
983,1,quasar,1,quasar,True,1,quasar,True,True,2,star,0.5095292925834656,1,quasar,0.7823158502578735,1,quasar,0.8644411563873291,1,quasar,0.8125295042991638,1,quasar,0.5921927094459534,2,star,0.5361939072608948
984,1,quasar,2,star,False,2,star,False,True,2,star,0.6503689289093018,2,star,0.7806346416473389,2,star,0.5897812843322754,1,quasar,0.5010190606117249,2,star,0.819641649723053,2,star,0.5923774242401123
985,1,quasar,1,quasar,True,1,quasar,True,True,1,quasar,0.5578767657279968,1,quasar,0.7027823328971863,1,quasar,0.8018924593925476,2,star,0.5746757984161377,1,quasar,0.8369690775871277,1,quasar,0.771726667881012
986,1,quasar,1,quasar,True,1,quasar,True,True,1,quasar,0.9320816397666931,1,quasar,0.9712256193161011,1,quasar,0.8517404794692993,1,quasar,0.7994658350944519,1,quasar,0.923751950263977,1,quasar,0.5573963522911072
987,1,quasar,1,quasar,True,1,quasar,True,True,1,quasar,0.6369836330413818,1,quasar,0.7192269563674927,1,quasar,0.6387437582015991,1,quasar,0.6594048142433167,1,quasar,0.7843540906906128,2,star,0.5796473622322083
988,1,quasar,1,quasar,True,1,quasar,True,True,2,star,0.5836774706840515,1,quasar,0.941336452960968,1,quasar,0.8634010553359985,1,quasar,0.7850075364112854,1,quasar,0.7832648754119873,2,star,0.534020185470581
989,1,quasar,0,galaxy,False,0,galaxy,False,True,0,galaxy,0.9272910952568054,0,galaxy,0.8041905164718628,0,galaxy,0.9277553558349609,0,galaxy,0.9331253170967102,0,galaxy,0.9947260022163391,0,galaxy,0.49603942036628723
990,1,quasar,1,quasar,True,1,quasar,True,True,1,quasar,0.954887330532074,1,quasar,0.9926813244819641,1,quasar,0.7747291326522827,1,quasar,0.8187259435653687,1,quasar,0.8098142147064209,1,quasar,0.6832608580589294
991,1,quasar,1,quasar,True,1,quasar,True,True,1,quasar,0.8538849949836731,1,quasar,0.7927715182304382,1,quasar,0.8438506722450256,1,quasar,0.7807732820510864,1,quasar,0.6357117295265198,1,quasar,0.5813078880310059
992,1,quasar,1,quasar,True,1,quasar,True,True,1,quasar,0.7340617775917053,1,quasar,0.9526255130767822,1,quasar,0.8386292457580566,1,quasar,0.6363270878791809,1,quasar,0.7999218106269836,1,quasar,0.7206727266311646
993,1,quasar,1,quasar,True,1,quasar,True,True,1,quasar,0.7633823156356812,1,quasar,0.9227177500724792,1,quasar,0.6949702501296997,1,quasar,0.7911658883094788,2,star,0.6103233695030212,1,quasar,0.485067218542099
994,1,quasar,1,quasar,True,1,quasar,True,True,1,quasar,0.7852072715759277,1,quasar,0.857921838760376,0,galaxy,0.47871389985084534,0,galaxy,0.7910359501838684,1,quasar,0.6984906196594238,1,quasar,0.48398175835609436
995,1,quasar,1,quasar,True,1,quasar,True,True,1,quasar,0.7278580665588379,1,quasar,0.7821169495582581,1,quasar,0.8555976748466492,1,quasar,0.7804866433143616,1,quasar,0.7008858323097229,1,quasar,0.49156397581100464
996,1,quasar,1,quasar,True,1,quasar,True,True,1,quasar,0.6364786624908447,1,quasar,0.7305313348770142,1,quasar,0.5304040908813477,1,quasar,0.8096299171447754,1,quasar,0.742377758026123,2,star,0.5250303149223328
997,1,quasar,1,quasar,True,1,quasar,True,True,1,quasar,0.8006551265716553,1,quasar,0.9876736998558044,1,quasar,0.8202933073043823,1,quasar,0.7943419218063354,1,quasar,0.6444391012191772,2,star,0.48494160175323486
998,1,quasar,1,quasar,True,1,quasar,True,True,1,quasar,0.7458319067955017,1,quasar,0.9506596326828003,1,quasar,0.8524245619773865,1,quasar,0.7954382300376892,1,quasar,0.6135058999061584,1,quasar,0.6447525024414062
999,1,quasar,1,quasar,True,1,quasar,True,True,1,quasar,0.580104410648346,1,quasar,0.896462082862854,1,quasar,0.5044277906417847,1,quasar,0.6205967664718628,1,quasar,0.5953646302223206,1,quasar,0.4641737937927246
1000,1,quasar,1,quasar,True,1,quasar,True,True,1,quasar,0.6098620295524597,1,quasar,0.8742475509643555,1,quasar,0.8069896101951599,1,quasar,0.7246829271316528,1,quasar,0.8863746523857117,1,quasar,0.5001047849655151
1001,1,quasar,1,quasar,True,1,quasar,True,True,1,quasar,0.5993197560310364,1,quasar,0.5189250111579895,1,quasar,0.8491705060005188,1,quasar,0.6283998489379883,1,quasar,0.709282636642456,1,quasar,0.5064152479171753
1002,1,quasar,1,quasar,True,1,quasar,True,True,1,quasar,0.6489980220794678,1,quasar,0.9770516753196716,1,quasar,0.834938108921051,1,quasar,0.7279374599456787,1,quasar,0.7400010228157043,2,star,0.4209233224391937
1003,1,quasar,1,quasar,True,1,quasar,True,True,1,quasar,0.809436023235321,1,quasar,0.986842691898346,1,quasar,0.8706020712852478,1,quasar,0.7912137508392334,1,quasar,0.9696964025497437,1,quasar,0.49702751636505127
1004,1,quasar,1,quasar,True,1,quasar,True,True,1,quasar,0.625458836555481,1,quasar,0.8589293360710144,1,quasar,0.797075629234314,1,quasar,0.8209744691848755,1,quasar,0.778228759765625,2,star,0.858807384967804
1005,1,quasar,1,quasar,True,1,quasar,True,True,1,quasar,0.6180729866027832,1,quasar,0.937471330165863,1,quasar,0.815546452999115,2,star,0.6096009016036987,1,quasar,0.8317362070083618,1,quasar,0.682996928691864
1006,1,quasar,1,quasar,True,1,quasar,True,True,1,quasar,0.5855964422225952,1,quasar,0.9222819209098816,1,quasar,0.8571488261222839,1,quasar,0.7753283977508545,1,quasar,0.6788567304611206,1,quasar,0.6530362963676453
1007,1,quasar,1,quasar,True,1,quasar,True,True,1,quasar,0.8029597401618958,1,quasar,0.973000168800354,1,quasar,0.7060143351554871,1,quasar,0.7836425304412842,1,quasar,0.7317283153533936,1,quasar,0.45946791768074036
1008,1,quasar,1,quasar,True,1,quasar,True,True,1,quasar,0.7581029534339905,1,quasar,0.7920311093330383,1,quasar,0.6460949778556824,1,quasar,0.789554238319397,1,quasar,0.7833050489425659,2,star,0.655245840549469
1009,1,quasar,1,quasar,True,1,quasar,True,True,1,quasar,0.8129295110702515,1,quasar,0.6279738545417786,2,star,0.6874162554740906,1,quasar,0.5836617946624756,1,quasar,0.9714025855064392,1,quasar,0.6191391348838806
1010,1,quasar,2,star,False,2,star,False,True,2,star,0.9393995404243469,1,quasar,0.8973272442817688,2,star,0.845520555973053,2,star,0.41860082745552063,1,quasar,0.7385358810424805,2,star,0.8686724305152893
1011,1,quasar,1,quasar,True,1,quasar,True,True,1,quasar,0.6305362582206726,1,quasar,0.7293373942375183,1,quasar,0.7880071997642517,1,quasar,0.7933022379875183,1,quasar,0.8217511773109436,2,star,0.4946879744529724
1012,1,quasar,1,quasar,True,1,quasar,True,True,1,quasar,0.6253313422203064,1,quasar,0.6875216364860535,0,galaxy,0.3894314765930176,1,quasar,0.5943335294723511,1,quasar,0.8281164169311523,2,star,0.7019520998001099
1013,1,quasar,1,quasar,True,1,quasar,True,True,2,star,0.5093896985054016,1,quasar,0.7755016088485718,1,quasar,0.8119851350784302,1,quasar,0.7238848805427551,1,quasar,0.9775195121765137,1,quasar,0.4699547588825226
1014,1,quasar,1,quasar,True,1,quasar,True,True,1,quasar,0.8856240510940552,1,quasar,0.9539557695388794,1,quasar,0.8215307593345642,1,quasar,0.6939444541931152,1,quasar,0.9249197840690613,2,star,0.436087965965271
1015,1,quasar,1,quasar,True,1,quasar,True,True,1,quasar,0.9629199504852295,1,quasar,0.9850577712059021,1,quasar,0.7843765616416931,1,quasar,0.7857925891876221,1,quasar,0.9135952591896057,1,quasar,0.656796395778656
1016,1,quasar,1,quasar,True,1,quasar,True,True,1,quasar,0.7359733581542969,1,quasar,0.9887322187423706,1,quasar,0.8620067834854126,1,quasar,0.8084563612937927,1,quasar,0.979320764541626,1,quasar,0.4989481568336487
1017,1,quasar,1,quasar,True,1,quasar,True,True,1,quasar,0.9509215950965881,1,quasar,0.9854037165641785,1,quasar,0.8717201352119446,1,quasar,0.8089931011199951,1,quasar,0.9301934242248535,1,quasar,0.7776830196380615
1018,1,quasar,1,quasar,True,1,quasar,True,True,1,quasar,0.9776027798652649,1,quasar,0.9836470484733582,1,quasar,0.8146739602088928,1,quasar,0.810553252696991,1,quasar,0.9556151628494263,1,quasar,0.6617156267166138
1019,1,quasar,1,quasar,True,1,quasar,True,True,1,quasar,0.9428687691688538,1,quasar,0.9507047533988953,1,quasar,0.8424628376960754,1,quasar,0.8049471974372864,1,quasar,0.8360134959220886,1,quasar,0.6645545959472656
1020,1,quasar,1,quasar,True,1,quasar,True,True,1,quasar,0.6628577709197998,1,quasar,0.9657903909683228,1,quasar,0.6425225734710693,1,quasar,0.7770055532455444,1,quasar,0.599382221698761,1,quasar,0.8214361071586609
1021,1,quasar,0,galaxy,False,0,galaxy,False,True,1,quasar,0.5358663201332092,1,quasar,0.6973153948783875,0,galaxy,0.9146884679794312,0,galaxy,0.7049356698989868,1,quasar,0.7727434635162354,0,galaxy,0.4776931405067444
1022,1,quasar,1,quasar,True,1,quasar,True,True,1,quasar,0.7080093026161194,1,quasar,0.9734343886375427,1,quasar,0.8607879281044006,1,quasar,0.817671000957489,1,quasar,0.9651117920875549,1,quasar,0.7003118395805359
1023,1,quasar,1,quasar,True,1,quasar,True,True,1,quasar,0.7775858640670776,1,quasar,0.9524899125099182,1,quasar,0.7815446853637695,2,star,0.4759627878665924,1,quasar,0.8306692242622375,1,quasar,0.5882213115692139
1024,1,quasar,1,quasar,True,1,quasar,True,True,1,quasar,0.8441997766494751,1,quasar,0.994559109210968,1,quasar,0.6778459548950195,1,quasar,0.7759488821029663,1,quasar,0.9734679460525513,1,quasar,0.6237109899520874
1025,1,quasar,1,quasar,True,1,quasar,True,True,1,quasar,0.6328526735305786,1,quasar,0.9311285614967346,1,quasar,0.7564281225204468,1,quasar,0.6175984740257263,1,quasar,0.9342842102050781,1,quasar,0.4874034821987152
1026,1,quasar,1,quasar,True,1,quasar,True,True,1,quasar,0.59202641248703,1,quasar,0.9642388224601746,1,quasar,0.8501719832420349,1,quasar,0.6926230788230896,1,quasar,0.9373063445091248,1,quasar,0.42245155572891235
1027,1,quasar,1,quasar,True,1,quasar,True,True,1,quasar,0.7684605121612549,1,quasar,0.8494932055473328,1,quasar,0.7415664196014404,1,quasar,0.6797390580177307,1,quasar,0.9444857835769653,0,galaxy,0.8331291079521179
1028,1,quasar,1,quasar,True,1,quasar,True,True,1,quasar,0.8565841317176819,1,quasar,0.9861835241317749,1,quasar,0.7962920665740967,1,quasar,0.7898560166358948,1,quasar,0.9262043833732605,1,quasar,0.5456556081771851
1029,1,quasar,1,quasar,True,1,quasar,True,True,1,quasar,0.793450117111206,1,quasar,0.9473404884338379,1,quasar,0.8351151347160339,1,quasar,0.6383703947067261,1,quasar,0.8446440696716309,0,galaxy,0.48342761397361755
1030,1,quasar,1,quasar,True,1,quasar,True,True,1,quasar,0.8038355112075806,1,quasar,0.684087872505188,1,quasar,0.5673179030418396,1,quasar,0.4541774392127991,1,quasar,0.9801204800605774,1,quasar,0.7123413681983948
1031,1,quasar,1,quasar,True,1,quasar,True,True,1,quasar,0.7323868274688721,1,quasar,0.8940598964691162,1,quasar,0.614585816860199,1,quasar,0.5483987927436829,1,quasar,0.8634987473487854,2,star,0.4538521468639374
1032,1,quasar,1,quasar,True,1,quasar,True,True,1,quasar,0.7629950046539307,1,quasar,0.528240978717804,1,quasar,0.7152486443519592,1,quasar,0.5515152812004089,1,quasar,0.9558190107345581,2,star,0.6117333769798279
1033,1,quasar,1,quasar,True,1,quasar,True,True,1,quasar,0.7082052826881409,1,quasar,0.9836941361427307,1,quasar,0.8577007055282593,1,quasar,0.5082386136054993,1,quasar,0.9010828137397766,2,star,0.5010972619056702
1034,1,quasar,1,quasar,True,1,quasar,True,True,1,quasar,0.7818424105644226,1,quasar,0.9694924354553223,1,quasar,0.8554753065109253,1,quasar,0.6825880408287048,1,quasar,0.9672547578811646,1,quasar,0.6586962342262268
1035,1,quasar,1,quasar,True,1,quasar,True,True,1,quasar,0.912936270236969,1,quasar,0.920274555683136,1,quasar,0.7368862628936768,2,star,0.612996518611908,1,quasar,0.7430862784385681,1,quasar,0.7388418316841125
1036,1,quasar,1,quasar,True,1,quasar,True,True,1,quasar,0.9340572953224182,1,quasar,0.9355462193489075,1,quasar,0.743876039981842,1,quasar,0.7922278642654419,1,quasar,0.915118932723999,1,quasar,0.7575128674507141
1037,1,quasar,1,quasar,True,1,quasar,True,True,2,star,0.7083817720413208,1,quasar,0.7793235182762146,1,quasar,0.7649607062339783,1,quasar,0.790626049041748,1,quasar,0.7919475436210632,1,quasar,0.6192258596420288
1038,1,quasar,1,quasar,True,1,quasar,True,True,1,quasar,0.9349462389945984,1,quasar,0.7657892107963562,1,quasar,0.487958163022995,0,galaxy,0.8706958889961243,1,quasar,0.7641839981079102,1,quasar,0.6067579984664917
1039,1,quasar,1,quasar,True,1,quasar,True,True,1,quasar,0.9296339750289917,1,quasar,0.9144995212554932,1,quasar,0.8229729533195496,1,quasar,0.6724165678024292,1,quasar,0.6909890174865723,1,quasar,0.6236032247543335
1040,1,quasar,1,quasar,True,1,quasar,True,True,1,quasar,0.6449547410011292,1,quasar,0.9623991847038269,1,quasar,0.8092208504676819,1,quasar,0.8017754554748535,1,quasar,0.9365044236183167,1,quasar,0.7127745151519775
1041,1,quasar,1,quasar,True,1,quasar,True,True,1,quasar,0.9456914067268372,1,quasar,0.9946938157081604,1,quasar,0.8404374718666077,1,quasar,0.7103408575057983,1,quasar,0.9134523868560791,1,quasar,0.7708224654197693
1042,1,quasar,1,quasar,True,1,quasar,True,True,1,quasar,0.6678968071937561,1,quasar,0.9919874668121338,1,quasar,0.817160427570343,1,quasar,0.8058479428291321,1,quasar,0.7575768232345581,1,quasar,0.7372437715530396
1043,1,quasar,1,quasar,True,1,quasar,True,True,1,quasar,0.8754732608795166,1,quasar,0.9752265214920044,1,quasar,0.837655246257782,1,quasar,0.8193414807319641,1,quasar,0.8007476925849915,1,quasar,0.4812937378883362
1044,1,quasar,1,quasar,True,1,quasar,True,True,1,quasar,0.9562820196151733,1,quasar,0.9918328523635864,1,quasar,0.8107183575630188,1,quasar,0.773675799369812,1,quasar,0.8191627264022827,1,quasar,0.7401283979415894
1045,1,quasar,1,quasar,True,1,quasar,True,True,1,quasar,0.5132917165756226,1,quasar,0.8387529253959656,2,star,0.6569312214851379,1,quasar,0.6621674299240112,1,quasar,0.9757499098777771,2,star,0.5755193829536438
1046,1,quasar,1,quasar,True,1,quasar,True,True,1,quasar,0.5578122138977051,1,quasar,0.7385627031326294,0,galaxy,0.818921685218811,1,quasar,0.5138039588928223,1,quasar,0.7279489636421204,1,quasar,0.5385161638259888
1047,1,quasar,1,quasar,True,1,quasar,True,True,1,quasar,0.8529377579689026,1,quasar,0.9923185110092163,1,quasar,0.6109088659286499,1,quasar,0.6175155639648438,1,quasar,0.8738052248954773,0,galaxy,0.5043590664863586
1048,1,quasar,1,quasar,True,1,quasar,True,True,1,quasar,0.9053344130516052,1,quasar,0.986410915851593,1,quasar,0.8149310946464539,1,quasar,0.8104771375656128,1,quasar,0.9149595499038696,1,quasar,0.6741441488265991
1049,1,quasar,1,quasar,True,1,quasar,True,True,1,quasar,0.9209384322166443,1,quasar,0.9413633942604065,1,quasar,0.7925605177879333,1,quasar,0.8170474171638489,1,quasar,0.8705180883407593,1,quasar,0.6643598675727844
1050,1,quasar,1,quasar,True,1,quasar,True,True,1,quasar,0.7989235520362854,1,quasar,0.959609866142273,1,quasar,0.8259979486465454,1,quasar,0.7970623970031738,1,quasar,0.9486789107322693,1,quasar,0.5814082622528076
1051,1,quasar,1,quasar,True,1,quasar,True,True,2,star,0.7426843643188477,1,quasar,0.8711287975311279,1,quasar,0.7871970534324646,1,quasar,0.5463858246803284,1,quasar,0.8042341470718384,1,quasar,0.5801792144775391
1052,1,quasar,1,quasar,True,1,quasar,True,True,1,quasar,0.9626467823982239,1,quasar,0.909831166267395,1,quasar,0.8265766501426697,1,quasar,0.6365358233451843,1,quasar,0.811926543712616,1,quasar,0.693463921546936
1053,1,quasar,1,quasar,True,1,quasar,True,True,1,quasar,0.7217932343482971,1,quasar,0.994484007358551,1,quasar,0.8472858667373657,1,quasar,0.806077778339386,1,quasar,0.7537431716918945,1,quasar,0.7071760296821594
1054,1,quasar,1,quasar,True,1,quasar,True,True,1,quasar,0.9686374068260193,1,quasar,0.934033989906311,1,quasar,0.5687577724456787,1,quasar,0.5968390703201294,1,quasar,0.739161491394043,1,quasar,0.6526037454605103
1055,1,quasar,1,quasar,True,1,quasar,True,True,1,quasar,0.6856206059455872,1,quasar,0.6055965423583984,1,quasar,0.6284594535827637,1,quasar,0.6560143828392029,1,quasar,0.8927536606788635,0,galaxy,0.5785895586013794
1056,1,quasar,1,quasar,True,1,quasar,True,True,1,quasar,0.557634711265564,1,quasar,0.8838278651237488,1,quasar,0.8334219455718994,1,quasar,0.7551621198654175,1,quasar,0.8221272230148315,1,quasar,0.5815876722335815
1057,1,quasar,1,quasar,True,1,quasar,True,True,2,star,0.55137699842453,1,quasar,0.8582779765129089,1,quasar,0.8360415101051331,1,quasar,0.8076062798500061,1,quasar,0.8794940114021301,1,quasar,0.5914211273193359
1058,1,quasar,1,quasar,True,1,quasar,True,True,1,quasar,0.9241898655891418,1,quasar,0.8778803944587708,1,quasar,0.8320046663284302,1,quasar,0.7788566946983337,1,quasar,0.9387758374214172,1,quasar,0.7154211401939392
1059,1,quasar,1,quasar,True,1,quasar,True,True,1,quasar,0.8664515614509583,1,quasar,0.9365519881248474,1,quasar,0.8564099073410034,1,quasar,0.7922800183296204,1,quasar,0.9317408204078674,1,quasar,0.7118080258369446
1060,1,quasar,1,quasar,True,1,quasar,True,True,1,quasar,0.9356369972229004,1,quasar,0.9270607829093933,1,quasar,0.8718845844268799,1,quasar,0.8060194849967957,1,quasar,0.9624424576759338,1,quasar,0.6519950032234192
1061,1,quasar,1,quasar,True,1,quasar,True,True,1,quasar,0.9159693717956543,1,quasar,0.9499334692955017,1,quasar,0.8331228494644165,1,quasar,0.6190215945243835,1,quasar,0.84609055519104,1,quasar,0.5925698280334473
1062,1,quasar,1,quasar,True,1,quasar,True,True,1,quasar,0.6656261682510376,1,quasar,0.9812791347503662,1,quasar,0.7781684994697571,1,quasar,0.6675083637237549,1,quasar,0.8826018571853638,1,quasar,0.5570712685585022
1063,1,quasar,1,quasar,True,1,quasar,True,True,1,quasar,0.8110744953155518,1,quasar,0.9579467177391052,1,quasar,0.7553079128265381,1,quasar,0.608868420124054,1,quasar,0.8747881054878235,1,quasar,0.5620282888412476
1064,1,quasar,1,quasar,True,1,quasar,True,True,2,star,0.5128582119941711,1,quasar,0.9933039546012878,1,quasar,0.8551176190376282,1,quasar,0.7537078261375427,1,quasar,0.9128897786140442,1,quasar,0.6651922464370728
1065,1,quasar,1,quasar,True,1,quasar,True,True,1,quasar,0.6357179284095764,1,quasar,0.9814301133155823,1,quasar,0.6251581311225891,1,quasar,0.6228563189506531,1,quasar,0.8055256605148315,1,quasar,0.5884810090065002
1066,1,quasar,1,quasar,True,1,quasar,True,True,1,quasar,0.6139485239982605,1,quasar,0.9278091192245483,1,quasar,0.8578070998191833,1,quasar,0.7906177639961243,1,quasar,0.9292300939559937,1,quasar,0.4937620759010315
1067,1,quasar,1,quasar,True,1,quasar,True,True,1,quasar,0.8084484338760376,1,quasar,0.9924649000167847,1,quasar,0.7887040972709656,1,quasar,0.7920346856117249,1,quasar,0.8998149037361145,1,quasar,0.7293711304664612
1068,1,quasar,1,quasar,True,1,quasar,True,True,1,quasar,0.9750983119010925,1,quasar,0.9621058702468872,1,quasar,0.7702898979187012,1,quasar,0.6353179812431335,1,quasar,0.7955103516578674,1,quasar,0.7994641661643982
1069,1,quasar,1,quasar,True,1,quasar,True,True,1,quasar,0.7325627207756042,1,quasar,0.9003726243972778,1,quasar,0.7911750674247742,1,quasar,0.8007202744483948,1,quasar,0.7471027374267578,1,quasar,0.5373932719230652
1070,1,quasar,1,quasar,True,1,quasar,True,True,2,star,0.6753742098808289,1,quasar,0.888715922832489,1,quasar,0.6623518466949463,1,quasar,0.6150718331336975,1,quasar,0.9231424927711487,1,quasar,0.42718955874443054
1071,1,quasar,1,quasar,True,1,quasar,True,True,1,quasar,0.8652483820915222,1,quasar,0.812061071395874,1,quasar,0.8146073222160339,1,quasar,0.6919658184051514,1,quasar,0.9552163481712341,1,quasar,0.5600786209106445
1072,1,quasar,1,quasar,True,1,quasar,True,True,1,quasar,0.9418983459472656,1,quasar,0.9259868264198303,1,quasar,0.8654923439025879,1,quasar,0.5915504693984985,1,quasar,0.7862783074378967,1,quasar,0.8435572385787964
1073,1,quasar,1,quasar,True,1,quasar,True,True,1,quasar,0.8811089396476746,1,quasar,0.9302407503128052,1,quasar,0.857944905757904,1,quasar,0.6664106249809265,1,quasar,0.9823051691055298,1,quasar,0.6856436133384705
1074,1,quasar,1,quasar,True,1,quasar,True,True,1,quasar,0.8673503994941711,1,quasar,0.9813608527183533,1,quasar,0.8559820652008057,1,quasar,0.8165232539176941,1,quasar,0.9339958429336548,1,quasar,0.818533718585968
1075,1,quasar,1,quasar,True,1,quasar,True,True,1,quasar,0.6765199303627014,1,quasar,0.6978470087051392,1,quasar,0.84259432554245,1,quasar,0.804952085018158,1,quasar,0.9186832308769226,1,quasar,0.569994330406189
1076,1,quasar,1,quasar,True,1,quasar,True,True,1,quasar,0.9593385457992554,1,quasar,0.9849796891212463,1,quasar,0.8576193451881409,1,quasar,0.7973372340202332,1,quasar,0.9402138590812683,1,quasar,0.6386949419975281
1077,1,quasar,1,quasar,True,1,quasar,True,True,1,quasar,0.8883962631225586,1,quasar,0.9744254946708679,1,quasar,0.6915012001991272,1,quasar,0.6074527502059937,1,quasar,0.8453964591026306,1,quasar,0.6987877488136292
1078,1,quasar,1,quasar,True,1,quasar,True,True,1,quasar,0.953658938407898,1,quasar,0.9651550054550171,1,quasar,0.7518499493598938,1,quasar,0.6532866358757019,1,quasar,0.9496871829032898,1,quasar,0.8069774508476257
1079,1,quasar,1,quasar,True,1,quasar,True,True,1,quasar,0.9054103493690491,1,quasar,0.9968563318252563,1,quasar,0.818835973739624,1,quasar,0.7937383651733398,1,quasar,0.7478102445602417,1,quasar,0.8082174062728882
1080,1,quasar,1,quasar,True,1,quasar,True,True,1,quasar,0.9799485206604004,1,quasar,0.9950320720672607,1,quasar,0.8750112652778625,1,quasar,0.7797057032585144,1,quasar,0.9420117735862732,1,quasar,0.8990666270256042
1081,1,quasar,1,quasar,True,1,quasar,True,True,1,quasar,0.6390199065208435,1,quasar,0.9890174865722656,0,galaxy,0.8029711246490479,0,galaxy,0.9054578542709351,1,quasar,0.8084193468093872,1,quasar,0.6535751223564148
1082,1,quasar,1,quasar,True,1,quasar,True,True,1,quasar,0.9467800855636597,1,quasar,0.9969325065612793,1,quasar,0.8493807315826416,1,quasar,0.774352490901947,1,quasar,0.7889121770858765,1,quasar,0.7914541959762573
1083,1,quasar,1,quasar,True,1,quasar,True,True,1,quasar,0.9885801672935486,1,quasar,0.9671789407730103,1,quasar,0.8502241969108582,1,quasar,0.6050639152526855,1,quasar,0.9588744044303894,1,quasar,0.7892246246337891
1084,1,quasar,1,quasar,True,1,quasar,True,True,1,quasar,0.919732391834259,1,quasar,0.9390439987182617,1,quasar,0.8257433176040649,1,quasar,0.7023187279701233,1,quasar,0.8933150768280029,1,quasar,0.6477779150009155
1085,1,quasar,1,quasar,True,1,quasar,True,True,1,quasar,0.9303046464920044,1,quasar,0.9874909520149231,1,quasar,0.841788113117218,1,quasar,0.7711276412010193,1,quasar,0.7670936584472656,1,quasar,0.6146963834762573
1086,1,quasar,1,quasar,True,1,quasar,True,True,1,quasar,0.9850934743881226,1,quasar,0.9924113750457764,1,quasar,0.8611685037612915,1,quasar,0.7862126231193542,1,quasar,0.9548792243003845,1,quasar,0.8255684971809387
1087,1,quasar,1,quasar,True,1,quasar,True,True,1,quasar,0.8963561058044434,1,quasar,0.9903846979141235,1,quasar,0.8695416450500488,1,quasar,0.7978032827377319,1,quasar,0.9832887053489685,1,quasar,0.8160354495048523
1088,1,quasar,1,quasar,True,1,quasar,True,True,1,quasar,0.8699973821640015,1,quasar,0.9402451515197754,1,quasar,0.8276156783103943,1,quasar,0.753044068813324,1,quasar,0.8707480430603027,1,quasar,0.5661354660987854
1089,1,quasar,1,quasar,True,1,quasar,True,True,2,star,0.5816123485565186,2,star,0.5388152599334717,1,quasar,0.6437435150146484,1,quasar,0.5244931578636169,1,quasar,0.8844703435897827,1,quasar,0.5800225138664246
1090,1,quasar,1,quasar,True,1,quasar,True,True,1,quasar,0.9909018874168396,1,quasar,0.9994478821754456,1,quasar,0.8716722130775452,1,quasar,0.8008169531822205,1,quasar,0.9389593005180359,1,quasar,0.9129048585891724
1091,1,quasar,1,quasar,True,1,quasar,True,True,1,quasar,0.9281165599822998,1,quasar,0.9686936736106873,1,quasar,0.8239026665687561,1,quasar,0.7547648549079895,1,quasar,0.767193078994751,1,quasar,0.5048497319221497
1092,1,quasar,1,quasar,True,1,quasar,True,True,1,quasar,0.9732689261436462,1,quasar,0.9936742782592773,1,quasar,0.8469287157058716,1,quasar,0.79776930809021,1,quasar,0.915297269821167,1,quasar,0.8044117093086243
1093,1,quasar,1,quasar,True,1,quasar,True,True,1,quasar,0.913372814655304,1,quasar,0.9481427669525146,1,quasar,0.7237141728401184,2,star,0.5826134085655212,1,quasar,0.9527276754379272,1,quasar,0.6239022612571716
1094,1,quasar,1,quasar,True,1,quasar,True,True,1,quasar,0.9594915509223938,1,quasar,0.8811913132667542,1,quasar,0.8594391942024231,1,quasar,0.6542856693267822,1,quasar,0.8709598779678345,1,quasar,0.5617877840995789
1095,1,quasar,1,quasar,True,1,quasar,True,True,1,quasar,0.9262775182723999,1,quasar,0.9879677295684814,1,quasar,0.8449878096580505,1,quasar,0.7905610799789429,1,quasar,0.8715550899505615,1,quasar,0.6224051117897034
1096,1,quasar,1,quasar,True,1,quasar,True,True,1,quasar,0.7526968121528625,1,quasar,0.9850163459777832,1,quasar,0.8048204183578491,1,quasar,0.6600330471992493,1,quasar,0.8428410291671753,1,quasar,0.6093220710754395
1097,1,quasar,1,quasar,True,1,quasar,True,True,1,quasar,0.8929455280303955,1,quasar,0.9782640933990479,1,quasar,0.8645774722099304,1,quasar,0.5813187956809998,1,quasar,0.9588698744773865,1,quasar,0.845785915851593
1098,1,quasar,1,quasar,True,1,quasar,True,True,1,quasar,0.9280366897583008,1,quasar,0.9946655035018921,1,quasar,0.8328758478164673,1,quasar,0.7882375121116638,1,quasar,0.7633405923843384,1,quasar,0.8256495594978333
1099,1,quasar,1,quasar,True,1,quasar,True,True,1,quasar,0.9518359303474426,1,quasar,0.9939092397689819,1,quasar,0.7407092452049255,1,quasar,0.7393001914024353,1,quasar,0.8388208150863647,1,quasar,0.7932432889938354
1100,1,quasar,1,quasar,True,1,quasar,True,True,1,quasar,0.8828164339065552,1,quasar,0.9975589513778687,1,quasar,0.8337381482124329,1,quasar,0.5117103457450867,1,quasar,0.9045163989067078,1,quasar,0.7202924489974976
1101,1,quasar,1,quasar,True,1,quasar,True,True,1,quasar,0.9753628373146057,1,quasar,0.9796707630157471,1,quasar,0.8443741202354431,1,quasar,0.7442639470100403,1,quasar,0.9077479839324951,1,quasar,0.7930760979652405
1102,1,quasar,1,quasar,True,1,quasar,True,True,1,quasar,0.9357160329818726,1,quasar,0.9971651434898376,1,quasar,0.8684889674186707,1,quasar,0.795567512512207,1,quasar,0.9114031195640564,1,quasar,0.8018688559532166
1103,1,quasar,1,quasar,True,1,quasar,True,True,1,quasar,0.8246489763259888,1,quasar,0.9687804579734802,1,quasar,0.8346611857414246,1,quasar,0.6204818487167358,1,quasar,0.7886654138565063,1,quasar,0.6620343327522278
1104,1,quasar,1,quasar,True,1,quasar,True,True,1,quasar,0.9090446829795837,1,quasar,0.9704424142837524,1,quasar,0.6007872819900513,1,quasar,0.5981019139289856,1,quasar,0.9026461839675903,1,quasar,0.7235461473464966
1105,1,quasar,1,quasar,True,1,quasar,True,True,1,quasar,0.9711592793464661,1,quasar,0.9963678121566772,1,quasar,0.861939549446106,1,quasar,0.8106350302696228,1,quasar,0.9248006939888,1,quasar,0.91489577293396
1106,1,quasar,1,quasar,True,1,quasar,True,True,1,quasar,0.9709774255752563,1,quasar,0.9941717982292175,1,quasar,0.8557140231132507,1,quasar,0.8235129714012146,1,quasar,0.9649302959442139,1,quasar,0.8416951894760132
1107,1,quasar,1,quasar,True,1,quasar,True,True,1,quasar,0.9560220837593079,1,quasar,0.9680312275886536,1,quasar,0.8372082114219666,1,quasar,0.7734217643737793,1,quasar,0.9048961400985718,1,quasar,0.7192457914352417
1108,1,quasar,1,quasar,True,1,quasar,True,True,1,quasar,0.9365514516830444,1,quasar,0.9908460974693298,1,quasar,0.8125933408737183,1,quasar,0.8132340908050537,1,quasar,0.9821257591247559,1,quasar,0.8955925703048706
1109,1,quasar,1,quasar,True,2,star,False,False,2,star,0.859947919845581,2,star,0.715979814529419,1,quasar,0.6002522110939026,1,quasar,0.6107470989227295,1,quasar,0.6414134502410889,2,star,0.5999006628990173
1110,1,quasar,1,quasar,True,1,quasar,True,True,1,quasar,0.8210263848304749,1,quasar,0.9811323285102844,1,quasar,0.5546534657478333,1,quasar,0.7855479121208191,1,quasar,0.7599980235099792,2,star,0.6867000460624695
1111,1,quasar,1,quasar,True,1,quasar,True,True,1,quasar,0.7649334669113159,1,quasar,0.9513773322105408,1,quasar,0.8625207543373108,1,quasar,0.609714150428772,1,quasar,0.881528377532959,2,star,0.47723013162612915
1112,1,quasar,1,quasar,True,1,quasar,True,True,1,quasar,0.8412050604820251,1,quasar,0.9558801054954529,1,quasar,0.8378856778144836,1,quasar,0.768624484539032,1,quasar,0.6692229509353638,2,star,0.3760544955730438
1113,1,quasar,1,quasar,True,1,quasar,True,True,1,quasar,0.9028757810592651,1,quasar,0.9792158007621765,1,quasar,0.850573718547821,1,quasar,0.7839308977127075,1,quasar,0.9638278484344482,1,quasar,0.4926769733428955
1114,1,quasar,1,quasar,True,1,quasar,True,True,1,quasar,0.5874640941619873,1,quasar,0.5961157083511353,1,quasar,0.7019210457801819,1,quasar,0.6893028616905212,1,quasar,0.972002387046814,2,star,0.40158143639564514
1115,1,quasar,1,quasar,True,1,quasar,True,True,1,quasar,0.840261697769165,1,quasar,0.8716535568237305,1,quasar,0.8060106039047241,1,quasar,0.6084010601043701,1,quasar,0.7379856109619141,2,star,0.5581225156784058
1116,1,quasar,1,quasar,True,1,quasar,True,True,1,quasar,0.7077862024307251,1,quasar,0.9251433610916138,1,quasar,0.85051429271698,1,quasar,0.7767664194107056,1,quasar,0.8838886618614197,1,quasar,0.6710430383682251
1117,1,quasar,1,quasar,True,1,quasar,True,True,2,star,0.6024978160858154,1,quasar,0.9385250210762024,1,quasar,0.7869654893875122,1,quasar,0.6875547170639038,1,quasar,0.8076300621032715,2,star,0.5739787817001343
1118,1,quasar,1,quasar,True,1,quasar,True,True,2,star,0.5081795454025269,1,quasar,0.9648779034614563,1,quasar,0.8579655289649963,1,quasar,0.7863419651985168,1,quasar,0.981580913066864,2,star,0.481550008058548
1119,1,quasar,1,quasar,True,1,quasar,True,True,2,star,0.5173000693321228,1,quasar,0.8279619812965393,1,quasar,0.8753825426101685,1,quasar,0.8104092478752136,1,quasar,0.9325963258743286,1,quasar,0.5269142985343933
1120,1,quasar,1,quasar,True,1,quasar,True,True,2,star,0.5115259289741516,1,quasar,0.8830830454826355,1,quasar,0.8569782376289368,1,quasar,0.7522481679916382,1,quasar,0.8241894245147705,2,star,0.500637948513031
1121,1,quasar,1,quasar,True,1,quasar,True,True,1,quasar,0.6113026738166809,1,quasar,0.9442963004112244,1,quasar,0.810502290725708,1,quasar,0.6125631928443909,1,quasar,0.802301824092865,1,quasar,0.4658687710762024
1122,1,quasar,1,quasar,True,1,quasar,True,True,1,quasar,0.6326451897621155,1,quasar,0.9022947549819946,1,quasar,0.8361823558807373,1,quasar,0.7929089665412903,1,quasar,0.9653345942497253,1,quasar,0.39258912205696106
1123,1,quasar,1,quasar,True,1,quasar,True,True,2,star,0.5907378792762756,1,quasar,0.9923054575920105,1,quasar,0.8513774275779724,1,quasar,0.7714165449142456,1,quasar,0.8260019421577454,2,star,0.49474096298217773
1124,1,quasar,1,quasar,True,1,quasar,True,True,1,quasar,0.6531436443328857,1,quasar,0.8667597770690918,1,quasar,0.8687114715576172,1,quasar,0.8194358944892883,1,quasar,0.6897611021995544,2,star,0.5429896712303162
1125,1,quasar,1,quasar,True,1,quasar,True,True,2,star,0.5014281272888184,1,quasar,0.5887356996536255,1,quasar,0.7828982472419739,1,quasar,0.7682936191558838,1,quasar,0.711824357509613,2,star,0.6531791687011719
1126,1,quasar,1,quasar,True,1,quasar,True,True,1,quasar,0.8046128749847412,1,quasar,0.9569987654685974,1,quasar,0.6098600625991821,1,quasar,0.7946481108665466,2,star,0.5433865785598755,1,quasar,0.39022934436798096
1127,1,quasar,1,quasar,True,1,quasar,True,True,1,quasar,0.7653033137321472,1,quasar,0.9501949548721313,1,quasar,0.865675151348114,1,quasar,0.789315402507782,1,quasar,0.9297330975532532,0,galaxy,0.5404858589172363
1128,1,quasar,1,quasar,True,2,star,False,False,2,star,0.734009325504303,2,star,0.824080765247345,1,quasar,0.6323524713516235,1,quasar,0.6846737861633301,1,quasar,0.6421957612037659,2,star,0.5060633420944214
1129,1,quasar,1,quasar,True,1,quasar,True,True,2,star,0.5461382269859314,1,quasar,0.5036872029304504,1,quasar,0.8239465951919556,1,quasar,0.7044900059700012,1,quasar,0.9295141696929932,2,star,0.8639803528785706
1130,1,quasar,1,quasar,True,1,quasar,True,True,1,quasar,0.5652692317962646,2,star,0.5340917110443115,1,quasar,0.7744694948196411,1,quasar,0.6558805108070374,1,quasar,0.8630538582801819,1,quasar,0.3556094169616699
1131,1,quasar,2,star,False,2,star,False,True,2,star,0.5351947546005249,2,star,0.44568854570388794,1,quasar,0.6536257863044739,2,star,0.6693576574325562,2,star,0.951598584651947,2,star,0.712948203086853
1132,1,quasar,1,quasar,True,1,quasar,True,True,1,quasar,0.629002034664154,1,quasar,0.8884508609771729,1,quasar,0.8580195307731628,1,quasar,0.7500020861625671,1,quasar,0.9030308127403259,1,quasar,0.5083476305007935
1133,1,quasar,1,quasar,True,1,quasar,True,True,1,quasar,0.6136207580566406,1,quasar,0.9272581934928894,1,quasar,0.7865663766860962,1,quasar,0.8132457733154297,1,quasar,0.9110156297683716,2,star,0.6105309724807739
1134,1,quasar,1,quasar,True,1,quasar,True,True,1,quasar,0.8473041653633118,1,quasar,0.9179322123527527,1,quasar,0.819902777671814,1,quasar,0.7904808521270752,1,quasar,0.7105059623718262,1,quasar,0.6595433950424194
1135,1,quasar,1,quasar,True,1,quasar,True,True,1,quasar,0.7604371309280396,1,quasar,0.9681452512741089,1,quasar,0.8626707792282104,1,quasar,0.8113548159599304,1,quasar,0.9316787123680115,2,star,0.5479421615600586
1136,1,quasar,1,quasar,True,1,quasar,True,True,2,star,0.49866312742233276,1,quasar,0.881424605846405,1,quasar,0.8005605340003967,1,quasar,0.6231249570846558,1,quasar,0.9031773209571838,1,quasar,0.5607220530509949
1137,1,quasar,1,quasar,True,1,quasar,True,True,1,quasar,0.6138391494750977,1,quasar,0.9819356799125671,1,quasar,0.7868402600288391,1,quasar,0.7887689471244812,2,star,0.5169204473495483,2,star,0.8257578611373901
1138,1,quasar,1,quasar,True,1,quasar,True,True,1,quasar,0.5823737978935242,1,quasar,0.9821762442588806,1,quasar,0.7447705268859863,1,quasar,0.7098358869552612,1,quasar,0.9292199015617371,2,star,0.47096383571624756
1139,1,quasar,1,quasar,True,1,quasar,True,True,2,star,0.46846386790275574,1,quasar,0.6136308312416077,1,quasar,0.7882973551750183,1,quasar,0.604693591594696,1,quasar,0.836081326007843,0,galaxy,0.44876885414123535
1140,1,quasar,1,quasar,True,1,quasar,True,True,1,quasar,0.35412856936454773,1,quasar,0.9319283962249756,0,galaxy,0.3897281587123871,2,star,0.36681291460990906,1,quasar,0.9259026646614075,2,star,0.48066413402557373
1141,1,quasar,1,quasar,True,1,quasar,True,True,1,quasar,0.87986820936203,1,quasar,0.9626254439353943,1,quasar,0.8544505834579468,1,quasar,0.7916989922523499,1,quasar,0.8940416574478149,1,quasar,0.38204219937324524
1142,1,quasar,1,quasar,True,1,quasar,True,True,1,quasar,0.7364065051078796,1,quasar,0.7794830799102783,1,quasar,0.5184911489486694,1,quasar,0.6165467500686646,1,quasar,0.8700457811355591,0,galaxy,0.5047858953475952
1143,1,quasar,1,quasar,True,1,quasar,True,True,1,quasar,0.5050206780433655,1,quasar,0.6195858120918274,2,star,0.5232976078987122,1,quasar,0.5514523983001709,1,quasar,0.8353998064994812,2,star,0.5309613943099976
1144,1,quasar,1,quasar,True,1,quasar,True,True,1,quasar,0.6557037234306335,1,quasar,0.9240943789482117,1,quasar,0.6596747040748596,1,quasar,0.5137327313423157,1,quasar,0.7998793721199036,0,galaxy,0.5086275935173035
1145,1,quasar,1,quasar,True,1,quasar,True,True,1,quasar,0.6964760422706604,1,quasar,0.8160111308097839,1,quasar,0.851226806640625,1,quasar,0.7098526954650879,1,quasar,0.9008141160011292,2,star,0.5714567303657532
1146,1,quasar,1,quasar,True,1,quasar,True,True,1,quasar,0.6350079774856567,1,quasar,0.7135779857635498,1,quasar,0.780723512172699,1,quasar,0.8081210851669312,1,quasar,0.8018405437469482,2,star,0.4756685495376587
1147,1,quasar,1,quasar,True,1,quasar,True,True,2,star,0.5389540195465088,1,quasar,0.9584808349609375,1,quasar,0.7284285426139832,1,quasar,0.757552444934845,1,quasar,0.5575469732284546,0,galaxy,0.5399454236030579
1148,1,quasar,1,quasar,True,1,quasar,True,True,1,quasar,0.5660457611083984,1,quasar,0.753080427646637,1,quasar,0.769023597240448,1,quasar,0.7095528244972229,1,quasar,0.8039426207542419,0,galaxy,0.42610976099967957
1149,1,quasar,1,quasar,True,1,quasar,True,True,1,quasar,0.7552503347396851,1,quasar,0.8477003574371338,1,quasar,0.8229526281356812,1,quasar,0.6865689158439636,1,quasar,0.890792965888977,2,star,0.6012316942214966
1150,1,quasar,0,galaxy,False,1,quasar,True,False,1,quasar,0.546805739402771,1,quasar,0.9121362566947937,0,galaxy,0.8636940717697144,0,galaxy,0.8293780088424683,1,quasar,0.8441557884216309,0,galaxy,0.44726666808128357
1151,1,quasar,1,quasar,True,1,quasar,True,True,1,quasar,0.5748642683029175,1,quasar,0.5272422432899475,1,quasar,0.5901322364807129,2,star,0.5930345058441162,1,quasar,0.6557303667068481,2,star,0.5912564992904663
1152,1,quasar,0,galaxy,False,0,galaxy,False,True,0,galaxy,0.977901816368103,0,galaxy,0.974895715713501,0,galaxy,0.9709668755531311,0,galaxy,0.9741990566253662,0,galaxy,0.9842444062232971,0,galaxy,0.6554574370384216
1153,1,quasar,1,quasar,True,1,quasar,True,True,2,star,0.5595128536224365,1,quasar,0.7794966101646423,1,quasar,0.8246746063232422,1,quasar,0.6146836876869202,1,quasar,0.9749078154563904,2,star,0.6589860320091248
1154,1,quasar,2,star,False,2,star,False,True,1,quasar,0.5024650692939758,2,star,0.4117184281349182,2,star,0.5487042665481567,1,quasar,0.5462452173233032,0,galaxy,0.8976739048957825,2,star,0.4762444496154785
1155,1,quasar,0,galaxy,False,1,quasar,True,False,0,galaxy,0.379122257232666,1,quasar,0.9468353390693665,0,galaxy,0.6584981679916382,0,galaxy,0.6345239281654358,1,quasar,0.7784729599952698,0,galaxy,0.4950336813926697
1156,1,quasar,1,quasar,True,1,quasar,True,True,1,quasar,0.7983372807502747,1,quasar,0.9513413906097412,1,quasar,0.8461612462997437,1,quasar,0.8166221380233765,1,quasar,0.9284817576408386,2,star,0.4789592921733856
1157,1,quasar,1,quasar,True,1,quasar,True,True,1,quasar,0.7286152243614197,1,quasar,0.971936047077179,1,quasar,0.8129718899726868,1,quasar,0.7172850966453552,1,quasar,0.9052602648735046,1,quasar,0.46335113048553467
1158,1,quasar,1,quasar,True,1,quasar,True,True,2,star,0.8906198143959045,1,quasar,0.800669252872467,1,quasar,0.858456015586853,1,quasar,0.535550594329834,1,quasar,0.6836269497871399,1,quasar,0.5799204707145691
1159,1,quasar,1,quasar,True,1,quasar,True,True,1,quasar,0.7700607776641846,1,quasar,0.8604419827461243,1,quasar,0.7145021557807922,1,quasar,0.7601001858711243,1,quasar,0.8344370126724243,1,quasar,0.9941536784172058
1160,1,quasar,1,quasar,True,1,quasar,True,True,1,quasar,0.9741525650024414,1,quasar,0.9965329170227051,1,quasar,0.8792293667793274,1,quasar,0.8055108785629272,1,quasar,0.9704872965812683,1,quasar,0.8425611853599548
1161,1,quasar,1,quasar,True,1,quasar,True,True,1,quasar,0.7694472670555115,1,quasar,0.8583298921585083,1,quasar,0.8646473288536072,1,quasar,0.7467944622039795,1,quasar,0.9836581349372864,1,quasar,0.8058709502220154
1162,1,quasar,1,quasar,True,1,quasar,True,True,1,quasar,0.8225286602973938,2,star,0.6934189200401306,1,quasar,0.8245084881782532,1,quasar,0.6369341015815735,1,quasar,0.9169132113456726,2,star,0.5046543478965759
1163,1,quasar,1,quasar,True,1,quasar,True,True,1,quasar,0.9745016694068909,1,quasar,0.9683804512023926,1,quasar,0.8631079792976379,1,quasar,0.8240408897399902,1,quasar,0.8784024119377136,1,quasar,0.8143388628959656
1164,1,quasar,1,quasar,True,1,quasar,True,True,1,quasar,0.8350360989570618,1,quasar,0.811863362789154,1,quasar,0.8338044285774231,1,quasar,0.7997611165046692,1,quasar,0.9520503282546997,1,quasar,0.7389472126960754
1165,1,quasar,1,quasar,True,1,quasar,True,True,1,quasar,0.9782686829566956,1,quasar,0.9982548356056213,1,quasar,0.8641067743301392,1,quasar,0.78876793384552,1,quasar,0.8853701949119568,1,quasar,0.8442746996879578
1166,1,quasar,1,quasar,True,1,quasar,True,True,1,quasar,0.8349025249481201,1,quasar,0.8433026671409607,1,quasar,0.5677267909049988,1,quasar,0.7995278835296631,1,quasar,0.8353711366653442,1,quasar,0.7922473549842834
1167,1,quasar,1,quasar,True,1,quasar,True,True,1,quasar,0.950055718421936,1,quasar,0.990878164768219,1,quasar,0.8544995188713074,1,quasar,0.7706448435783386,1,quasar,0.8278533220291138,1,quasar,0.7997354865074158
1168,1,quasar,1,quasar,True,1,quasar,True,True,1,quasar,0.8097354173660278,1,quasar,0.9785335659980774,1,quasar,0.8129479289054871,1,quasar,0.803164541721344,1,quasar,0.8183587789535522,1,quasar,0.7251952886581421
1169,1,quasar,1,quasar,True,1,quasar,True,True,1,quasar,0.9768397212028503,1,quasar,0.9859663844108582,1,quasar,0.8132718801498413,1,quasar,0.6406424045562744,1,quasar,0.9277009963989258,1,quasar,0.827681303024292
1170,1,quasar,1,quasar,True,1,quasar,True,True,1,quasar,0.9436955451965332,1,quasar,0.9407483339309692,1,quasar,0.8600113987922668,1,quasar,0.8155139684677124,1,quasar,0.8936492800712585,1,quasar,0.7078041434288025
1171,1,quasar,1,quasar,True,1,quasar,True,True,1,quasar,0.9898292422294617,1,quasar,0.9849796891212463,1,quasar,0.8452058434486389,1,quasar,0.7668063044548035,1,quasar,0.9030882716178894,1,quasar,0.7473488450050354
1172,1,quasar,0,galaxy,False,1,quasar,True,False,0,galaxy,0.8130396604537964,1,quasar,0.998823344707489,0,galaxy,0.8207893371582031,0,galaxy,0.872905969619751,1,quasar,0.7079789042472839,1,quasar,0.7086829543113708
1173,1,quasar,1,quasar,True,1,quasar,True,True,2,star,0.8729567527770996,1,quasar,0.8905038833618164,1,quasar,0.815461277961731,2,star,0.7465682625770569,1,quasar,0.8042340874671936,1,quasar,0.6685694456100464
1174,1,quasar,1,quasar,True,1,quasar,True,True,1,quasar,0.9230514168739319,1,quasar,0.9995015859603882,1,quasar,0.663646936416626,2,star,0.557472288608551,1,quasar,0.9005947709083557,1,quasar,0.9165537357330322
1175,1,quasar,1,quasar,True,1,quasar,True,True,2,star,0.736644446849823,1,quasar,0.699621319770813,1,quasar,0.7447776794433594,1,quasar,0.79047691822052,1,quasar,0.7510136365890503,1,quasar,0.6571112871170044
1176,1,quasar,1,quasar,True,1,quasar,True,True,1,quasar,0.960595428943634,1,quasar,0.9674307107925415,1,quasar,0.8490801453590393,1,quasar,0.8036302924156189,1,quasar,0.8383162021636963,1,quasar,0.805997908115387
1177,1,quasar,1,quasar,True,1,quasar,True,True,1,quasar,0.8450337648391724,1,quasar,0.9618890285491943,1,quasar,0.7005606889724731,1,quasar,0.577948272228241,1,quasar,0.8612928986549377,1,quasar,0.6751616597175598
1178,1,quasar,1,quasar,True,1,quasar,True,True,1,quasar,0.9236255288124084,1,quasar,0.9736137986183167,1,quasar,0.8633973598480225,1,quasar,0.8013662099838257,1,quasar,0.9299299716949463,1,quasar,0.7174403071403503
1179,1,quasar,1,quasar,True,1,quasar,True,True,1,quasar,0.9440730214118958,1,quasar,0.9862489104270935,1,quasar,0.8561857342720032,1,quasar,0.7660911679267883,1,quasar,0.9415061473846436,1,quasar,0.7156964540481567
1180,1,quasar,1,quasar,True,1,quasar,True,True,1,quasar,0.753534197807312,1,quasar,0.9804571270942688,1,quasar,0.8712798953056335,1,quasar,0.8103659152984619,1,quasar,0.9051146507263184,1,quasar,0.7354163527488708
1181,1,quasar,1,quasar,True,1,quasar,True,True,1,quasar,0.9897626638412476,1,quasar,0.9847280979156494,1,quasar,0.8703523278236389,1,quasar,0.8122190237045288,1,quasar,0.9343612194061279,1,quasar,0.7698273062705994
1182,1,quasar,1,quasar,True,1,quasar,True,True,1,quasar,0.7066759467124939,2,star,0.38575807213783264,0,galaxy,0.4134857952594757,2,star,0.8603973388671875,1,quasar,0.8622365593910217,1,quasar,0.5522994995117188
1183,1,quasar,1,quasar,True,1,quasar,True,True,2,star,0.6161038279533386,1,quasar,0.8681368827819824,1,quasar,0.6731612682342529,1,quasar,0.5945347547531128,2,star,0.7371070384979248,1,quasar,0.4169020652770996
1184,1,quasar,1,quasar,True,1,quasar,True,True,1,quasar,0.9591491222381592,1,quasar,0.9988251328468323,1,quasar,0.8559589385986328,1,quasar,0.8003080487251282,1,quasar,0.8959513306617737,1,quasar,0.5404871702194214
1185,1,quasar,1,quasar,True,1,quasar,True,True,1,quasar,0.6413958072662354,1,quasar,0.8068897128105164,1,quasar,0.8642142415046692,1,quasar,0.7595329284667969,1,quasar,0.9367544651031494,1,quasar,0.6361166834831238
1186,1,quasar,1,quasar,True,1,quasar,True,True,2,star,0.5608274340629578,1,quasar,0.9592337012290955,1,quasar,0.8058181405067444,2,star,0.5489900708198547,1,quasar,0.9224790930747986,1,quasar,0.7130293846130371
1187,1,quasar,1,quasar,True,1,quasar,True,True,1,quasar,0.9420582056045532,1,quasar,0.9616671204566956,1,quasar,0.8580910563468933,1,quasar,0.783025324344635,1,quasar,0.912773847579956,1,quasar,0.58416748046875
1188,1,quasar,1,quasar,True,1,quasar,True,True,1,quasar,0.925864577293396,1,quasar,0.8976926207542419,1,quasar,0.7646507620811462,1,quasar,0.6241506934165955,1,quasar,0.8022034168243408,1,quasar,0.6819000840187073
1189,1,quasar,1,quasar,True,1,quasar,True,True,1,quasar,0.5477362275123596,1,quasar,0.9190648198127747,1,quasar,0.8129978775978088,1,quasar,0.8141006827354431,1,quasar,0.7571855187416077,1,quasar,0.6773747205734253
1190,1,quasar,1,quasar,True,1,quasar,True,True,1,quasar,0.8398601412773132,1,quasar,0.9864327311515808,1,quasar,0.8704774379730225,1,quasar,0.7853357791900635,1,quasar,0.9429867267608643,1,quasar,0.7491902112960815
1191,1,quasar,1,quasar,True,1,quasar,True,True,1,quasar,0.8985008597373962,1,quasar,0.9719792008399963,1,quasar,0.7680400013923645,1,quasar,0.6048991084098816,1,quasar,0.9067272543907166,1,quasar,0.7012220621109009
1192,1,quasar,0,galaxy,False,0,galaxy,False,True,0,galaxy,0.8624197840690613,1,quasar,0.8831738829612732,0,galaxy,0.9068052768707275,0,galaxy,0.9696711897850037,1,quasar,0.7689072489738464,0,galaxy,0.4312407076358795
1193,1,quasar,1,quasar,True,1,quasar,True,True,1,quasar,0.9147842526435852,1,quasar,0.9659000039100647,1,quasar,0.7675588130950928,2,star,0.6841952800750732,1,quasar,0.8660170435905457,1,quasar,0.6569620370864868
1194,1,quasar,1,quasar,True,1,quasar,True,True,1,quasar,0.9564509987831116,1,quasar,0.9822133779525757,1,quasar,0.8626917004585266,1,quasar,0.7772601246833801,1,quasar,0.9662745594978333,1,quasar,0.6187911629676819
1195,1,quasar,0,galaxy,False,1,quasar,True,False,1,quasar,0.7337885499000549,1,quasar,0.7776192426681519,0,galaxy,0.6859526038169861,0,galaxy,0.39276379346847534,1,quasar,0.8452991843223572,0,galaxy,0.6113429069519043
1196,1,quasar,1,quasar,True,1,quasar,True,True,1,quasar,0.5506520867347717,1,quasar,0.9863519668579102,1,quasar,0.5415096282958984,1,quasar,0.6597474217414856,1,quasar,0.643606960773468,0,galaxy,0.598116397857666
1197,1,quasar,1,quasar,True,1,quasar,True,True,1,quasar,0.9367630481719971,1,quasar,0.9329838752746582,1,quasar,0.8345961570739746,1,quasar,0.683741569519043,1,quasar,0.6996534466743469,1,quasar,0.46235522627830505
1198,1,quasar,1,quasar,True,1,quasar,True,True,1,quasar,0.9174361824989319,1,quasar,0.9632671475410461,1,quasar,0.78603595495224,1,quasar,0.7296363711357117,1,quasar,0.6560750007629395,1,quasar,0.5802075266838074
1199,1,quasar,1,quasar,True,1,quasar,True,True,1,quasar,0.9828335046768188,1,quasar,0.9786322712898254,1,quasar,0.856951117515564,1,quasar,0.8078193068504333,1,quasar,0.8678563237190247,1,quasar,0.9485535025596619
1200,1,quasar,1,quasar,True,1,quasar,True,True,1,quasar,0.9013030529022217,1,quasar,0.996829092502594,1,quasar,0.7767396569252014,1,quasar,0.7465023398399353,1,quasar,0.9036610722541809,1,quasar,0.840035617351532
1201,1,quasar,1,quasar,True,1,quasar,True,True,1,quasar,0.9871428608894348,1,quasar,0.9982951283454895,1,quasar,0.7903366088867188,1,quasar,0.8057628870010376,1,quasar,0.9484542012214661,1,quasar,0.9609542489051819
1202,1,quasar,1,quasar,True,1,quasar,True,True,1,quasar,0.9510732889175415,1,quasar,0.9986099004745483,1,quasar,0.8125838041305542,1,quasar,0.8095231652259827,1,quasar,0.9532063007354736,1,quasar,0.9865716695785522
1203,1,quasar,1,quasar,True,1,quasar,True,True,1,quasar,0.9060201048851013,1,quasar,0.9852851033210754,1,quasar,0.7571651339530945,1,quasar,0.6826416850090027,1,quasar,0.8973389267921448,1,quasar,0.8412619233131409
1204,1,quasar,1,quasar,True,1,quasar,True,True,1,quasar,0.9700180888175964,1,quasar,0.9871568083763123,1,quasar,0.8596058487892151,1,quasar,0.7737153172492981,1,quasar,0.9575985074043274,1,quasar,0.9403958916664124
1205,1,quasar,1,quasar,True,1,quasar,True,True,1,quasar,0.9610496163368225,1,quasar,0.994178056716919,1,quasar,0.7957644462585449,1,quasar,0.8181563019752502,1,quasar,0.9004359245300293,1,quasar,0.9017200469970703
1206,1,quasar,1,quasar,True,1,quasar,True,True,1,quasar,0.7849587202072144,1,quasar,0.5183401107788086,1,quasar,0.8695893883705139,1,quasar,0.807020902633667,1,quasar,0.8880041837692261,2,star,0.6083424687385559
1207,1,quasar,1,quasar,True,1,quasar,True,True,1,quasar,0.8400086164474487,1,quasar,0.9763022661209106,1,quasar,0.8729467391967773,1,quasar,0.811836302280426,1,quasar,0.8112221360206604,1,quasar,0.6692049503326416
1208,1,quasar,1,quasar,True,1,quasar,True,True,2,star,0.8903025984764099,1,quasar,0.9758027195930481,2,star,0.5166667699813843,1,quasar,0.5634182095527649,1,quasar,0.9259610772132874,2,star,0.5483762621879578
1209,1,quasar,1,quasar,True,1,quasar,True,True,1,quasar,0.9694989323616028,1,quasar,0.9931301474571228,1,quasar,0.8595972061157227,1,quasar,0.8117371201515198,1,quasar,0.8898069858551025,1,quasar,0.7438559532165527
1210,1,quasar,1,quasar,True,1,quasar,True,True,1,quasar,0.6650390028953552,1,quasar,0.9773756265640259,1,quasar,0.8278469443321228,1,quasar,0.656281590461731,1,quasar,0.5551028251647949,1,quasar,0.4694307744503021
1211,1,quasar,1,quasar,True,1,quasar,True,True,2,star,0.6455931067466736,1,quasar,0.9622296094894409,1,quasar,0.8648840188980103,1,quasar,0.7511311769485474,1,quasar,0.7527957558631897,1,quasar,0.5002903938293457
1212,1,quasar,1,quasar,True,1,quasar,True,True,1,quasar,0.7605716586112976,1,quasar,0.9823765754699707,1,quasar,0.858312726020813,1,quasar,0.7256231904029846,1,quasar,0.884723424911499,2,star,0.5748776793479919
1213,1,quasar,1,quasar,True,1,quasar,True,True,1,quasar,0.8812541365623474,1,quasar,0.9613966941833496,1,quasar,0.8531011343002319,1,quasar,0.807266891002655,1,quasar,0.7198948264122009,1,quasar,0.5247528553009033
1214,1,quasar,1,quasar,True,1,quasar,True,True,1,quasar,0.6498323678970337,1,quasar,0.8190836310386658,1,quasar,0.8393037915229797,1,quasar,0.8071441650390625,1,quasar,0.6312549114227295,1,quasar,0.5616841316223145
1215,1,quasar,1,quasar,True,1,quasar,True,True,1,quasar,0.8815171718597412,1,quasar,0.9739964604377747,1,quasar,0.868320107460022,1,quasar,0.8251338601112366,1,quasar,0.8936610817909241,2,star,0.4693928062915802
1216,1,quasar,1,quasar,True,1,quasar,True,True,1,quasar,0.7915822863578796,1,quasar,0.9956603646278381,1,quasar,0.8720546960830688,1,quasar,0.8171228766441345,1,quasar,0.9266549348831177,1,quasar,0.6437559127807617
1217,1,quasar,1,quasar,True,1,quasar,True,True,1,quasar,0.6341156363487244,1,quasar,0.8918601274490356,1,quasar,0.8316928744316101,1,quasar,0.6038781404495239,1,quasar,0.9150772094726562,2,star,0.5496619939804077
1218,1,quasar,1,quasar,True,1,quasar,True,True,2,star,0.5881096720695496,1,quasar,0.9351507425308228,1,quasar,0.8767253160476685,1,quasar,0.5996831655502319,1,quasar,0.9576502442359924,1,quasar,0.5291182994842529
1219,1,quasar,1,quasar,True,1,quasar,True,True,1,quasar,0.712541401386261,1,quasar,0.9934258460998535,1,quasar,0.860480785369873,1,quasar,0.8095507621765137,1,quasar,0.8753799200057983,2,star,0.5193643569946289
1220,1,quasar,1,quasar,True,2,star,False,False,2,star,0.8980016708374023,1,quasar,0.7908682823181152,1,quasar,0.5710945725440979,2,star,0.7073473930358887,1,quasar,0.7962803244590759,2,star,0.48890817165374756
1221,1,quasar,1,quasar,True,1,quasar,True,True,1,quasar,0.7865050435066223,1,quasar,0.951702356338501,1,quasar,0.8554592728614807,1,quasar,0.7523552775382996,1,quasar,0.843210756778717,2,star,0.4938181936740875
1222,1,quasar,1,quasar,True,1,quasar,True,True,2,star,0.5259724259376526,1,quasar,0.9515241980552673,1,quasar,0.8555195331573486,1,quasar,0.5831490159034729,1,quasar,0.8545953631401062,2,star,0.5550433397293091
1223,1,quasar,1,quasar,True,1,quasar,True,True,1,quasar,0.6519145965576172,1,quasar,0.9705201983451843,1,quasar,0.837468683719635,1,quasar,0.7986875176429749,1,quasar,0.8432219624519348,0,galaxy,0.6034114956855774
1224,1,quasar,2,star,False,2,star,False,True,2,star,0.8463123440742493,2,star,0.7516846656799316,2,star,0.7233678698539734,1,quasar,0.5985724925994873,2,star,0.9302498698234558,2,star,0.52108234167099
1225,1,quasar,1,quasar,True,1,quasar,True,True,1,quasar,0.6489896178245544,1,quasar,0.9326626062393188,1,quasar,0.8081274032592773,1,quasar,0.8018065094947815,1,quasar,0.6374818086624146,1,quasar,0.5515742897987366
1226,1,quasar,1,quasar,True,1,quasar,True,True,2,star,0.6258881092071533,1,quasar,0.9117263555526733,1,quasar,0.8519505262374878,1,quasar,0.7889179587364197,1,quasar,0.5883475542068481,1,quasar,0.44694894552230835
1227,1,quasar,1,quasar,True,1,quasar,True,True,2,star,0.7061505317687988,1,quasar,0.6762648224830627,2,star,0.5945339202880859,1,quasar,0.6028466820716858,1,quasar,0.8521515727043152,1,quasar,0.49626973271369934
1228,1,quasar,1,quasar,True,1,quasar,True,True,1,quasar,0.5370957255363464,1,quasar,0.9047850966453552,1,quasar,0.8776190280914307,1,quasar,0.8027631640434265,1,quasar,0.8312634825706482,2,star,0.4826755225658417
1229,1,quasar,1,quasar,True,1,quasar,True,True,1,quasar,0.7170373201370239,1,quasar,0.9599078893661499,1,quasar,0.8719483613967896,1,quasar,0.6958203315734863,1,quasar,0.9061064720153809,2,star,0.5100933909416199
1230,1,quasar,0,galaxy,False,0,galaxy,False,True,0,galaxy,0.5979896187782288,0,galaxy,0.6555064916610718,0,galaxy,0.9369245767593384,0,galaxy,0.7932626605033875,1,quasar,0.7758421897888184,0,galaxy,0.5696127414703369
1231,1,quasar,1,quasar,True,1,quasar,True,True,1,quasar,0.679194986820221,1,quasar,0.9854906797409058,1,quasar,0.8396213054656982,1,quasar,0.6778584718704224,1,quasar,0.8544947504997253,2,star,0.505855143070221
1232,1,quasar,1,quasar,True,1,quasar,True,True,1,quasar,0.6172678470611572,1,quasar,0.9526654481887817,1,quasar,0.8603153228759766,1,quasar,0.5700896382331848,1,quasar,0.9273210167884827,2,star,0.5171613693237305
1233,1,quasar,1,quasar,True,1,quasar,True,True,1,quasar,0.5204147100448608,1,quasar,0.7427182793617249,1,quasar,0.8067500591278076,1,quasar,0.6576212048530579,1,quasar,0.5429239869117737,2,star,0.4691895544528961
1234,1,quasar,1,quasar,True,1,quasar,True,True,1,quasar,0.5239569544792175,1,quasar,0.988223135471344,1,quasar,0.6899844408035278,1,quasar,0.6217698454856873,1,quasar,0.5937289595603943,2,star,0.5704794526100159
1235,1,quasar,1,quasar,True,1,quasar,True,True,2,star,0.5342801213264465,1,quasar,0.92813640832901,1,quasar,0.8111943602561951,1,quasar,0.6779201626777649,1,quasar,0.8247393369674683,2,star,0.4311240315437317
1236,1,quasar,1,quasar,True,1,quasar,True,True,1,quasar,0.5739025473594666,1,quasar,0.5344691276550293,1,quasar,0.8254270553588867,1,quasar,0.8183605670928955,1,quasar,0.8914472460746765,2,star,0.649593710899353
1237,1,quasar,1,quasar,True,1,quasar,True,True,1,quasar,0.5696603655815125,1,quasar,0.9956579208374023,1,quasar,0.8101111054420471,1,quasar,0.7826806306838989,1,quasar,0.8951988816261292,2,star,0.6237786412239075
1238,1,quasar,1,quasar,True,1,quasar,True,True,1,quasar,0.536845326423645,1,quasar,0.8304340243339539,1,quasar,0.8338733911514282,1,quasar,0.6749064326286316,1,quasar,0.7222368717193604,2,star,0.4342513084411621
1239,1,quasar,1,quasar,True,1,quasar,True,True,1,quasar,0.5312665700912476,1,quasar,0.6734051704406738,1,quasar,0.5620948076248169,2,star,0.5152331590652466,1,quasar,0.5919657349586487,2,star,0.47495102882385254
1240,1,quasar,1,quasar,True,2,star,False,False,2,star,0.8149639368057251,1,quasar,0.5108460783958435,1,quasar,0.6555671691894531,1,quasar,0.7963343262672424,2,star,0.6315440535545349,2,star,0.5082470178604126
1241,1,quasar,1,quasar,True,1,quasar,True,True,2,star,0.7103338241577148,1,quasar,0.9262394309043884,1,quasar,0.8520210385322571,1,quasar,0.791713297367096,1,quasar,0.9443835616111755,2,star,0.4570539891719818
1242,1,quasar,1,quasar,True,1,quasar,True,True,2,star,0.620557963848114,1,quasar,0.9918006062507629,1,quasar,0.7214179039001465,1,quasar,0.7992885708808899,1,quasar,0.6199306845664978,1,quasar,0.5167183876037598
1243,1,quasar,1,quasar,True,1,quasar,True,True,1,quasar,0.9183977246284485,1,quasar,0.7573573589324951,1,quasar,0.8571475148200989,1,quasar,0.6425684690475464,1,quasar,0.5509172081947327,1,quasar,0.5718532800674438
1244,1,quasar,1,quasar,True,1,quasar,True,True,1,quasar,0.7437111139297485,1,quasar,0.8394473791122437,1,quasar,0.8700294494628906,1,quasar,0.7981507778167725,1,quasar,0.8900334239006042,0,galaxy,0.4980650544166565
1245,1,quasar,1,quasar,True,1,quasar,True,True,1,quasar,0.6674742698669434,1,quasar,0.8473268747329712,1,quasar,0.7711758017539978,1,quasar,0.7717429399490356,1,quasar,0.5709210634231567,2,star,0.47516199946403503
1246,1,quasar,2,star,False,2,star,False,True,2,star,0.45591098070144653,2,star,0.7380871176719666,0,galaxy,0.6789259314537048,2,star,0.5568878054618835,2,star,0.6203392148017883,2,star,0.8551656603813171
1247,1,quasar,1,quasar,True,1,quasar,True,True,2,star,0.7331705093383789,1,quasar,0.8027182221412659,1,quasar,0.8492304086685181,1,quasar,0.5127307176589966,1,quasar,0.909004271030426,2,star,0.569945216178894
1248,1,quasar,1,quasar,True,1,quasar,True,True,1,quasar,0.6822411417961121,1,quasar,0.980434775352478,1,quasar,0.8289003372192383,1,quasar,0.7048687934875488,1,quasar,0.9562623500823975,2,star,0.5731782913208008
1249,1,quasar,1,quasar,True,1,quasar,True,True,1,quasar,0.5660785436630249,1,quasar,0.6164507865905762,1,quasar,0.7567639946937561,1,quasar,0.6492921113967896,1,quasar,0.8055230975151062,0,galaxy,0.3940137028694153
1250,1,quasar,1,quasar,True,1,quasar,True,True,1,quasar,0.6997907161712646,1,quasar,0.8668075203895569,1,quasar,0.8574455976486206,1,quasar,0.8113882541656494,1,quasar,0.8415500521659851,2,star,0.5726191997528076
1251,1,quasar,1,quasar,True,1,quasar,True,True,1,quasar,0.5219976305961609,1,quasar,0.8747791647911072,1,quasar,0.8215165138244629,1,quasar,0.6179453134536743,1,quasar,0.8292728066444397,1,quasar,0.40553879737854004
1252,1,quasar,1,quasar,True,1,quasar,True,True,2,star,0.6302032470703125,1,quasar,0.7595984935760498,1,quasar,0.7613080739974976,1,quasar,0.8058698773384094,1,quasar,0.7877386808395386,2,star,0.5008469820022583
1253,1,quasar,1,quasar,True,1,quasar,True,True,1,quasar,0.5087428689002991,1,quasar,0.7946977615356445,1,quasar,0.8731575608253479,1,quasar,0.8207710981369019,1,quasar,0.6400433778762817,1,quasar,0.6855891346931458
1254,1,quasar,1,quasar,True,1,quasar,True,True,2,star,0.7778797149658203,1,quasar,0.6631694436073303,1,quasar,0.6935209035873413,1,quasar,0.7910367846488953,1,quasar,0.6311150193214417,2,star,0.3806658983230591
1255,1,quasar,1,quasar,True,1,quasar,True,True,2,star,0.6170985698699951,1,quasar,0.9387620687484741,1,quasar,0.8328970074653625,1,quasar,0.8232210874557495,1,quasar,0.645374596118927,1,quasar,0.44396185874938965
1256,1,quasar,1,quasar,True,1,quasar,True,True,1,quasar,0.927869975566864,1,quasar,0.8039056658744812,1,quasar,0.8664565086364746,1,quasar,0.7016497850418091,1,quasar,0.9617114663124084,1,quasar,0.7825155258178711
1257,1,quasar,2,star,False,2,star,False,True,2,star,0.7787603139877319,1,quasar,0.5280718803405762,2,star,0.5873035192489624,2,star,0.5465728044509888,1,quasar,0.7113151550292969,2,star,0.5647599101066589
1258,1,quasar,1,quasar,True,1,quasar,True,True,1,quasar,0.9273317456245422,1,quasar,0.9730649590492249,1,quasar,0.8659362196922302,1,quasar,0.632088840007782,1,quasar,0.9474063515663147,1,quasar,0.7723483443260193
1259,1,quasar,1,quasar,True,1,quasar,True,True,2,star,0.5537616014480591,1,quasar,0.8645457029342651,1,quasar,0.8674138784408569,1,quasar,0.787761390209198,1,quasar,0.5591695308685303,2,star,0.5718874335289001
1260,1,quasar,0,galaxy,False,0,galaxy,False,True,0,galaxy,0.9183351993560791,1,quasar,0.3422044813632965,0,galaxy,0.9286705851554871,0,galaxy,0.6061160564422607,1,quasar,0.7486832737922668,2,star,0.48633044958114624
1261,1,quasar,0,galaxy,False,0,galaxy,False,True,0,galaxy,0.9455947875976562,1,quasar,0.6655029058456421,0,galaxy,0.9787983298301697,0,galaxy,0.9834520220756531,0,galaxy,0.8753360509872437,0,galaxy,0.5327945351600647
1262,1,quasar,1,quasar,True,1,quasar,True,True,1,quasar,0.5932580828666687,1,quasar,0.9579576253890991,1,quasar,0.8348540663719177,1,quasar,0.7924485802650452,1,quasar,0.6796734929084778,2,star,0.49790671467781067
1263,1,quasar,1,quasar,True,1,quasar,True,True,2,star,0.738206148147583,1,quasar,0.8432515859603882,1,quasar,0.857007622718811,1,quasar,0.697212815284729,1,quasar,0.8484960794448853,2,star,0.5563485026359558
1264,1,quasar,1,quasar,True,1,quasar,True,True,1,quasar,0.6948189735412598,1,quasar,0.8725060224533081,1,quasar,0.8253551721572876,1,quasar,0.8241231441497803,1,quasar,0.7846024036407471,1,quasar,0.5776943564414978
1265,1,quasar,1,quasar,True,1,quasar,True,True,1,quasar,0.6838960647583008,1,quasar,0.9523758292198181,1,quasar,0.8160129189491272,1,quasar,0.8242034912109375,1,quasar,0.6848156452178955,1,quasar,0.5031222701072693
1266,1,quasar,1,quasar,True,1,quasar,True,True,1,quasar,0.8015106916427612,1,quasar,0.9706150889396667,1,quasar,0.6446338891983032,2,star,0.518243134021759,1,quasar,0.6846746802330017,1,quasar,0.5071805119514465
1267,1,quasar,1,quasar,True,1,quasar,True,True,1,quasar,0.817635178565979,1,quasar,0.928806722164154,1,quasar,0.8762248754501343,1,quasar,0.8215407729148865,1,quasar,0.9192940592765808,1,quasar,0.6807811260223389
1268,1,quasar,1,quasar,True,1,quasar,True,True,1,quasar,0.8733308911323547,1,quasar,0.9526314735412598,1,quasar,0.855008065700531,1,quasar,0.8232591152191162,1,quasar,0.824642539024353,1,quasar,0.5070508718490601
1269,1,quasar,1,quasar,True,1,quasar,True,True,1,quasar,0.8668259978294373,1,quasar,0.9660356044769287,1,quasar,0.8677501082420349,1,quasar,0.8185321688652039,1,quasar,0.8990785479545593,1,quasar,0.5297909379005432
1270,1,quasar,1,quasar,True,1,quasar,True,True,1,quasar,0.5986604690551758,1,quasar,0.8881560564041138,1,quasar,0.8596298694610596,1,quasar,0.8036331534385681,1,quasar,0.8566252589225769,1,quasar,0.4682793915271759
1271,1,quasar,1,quasar,True,1,quasar,True,True,1,quasar,0.9245966076850891,1,quasar,0.969222903251648,1,quasar,0.8301097750663757,1,quasar,0.7858285307884216,1,quasar,0.8262502551078796,1,quasar,0.5633293390274048
1272,1,quasar,1,quasar,True,1,quasar,True,True,2,star,0.6776595711708069,2,star,0.7107686996459961,1,quasar,0.8006662130355835,1,quasar,0.6424158215522766,1,quasar,0.6539592742919922,2,star,0.5272151827812195
1273,1,quasar,1,quasar,True,1,quasar,True,True,1,quasar,0.8890541195869446,1,quasar,0.8653795123100281,1,quasar,0.8453227877616882,1,quasar,0.6256964802742004,1,quasar,0.8995307087898254,1,quasar,0.5284487009048462
1274,1,quasar,1,quasar,True,1,quasar,True,True,1,quasar,0.8017440438270569,1,quasar,0.8794806599617004,1,quasar,0.8354454040527344,1,quasar,0.63209068775177,1,quasar,0.7946997284889221,1,quasar,0.5069124102592468
1275,1,quasar,1,quasar,True,1,quasar,True,True,1,quasar,0.7810838222503662,1,quasar,0.9532285928726196,1,quasar,0.8656045794487,1,quasar,0.8129469752311707,1,quasar,0.8790613412857056,1,quasar,0.6445189714431763
1276,1,quasar,1,quasar,True,1,quasar,True,True,2,star,0.7864288091659546,1,quasar,0.9715309143066406,1,quasar,0.7422966361045837,2,star,0.5308539867401123,1,quasar,0.8780271410942078,1,quasar,0.4817751348018646
1277,1,quasar,1,quasar,True,1,quasar,True,True,1,quasar,0.6758778691291809,1,quasar,0.8253645896911621,1,quasar,0.8550283312797546,1,quasar,0.7437728047370911,1,quasar,0.8585326075553894,2,star,0.41532647609710693
1278,1,quasar,1,quasar,True,1,quasar,True,True,2,star,0.6242236495018005,1,quasar,0.9860682487487793,1,quasar,0.6578286290168762,1,quasar,0.6919560432434082,2,star,0.5383899807929993,2,star,0.3596787452697754
1279,1,quasar,1,quasar,True,1,quasar,True,True,1,quasar,0.7496640086174011,1,quasar,0.9538054466247559,1,quasar,0.8581148982048035,1,quasar,0.7520743608474731,1,quasar,0.9418953061103821,1,quasar,0.36377835273742676
1280,1,quasar,1,quasar,True,1,quasar,True,True,2,star,0.917240560054779,1,quasar,0.9380344748497009,1,quasar,0.7623690366744995,1,quasar,0.5771249532699585,2,star,0.8131612539291382,1,quasar,0.5062105059623718
1281,1,quasar,1,quasar,True,1,quasar,True,True,1,quasar,0.6209786534309387,1,quasar,0.8241584897041321,1,quasar,0.8179870843887329,1,quasar,0.546355664730072,1,quasar,0.7652976512908936,2,star,0.44339004158973694
1282,1,quasar,1,quasar,True,1,quasar,True,True,1,quasar,0.6462295651435852,2,star,0.5524731874465942,1,quasar,0.6765121817588806,1,quasar,0.816257119178772,1,quasar,0.8333695530891418,2,star,0.6557403206825256
1283,1,quasar,1,quasar,True,1,quasar,True,True,1,quasar,0.6135258078575134,1,quasar,0.8814077377319336,1,quasar,0.8582954406738281,1,quasar,0.5001499056816101,1,quasar,0.9556266069412231,2,star,0.8057071566581726
1284,1,quasar,1,quasar,True,1,quasar,True,True,2,star,0.7620933055877686,1,quasar,0.6085634827613831,1,quasar,0.5044487118721008,1,quasar,0.6295645833015442,1,quasar,0.6893628835678101,0,galaxy,0.6703482270240784
1285,1,quasar,1,quasar,True,1,quasar,True,True,2,star,0.7528011798858643,1,quasar,0.5414752960205078,1,quasar,0.8567588925361633,1,quasar,0.5201543569564819,1,quasar,0.966735303401947,2,star,0.5858835577964783
1286,1,quasar,2,star,False,2,star,False,True,2,star,0.5559188723564148,1,quasar,0.9234001040458679,2,star,0.9310036301612854,2,star,0.7966445088386536,1,quasar,0.8052811622619629,2,star,0.6724885702133179
1287,1,quasar,1,quasar,True,1,quasar,True,True,2,star,0.6024593710899353,1,quasar,0.838749349117279,1,quasar,0.5559511184692383,1,quasar,0.7063726782798767,1,quasar,0.9316207766532898,2,star,0.799609363079071
1288,1,quasar,1,quasar,True,1,quasar,True,True,1,quasar,0.7008017897605896,1,quasar,0.9274395108222961,1,quasar,0.8468266725540161,1,quasar,0.6480197310447693,1,quasar,0.9715557098388672,0,galaxy,0.5127384662628174
1289,1,quasar,1,quasar,True,1,quasar,True,True,1,quasar,0.5622414946556091,1,quasar,0.9594280123710632,1,quasar,0.787085235118866,1,quasar,0.7463248372077942,1,quasar,0.8715976476669312,2,star,0.4116770923137665
1290,1,quasar,1,quasar,True,1,quasar,True,True,2,star,0.5228384137153625,1,quasar,0.8981227278709412,1,quasar,0.8603742718696594,1,quasar,0.8170820474624634,1,quasar,0.9548718333244324,2,star,0.4226897060871124
1291,1,quasar,1,quasar,True,1,quasar,True,True,1,quasar,0.822263240814209,1,quasar,0.9294775128364563,1,quasar,0.8672643899917603,1,quasar,0.8168233036994934,1,quasar,0.9075557589530945,1,quasar,0.5742518305778503
1292,1,quasar,1,quasar,True,1,quasar,True,True,1,quasar,0.9615885615348816,1,quasar,0.9945833086967468,1,quasar,0.8525400757789612,1,quasar,0.8091288805007935,1,quasar,0.918014407157898,1,quasar,0.7399329543113708
1293,1,quasar,1,quasar,True,1,quasar,True,True,1,quasar,0.6530185341835022,1,quasar,0.9971935153007507,1,quasar,0.8452274799346924,1,quasar,0.6201858520507812,1,quasar,0.9056609869003296,1,quasar,0.4583199918270111
1294,1,quasar,1,quasar,True,1,quasar,True,True,1,quasar,0.8191924691200256,1,quasar,0.9581103920936584,1,quasar,0.8296045660972595,1,quasar,0.8155805468559265,1,quasar,0.909922182559967,1,quasar,0.5760791301727295
1295,1,quasar,1,quasar,True,1,quasar,True,True,2,star,0.7262589931488037,1,quasar,0.9247674345970154,1,quasar,0.8520995378494263,1,quasar,0.7746370434761047,1,quasar,0.8943597674369812,2,star,0.739067018032074
1296,1,quasar,1,quasar,True,1,quasar,True,True,1,quasar,0.9022243618965149,1,quasar,0.985468327999115,1,quasar,0.7781631946563721,1,quasar,0.613633930683136,1,quasar,0.9037566781044006,1,quasar,0.5242849588394165
1297,1,quasar,1,quasar,True,1,quasar,True,True,1,quasar,0.686944842338562,1,quasar,0.9930844306945801,2,star,0.5730957984924316,1,quasar,0.5909438133239746,1,quasar,0.9101437926292419,2,star,0.520041286945343
1298,1,quasar,1,quasar,True,1,quasar,True,True,1,quasar,0.7659870982170105,1,quasar,0.9942675232887268,1,quasar,0.7502574324607849,1,quasar,0.8137836456298828,1,quasar,0.7849329113960266,1,quasar,0.6054665446281433
1299,1,quasar,1,quasar,True,1,quasar,True,True,1,quasar,0.45592159032821655,1,quasar,0.6759589910507202,1,quasar,0.7866086959838867,2,star,0.44831496477127075,1,quasar,0.9373098015785217,1,quasar,0.5562602281570435
1300,1,quasar,1,quasar,True,1,quasar,True,True,1,quasar,0.5118480920791626,1,quasar,0.9080439209938049,1,quasar,0.6882199048995972,1,quasar,0.5764371156692505,1,quasar,0.828772783279419,0,galaxy,0.38701489567756653
1301,1,quasar,1,quasar,True,1,quasar,True,True,1,quasar,0.6250519752502441,1,quasar,0.7689047455787659,1,quasar,0.4539666771888733,1,quasar,0.6363679766654968,1,quasar,0.7864323258399963,1,quasar,0.5357412099838257
1302,1,quasar,1,quasar,True,1,quasar,True,True,1,quasar,0.5241689682006836,1,quasar,0.9465864896774292,1,quasar,0.8661820888519287,1,quasar,0.5387020111083984,1,quasar,0.9591246843338013,1,quasar,0.43854132294654846
1303,1,quasar,1,quasar,True,1,quasar,True,True,1,quasar,0.9179902672767639,1,quasar,0.9697480797767639,1,quasar,0.8007519245147705,1,quasar,0.7908762097358704,1,quasar,0.9624916911125183,1,quasar,0.5856814384460449
1304,1,quasar,1,quasar,True,1,quasar,True,True,1,quasar,0.9272238612174988,1,quasar,0.987326443195343,1,quasar,0.8247466683387756,1,quasar,0.8019769787788391,1,quasar,0.9573232531547546,1,quasar,0.5490564703941345
1305,1,quasar,2,star,False,2,star,False,True,2,star,0.928747296333313,1,quasar,0.5012498497962952,1,quasar,0.4589252173900604,2,star,0.5165988206863403,0,galaxy,0.9598022103309631,2,star,0.38408082723617554
1306,1,quasar,1,quasar,True,1,quasar,True,True,1,quasar,0.9009805917739868,1,quasar,0.9878786206245422,1,quasar,0.8685948252677917,1,quasar,0.8116652369499207,1,quasar,0.9377021789550781,1,quasar,0.5824118852615356
1307,1,quasar,1,quasar,True,1,quasar,True,True,1,quasar,0.7436752319335938,1,quasar,0.9356803297996521,1,quasar,0.825800359249115,1,quasar,0.7955986857414246,1,quasar,0.9131010174751282,1,quasar,0.504100501537323
1308,1,quasar,1,quasar,True,1,quasar,True,True,1,quasar,0.7520067095756531,1,quasar,0.8076512813568115,1,quasar,0.8148710131645203,1,quasar,0.7645254135131836,1,quasar,0.9144142866134644,2,star,0.4464483857154846
1309,1,quasar,1,quasar,True,1,quasar,True,True,1,quasar,0.6958683729171753,1,quasar,0.5785306692123413,1,quasar,0.7253441214561462,1,quasar,0.656924843788147,1,quasar,0.7782089114189148,0,galaxy,0.5489571690559387
1310,1,quasar,1,quasar,True,1,quasar,True,True,2,star,0.5930244326591492,1,quasar,0.9784790873527527,1,quasar,0.8737630248069763,1,quasar,0.8024171590805054,1,quasar,0.9679362773895264,1,quasar,0.7482144236564636
1311,1,quasar,1,quasar,True,1,quasar,True,True,1,quasar,0.5420267581939697,1,quasar,0.9613694548606873,1,quasar,0.7319162487983704,1,quasar,0.8097182512283325,1,quasar,0.7067920565605164,1,quasar,0.4818762540817261
1312,1,quasar,1,quasar,True,1,quasar,True,True,1,quasar,0.7883377075195312,1,quasar,0.9569888114929199,1,quasar,0.8033860325813293,1,quasar,0.6441314816474915,1,quasar,0.8747795820236206,1,quasar,0.40703481435775757
1313,1,quasar,1,quasar,True,1,quasar,True,True,1,quasar,0.665703296661377,1,quasar,0.9549981355667114,1,quasar,0.781190812587738,2,star,0.5762757658958435,1,quasar,0.9518423080444336,0,galaxy,0.5108649134635925
1314,1,quasar,1,quasar,True,1,quasar,True,True,1,quasar,0.8257545232772827,1,quasar,0.934494137763977,1,quasar,0.8637741208076477,1,quasar,0.8180134892463684,1,quasar,0.9039629697799683,1,quasar,0.615389347076416
1315,1,quasar,1,quasar,True,1,quasar,True,True,2,star,0.7487954497337341,1,quasar,0.9609607458114624,1,quasar,0.8602046966552734,1,quasar,0.6357883810997009,1,quasar,0.9800080060958862,2,star,0.6247512698173523
1316,1,quasar,1,quasar,True,1,quasar,True,True,1,quasar,0.8019630908966064,1,quasar,0.9480147361755371,1,quasar,0.8527882099151611,1,quasar,0.7920385599136353,1,quasar,0.9702184796333313,2,star,0.4189907908439636
1317,1,quasar,1,quasar,True,1,quasar,True,True,1,quasar,0.8209218382835388,1,quasar,0.9764482378959656,1,quasar,0.8531524538993835,1,quasar,0.7963814735412598,1,quasar,0.8265766501426697,2,star,0.4872712194919586
1318,1,quasar,1,quasar,True,1,quasar,True,True,1,quasar,0.8031884431838989,1,quasar,0.9763075113296509,1,quasar,0.8467475771903992,1,quasar,0.6446486711502075,1,quasar,0.8865293264389038,0,galaxy,0.5255023241043091
1319,1,quasar,1,quasar,True,1,quasar,True,True,1,quasar,0.884464681148529,1,quasar,0.884361207485199,1,quasar,0.8425679206848145,1,quasar,0.634810209274292,1,quasar,0.9392328858375549,1,quasar,0.5212734341621399
1320,1,quasar,1,quasar,True,1,quasar,True,True,1,quasar,0.6079027652740479,1,quasar,0.880032479763031,1,quasar,0.8725393414497375,1,quasar,0.7389137148857117,1,quasar,0.9843040108680725,1,quasar,0.6933544278144836
1321,1,quasar,1,quasar,True,1,quasar,True,True,1,quasar,0.6930183172225952,1,quasar,0.7845703363418579,1,quasar,0.8376626968383789,1,quasar,0.7875331044197083,1,quasar,0.9577678442001343,1,quasar,0.580985426902771
1322,1,quasar,1,quasar,True,1,quasar,True,True,1,quasar,0.737725019454956,1,quasar,0.7940985560417175,1,quasar,0.7567576766014099,1,quasar,0.7507882118225098,1,quasar,0.975314199924469,1,quasar,0.5843784809112549
1323,1,quasar,1,quasar,True,1,quasar,True,True,1,quasar,0.5180949568748474,1,quasar,0.8804789185523987,1,quasar,0.5307364463806152,1,quasar,0.6368138194084167,1,quasar,0.908327043056488,1,quasar,0.6440256237983704
1324,1,quasar,1,quasar,True,1,quasar,True,True,1,quasar,0.6201187372207642,1,quasar,0.9045841693878174,1,quasar,0.6489015817642212,2,star,0.7241398692131042,1,quasar,0.9761701822280884,1,quasar,0.6991337537765503
1325,1,quasar,1,quasar,True,1,quasar,True,True,1,quasar,0.8582593202590942,1,quasar,0.9881995916366577,1,quasar,0.6292200088500977,1,quasar,0.5379643440246582,1,quasar,0.9274491667747498,1,quasar,0.47250059247016907
1326,1,quasar,1,quasar,True,1,quasar,True,True,1,quasar,0.8420172929763794,1,quasar,0.9940720200538635,1,quasar,0.7401647567749023,1,quasar,0.6274203062057495,1,quasar,0.8933824300765991,1,quasar,0.544594407081604
1327,1,quasar,1,quasar,True,1,quasar,True,True,1,quasar,0.8545923233032227,1,quasar,0.9590847492218018,1,quasar,0.725104808807373,1,quasar,0.8067125082015991,1,quasar,0.7202408313751221,1,quasar,0.6953332424163818
1328,1,quasar,1,quasar,True,1,quasar,True,True,1,quasar,0.5991266965866089,1,quasar,0.8893241882324219,1,quasar,0.675433874130249,1,quasar,0.802363395690918,1,quasar,0.7947827577590942,1,quasar,0.509425163269043
1329,1,quasar,1,quasar,True,1,quasar,True,True,1,quasar,0.8121784925460815,1,quasar,0.9950889945030212,1,quasar,0.8606314063072205,1,quasar,0.7808781862258911,1,quasar,0.9729248881340027,0,galaxy,0.5237571001052856
1330,1,quasar,1,quasar,True,1,quasar,True,True,1,quasar,0.7923732995986938,1,quasar,0.941391110420227,1,quasar,0.7114982008934021,1,quasar,0.7669951915740967,1,quasar,0.9844849109649658,1,quasar,0.443981409072876
1331,1,quasar,1,quasar,True,1,quasar,True,True,1,quasar,0.7238258123397827,1,quasar,0.8204593658447266,1,quasar,0.5809202194213867,1,quasar,0.5735294222831726,1,quasar,0.8812274932861328,1,quasar,0.4665428400039673
1332,1,quasar,1,quasar,True,1,quasar,True,True,1,quasar,0.446662575006485,1,quasar,0.578292965888977,1,quasar,0.8281122446060181,1,quasar,0.6156834959983826,1,quasar,0.898922860622406,1,quasar,0.9477028846740723
1333,1,quasar,1,quasar,True,1,quasar,True,True,1,quasar,0.6952738165855408,1,quasar,0.9615551233291626,1,quasar,0.8792352080345154,1,quasar,0.8082423210144043,1,quasar,0.9431644082069397,2,star,0.47970670461654663
1334,1,quasar,1,quasar,True,1,quasar,True,True,1,quasar,0.8099523782730103,2,star,0.7078354954719543,1,quasar,0.6104830503463745,2,star,0.5075523853302002,1,quasar,0.8340803384780884,2,star,0.6353599429130554
1335,1,quasar,1,quasar,True,1,quasar,True,True,1,quasar,0.6957240700721741,1,quasar,0.968735933303833,1,quasar,0.8469632863998413,1,quasar,0.7786747813224792,1,quasar,0.7421218156814575,2,star,0.5430798530578613
1336,1,quasar,1,quasar,True,1,quasar,True,True,1,quasar,0.9478368163108826,1,quasar,0.9917282462120056,1,quasar,0.8545719385147095,1,quasar,0.8150196671485901,1,quasar,0.8577548265457153,1,quasar,0.7602030634880066
1337,1,quasar,1,quasar,True,1,quasar,True,True,2,star,0.5313629508018494,1,quasar,0.9166949987411499,1,quasar,0.8311421275138855,1,quasar,0.715117871761322,1,quasar,0.6514589786529541,2,star,0.44111496210098267
1338,1,quasar,1,quasar,True,1,quasar,True,True,1,quasar,0.8977319002151489,1,quasar,0.5540865063667297,1,quasar,0.8488664627075195,1,quasar,0.7280219793319702,1,quasar,0.8629900813102722,1,quasar,0.533972978591919
1339,1,quasar,0,galaxy,False,0,galaxy,False,True,0,galaxy,0.47604095935821533,1,quasar,0.6724231839179993,0,galaxy,0.8849074840545654,0,galaxy,0.7691394090652466,1,quasar,0.895684540271759,0,galaxy,0.6930251121520996
1340,1,quasar,1,quasar,True,1,quasar,True,True,2,star,0.6731146574020386,1,quasar,0.9692199230194092,1,quasar,0.8665353655815125,1,quasar,0.8099604249000549,1,quasar,0.8730560541152954,1,quasar,0.5751814246177673
1341,1,quasar,1,quasar,True,1,quasar,True,True,1,quasar,0.7358978986740112,1,quasar,0.894753634929657,1,quasar,0.7810044288635254,1,quasar,0.6117693185806274,1,quasar,0.7354291677474976,1,quasar,0.5106340050697327
1342,1,quasar,1,quasar,True,1,quasar,True,True,1,quasar,0.7013518214225769,1,quasar,0.8761327266693115,1,quasar,0.8253730535507202,1,quasar,0.6031464338302612,1,quasar,0.8643562197685242,1,quasar,0.5775765776634216
1343,1,quasar,0,galaxy,False,0,galaxy,False,True,0,galaxy,0.834102988243103,0,galaxy,0.5535118579864502,0,galaxy,0.8877246379852295,0,galaxy,0.9235584735870361,0,galaxy,0.9828705191612244,1,quasar,0.4054180085659027
1344,1,quasar,1,quasar,True,1,quasar,True,True,2,star,0.5418359041213989,1,quasar,0.97978675365448,1,quasar,0.8008105158805847,1,quasar,0.6302199363708496,1,quasar,0.8055815100669861,1,quasar,0.5758907198905945
1345,1,quasar,1,quasar,True,1,quasar,True,True,2,star,0.6707457304000854,1,quasar,0.6833285093307495,1,quasar,0.7264085412025452,1,quasar,0.6300404667854309,1,quasar,0.6720554232597351,2,star,0.45764854550361633
1346,1,quasar,2,star,False,2,star,False,True,2,star,0.6308985948562622,2,star,0.5964076519012451,2,star,0.8603001832962036,2,star,0.7817721962928772,1,quasar,0.7594073414802551,2,star,0.5447442531585693
1347,1,quasar,1,quasar,True,1,quasar,True,True,1,quasar,0.7281733751296997,1,quasar,0.9637962579727173,1,quasar,0.824656069278717,1,quasar,0.8127203583717346,1,quasar,0.8971974849700928,1,quasar,0.46279728412628174
1348,1,quasar,2,star,False,2,star,False,True,2,star,0.7642555236816406,1,quasar,0.6814482808113098,2,star,0.9093068838119507,2,star,0.6125077605247498,1,quasar,0.9326602220535278,2,star,0.7236506938934326
1349,1,quasar,1,quasar,True,1,quasar,True,True,2,star,0.5476470589637756,1,quasar,0.9489780068397522,1,quasar,0.8672121167182922,1,quasar,0.8032898902893066,1,quasar,0.8683224320411682,2,star,0.5685952305793762
1350,1,quasar,0,galaxy,False,1,quasar,True,False,0,galaxy,0.44367358088493347,1,quasar,0.8581337332725525,0,galaxy,0.5721305012702942,0,galaxy,0.8265504240989685,1,quasar,0.7944115400314331,0,galaxy,0.3833707869052887
1351,1,quasar,1,quasar,True,1,quasar,True,True,1,quasar,0.7340667247772217,1,quasar,0.7880920171737671,1,quasar,0.8389554619789124,1,quasar,0.7744621634483337,1,quasar,0.7650033831596375,1,quasar,0.38967207074165344
1352,1,quasar,1,quasar,True,2,star,False,False,1,quasar,0.6762682199478149,1,quasar,0.7393043041229248,2,star,0.7905834913253784,2,star,0.6711772084236145,1,quasar,0.7987282276153564,2,star,0.6871894598007202
1353,1,quasar,1,quasar,True,1,quasar,True,True,2,star,0.6176134943962097,1,quasar,0.9297042489051819,2,star,0.7088351249694824,1,quasar,0.7500730156898499,1,quasar,0.5713365077972412,2,star,0.6296449303627014
1354,1,quasar,1,quasar,True,1,quasar,True,True,2,star,0.5635145902633667,1,quasar,0.9315767288208008,1,quasar,0.8516786694526672,1,quasar,0.585750937461853,1,quasar,0.7908025979995728,1,quasar,0.6678762435913086
1355,1,quasar,1,quasar,True,1,quasar,True,True,1,quasar,0.6040381193161011,1,quasar,0.7829619646072388,1,quasar,0.7640596628189087,1,quasar,0.8152821063995361,1,quasar,0.9689759612083435,2,star,0.9821865558624268
1356,1,quasar,1,quasar,True,1,quasar,True,True,2,star,0.6044164896011353,1,quasar,0.8502815365791321,1,quasar,0.8584409952163696,1,quasar,0.8197981715202332,1,quasar,0.8887580037117004,1,quasar,0.5986928939819336
1357,1,quasar,2,star,False,2,star,False,True,2,star,0.9711833596229553,2,star,0.7093828916549683,2,star,0.9812024831771851,2,star,0.8855579495429993,2,star,0.9066922664642334,2,star,0.7792618274688721
1358,1,quasar,1,quasar,True,1,quasar,True,True,1,quasar,0.7027556896209717,1,quasar,0.8800362944602966,1,quasar,0.6970701217651367,1,quasar,0.808891236782074,1,quasar,0.9256539344787598,1,quasar,0.4730727970600128
1359,1,quasar,1,quasar,True,1,quasar,True,True,1,quasar,0.5074549317359924,1,quasar,0.9021815657615662,1,quasar,0.8365663290023804,1,quasar,0.8019161820411682,1,quasar,0.9152907133102417,2,star,0.6007756590843201
1360,1,quasar,1,quasar,True,1,quasar,True,True,2,star,0.8699116110801697,1,quasar,0.8624354600906372,1,quasar,0.6435908079147339,1,quasar,0.501771867275238,1,quasar,0.7676093578338623,1,quasar,0.5516416430473328
1361,1,quasar,1,quasar,True,1,quasar,True,True,1,quasar,0.7192356586456299,1,quasar,0.9417904019355774,1,quasar,0.8450102806091309,1,quasar,0.604543924331665,1,quasar,0.8022874593734741,2,star,0.6809070110321045
1362,1,quasar,2,star,False,2,star,False,True,2,star,0.9840909838676453,2,star,0.7277991771697998,2,star,0.7038363814353943,2,star,0.6765830516815186,2,star,0.7060656547546387,2,star,0.7368149757385254
1363,1,quasar,1,quasar,True,1,quasar,True,True,2,star,0.5537064075469971,1,quasar,0.8581107258796692,1,quasar,0.8635403513908386,1,quasar,0.8161618113517761,1,quasar,0.5806319117546082,2,star,0.5784050226211548
1364,1,quasar,1,quasar,True,1,quasar,True,True,1,quasar,0.6545504927635193,1,quasar,0.8130393028259277,1,quasar,0.8604511618614197,1,quasar,0.7978891134262085,1,quasar,0.7166665196418762,2,star,0.5071846842765808
1365,1,quasar,2,star,False,2,star,False,True,1,quasar,0.6724350452423096,2,star,0.5620700716972351,0,galaxy,0.39096012711524963,2,star,0.7210170030593872,1,quasar,0.7876005172729492,2,star,0.5417832732200623
1366,1,quasar,0,galaxy,False,0,galaxy,False,True,0,galaxy,0.920492947101593,1,quasar,0.6050698161125183,0,galaxy,0.7189143896102905,2,star,0.548005223274231,1,quasar,0.6922881603240967,2,star,0.43199649453163147
1367,1,quasar,1,quasar,True,2,star,False,False,2,star,0.6662986278533936,1,quasar,0.6932969689369202,2,star,0.7271453142166138,1,quasar,0.674401581287384,1,quasar,0.7321625351905823,2,star,0.7172101140022278
1368,1,quasar,1,quasar,True,1,quasar,True,True,1,quasar,0.8135371804237366,1,quasar,0.9239053726196289,1,quasar,0.848837673664093,1,quasar,0.7684987187385559,1,quasar,0.9019513726234436,2,star,0.4925389885902405
1369,1,quasar,1,quasar,True,1,quasar,True,True,2,star,0.5449986457824707,1,quasar,0.9291707873344421,1,quasar,0.7131299376487732,1,quasar,0.6209954023361206,1,quasar,0.8799337148666382,2,star,0.6246165037155151
1370,1,quasar,1,quasar,True,1,quasar,True,True,1,quasar,0.6890600919723511,1,quasar,0.9486982226371765,2,star,0.6864712238311768,1,quasar,0.6046749353408813,1,quasar,0.6804714202880859,2,star,0.6129340529441833
1371,1,quasar,2,star,False,2,star,False,True,2,star,0.8902358412742615,2,star,0.5019505023956299,1,quasar,0.635507345199585,2,star,0.5232944488525391,2,star,0.6425198316574097,2,star,0.6836338043212891
1372,1,quasar,2,star,False,2,star,False,True,2,star,0.9635653495788574,2,star,0.7944092154502869,1,quasar,0.5900470018386841,2,star,0.7939152717590332,1,quasar,0.9294398427009583,2,star,0.5292823314666748
1373,1,quasar,1,quasar,True,1,quasar,True,True,2,star,0.5765225291252136,1,quasar,0.9407774806022644,1,quasar,0.7784148454666138,1,quasar,0.6185234785079956,1,quasar,0.7225319743156433,2,star,0.4700860381126404
1374,1,quasar,1,quasar,True,1,quasar,True,True,1,quasar,0.6753610372543335,1,quasar,0.9540436267852783,1,quasar,0.8089022040367126,1,quasar,0.7019480466842651,1,quasar,0.6384826898574829,2,star,0.41115954518318176
1375,1,quasar,0,galaxy,False,0,galaxy,False,True,0,galaxy,0.922187864780426,1,quasar,0.9722403287887573,0,galaxy,0.4760468304157257,0,galaxy,0.7838581800460815,1,quasar,0.8660351037979126,0,galaxy,0.7170050144195557
1376,1,quasar,1,quasar,True,1,quasar,True,True,2,star,0.5545079112052917,1,quasar,0.8665546774864197,1,quasar,0.8613753318786621,1,quasar,0.7937911748886108,1,quasar,0.8267247080802917,0,galaxy,0.6640857458114624
1377,1,quasar,1,quasar,True,1,quasar,True,True,1,quasar,0.8489546179771423,1,quasar,0.9539145231246948,1,quasar,0.8689095973968506,1,quasar,0.7688292264938354,1,quasar,0.859199583530426,1,quasar,0.4752013683319092
1378,1,quasar,1,quasar,True,1,quasar,True,True,2,star,0.55653977394104,1,quasar,0.5680688619613647,1,quasar,0.8273336291313171,1,quasar,0.7711452841758728,1,quasar,0.7278578281402588,2,star,0.6374028921127319
1379,1,quasar,1,quasar,True,1,quasar,True,True,1,quasar,0.9222761392593384,1,quasar,0.8914311528205872,1,quasar,0.7981826663017273,1,quasar,0.7852024435997009,1,quasar,0.9781368374824524,1,quasar,0.6680907011032104
1380,1,quasar,1,quasar,True,1,quasar,True,True,1,quasar,0.8830857276916504,1,quasar,0.7338781952857971,1,quasar,0.40974870324134827,0,galaxy,0.5478454828262329,1,quasar,0.9074410200119019,0,galaxy,0.5538740158081055
1381,1,quasar,1,quasar,True,1,quasar,True,True,1,quasar,0.6908481121063232,0,galaxy,0.41628187894821167,2,star,0.43418586254119873,2,star,0.4756695330142975,1,quasar,0.7151974439620972,1,quasar,0.63582843542099
1382,1,quasar,1,quasar,True,1,quasar,True,True,1,quasar,0.8197217583656311,1,quasar,0.6688101291656494,2,star,0.6048991680145264,1,quasar,0.3605060875415802,1,quasar,0.6778402328491211,1,quasar,0.872736930847168
1383,1,quasar,1,quasar,True,1,quasar,True,True,1,quasar,0.6171063780784607,1,quasar,0.8191624879837036,1,quasar,0.7931724190711975,1,quasar,0.6528490781784058,1,quasar,0.9317467212677002,1,quasar,0.528550922870636
1384,1,quasar,1,quasar,True,1,quasar,True,True,1,quasar,0.8793500065803528,1,quasar,0.899762749671936,0,galaxy,0.7741519808769226,0,galaxy,0.6549936532974243,1,quasar,0.9354495406150818,1,quasar,0.5156369209289551
1385,1,quasar,1,quasar,True,1,quasar,True,True,2,star,0.5532601475715637,1,quasar,0.8286049962043762,1,quasar,0.8225350379943848,1,quasar,0.7869639992713928,1,quasar,0.9614003896713257,2,star,0.4614112675189972
1386,1,quasar,1,quasar,True,1,quasar,True,True,1,quasar,0.7943623661994934,1,quasar,0.519878625869751,1,quasar,0.6696170568466187,2,star,0.6658643484115601,2,star,0.49803388118743896,1,quasar,0.8256967067718506
1387,1,quasar,0,galaxy,False,0,galaxy,False,True,0,galaxy,0.5932303667068481,0,galaxy,0.8079518675804138,0,galaxy,0.9542618989944458,0,galaxy,0.5720952153205872,1,quasar,0.41884490847587585,1,quasar,0.4360406696796417
1388,1,quasar,0,galaxy,False,1,quasar,True,False,1,quasar,0.9160324931144714,1,quasar,0.48682039976119995,0,galaxy,0.728135347366333,0,galaxy,0.5342105627059937,0,galaxy,0.7281995415687561,1,quasar,0.6690369248390198
1389,1,quasar,1,quasar,True,1,quasar,True,True,1,quasar,0.627396285533905,1,quasar,0.8844849467277527,1,quasar,0.8303140997886658,1,quasar,0.8054172396659851,1,quasar,0.8279627561569214,2,star,0.4810131788253784
1390,1,quasar,1,quasar,True,1,quasar,True,True,1,quasar,0.5572599172592163,1,quasar,0.9247523546218872,1,quasar,0.8594709038734436,1,quasar,0.8200437426567078,1,quasar,0.8283892869949341,2,star,0.450996994972229
1391,1,quasar,1,quasar,True,1,quasar,True,True,1,quasar,0.6339302062988281,1,quasar,0.9471796751022339,1,quasar,0.8526833653450012,1,quasar,0.8034201860427856,1,quasar,0.9427362680435181,1,quasar,0.6616677641868591
1392,1,quasar,1,quasar,True,1,quasar,True,True,1,quasar,0.7974554896354675,1,quasar,0.9304555654525757,1,quasar,0.7974638342857361,1,quasar,0.8025023341178894,1,quasar,0.7815943956375122,1,quasar,0.6514348983764648
1393,1,quasar,1,quasar,True,1,quasar,True,True,1,quasar,0.6873782873153687,1,quasar,0.5430341958999634,1,quasar,0.8188462257385254,1,quasar,0.5127151012420654,1,quasar,0.7883767485618591,1,quasar,0.7946391105651855
1394,1,quasar,1,quasar,True,1,quasar,True,True,1,quasar,0.8876620531082153,1,quasar,0.9066175818443298,2,star,0.5287064909934998,1,quasar,0.5364865660667419,1,quasar,0.8280623555183411,1,quasar,0.6929508447647095
1395,1,quasar,1,quasar,True,0,galaxy,False,False,1,quasar,0.8923979997634888,1,quasar,0.6538606882095337,0,galaxy,0.9377991557121277,0,galaxy,0.932483434677124,1,quasar,0.6744024157524109,1,quasar,0.4859776496887207
1396,1,quasar,0,galaxy,False,0,galaxy,False,True,1,quasar,0.5519497394561768,0,galaxy,0.42694374918937683,0,galaxy,0.9504951238632202,0,galaxy,0.9392048716545105,0,galaxy,0.7545878291130066,1,quasar,0.4611818790435791
1397,1,quasar,0,galaxy,False,0,galaxy,False,True,1,quasar,0.6893326044082642,0,galaxy,0.39859870076179504,0,galaxy,0.4719558358192444,0,galaxy,0.6010540723800659,1,quasar,0.6703042984008789,0,galaxy,0.8379601836204529
1398,1,quasar,1,quasar,True,1,quasar,True,True,1,quasar,0.9296547770500183,1,quasar,0.877795398235321,1,quasar,0.8670767545700073,1,quasar,0.7933107018470764,1,quasar,0.8301582336425781,1,quasar,0.8092213869094849
1399,1,quasar,0,galaxy,False,0,galaxy,False,True,1,quasar,0.9958177208900452,2,star,0.8740922212600708,0,galaxy,0.48016756772994995,0,galaxy,0.7368080019950867,0,galaxy,0.7959806323051453,2,star,0.5274481177330017
1400,1,quasar,1,quasar,True,1,quasar,True,True,1,quasar,0.6823889017105103,1,quasar,0.8367878794670105,1,quasar,0.6804709434509277,1,quasar,0.5993006825447083,1,quasar,0.8000370860099792,1,quasar,0.5052179098129272
1401,1,quasar,1,quasar,True,1,quasar,True,True,1,quasar,0.49741384387016296,1,quasar,0.8255991339683533,0,galaxy,0.8863198757171631,0,galaxy,0.60371333360672,1,quasar,0.8598056435585022,1,quasar,0.48715803027153015
1402,1,quasar,1,quasar,True,1,quasar,True,True,1,quasar,0.8228685855865479,1,quasar,0.9761391282081604,1,quasar,0.8703337907791138,1,quasar,0.804195761680603,1,quasar,0.9840428233146667,1,quasar,0.6222778558731079
1403,1,quasar,0,galaxy,False,0,galaxy,False,True,0,galaxy,0.6632673144340515,0,galaxy,0.4954030215740204,0,galaxy,0.7534130811691284,0,galaxy,0.40190625190734863,0,galaxy,0.7911190390586853,0,galaxy,0.5101073980331421
1404,1,quasar,1,quasar,True,1,quasar,True,True,1,quasar,0.9428463578224182,1,quasar,0.9812838435173035,1,quasar,0.8661587238311768,1,quasar,0.8023375868797302,1,quasar,0.9471586346626282,1,quasar,0.6224237084388733
1405,1,quasar,1,quasar,True,1,quasar,True,True,1,quasar,0.646968424320221,1,quasar,0.9370208382606506,1,quasar,0.8614621162414551,1,quasar,0.8128776550292969,1,quasar,0.8776340484619141,1,quasar,0.6668965816497803
1406,1,quasar,1,quasar,True,1,quasar,True,True,1,quasar,0.9044045209884644,1,quasar,0.7589123845100403,1,quasar,0.749198317527771,1,quasar,0.801702082157135,1,quasar,0.8949505686759949,1,quasar,0.5002841949462891
1407,1,quasar,1,quasar,True,1,quasar,True,True,1,quasar,0.6661244630813599,1,quasar,0.892907440662384,1,quasar,0.541261613368988,1,quasar,0.794434666633606,2,star,0.7591907978057861,1,quasar,0.5565986037254333
1408,1,quasar,0,galaxy,False,0,galaxy,False,True,0,galaxy,0.5242180228233337,0,galaxy,0.6014411449432373,0,galaxy,0.8512773513793945,0,galaxy,0.8587717413902283,1,quasar,0.8747242093086243,0,galaxy,0.4261873960494995
1409,1,quasar,1,quasar,True,1,quasar,True,True,1,quasar,0.6089106202125549,1,quasar,0.9823330044746399,1,quasar,0.8722652196884155,1,quasar,0.8204670548439026,1,quasar,0.9527457356452942,1,quasar,0.6485681533813477
1410,1,quasar,1,quasar,True,1,quasar,True,True,1,quasar,0.8180312514305115,1,quasar,0.9810559153556824,1,quasar,0.875907301902771,1,quasar,0.8085306286811829,1,quasar,0.9411334991455078,1,quasar,0.759084939956665
1411,1,quasar,1,quasar,True,1,quasar,True,True,1,quasar,0.9686193466186523,1,quasar,0.9981122016906738,1,quasar,0.8627499938011169,1,quasar,0.8182598948478699,1,quasar,0.9584578275680542,1,quasar,0.9036853909492493
1412,1,quasar,1,quasar,True,1,quasar,True,True,1,quasar,0.7417517304420471,1,quasar,0.9633126258850098,1,quasar,0.84433913230896,1,quasar,0.817631185054779,1,quasar,0.8946757912635803,1,quasar,0.5943933725357056
1413,1,quasar,1,quasar,True,1,quasar,True,True,1,quasar,0.8072587847709656,1,quasar,0.9406681060791016,1,quasar,0.8488458395004272,1,quasar,0.806346595287323,1,quasar,0.9646625518798828,1,quasar,0.6855689287185669
1414,1,quasar,1,quasar,True,1,quasar,True,True,1,quasar,0.7108138203620911,1,quasar,0.8805192112922668,1,quasar,0.8760823011398315,1,quasar,0.7913793921470642,1,quasar,0.9591415524482727,1,quasar,0.5497603416442871
1415,1,quasar,1,quasar,True,1,quasar,True,True,1,quasar,0.570930540561676,1,quasar,0.8307820558547974,1,quasar,0.815669059753418,1,quasar,0.5879380106925964,1,quasar,0.956348180770874,1,quasar,0.6122797131538391
1416,1,quasar,1,quasar,True,1,quasar,True,True,1,quasar,0.8954835534095764,1,quasar,0.6474524736404419,1,quasar,0.818927526473999,1,quasar,0.7582700252532959,1,quasar,0.9704962968826294,1,quasar,0.6175785064697266
1417,1,quasar,1,quasar,True,1,quasar,True,True,1,quasar,0.8864544630050659,1,quasar,0.7971197962760925,1,quasar,0.8411790728569031,1,quasar,0.8124305605888367,1,quasar,0.9615650773048401,1,quasar,0.5017616152763367
1418,1,quasar,1,quasar,True,1,quasar,True,True,1,quasar,0.9443503022193909,1,quasar,0.9568830132484436,1,quasar,0.8695896863937378,1,quasar,0.8187517523765564,1,quasar,0.9245890974998474,1,quasar,0.6813828349113464
1419,1,quasar,0,galaxy,False,0,galaxy,False,True,0,galaxy,0.8668591976165771,0,galaxy,0.7043918371200562,0,galaxy,0.9784191846847534,0,galaxy,0.6393380761146545,0,galaxy,0.8194364905357361,0,galaxy,0.9321823120117188
1420,1,quasar,1,quasar,True,1,quasar,True,True,1,quasar,0.7151292562484741,1,quasar,0.4343079626560211,1,quasar,0.49176010489463806,0,galaxy,0.5569702386856079,1,quasar,0.8478320240974426,2,star,0.6847169995307922
1421,1,quasar,0,galaxy,False,0,galaxy,False,True,0,galaxy,0.5241321325302124,2,star,0.5240989923477173,0,galaxy,0.4273661971092224,0,galaxy,0.48745226860046387,1,quasar,0.7402257919311523,0,galaxy,0.782560408115387
1422,1,quasar,1,quasar,True,1,quasar,True,True,1,quasar,0.6277849078178406,1,quasar,0.7830162644386292,1,quasar,0.8393144607543945,1,quasar,0.62481689453125,1,quasar,0.8608059287071228,2,star,0.5118369460105896
1423,1,quasar,1,quasar,True,1,quasar,True,True,2,star,0.5908646583557129,2,star,0.5156485438346863,1,quasar,0.7906085848808289,1,quasar,0.7463322281837463,1,quasar,0.7678304314613342,2,star,0.49403083324432373
1424,1,quasar,1,quasar,True,1,quasar,True,True,1,quasar,0.731799840927124,1,quasar,0.9689843654632568,1,quasar,0.8271421194076538,1,quasar,0.7071532011032104,1,quasar,0.8009335994720459,1,quasar,0.4611564874649048
1425,1,quasar,1,quasar,True,1,quasar,True,True,1,quasar,0.8619883060455322,1,quasar,0.9714120030403137,1,quasar,0.8391335010528564,1,quasar,0.8081251978874207,1,quasar,0.7880643010139465,2,star,0.5711095929145813
1426,1,quasar,0,galaxy,False,0,galaxy,False,True,0,galaxy,0.9436381459236145,1,quasar,0.5764370560646057,0,galaxy,0.958498477935791,0,galaxy,0.9735056757926941,0,galaxy,0.5649072527885437,0,galaxy,0.5198304057121277
1427,1,quasar,1,quasar,True,1,quasar,True,True,1,quasar,0.8216043710708618,1,quasar,0.9747660160064697,1,quasar,0.8639278411865234,1,quasar,0.8211355209350586,1,quasar,0.7919414639472961,1,quasar,0.4614129960536957
1428,1,quasar,1,quasar,True,1,quasar,True,True,2,star,0.5552210807800293,1,quasar,0.9594354629516602,1,quasar,0.7622614502906799,1,quasar,0.79520183801651,1,quasar,0.7858002781867981,2,star,0.5454446077346802
1429,1,quasar,1,quasar,True,1,quasar,True,True,1,quasar,0.5371430516242981,1,quasar,0.4225081205368042,2,star,0.5164795517921448,2,star,0.6228778958320618,1,quasar,0.5809666514396667,1,quasar,0.4359413683414459
1430,1,quasar,1,quasar,True,1,quasar,True,True,1,quasar,0.5986831784248352,1,quasar,0.874631941318512,1,quasar,0.8725820779800415,1,quasar,0.7118509411811829,1,quasar,0.8940000534057617,1,quasar,0.4468569755554199
1431,1,quasar,1,quasar,True,1,quasar,True,True,1,quasar,0.5802313089370728,1,quasar,0.944087564945221,1,quasar,0.8747748732566833,1,quasar,0.7960799336433411,1,quasar,0.9133328795433044,2,star,0.41862666606903076
1432,1,quasar,1,quasar,True,1,quasar,True,True,2,star,0.5153360366821289,1,quasar,0.8888046741485596,1,quasar,0.5641017556190491,1,quasar,0.5848663449287415,1,quasar,0.9502949714660645,2,star,0.626581072807312
1433,1,quasar,0,galaxy,False,0,galaxy,False,True,0,galaxy,0.7659649848937988,1,quasar,0.6850090026855469,0,galaxy,0.9654228091239929,0,galaxy,0.9184267520904541,1,quasar,0.978602945804596,2,star,0.4274238348007202
1434,1,quasar,1,quasar,True,1,quasar,True,True,1,quasar,0.6092627644538879,1,quasar,0.9458743929862976,1,quasar,0.7982257008552551,1,quasar,0.7413477301597595,1,quasar,0.7323418259620667,1,quasar,0.618804931640625
1435,1,quasar,1,quasar,True,1,quasar,True,True,2,star,0.9011502861976624,1,quasar,0.9542415738105774,1,quasar,0.8051687479019165,2,star,0.514593780040741,1,quasar,0.8872094750404358,2,star,0.5471501350402832
1436,1,quasar,1,quasar,True,1,quasar,True,True,2,star,0.6011658310890198,1,quasar,0.9676939845085144,1,quasar,0.7960326671600342,1,quasar,0.7911592721939087,1,quasar,0.71687251329422,1,quasar,0.5378453731536865
1437,1,quasar,1,quasar,True,1,quasar,True,True,1,quasar,0.877608597278595,1,quasar,0.9878045320510864,1,quasar,0.8137537837028503,1,quasar,0.7457966804504395,1,quasar,0.5952937602996826,1,quasar,0.6863877177238464
1438,1,quasar,1,quasar,True,1,quasar,True,True,2,star,0.6078630089759827,1,quasar,0.8666386604309082,1,quasar,0.61882084608078,1,quasar,0.6374449133872986,1,quasar,0.819808840751648,2,star,0.39325422048568726
1439,1,quasar,1,quasar,True,1,quasar,True,True,1,quasar,0.7675359845161438,1,quasar,0.9052087068557739,1,quasar,0.8452923893928528,1,quasar,0.5195037722587585,1,quasar,0.8158478736877441,2,star,0.4958451986312866
1440,1,quasar,2,star,False,2,star,False,True,2,star,0.5603101849555969,1,quasar,0.6595439910888672,2,star,0.8747480511665344,2,star,0.5603901743888855,2,star,0.6666867136955261,2,star,0.7023831009864807
1441,1,quasar,0,galaxy,False,0,galaxy,False,True,0,galaxy,0.9865186810493469,0,galaxy,0.993467390537262,0,galaxy,0.9875808954238892,0,galaxy,0.9575678110122681,0,galaxy,0.9972842931747437,0,galaxy,0.8526310324668884
1442,1,quasar,0,galaxy,False,1,quasar,True,False,0,galaxy,0.5450379848480225,1,quasar,0.7012045383453369,0,galaxy,0.6686797738075256,0,galaxy,0.48017746210098267,1,quasar,0.8073979616165161,2,star,0.408029168844223
1443,1,quasar,0,galaxy,False,0,galaxy,False,True,0,galaxy,0.9510629177093506,1,quasar,0.7104589939117432,0,galaxy,0.9598391056060791,0,galaxy,0.9464167952537537,0,galaxy,0.9819220304489136,2,star,0.4254978597164154
1444,1,quasar,1,quasar,True,1,quasar,True,True,1,quasar,0.49628934264183044,1,quasar,0.8806091547012329,1,quasar,0.7706010937690735,1,quasar,0.7914618849754333,1,quasar,0.7193607091903687,2,star,0.47315412759780884
1445,1,quasar,1,quasar,True,1,quasar,True,True,2,star,0.7314745783805847,1,quasar,0.7217329740524292,1,quasar,0.7989509701728821,1,quasar,0.5267332792282104,2,star,0.5726578831672668,1,quasar,0.5087553858757019
1446,1,quasar,1,quasar,True,1,quasar,True,True,1,quasar,0.5554240345954895,1,quasar,0.9409309029579163,1,quasar,0.8682777881622314,1,quasar,0.7997331619262695,1,quasar,0.9548913836479187,2,star,0.5130035281181335
1447,1,quasar,2,star,False,2,star,False,True,2,star,0.5712988972663879,1,quasar,0.44555729627609253,0,galaxy,0.4034489393234253,2,star,0.7370274066925049,1,quasar,0.614375114440918,2,star,0.7084539532661438
1448,1,quasar,1,quasar,True,1,quasar,True,True,1,quasar,0.7892431616783142,1,quasar,0.9804093837738037,1,quasar,0.8236176371574402,1,quasar,0.7799979448318481,1,quasar,0.842191755771637,1,quasar,0.4210341274738312
1449,1,quasar,1,quasar,True,1,quasar,True,True,1,quasar,0.568580687046051,1,quasar,0.8594273328781128,1,quasar,0.7076106071472168,1,quasar,0.5014629364013672,1,quasar,0.6906106472015381,0,galaxy,0.35501474142074585
1450,1,quasar,1,quasar,True,1,quasar,True,True,1,quasar,0.6641296148300171,1,quasar,0.8089390993118286,1,quasar,0.8512008190155029,1,quasar,0.6351441740989685,1,quasar,0.668110191822052,2,star,0.4542611837387085
1451,1,quasar,1,quasar,True,2,star,False,False,2,star,0.8722495436668396,1,quasar,0.6879177093505859,2,star,0.7781453132629395,1,quasar,0.816612184047699,2,star,0.658053994178772,1,quasar,0.5272511839866638
1452,1,quasar,1,quasar,True,1,quasar,True,True,1,quasar,0.6589803695678711,2,star,0.802308201789856,1,quasar,0.7218164205551147,1,quasar,0.7894151210784912,1,quasar,0.820023775100708,2,star,0.5263503789901733
1453,1,quasar,0,galaxy,False,0,galaxy,False,True,0,galaxy,0.8608862161636353,0,galaxy,0.6901445984840393,0,galaxy,0.8714615702629089,0,galaxy,0.5728150010108948,0,galaxy,0.9567540287971497,0,galaxy,0.4405922293663025
1454,1,quasar,1,quasar,True,1,quasar,True,True,2,star,0.4961335361003876,1,quasar,0.9868842363357544,1,quasar,0.8421823382377625,1,quasar,0.8077434301376343,1,quasar,0.6705400347709656,2,star,0.35097363591194153
1455,1,quasar,1,quasar,True,1,quasar,True,True,1,quasar,0.7203561663627625,1,quasar,0.9571263790130615,1,quasar,0.860197901725769,1,quasar,0.7937761545181274,1,quasar,0.907113790512085,2,star,0.5784817337989807
1456,1,quasar,1,quasar,True,1,quasar,True,True,2,star,0.6103643178939819,1,quasar,0.861811101436615,1,quasar,0.707895815372467,1,quasar,0.6351385712623596,1,quasar,0.8412527441978455,1,quasar,0.516438901424408
1457,1,quasar,1,quasar,True,1,quasar,True,True,1,quasar,0.6492151021957397,1,quasar,0.840214192867279,1,quasar,0.8044925332069397,1,quasar,0.7526893019676208,1,quasar,0.896247148513794,2,star,0.4062526524066925
1458,1,quasar,1,quasar,True,1,quasar,True,True,1,quasar,0.6598511338233948,1,quasar,0.8203908205032349,1,quasar,0.8661506175994873,1,quasar,0.8114904165267944,1,quasar,0.8580363392829895,1,quasar,0.5559626817703247
1459,1,quasar,1,quasar,True,1,quasar,True,True,1,quasar,0.6972817778587341,1,quasar,0.8039082884788513,1,quasar,0.6394790410995483,2,star,0.7888675332069397,1,quasar,0.7599270343780518,2,star,0.7041316628456116
1460,1,quasar,1,quasar,True,1,quasar,True,True,2,star,0.8567958474159241,1,quasar,0.96778404712677,1,quasar,0.8694265484809875,1,quasar,0.5329663753509521,1,quasar,0.9497230052947998,2,star,0.6128937602043152
1461,1,quasar,1,quasar,True,1,quasar,True,True,2,star,0.5403118133544922,1,quasar,0.7794014811515808,1,quasar,0.865462601184845,1,quasar,0.8004252314567566,1,quasar,0.6563804745674133,1,quasar,0.5105162262916565
1462,1,quasar,1,quasar,True,1,quasar,True,True,2,star,0.6152017116546631,1,quasar,0.6408092379570007,1,quasar,0.6327330470085144,1,quasar,0.5958516597747803,1,quasar,0.8815470933914185,0,galaxy,0.3801562786102295
1463,1,quasar,1,quasar,True,1,quasar,True,True,2,star,0.5483476519584656,1,quasar,0.874363899230957,1,quasar,0.8263616561889648,1,quasar,0.6291319727897644,1,quasar,0.6749515533447266,2,star,0.5244389772415161
1464,1,quasar,1,quasar,True,1,quasar,True,True,1,quasar,0.7390767335891724,1,quasar,0.6760684251785278,1,quasar,0.8377941250801086,1,quasar,0.794891357421875,1,quasar,0.9144791960716248,2,star,0.45637738704681396
1465,1,quasar,1,quasar,True,1,quasar,True,True,1,quasar,0.6919286847114563,1,quasar,0.9522117972373962,2,star,0.7618451118469238,1,quasar,0.6895201206207275,1,quasar,0.663625955581665,2,star,0.6829435229301453
1466,1,quasar,1,quasar,True,1,quasar,True,True,2,star,0.7254635095596313,1,quasar,0.9612340927124023,1,quasar,0.8365697860717773,1,quasar,0.8003873229026794,1,quasar,0.8686642646789551,0,galaxy,0.3827589452266693
1467,1,quasar,1,quasar,True,1,quasar,True,True,1,quasar,0.765080451965332,1,quasar,0.9853678345680237,1,quasar,0.845836341381073,1,quasar,0.782103419303894,1,quasar,0.8516585826873779,2,star,0.43856871128082275
1468,1,quasar,1,quasar,True,1,quasar,True,True,2,star,0.5078968405723572,2,star,0.5395817756652832,1,quasar,0.6315884590148926,1,quasar,0.5808626413345337,1,quasar,0.6277865171432495,2,star,0.636838972568512
1469,1,quasar,2,star,False,2,star,False,True,2,star,0.6572327613830566,2,star,0.4703235328197479,0,galaxy,0.4452633261680603,0,galaxy,0.383120596408844,1,quasar,0.8457067012786865,2,star,0.7006440162658691
1470,1,quasar,1,quasar,True,2,star,False,False,2,star,0.5161790251731873,1,quasar,0.6028972268104553,2,star,0.8433597087860107,1,quasar,0.5387182831764221,1,quasar,0.7996193170547485,2,star,0.6510672569274902
1471,1,quasar,0,galaxy,False,1,quasar,True,False,0,galaxy,0.5085936784744263,1,quasar,0.615422785282135,0,galaxy,0.7356087565422058,1,quasar,0.595809280872345,1,quasar,0.7262900471687317,0,galaxy,0.5784231424331665
1472,1,quasar,1,quasar,True,1,quasar,True,True,2,star,0.7169874310493469,1,quasar,0.7504379153251648,1,quasar,0.6621326208114624,1,quasar,0.577045202255249,1,quasar,0.5285354256629944,2,star,0.59273362159729
1473,1,quasar,1,quasar,True,1,quasar,True,True,1,quasar,0.5197879076004028,1,quasar,0.7959399223327637,1,quasar,0.8610395193099976,1,quasar,0.8025080561637878,1,quasar,0.8328888416290283,2,star,0.8478906750679016
1474,1,quasar,1,quasar,True,1,quasar,True,True,1,quasar,0.7514475584030151,1,quasar,0.900708794593811,1,quasar,0.8491167426109314,1,quasar,0.6172807216644287,1,quasar,0.8812270164489746,2,star,0.45540207624435425
1475,1,quasar,1,quasar,True,1,quasar,True,True,1,quasar,0.596034049987793,1,quasar,0.6562032103538513,1,quasar,0.7496685981750488,1,quasar,0.6159444451332092,1,quasar,0.7977084517478943,2,star,0.4371812343597412
1476,1,quasar,1,quasar,True,1,quasar,True,True,2,star,0.7837697863578796,1,quasar,0.9496777653694153,1,quasar,0.5778297781944275,1,quasar,0.5753780603408813,1,quasar,0.8421251177787781,2,star,0.6131457090377808
1477,1,quasar,1,quasar,True,1,quasar,True,True,1,quasar,0.5718615055084229,1,quasar,0.9448883533477783,1,quasar,0.865561306476593,1,quasar,0.7402777075767517,1,quasar,0.8279467225074768,2,star,0.5684880018234253
1478,1,quasar,1,quasar,True,1,quasar,True,True,1,quasar,0.589384138584137,1,quasar,0.7592951655387878,1,quasar,0.7379170656204224,1,quasar,0.6030415892601013,1,quasar,0.8893609642982483,2,star,0.5005550384521484
1479,1,quasar,1,quasar,True,1,quasar,True,True,1,quasar,0.6855418086051941,1,quasar,0.9267556071281433,1,quasar,0.8728252053260803,1,quasar,0.8231649994850159,1,quasar,0.7987641096115112,2,star,0.47588875889778137
1480,1,quasar,1,quasar,True,1,quasar,True,True,2,star,0.5294057726860046,1,quasar,0.970122754573822,1,quasar,0.8720576763153076,1,quasar,0.8064007759094238,1,quasar,0.9115539193153381,2,star,0.654426097869873
1481,1,quasar,1,quasar,True,1,quasar,True,True,2,star,0.6084039807319641,1,quasar,0.928007185459137,1,quasar,0.8471237421035767,1,quasar,0.6579383015632629,1,quasar,0.8028420805931091,2,star,0.5242273807525635
1482,1,quasar,1,quasar,True,1,quasar,True,True,1,quasar,0.6064935922622681,1,quasar,0.9858685731887817,1,quasar,0.8378602266311646,1,quasar,0.8195526599884033,1,quasar,0.9723306894302368,2,star,0.6491239070892334
1483,1,quasar,1,quasar,True,1,quasar,True,True,1,quasar,0.7819186449050903,1,quasar,0.9528821110725403,1,quasar,0.8667442202568054,1,quasar,0.8058515191078186,1,quasar,0.7648066878318787,2,star,0.4936358630657196
1484,1,quasar,1,quasar,True,1,quasar,True,True,2,star,0.7987201809883118,1,quasar,0.8686388731002808,1,quasar,0.6188133955001831,1,quasar,0.8036054968833923,1,quasar,0.607420027256012,2,star,0.5869872570037842
1485,1,quasar,1,quasar,True,1,quasar,True,True,1,quasar,0.6047633290290833,1,quasar,0.9861006140708923,0,galaxy,0.8713048696517944,0,galaxy,0.9441231489181519,1,quasar,0.9223647117614746,2,star,0.48591527342796326
1486,1,quasar,1,quasar,True,1,quasar,True,True,1,quasar,0.6453044414520264,1,quasar,0.5597878098487854,1,quasar,0.7714716792106628,1,quasar,0.7182847857475281,1,quasar,0.7553824186325073,2,star,0.47271981835365295
1487,1,quasar,2,star,False,2,star,False,True,2,star,0.8876811265945435,2,star,0.6734511852264404,2,star,0.9782266020774841,2,star,0.7096787095069885,2,star,0.9834309816360474,2,star,0.8345444798469543
1488,1,quasar,1,quasar,True,1,quasar,True,True,1,quasar,0.6087878942489624,1,quasar,0.8581224083900452,1,quasar,0.8253847360610962,1,quasar,0.8033114671707153,1,quasar,0.80909663438797,2,star,0.43491116166114807
1489,1,quasar,1,quasar,True,1,quasar,True,True,1,quasar,0.7042729258537292,1,quasar,0.9796965718269348,1,quasar,0.8474913835525513,1,quasar,0.8105196952819824,1,quasar,0.7211625576019287,2,star,0.5161120891571045
1490,1,quasar,1,quasar,True,1,quasar,True,True,2,star,0.7805538773536682,1,quasar,0.9606539607048035,1,quasar,0.8003217577934265,1,quasar,0.7969921231269836,1,quasar,0.8865570425987244,2,star,0.526992678642273
1491,1,quasar,1,quasar,True,1,quasar,True,True,1,quasar,0.6730511784553528,1,quasar,0.7410503625869751,1,quasar,0.8420606255531311,1,quasar,0.8213456273078918,1,quasar,0.9076831340789795,2,star,0.6172256469726562
1492,1,quasar,2,star,False,1,quasar,True,False,2,star,0.4908265173435211,1,quasar,0.795592725276947,2,star,0.46405792236328125,2,star,0.6165809035301208,1,quasar,0.8883907198905945,0,galaxy,0.4104156494140625
1493,1,quasar,1,quasar,True,2,star,False,False,2,star,0.7485277056694031,1,quasar,0.658454418182373,1,quasar,0.5769434571266174,1,quasar,0.6105139255523682,2,star,0.7658416032791138,2,star,0.43130752444267273
1494,1,quasar,1,quasar,True,1,quasar,True,True,1,quasar,0.7623919248580933,1,quasar,0.9791194796562195,1,quasar,0.8668621778488159,1,quasar,0.7761089205741882,1,quasar,0.9793202877044678,1,quasar,0.5779621005058289
1495,1,quasar,1,quasar,True,1,quasar,True,True,1,quasar,0.5300545692443848,1,quasar,0.9653381705284119,2,star,0.6114938855171204,2,star,0.8794170618057251,1,quasar,0.923276960849762,2,star,0.6957525610923767
1496,1,quasar,1,quasar,True,1,quasar,True,True,2,star,0.5294503569602966,1,quasar,0.9234265685081482,1,quasar,0.8648912310600281,1,quasar,0.7872806787490845,1,quasar,0.8202222585678101,2,star,0.4567066729068756
1497,1,quasar,1,quasar,True,1,quasar,True,True,1,quasar,0.7704827785491943,1,quasar,0.8596001863479614,1,quasar,0.821973979473114,1,quasar,0.7986515164375305,1,quasar,0.7589616179466248,2,star,0.5160195231437683
1498,1,quasar,1,quasar,True,1,quasar,True,True,2,star,0.5586982369422913,1,quasar,0.8784757256507874,1,quasar,0.8546817302703857,1,quasar,0.8149517178535461,1,quasar,0.5635270476341248,2,star,0.6943726539611816
1499,1,quasar,1,quasar,True,1,quasar,True,True,1,quasar,0.5604861378669739,1,quasar,0.6275181174278259,1,quasar,0.8375268578529358,1,quasar,0.7868380546569824,1,quasar,0.6922789812088013,2,star,0.8053148984909058
1500,1,quasar,1,quasar,True,1,quasar,True,True,1,quasar,0.7177973389625549,1,quasar,0.9663481116294861,1,quasar,0.8592509031295776,1,quasar,0.8052554130554199,1,quasar,0.6911981701850891,2,star,0.46494796872138977
1501,1,quasar,1,quasar,True,2,star,False,False,2,star,0.6628624796867371,1,quasar,0.5334320068359375,1,quasar,0.6345124244689941,2,star,0.6511477828025818,1,quasar,0.6952384114265442,2,star,0.6401576399803162
1502,1,quasar,1,quasar,True,1,quasar,True,True,2,star,0.587015688419342,1,quasar,0.798329770565033,1,quasar,0.7731779217720032,1,quasar,0.7863672971725464,1,quasar,0.8081207871437073,1,quasar,0.7207011580467224
1503,1,quasar,1,quasar,True,1,quasar,True,True,2,star,0.54242342710495,2,star,0.8210147023200989,1,quasar,0.7871508002281189,1,quasar,0.8034136295318604,1,quasar,0.6996496915817261,2,star,0.6975275874137878
1504,1,quasar,1,quasar,True,1,quasar,True,True,1,quasar,0.8603509068489075,1,quasar,0.9411469101905823,1,quasar,0.811082124710083,1,quasar,0.7964145541191101,1,quasar,0.6521002054214478,2,star,0.7054197788238525
1505,1,quasar,2,star,False,2,star,False,True,2,star,0.7955614328384399,2,star,0.8078116774559021,2,star,0.9046643376350403,1,quasar,0.6314831376075745,1,quasar,0.687141478061676,2,star,0.5863869786262512
1506,1,quasar,1,quasar,True,1,quasar,True,True,1,quasar,0.526608943939209,1,quasar,0.948542058467865,1,quasar,0.8603567481040955,1,quasar,0.7999793291091919,1,quasar,0.8780997395515442,2,star,0.5032731294631958
1507,1,quasar,1,quasar,True,1,quasar,True,True,2,star,0.5511784553527832,1,quasar,0.8401322364807129,1,quasar,0.8629154562950134,1,quasar,0.7466185688972473,1,quasar,0.9555280804634094,2,star,0.7079460620880127
1508,1,quasar,1,quasar,True,1,quasar,True,True,1,quasar,0.7972965240478516,1,quasar,0.9680993556976318,1,quasar,0.4999762773513794,1,quasar,0.4974856376647949,1,quasar,0.9568406939506531,1,quasar,0.7686564326286316
1509,1,quasar,2,star,False,2,star,False,True,2,star,0.9398186802864075,2,star,0.9563292264938354,1,quasar,0.6359429359436035,2,star,0.7098233103752136,2,star,0.8479591608047485,2,star,0.666429340839386
1510,1,quasar,1,quasar,True,1,quasar,True,True,1,quasar,0.9345419406890869,1,quasar,0.9919173121452332,1,quasar,0.8245599865913391,1,quasar,0.5458056926727295,1,quasar,0.8908876776695251,1,quasar,0.7287333011627197
1511,1,quasar,1,quasar,True,1,quasar,True,True,1,quasar,0.597052276134491,1,quasar,0.8860830068588257,1,quasar,0.8506932854652405,1,quasar,0.8038650155067444,1,quasar,0.7082021832466125,1,quasar,0.48068493604660034
1512,1,quasar,2,star,False,2,star,False,True,2,star,0.6101712584495544,1,quasar,0.5580870509147644,2,star,0.9324523210525513,2,star,0.9100598692893982,1,quasar,0.585505485534668,2,star,0.49601227045059204
1513,1,quasar,1,quasar,True,1,quasar,True,True,1,quasar,0.753858208656311,1,quasar,0.9788707494735718,1,quasar,0.872806966304779,1,quasar,0.7987477779388428,1,quasar,0.9297520518302917,1,quasar,0.6020000576972961
1514,1,quasar,1,quasar,True,1,quasar,True,True,1,quasar,0.6013798713684082,1,quasar,0.7794269323348999,1,quasar,0.6790995597839355,1,quasar,0.648183286190033,1,quasar,0.7054486274719238,1,quasar,0.46836552023887634
1515,1,quasar,1,quasar,True,1,quasar,True,True,1,quasar,0.860444188117981,1,quasar,0.9468213319778442,1,quasar,0.7718749642372131,1,quasar,0.5468034148216248,1,quasar,0.955767810344696,1,quasar,0.402586966753006
1516,1,quasar,1,quasar,True,1,quasar,True,True,1,quasar,0.8328767418861389,1,quasar,0.8512976765632629,1,quasar,0.8527531027793884,1,quasar,0.5584109425544739,1,quasar,0.9559687972068787,1,quasar,0.4920729696750641
1517,1,quasar,0,galaxy,False,0,galaxy,False,True,0,galaxy,0.8697701692581177,1,quasar,0.7951893210411072,0,galaxy,0.7746717929840088,0,galaxy,0.9848249554634094,1,quasar,0.675535261631012,0,galaxy,0.8032392859458923
1518,1,quasar,1,quasar,True,1,quasar,True,True,2,star,0.6641175150871277,1,quasar,0.67571622133255,1,quasar,0.7911432385444641,2,star,0.5698360800743103,1,quasar,0.9478753805160522,2,star,0.4966617524623871
1519,1,quasar,1,quasar,True,1,quasar,True,True,2,star,0.5279215574264526,1,quasar,0.9974167346954346,1,quasar,0.763710618019104,1,quasar,0.5709997415542603,1,quasar,0.6199421882629395,2,star,0.5132056474685669
1520,1,quasar,0,galaxy,False,0,galaxy,False,True,0,galaxy,0.7314528226852417,0,galaxy,0.6355607509613037,0,galaxy,0.8566722273826599,0,galaxy,0.8009868860244751,1,quasar,0.82816481590271,0,galaxy,0.3663458824157715
1521,1,quasar,1,quasar,True,1,quasar,True,True,1,quasar,0.5221668481826782,1,quasar,0.598574161529541,1,quasar,0.8401139974594116,1,quasar,0.6645777821540833,1,quasar,0.8847452998161316,2,star,0.5380691885948181
1522,1,quasar,1,quasar,True,1,quasar,True,True,1,quasar,0.6885973811149597,1,quasar,0.9985085129737854,1,quasar,0.8572888374328613,1,quasar,0.7976663112640381,1,quasar,0.957510769367218,1,quasar,0.46357589960098267
1523,1,quasar,1,quasar,True,1,quasar,True,True,1,quasar,0.7647461295127869,1,quasar,0.9911303520202637,1,quasar,0.8380953073501587,1,quasar,0.7665569186210632,1,quasar,0.8989885449409485,0,galaxy,0.4553483724594116
1524,1,quasar,1,quasar,True,1,quasar,True,True,2,star,0.6622405052185059,1,quasar,0.9806007742881775,1,quasar,0.8443483710289001,1,quasar,0.8040545582771301,1,quasar,0.8042933940887451,1,quasar,0.5874754190444946
1525,2,star,2,star,True,2,star,True,True,2,star,0.9631364941596985,2,star,0.9797543883323669,2,star,0.9577744603157043,2,star,0.9780356884002686,2,star,0.9942757487297058,2,star,0.5149203538894653
1526,2,star,2,star,True,2,star,True,True,2,star,0.6916082501411438,2,star,0.6254088878631592,2,star,0.6879602670669556,1,quasar,0.6018579602241516,2,star,0.945564866065979,1,quasar,0.48967215418815613
1527,2,star,2,star,True,2,star,True,True,2,star,0.943570077419281,2,star,0.9931837916374207,2,star,0.958056628704071,2,star,0.8143914937973022,2,star,0.7593701481819153,2,star,0.7809242010116577
1528,2,star,1,quasar,False,1,quasar,False,True,2,star,0.6540468335151672,2,star,0.7193106412887573,1,quasar,0.6030629277229309,1,quasar,0.7972968220710754,1,quasar,0.6475812792778015,1,quasar,0.4576852321624756
1529,2,star,2,star,True,2,star,True,True,2,star,0.945584237575531,2,star,0.9998553991317749,2,star,0.9898624420166016,2,star,0.9866099953651428,2,star,0.9960298538208008,2,star,0.6427934169769287
1530,2,star,2,star,True,2,star,True,True,2,star,0.9947039484977722,2,star,0.9999356269836426,2,star,0.9957491159439087,2,star,0.9961012601852417,2,star,0.9960827827453613,2,star,0.861054539680481
1531,2,star,2,star,True,2,star,True,True,2,star,0.9906653165817261,2,star,0.9995182752609253,2,star,0.9939970970153809,2,star,0.9926878213882446,2,star,0.9949449896812439,2,star,0.6909801959991455
1532,2,star,2,star,True,2,star,True,True,2,star,0.9928795695304871,2,star,0.9997430443763733,2,star,0.9942610263824463,2,star,0.9836617112159729,2,star,0.9942654967308044,2,star,0.7530553936958313
1533,2,star,1,quasar,False,2,star,True,False,2,star,0.8696033954620361,1,quasar,0.6411786079406738,2,star,0.605993390083313,1,quasar,0.6152994632720947,1,quasar,0.622655987739563,1,quasar,0.4316089451313019
1534,2,star,1,quasar,False,1,quasar,False,True,1,quasar,0.7864373326301575,1,quasar,0.7063586711883545,1,quasar,0.7955904603004456,1,quasar,0.5860793590545654,1,quasar,0.7169598937034607,1,quasar,0.5671491026878357
1535,2,star,2,star,True,2,star,True,True,2,star,0.9967744946479797,2,star,0.9997429251670837,2,star,0.9945093989372253,2,star,0.9949953556060791,2,star,0.9972034692764282,2,star,0.6298412680625916
1536,2,star,2,star,True,2,star,True,True,2,star,0.9861631989479065,2,star,0.9990517497062683,2,star,0.9948045611381531,2,star,0.9878334999084473,2,star,0.9972119927406311,2,star,0.48811620473861694
1537,2,star,2,star,True,2,star,True,True,2,star,0.9745297431945801,2,star,0.9906584024429321,2,star,0.9914026856422424,2,star,0.9829692244529724,2,star,0.9972073435783386,1,quasar,0.39279425144195557
1538,2,star,2,star,True,2,star,True,True,2,star,0.9905969500541687,2,star,0.9998239874839783,2,star,0.9895327091217041,2,star,0.991589367389679,2,star,0.9960418939590454,0,galaxy,0.4719327390193939
1539,2,star,2,star,True,2,star,True,True,2,star,0.9936876893043518,2,star,0.935643196105957,2,star,0.9928666353225708,2,star,0.9362857341766357,2,star,0.9966027736663818,1,quasar,0.3678285479545593
1540,2,star,2,star,True,2,star,True,True,2,star,0.9879302978515625,2,star,0.998721182346344,2,star,0.9908407926559448,2,star,0.9939139485359192,2,star,0.9098827838897705,2,star,0.6840526461601257
1541,2,star,2,star,True,2,star,True,True,2,star,0.9924834370613098,2,star,0.9825178980827332,2,star,0.9484716057777405,2,star,0.9602017998695374,2,star,0.9820668697357178,2,star,0.5207324028015137
1542,2,star,2,star,True,2,star,True,True,2,star,0.9878899455070496,2,star,0.9991187453269958,2,star,0.9892967343330383,2,star,0.9930331707000732,2,star,0.993984043598175,2,star,0.6119871139526367
1543,2,star,1,quasar,False,1,quasar,False,True,2,star,0.7978636622428894,2,star,0.6285115480422974,1,quasar,0.8205242156982422,1,quasar,0.7346570491790771,1,quasar,0.6997115612030029,2,star,0.5180239677429199
1544,2,star,1,quasar,False,1,quasar,False,True,2,star,0.6825087070465088,1,quasar,0.989173412322998,1,quasar,0.8434135317802429,1,quasar,0.8045092225074768,1,quasar,0.7213103175163269,2,star,0.408833384513855
1545,2,star,2,star,True,2,star,True,True,2,star,0.9909414649009705,2,star,0.9998137354850769,2,star,0.9931837916374207,2,star,0.994152843952179,2,star,0.9966674447059631,2,star,0.6474777460098267
1546,2,star,2,star,True,2,star,True,True,2,star,0.9929571151733398,2,star,0.999893307685852,2,star,0.9934424161911011,2,star,0.9941511750221252,2,star,0.9970225691795349,0,galaxy,0.909866213798523
1547,2,star,2,star,True,2,star,True,True,2,star,0.9968716502189636,2,star,0.9998810291290283,2,star,0.9940974712371826,2,star,0.9888705015182495,2,star,0.9961394667625427,2,star,0.7538323402404785
1548,2,star,2,star,True,2,star,True,True,2,star,0.9969569444656372,2,star,0.9998157620429993,2,star,0.9941446185112,2,star,0.9919014573097229,2,star,0.9966108202934265,2,star,0.8981044292449951
1549,2,star,1,quasar,False,1,quasar,False,True,2,star,0.8280218839645386,1,quasar,0.9300490617752075,1,quasar,0.7223014235496521,1,quasar,0.8149224519729614,1,quasar,0.5869605541229248,1,quasar,0.47823023796081543
1550,2,star,2,star,True,2,star,True,True,2,star,0.9898217916488647,2,star,0.9937432408332825,2,star,0.9178511500358582,2,star,0.9076517224311829,2,star,0.9930166006088257,2,star,0.6911088228225708
1551,2,star,2,star,True,2,star,True,True,2,star,0.6520607471466064,2,star,0.5314748883247375,1,quasar,0.6458881497383118,1,quasar,0.5929961800575256,2,star,0.7310468554496765,2,star,0.6003496050834656
1552,2,star,0,galaxy,False,0,galaxy,False,True,0,galaxy,0.9364393949508667,0,galaxy,0.561039388179779,0,galaxy,0.4462135136127472,0,galaxy,0.6344373226165771,1,quasar,0.6503438353538513,0,galaxy,0.6311094164848328
1553,2,star,2,star,True,2,star,True,True,2,star,0.904801070690155,2,star,0.7927919030189514,2,star,0.9236797094345093,2,star,0.7615225911140442,2,star,0.9586020708084106,2,star,0.5581751465797424
1554,2,star,1,quasar,False,1,quasar,False,True,1,quasar,0.9014567732810974,1,quasar,0.9112254977226257,2,star,0.6574106812477112,1,quasar,0.5778025984764099,2,star,0.5023250579833984,1,quasar,0.7868812084197998
1555,2,star,2,star,True,2,star,True,True,2,star,0.976688802242279,2,star,0.9990664124488831,2,star,0.9980216026306152,2,star,0.9898144006729126,2,star,0.9846657514572144,2,star,0.9234665036201477
1556,2,star,2,star,True,2,star,True,True,2,star,0.8554225564002991,2,star,0.6626237034797668,1,quasar,0.8124440312385559,1,quasar,0.758778989315033,2,star,0.5146235823631287,2,star,0.6358724236488342
1557,2,star,2,star,True,2,star,True,True,2,star,0.9274190068244934,2,star,0.9739062190055847,2,star,0.6849538087844849,2,star,0.7754251956939697,2,star,0.743263840675354,2,star,0.5262790322303772
1558,2,star,2,star,True,2,star,True,True,2,star,0.995391845703125,2,star,0.987212598323822,2,star,0.9952947497367859,2,star,0.9951565861701965,2,star,0.9969121217727661,2,star,0.7469902038574219
1559,2,star,2,star,True,2,star,True,True,2,star,0.969925582408905,2,star,0.9756774306297302,2,star,0.9906888008117676,2,star,0.9779825210571289,2,star,0.9954153299331665,2,star,0.755541205406189
1560,2,star,0,galaxy,False,2,star,True,False,0,galaxy,0.5000492334365845,2,star,0.5823907256126404,2,star,0.8105419278144836,0,galaxy,0.975975751876831,2,star,0.9843591451644897,0,galaxy,0.4811599552631378
1561,2,star,1,quasar,False,1,quasar,False,True,1,quasar,0.5497848391532898,2,star,0.6669428944587708,1,quasar,0.8253822922706604,1,quasar,0.5934165120124817,2,star,0.5093575716018677,2,star,0.4128585159778595
1562,2,star,2,star,True,2,star,True,True,2,star,0.9956045150756836,2,star,0.9931582808494568,2,star,0.9918392300605774,2,star,0.9135842323303223,2,star,0.9925540089607239,2,star,0.8575529456138611
1563,2,star,2,star,True,2,star,True,True,2,star,0.9668426513671875,2,star,0.9999532699584961,2,star,0.9947865009307861,2,star,0.9710148572921753,2,star,0.9965270161628723,0,galaxy,0.7280740141868591
1564,2,star,1,quasar,False,1,quasar,False,True,1,quasar,0.7416475415229797,1,quasar,0.8563624620437622,1,quasar,0.7482011318206787,1,quasar,0.6285077929496765,2,star,0.5481056571006775,1,quasar,0.4838619828224182
1565,2,star,1,quasar,False,2,star,True,False,2,star,0.9729512929916382,2,star,0.697921633720398,1,quasar,0.6341187357902527,1,quasar,0.611129879951477,1,quasar,0.5685352683067322,2,star,0.5449724793434143
1566,2,star,2,star,True,2,star,True,True,2,star,0.9590818285942078,2,star,0.6735922694206238,1,quasar,0.6130241751670837,2,star,0.5054112672805786,2,star,0.983065128326416,2,star,0.7192827463150024
1567,2,star,2,star,True,2,star,True,True,2,star,0.9687906503677368,2,star,0.9181028008460999,2,star,0.9256556630134583,2,star,0.7654682993888855,2,star,0.9729121327400208,2,star,0.8110253810882568
1568,2,star,2,star,True,2,star,True,True,2,star,0.9850921034812927,2,star,0.9091376662254333,2,star,0.9565011858940125,2,star,0.8929210901260376,2,star,0.9960899353027344,2,star,0.7378238439559937
1569,2,star,1,quasar,False,1,quasar,False,True,1,quasar,0.7777925729751587,1,quasar,0.843188464641571,1,quasar,0.8523826003074646,1,quasar,0.7903808951377869,1,quasar,0.9102017879486084,2,star,0.5121091604232788
1570,2,star,2,star,True,2,star,True,True,2,star,0.8439844846725464,2,star,0.6129227876663208,2,star,0.5519707202911377,1,quasar,0.6811132431030273,1,quasar,0.7043418288230896,2,star,0.6645357012748718
1571,2,star,1,quasar,False,1,quasar,False,True,2,star,0.700935423374176,2,star,0.6835362315177917,1,quasar,0.6489213109016418,1,quasar,0.64946049451828,1,quasar,0.7306305766105652,0,galaxy,0.9103338122367859
1572,2,star,1,quasar,False,1,quasar,False,True,2,star,0.5226836800575256,1,quasar,0.9276836514472961,1,quasar,0.5155066847801208,1,quasar,0.6085708141326904,2,star,0.8439841270446777,1,quasar,0.4782247245311737
1573,2,star,1,quasar,False,1,quasar,False,True,2,star,0.7343750596046448,1,quasar,0.5566681623458862,1,quasar,0.506205677986145,1,quasar,0.7922476530075073,1,quasar,0.5466780066490173,2,star,0.503689706325531
1574,2,star,2,star,True,2,star,True,True,2,star,0.9831152558326721,2,star,0.9987682700157166,2,star,0.9961851239204407,2,star,0.9916137456893921,2,star,0.9960747957229614,2,star,0.9476508498191833
1575,2,star,2,star,True,2,star,True,True,2,star,0.7544785141944885,2,star,0.49940037727355957,2,star,0.521904468536377,1,quasar,0.6452744603157043,1,quasar,0.6341272592544556,2,star,0.5589950680732727
1576,2,star,1,quasar,False,2,star,True,False,2,star,0.8993370532989502,1,quasar,0.6637226939201355,1,quasar,0.6258432865142822,1,quasar,0.6672135591506958,2,star,0.6883750557899475,2,star,0.7010954022407532
1577,2,star,2,star,True,2,star,True,True,2,star,0.8712149262428284,2,star,0.9287833571434021,2,star,0.960523247718811,2,star,0.6979256272315979,2,star,0.9936355352401733,2,star,0.9285968542098999
1578,2,star,2,star,True,2,star,True,True,2,star,0.9918730854988098,2,star,0.9999332427978516,2,star,0.9963204860687256,2,star,0.9966555833816528,2,star,0.9970870614051819,2,star,0.7717826962471008
1579,2,star,2,star,True,2,star,True,True,2,star,0.9930214285850525,2,star,0.9999032020568848,2,star,0.9976028800010681,2,star,0.9954468607902527,2,star,0.9973562955856323,2,star,0.940579891204834
1580,2,star,2,star,True,2,star,True,True,2,star,0.9963165521621704,2,star,0.999996542930603,2,star,0.9980435371398926,2,star,0.9959530830383301,2,star,0.9967983365058899,2,star,0.9155827760696411
1581,2,star,1,quasar,False,1,quasar,False,True,1,quasar,0.5526174306869507,1,quasar,0.7959821224212646,1,quasar,0.7790675163269043,1,quasar,0.6755130887031555,1,quasar,0.7131015062332153,1,quasar,0.49775829911231995
1582,2,star,2,star,True,2,star,True,True,2,star,0.9827715754508972,2,star,0.8362902402877808,2,star,0.8851810693740845,2,star,0.5281107425689697,2,star,0.9206113815307617,2,star,0.6324999332427979
1583,2,star,2,star,True,2,star,True,True,2,star,0.9962648749351501,2,star,0.9040666222572327,2,star,0.954789400100708,2,star,0.681056797504425,2,star,0.9647005796432495,2,star,0.7953723669052124
1584,2,star,2,star,True,2,star,True,True,2,star,0.9611964225769043,2,star,0.9378203749656677,2,star,0.9920479655265808,2,star,0.7350067496299744,2,star,0.952505350112915,2,star,0.8733336329460144
1585,2,star,2,star,True,2,star,True,True,2,star,0.7599886655807495,1,quasar,0.5321430563926697,2,star,0.8281105160713196,1,quasar,0.6191173791885376,2,star,0.9184183478355408,2,star,0.44229403138160706
1586,2,star,2,star,True,2,star,True,True,1,quasar,0.4480755031108856,2,star,0.7646820545196533,1,quasar,0.42010626196861267,2,star,0.5239613056182861,2,star,0.6049426794052124,0,galaxy,0.4033183157444
1587,2,star,2,star,True,2,star,True,True,2,star,0.8316015601158142,2,star,0.8749442100524902,1,quasar,0.38914233446121216,1,quasar,0.5788989663124084,2,star,0.8233385682106018,2,star,0.5791391730308533
1588,2,star,2,star,True,2,star,True,True,2,star,0.9804861545562744,2,star,0.9997884631156921,2,star,0.9875784516334534,2,star,0.9370020031929016,2,star,0.9961133003234863,2,star,0.7697551846504211
1589,2,star,2,star,True,2,star,True,True,2,star,0.7901955246925354,2,star,0.9931126236915588,2,star,0.9712474346160889,1,quasar,0.6157719492912292,2,star,0.8908743858337402,2,star,0.7095036506652832
1590,2,star,2,star,True,2,star,True,True,2,star,0.6870399713516235,2,star,0.5818170309066772,1,quasar,0.7101035118103027,1,quasar,0.7974758148193359,2,star,0.5261290073394775,2,star,0.7940567135810852
1591,2,star,2,star,True,2,star,True,True,2,star,0.9989757537841797,2,star,0.994621753692627,2,star,0.9848703742027283,2,star,0.9614373445510864,2,star,0.802078902721405,2,star,0.7641674876213074
1592,2,star,1,quasar,False,1,quasar,False,True,2,star,0.5625500679016113,2,star,0.717648446559906,1,quasar,0.7599189877510071,1,quasar,0.6665147542953491,1,quasar,0.5410994291305542,2,star,0.47234365344047546
1593,2,star,1,quasar,False,1,quasar,False,True,2,star,0.4314287304878235,2,star,0.5822083353996277,1,quasar,0.7849332690238953,1,quasar,0.590628981590271,1,quasar,0.7153227925300598,2,star,0.7352793216705322
1594,2,star,2,star,True,2,star,True,True,2,star,0.9427288770675659,2,star,0.9515129923820496,2,star,0.9868842363357544,2,star,0.9449712634086609,2,star,0.9812674522399902,2,star,0.7771011590957642
1595,2,star,1,quasar,False,1,quasar,False,True,2,star,0.6304321885108948,2,star,0.832524299621582,1,quasar,0.8210039734840393,1,quasar,0.7875482439994812,1,quasar,0.5476147532463074,2,star,0.4173310101032257
1596,2,star,1,quasar,False,1,quasar,False,True,2,star,0.7600858807563782,1,quasar,0.5241292715072632,1,quasar,0.8349246978759766,1,quasar,0.7769798040390015,1,quasar,0.7691201567649841,2,star,0.796677827835083
1597,2,star,2,star,True,2,star,True,True,2,star,0.9922060370445251,2,star,0.9552969932556152,2,star,0.7068501710891724,2,star,0.7885270714759827,2,star,0.7988202571868896,2,star,0.8788471221923828
1598,2,star,1,quasar,False,1,quasar,False,True,2,star,0.5333035588264465,1,quasar,0.8115856647491455,1,quasar,0.7513384222984314,1,quasar,0.6852819323539734,1,quasar,0.7269778847694397,2,star,0.5725886225700378
1599,2,star,1,quasar,False,2,star,True,False,2,star,0.5967608094215393,1,quasar,0.5024065375328064,1,quasar,0.783433198928833,1,quasar,0.8104970455169678,2,star,0.7752214074134827,2,star,0.7700861692428589
1600,2,star,2,star,True,2,star,True,True,2,star,0.9471732974052429,2,star,0.9138606190681458,2,star,0.9032297134399414,2,star,0.8252478241920471,2,star,0.905456006526947,2,star,0.8416223526000977
1601,2,star,1,quasar,False,1,quasar,False,True,2,star,0.6434176564216614,1,quasar,0.7594636082649231,1,quasar,0.7308028340339661,1,quasar,0.636970579624176,2,star,0.5650414228439331,2,star,0.5270212292671204
1602,2,star,2,star,True,2,star,True,True,2,star,0.9789749383926392,2,star,0.9625105857849121,2,star,0.795430064201355,2,star,0.8109103441238403,2,star,0.986441433429718,2,star,0.8518357872962952
1603,2,star,2,star,True,2,star,True,True,2,star,0.8787778615951538,2,star,0.9477346539497375,2,star,0.8601800799369812,2,star,0.6788127422332764,2,star,0.7725739479064941,2,star,0.7183233499526978
1604,2,star,2,star,True,2,star,True,True,2,star,0.9913395047187805,2,star,0.9950116872787476,2,star,0.9102576971054077,2,star,0.815853476524353,2,star,0.9951411485671997,0,galaxy,0.8778302073478699
1605,2,star,1,quasar,False,1,quasar,False,True,2,star,0.8061317205429077,1,quasar,0.4999653697013855,1,quasar,0.8391338586807251,1,quasar,0.6597795486450195,1,quasar,0.8624430894851685,2,star,0.597368061542511
1606,2,star,2,star,True,2,star,True,True,2,star,0.9881922602653503,2,star,0.6109707355499268,2,star,0.9611617922782898,2,star,0.6775009632110596,2,star,0.8101875185966492,2,star,0.891264021396637
1607,2,star,2,star,True,2,star,True,True,2,star,0.6525869965553284,2,star,0.9877921938896179,1,quasar,0.5968365669250488,2,star,0.6278919577598572,2,star,0.6728899478912354,2,star,0.35338515043258667
1608,2,star,2,star,True,2,star,True,True,2,star,0.9654875993728638,2,star,0.9998953342437744,2,star,0.9938737154006958,2,star,0.9912007451057434,2,star,0.9843747019767761,2,star,0.6892354488372803
1609,2,star,2,star,True,2,star,True,True,2,star,0.8401060700416565,2,star,0.9892727136611938,2,star,0.6334956884384155,1,quasar,0.5026167035102844,2,star,0.9244946241378784,1,quasar,0.5057985186576843
1610,2,star,2,star,True,2,star,True,True,2,star,0.9857400059700012,2,star,0.9986569881439209,2,star,0.9579166173934937,2,star,0.9511387348175049,2,star,0.9913723468780518,2,star,0.7703834176063538
1611,2,star,2,star,True,2,star,True,True,2,star,0.7581188678741455,2,star,0.9430052638053894,2,star,0.5176070928573608,2,star,0.7216615676879883,2,star,0.7889288663864136,2,star,0.6158822178840637
1612,2,star,2,star,True,2,star,True,True,2,star,0.992587149143219,2,star,0.998193085193634,2,star,0.9934501051902771,2,star,0.9955320358276367,2,star,0.9956497550010681,2,star,0.6168287396430969
1613,2,star,2,star,True,2,star,True,True,2,star,0.9960643649101257,2,star,0.9996224641799927,2,star,0.9929660558700562,2,star,0.994647204875946,2,star,0.9955116510391235,2,star,0.569533109664917
1614,2,star,2,star,True,2,star,True,True,2,star,0.9658349752426147,2,star,0.9990900754928589,2,star,0.9922178983688354,2,star,0.9681668281555176,2,star,0.9956734776496887,2,star,0.8680103421211243
1615,2,star,2,star,True,2,star,True,True,2,star,0.9942018389701843,2,star,0.9942216277122498,2,star,0.9828265309333801,2,star,0.9742832779884338,2,star,0.9901655316352844,2,star,0.8760499358177185
1616,2,star,2,star,True,2,star,True,True,2,star,0.9788387417793274,2,star,0.9964158535003662,2,star,0.8786860108375549,2,star,0.7675352096557617,2,star,0.995361864566803,2,star,0.6429629921913147
1617,2,star,2,star,True,2,star,True,True,2,star,0.9837805032730103,2,star,0.9966078996658325,2,star,0.9017993807792664,2,star,0.9916793704032898,2,star,0.9950677156448364,2,star,0.4620152711868286
1618,2,star,2,star,True,2,star,True,True,2,star,0.6940539479255676,2,star,0.7193482518196106,2,star,0.936174750328064,2,star,0.5131096839904785,2,star,0.8747491240501404,1,quasar,0.5362752079963684
1619,2,star,1,quasar,False,1,quasar,False,True,2,star,0.7663170695304871,2,star,0.5001866221427917,1,quasar,0.5885362029075623,1,quasar,0.7934198379516602,1,quasar,0.6714075803756714,0,galaxy,0.4315204322338104
1620,2,star,2,star,True,2,star,True,True,2,star,0.9938144683837891,2,star,0.9978907704353333,2,star,0.9924544095993042,2,star,0.9762305021286011,2,star,0.9941640496253967,2,star,0.7581112384796143
1621,2,star,0,galaxy,False,0,galaxy,False,True,2,star,0.3871396481990814,0,galaxy,0.9994493126869202,0,galaxy,0.9625651240348816,1,quasar,0.4592089056968689,0,galaxy,0.93978351354599,0,galaxy,0.7757269144058228
1622,2,star,2,star,True,2,star,True,True,2,star,0.9913991689682007,2,star,0.9865163564682007,2,star,0.9844245910644531,2,star,0.9702343940734863,2,star,0.8930097818374634,2,star,0.8353337645530701
1623,2,star,1,quasar,False,1,quasar,False,True,1,quasar,0.6029585599899292,1,quasar,0.7460922002792358,1,quasar,0.8626770973205566,1,quasar,0.7901492714881897,1,quasar,0.7539908289909363,1,quasar,0.42651909589767456
1624,2,star,1,quasar,False,1,quasar,False,True,2,star,0.5076771378517151,1,quasar,0.6277815699577332,1,quasar,0.7747610211372375,1,quasar,0.7733179330825806,1,quasar,0.7357182502746582,2,star,0.5346941947937012
1625,2,star,2,star,True,2,star,True,True,2,star,0.9595518708229065,2,star,0.769218921661377,2,star,0.7825579643249512,2,star,0.9234640598297119,1,quasar,0.5045545101165771,2,star,0.7625488638877869
1626,2,star,2,star,True,2,star,True,True,2,star,0.628754198551178,2,star,0.8776771426200867,1,quasar,0.7630524635314941,2,star,0.5540248155593872,2,star,0.7800049781799316,2,star,0.5520617961883545
1627,2,star,2,star,True,2,star,True,True,2,star,0.7922940254211426,2,star,0.9309302568435669,2,star,0.6264603734016418,0,galaxy,0.8328295350074768,2,star,0.8192211985588074,2,star,0.40113064646720886
1628,2,star,1,quasar,False,1,quasar,False,True,2,star,0.6029503345489502,2,star,0.5820338129997253,1,quasar,0.7252786755561829,1,quasar,0.8115444779396057,1,quasar,0.7830488085746765,1,quasar,0.4068164527416229
1629,2,star,2,star,True,2,star,True,True,2,star,0.92532879114151,2,star,0.9406060576438904,2,star,0.8765729069709778,2,star,0.5289672613143921,2,star,0.9830238819122314,0,galaxy,0.5684126615524292
1630,2,star,1,quasar,False,2,star,True,False,2,star,0.6733672022819519,2,star,0.9401159882545471,1,quasar,0.786093533039093,1,quasar,0.5763572454452515,1,quasar,0.66152024269104,2,star,0.5025993585586548
1631,2,star,2,star,True,2,star,True,True,2,star,0.8447657823562622,2,star,0.8197316527366638,1,quasar,0.7820779085159302,2,star,0.58363938331604,1,quasar,0.7835330367088318,2,star,0.4798358380794525
1632,2,star,2,star,True,2,star,True,True,2,star,0.8011680245399475,2,star,0.4978635907173157,1,quasar,0.5954646468162537,2,star,0.6851158738136292,1,quasar,0.7453250885009766,0,galaxy,0.561618983745575
1633,2,star,2,star,True,2,star,True,True,2,star,0.9513713121414185,2,star,0.9715176224708557,2,star,0.7034400105476379,2,star,0.9644390344619751,2,star,0.9201987385749817,2,star,0.692783772945404
1634,2,star,2,star,True,2,star,True,True,2,star,0.9383624196052551,2,star,0.9816545248031616,2,star,0.8432204127311707,2,star,0.923363208770752,2,star,0.5116121172904968,2,star,0.6229491233825684
1635,2,star,2,star,True,2,star,True,True,2,star,0.9876778721809387,2,star,0.8577148914337158,2,star,0.9262347221374512,2,star,0.7416772246360779,2,star,0.9938074946403503,2,star,0.6458796262741089
1636,2,star,2,star,True,2,star,True,True,2,star,0.982003390789032,2,star,0.9871941208839417,2,star,0.9695483446121216,2,star,0.9300252199172974,2,star,0.9586216807365417,2,star,0.649594247341156
1637,2,star,2,star,True,2,star,True,True,2,star,0.929643452167511,2,star,0.9986119270324707,2,star,0.9904085397720337,2,star,0.9775893092155457,2,star,0.9948798418045044,2,star,0.7794866561889648
1638,2,star,2,star,True,2,star,True,True,2,star,0.5220344662666321,2,star,0.6863386631011963,2,star,0.8979458808898926,1,quasar,0.6338586807250977,2,star,0.7113140225410461,1,quasar,0.48468780517578125
1639,2,star,2,star,True,2,star,True,True,2,star,0.7825713753700256,2,star,0.7325433492660522,2,star,0.793803870677948,2,star,0.7530157566070557,2,star,0.9578401446342468,2,star,0.3857921361923218
1640,2,star,0,galaxy,False,0,galaxy,False,True,0,galaxy,0.7151822447776794,2,star,0.4197496473789215,2,star,0.4880913197994232,0,galaxy,0.9669855237007141,2,star,0.9398469924926758,0,galaxy,0.7088444232940674
1641,2,star,2,star,True,2,star,True,True,2,star,0.9828344583511353,2,star,0.9959308505058289,2,star,0.8375539779663086,2,star,0.9636754393577576,2,star,0.9927293658256531,2,star,0.5406259298324585
1642,2,star,2,star,True,2,star,True,True,2,star,0.827440083026886,2,star,0.8526706695556641,2,star,0.6016230583190918,2,star,0.5008243918418884,2,star,0.8954191207885742,0,galaxy,0.4193231463432312
1643,2,star,1,quasar,False,1,quasar,False,True,2,star,0.673199474811554,2,star,0.5500627160072327,1,quasar,0.803855299949646,1,quasar,0.6879818439483643,1,quasar,0.5677892565727234,2,star,0.5025254487991333
1644,2,star,2,star,True,2,star,True,True,2,star,0.9175901412963867,2,star,0.9668377041816711,2,star,0.9865671992301941,2,star,0.9877194166183472,2,star,0.9530163407325745,1,quasar,0.4999352693557739
1645,2,star,2,star,True,2,star,True,True,2,star,0.5653092861175537,2,star,0.7672129273414612,2,star,0.9057927131652832,1,quasar,0.5895717144012451,2,star,0.7686797380447388,2,star,0.5668468475341797
1646,2,star,2,star,True,2,star,True,True,2,star,0.9474189281463623,2,star,0.9974948167800903,2,star,0.9457799792289734,2,star,0.9176647067070007,2,star,0.9365657567977905,2,star,0.6114019751548767
1647,2,star,2,star,True,2,star,True,True,2,star,0.6298130750656128,2,star,0.5338546633720398,2,star,0.7356633543968201,2,star,0.704354465007782,2,star,0.9867171049118042,2,star,0.604314386844635
1648,2,star,2,star,True,2,star,True,True,0,galaxy,0.49356669187545776,2,star,0.7478191256523132,2,star,0.7952208518981934,1,quasar,0.46440422534942627,2,star,0.8596451282501221,0,galaxy,0.619637668132782
1649,2,star,2,star,True,2,star,True,True,2,star,0.9270346760749817,2,star,0.9892427325248718,2,star,0.8467657566070557,2,star,0.6007746458053589,2,star,0.9845589995384216,0,galaxy,0.6012963056564331
1650,2,star,2,star,True,2,star,True,True,2,star,0.9394880533218384,2,star,0.9984361529350281,2,star,0.9423211812973022,2,star,0.9851543307304382,2,star,0.9935938715934753,2,star,0.4040493965148926
1651,2,star,2,star,True,2,star,True,True,2,star,0.9692273139953613,2,star,0.9875713586807251,2,star,0.9482467770576477,2,star,0.9305978417396545,2,star,0.9703788757324219,2,star,0.5603653788566589
1652,2,star,2,star,True,2,star,True,True,2,star,0.9807630777359009,2,star,0.9967261552810669,2,star,0.9870386123657227,2,star,0.9789340496063232,2,star,0.988878071308136,2,star,0.8777006268501282
1653,2,star,2,star,True,2,star,True,True,2,star,0.9439889788627625,2,star,0.8434417843818665,2,star,0.9586728811264038,2,star,0.8545085787773132,2,star,0.9264699220657349,2,star,0.6889220476150513
1654,2,star,2,star,True,2,star,True,True,2,star,0.8045684695243835,1,quasar,0.6038005948066711,2,star,0.6266714930534363,2,star,0.5983931422233582,1,quasar,0.7518057823181152,2,star,0.6704707741737366
1655,2,star,2,star,True,2,star,True,True,2,star,0.9733501672744751,2,star,0.9990187883377075,2,star,0.9881654977798462,2,star,0.9879345893859863,2,star,0.9946197271347046,2,star,0.603233814239502
1656,2,star,2,star,True,2,star,True,True,2,star,0.6327025294303894,2,star,0.8150002956390381,2,star,0.887252151966095,1,quasar,0.657193660736084,2,star,0.819108247756958,1,quasar,0.779746949672699
1657,2,star,2,star,True,2,star,True,True,2,star,0.9338832497596741,2,star,0.8577812314033508,2,star,0.6477567553520203,2,star,0.8023847341537476,2,star,0.9746124148368835,2,star,0.6509854793548584
1658,2,star,2,star,True,2,star,True,True,2,star,0.9417461156845093,2,star,0.9982140064239502,2,star,0.9814731478691101,2,star,0.981711745262146,2,star,0.995044469833374,2,star,0.5565351247787476
1659,2,star,2,star,True,2,star,True,True,2,star,0.9931066632270813,2,star,0.8861805200576782,2,star,0.8617562055587769,2,star,0.5428476333618164,2,star,0.9749454259872437,2,star,0.6751351952552795
1660,2,star,2,star,True,2,star,True,True,2,star,0.9964195489883423,2,star,0.9999943971633911,2,star,0.9976601600646973,2,star,0.9908949136734009,2,star,0.99614018201828,2,star,0.9855550527572632
1661,2,star,2,star,True,2,star,True,True,2,star,0.9958237409591675,2,star,0.9998834133148193,2,star,0.9986879229545593,2,star,0.9934142827987671,2,star,0.9969081282615662,2,star,0.9806698560714722
1662,2,star,2,star,True,2,star,True,True,2,star,0.9005807638168335,1,quasar,0.5216274857521057,2,star,0.7385032176971436,1,quasar,0.5993027687072754,2,star,0.9362159371376038,2,star,0.535277783870697
1663,2,star,2,star,True,2,star,True,True,2,star,0.5625371336936951,2,star,0.7752402424812317,2,star,0.49734780192375183,1,quasar,0.6197245717048645,2,star,0.7319023609161377,2,star,0.5803731679916382
1664,2,star,2,star,True,2,star,True,True,2,star,0.6360841393470764,1,quasar,0.47809037566185,0,galaxy,0.4553174674510956,2,star,0.507358968257904,2,star,0.6651768684387207,0,galaxy,0.40251800417900085
1665,2,star,2,star,True,2,star,True,True,2,star,0.9609848856925964,2,star,0.9952125549316406,2,star,0.98333340883255,1,quasar,0.7373719215393066,2,star,0.5224490165710449,2,star,0.8108665943145752
1666,2,star,2,star,True,2,star,True,True,2,star,0.6567881107330322,2,star,0.5690590739250183,2,star,0.5270064473152161,1,quasar,0.788670003414154,1,quasar,0.5228862166404724,2,star,0.5150200128555298
1667,2,star,1,quasar,False,1,quasar,False,True,2,star,0.578742265701294,1,quasar,0.8091188669204712,1,quasar,0.6658830046653748,1,quasar,0.6383138298988342,1,quasar,0.7641944289207458,2,star,0.5190505981445312
1668,2,star,1,quasar,False,1,quasar,False,True,1,quasar,0.530604362487793,2,star,0.5422751307487488,1,quasar,0.8297566175460815,1,quasar,0.6662838459014893,1,quasar,0.6683977246284485,1,quasar,0.6738294959068298
1669,2,star,2,star,True,2,star,True,True,2,star,0.8352615833282471,2,star,0.5958194136619568,2,star,0.51518714427948,2,star,0.6000823974609375,2,star,0.7683557868003845,2,star,0.8255552649497986
1670,2,star,2,star,True,2,star,True,True,2,star,0.8827659487724304,2,star,0.8976033926010132,2,star,0.5437898635864258,1,quasar,0.7953188419342041,2,star,0.5026037693023682,2,star,0.8075323700904846
1671,2,star,2,star,True,2,star,True,True,2,star,0.9688785076141357,2,star,0.7504454851150513,2,star,0.5003054141998291,2,star,0.6730362176895142,2,star,0.5641182065010071,2,star,0.7472560405731201
1672,2,star,1,quasar,False,2,star,True,False,2,star,0.824451744556427,2,star,0.9770415425300598,1,quasar,0.6505981683731079,1,quasar,0.8190532922744751,1,quasar,0.7941925525665283,2,star,0.6207647919654846
1673,2,star,1,quasar,False,2,star,True,False,2,star,0.839104413986206,2,star,0.7042101621627808,1,quasar,0.8176670074462891,1,quasar,0.6250198483467102,1,quasar,0.575154185295105,2,star,0.4680158793926239
1674,2,star,1,quasar,False,1,quasar,False,True,2,star,0.7276623845100403,1,quasar,0.5307250022888184,1,quasar,0.5519391298294067,1,quasar,0.792594313621521,1,quasar,0.5846729874610901,2,star,0.7015759944915771
1675,2,star,2,star,True,2,star,True,True,2,star,0.9924625158309937,2,star,0.9511023759841919,2,star,0.992641270160675,2,star,0.9891525506973267,2,star,0.9856441020965576,2,star,0.6363651752471924
1676,2,star,2,star,True,2,star,True,True,2,star,0.9767397046089172,2,star,0.8937702775001526,2,star,0.9926918148994446,2,star,0.9885579347610474,2,star,0.9905893802642822,2,star,0.7599771022796631
1677,2,star,2,star,True,2,star,True,True,2,star,0.987461268901825,2,star,0.9378892183303833,2,star,0.9914649128913879,2,star,0.974877119064331,2,star,0.9922343492507935,2,star,0.7740921974182129
1678,2,star,2,star,True,2,star,True,True,2,star,0.7672643065452576,2,star,0.5921220779418945,1,quasar,0.8030961155891418,1,quasar,0.6307420134544373,2,star,0.5295574069023132,2,star,0.5500724911689758
1679,2,star,2,star,True,2,star,True,True,2,star,0.9733003377914429,2,star,0.8933665156364441,2,star,0.706480860710144,1,quasar,0.5200619697570801,2,star,0.6400288939476013,2,star,0.7420589327812195
1680,2,star,1,quasar,False,1,quasar,False,True,1,quasar,0.607479989528656,1,quasar,0.862460732460022,2,star,0.46412888169288635,2,star,0.5764212608337402,1,quasar,0.8630486130714417,2,star,0.5222024321556091
1681,2,star,2,star,True,2,star,True,True,2,star,0.9456896781921387,2,star,0.9881038069725037,2,star,0.9841766357421875,2,star,0.9759440422058105,2,star,0.9956009387969971,2,star,0.804694652557373
1682,2,star,2,star,True,2,star,True,True,2,star,0.9794251322746277,2,star,0.9872953295707703,2,star,0.9918534159660339,2,star,0.9917627573013306,2,star,0.9959098100662231,2,star,0.8217334151268005
1683,2,star,2,star,True,2,star,True,True,2,star,0.9501903057098389,2,star,0.9985867738723755,2,star,0.9640962481498718,2,star,0.9610830545425415,2,star,0.9886540770530701,0,galaxy,0.5742427110671997
1684,2,star,2,star,True,2,star,True,True,2,star,0.9934788942337036,2,star,0.9989051818847656,2,star,0.9711319804191589,2,star,0.989785373210907,2,star,0.9903574585914612,2,star,0.7589945793151855
1685,2,star,2,star,True,2,star,True,True,2,star,0.975853681564331,2,star,0.998256504535675,2,star,0.9904401302337646,2,star,0.975141167640686,2,star,0.9963145852088928,2,star,0.8480061292648315
1686,2,star,2,star,True,2,star,True,True,2,star,0.9541358947753906,2,star,0.5929292440414429,2,star,0.6676248908042908,2,star,0.5383486151695251,2,star,0.9480570554733276,2,star,0.6012665033340454
1687,2,star,2,star,True,2,star,True,True,2,star,0.9398460388183594,1,quasar,0.7828112244606018,2,star,0.7001466155052185,1,quasar,0.6661842465400696,2,star,0.9048391580581665,2,star,0.5791723728179932
1688,2,star,2,star,True,2,star,True,True,2,star,0.9548909068107605,2,star,0.9997445940971375,2,star,0.9900581240653992,2,star,0.991287887096405,2,star,0.9962490200996399,2,star,0.6289920806884766
1689,2,star,1,quasar,False,2,star,True,False,2,star,0.9800142049789429,2,star,0.6248264908790588,1,quasar,0.5597770810127258,1,quasar,0.7714427709579468,1,quasar,0.7498372793197632,2,star,0.5861440896987915
1690,2,star,2,star,True,2,star,True,True,2,star,0.6598798632621765,2,star,0.8366551399230957,2,star,0.942523181438446,2,star,0.7953822016716003,2,star,0.5510916709899902,2,star,0.807170569896698
1691,2,star,2,star,True,2,star,True,True,2,star,0.5316841006278992,2,star,0.6209032535552979,2,star,0.8962465524673462,1,quasar,0.5729106664657593,2,star,0.7565046548843384,2,star,0.665930449962616
1692,2,star,2,star,True,2,star,True,True,2,star,0.9933019876480103,2,star,0.9913594126701355,2,star,0.9939568042755127,2,star,0.9718782901763916,2,star,0.9971229434013367,2,star,0.7050820589065552
1693,2,star,2,star,True,2,star,True,True,2,star,0.9709729552268982,2,star,0.928134024143219,2,star,0.9808892607688904,2,star,0.8679823279380798,2,star,0.6045750975608826,2,star,0.8272809386253357
1694,2,star,2,star,True,2,star,True,True,2,star,0.9813204407691956,2,star,0.9076020121574402,2,star,0.8645753264427185,2,star,0.5671408176422119,2,star,0.9548928737640381,0,galaxy,0.5211569666862488
1695,2,star,1,quasar,False,1,quasar,False,True,2,star,0.7270627617835999,2,star,0.600862979888916,1,quasar,0.8309016227722168,1,quasar,0.7714049816131592,1,quasar,0.6639711260795593,2,star,0.3827419579029083
1696,2,star,2,star,True,2,star,True,True,2,star,0.9874058365821838,2,star,0.9987263083457947,2,star,0.9943525791168213,2,star,0.9903389811515808,2,star,0.9945846199989319,2,star,0.8185703754425049
1697,2,star,2,star,True,2,star,True,True,2,star,0.909304141998291,2,star,0.9942308664321899,2,star,0.8226830959320068,2,star,0.6395065188407898,2,star,0.7426765561103821,2,star,0.7584890127182007
1698,2,star,2,star,True,2,star,True,True,2,star,0.984862208366394,2,star,0.9714773893356323,2,star,0.9940187931060791,2,star,0.989834189414978,2,star,0.9934353828430176,2,star,0.7574422955513
1699,2,star,2,star,True,2,star,True,True,2,star,0.9263358116149902,2,star,0.9925026893615723,2,star,0.9563726782798767,2,star,0.5331047177314758,2,star,0.8731026649475098,2,star,0.8615334033966064
1700,2,star,2,star,True,2,star,True,True,2,star,0.771891713142395,2,star,0.9360314607620239,2,star,0.8402532935142517,2,star,0.49784719944000244,2,star,0.5128286480903625,2,star,0.687341570854187
1701,2,star,2,star,True,2,star,True,True,2,star,0.9973412156105042,2,star,0.9977231621742249,2,star,0.9944213032722473,2,star,0.99277263879776,2,star,0.9905968904495239,2,star,0.9182072281837463
1702,2,star,2,star,True,2,star,True,True,2,star,0.9951168298721313,2,star,0.9999896287918091,2,star,0.9771790504455566,2,star,0.901218831539154,2,star,0.9808159470558167,2,star,0.866112232208252
1703,2,star,2,star,True,2,star,True,True,2,star,0.9833043813705444,2,star,0.9912405610084534,2,star,0.9924569129943848,2,star,0.6041153073310852,2,star,0.9965747594833374,2,star,0.5295839309692383
1704,2,star,1,quasar,False,1,quasar,False,True,2,star,0.5722808837890625,2,star,0.6883130669593811,1,quasar,0.7535092830657959,1,quasar,0.6272116303443909,1,quasar,0.6697254180908203,2,star,0.46948006749153137
1705,2,star,2,star,True,2,star,True,True,2,star,0.9491515159606934,2,star,0.9903926849365234,2,star,0.9918920993804932,2,star,0.982844352722168,2,star,0.9957723021507263,2,star,0.4858446419239044
1706,2,star,1,quasar,False,1,quasar,False,True,2,star,0.5766993165016174,1,quasar,0.616163432598114,1,quasar,0.7726752758026123,1,quasar,0.6934924125671387,1,quasar,0.6098859310150146,2,star,0.5065206289291382
1707,2,star,2,star,True,2,star,True,True,2,star,0.8996433019638062,2,star,0.9639738202095032,2,star,0.9507757425308228,2,star,0.49831902980804443,2,star,0.9938932657241821,2,star,0.6803046464920044
1708,2,star,2,star,True,2,star,True,True,2,star,0.9733321666717529,2,star,0.9015955328941345,2,star,0.9320586323738098,2,star,0.6513234376907349,2,star,0.8550972938537598,1,quasar,0.4397379755973816
1709,2,star,2,star,True,2,star,True,True,2,star,0.9956652522087097,2,star,0.9999203681945801,2,star,0.9960144758224487,2,star,0.9955939650535583,2,star,0.9968358874320984,2,star,0.6836339831352234
1710,2,star,1,quasar,False,1,quasar,False,True,1,quasar,0.6186157464981079,1,quasar,0.5120198726654053,1,quasar,0.8058316707611084,1,quasar,0.617996335029602,1,quasar,0.7819333076477051,2,star,0.4262603223323822
1711,2,star,2,star,True,2,star,True,True,2,star,0.8304898142814636,2,star,0.9361594319343567,2,star,0.9743337035179138,2,star,0.7773178815841675,2,star,0.7100576758384705,2,star,0.5737967491149902
1712,2,star,2,star,True,2,star,True,True,2,star,0.9867779016494751,2,star,0.9851740002632141,2,star,0.9900811314582825,2,star,0.8947964310646057,2,star,0.9755398035049438,2,star,0.7489145398139954
1713,2,star,2,star,True,2,star,True,True,2,star,0.5487422943115234,2,star,0.8752942085266113,2,star,0.8101341128349304,1,quasar,0.6902495622634888,2,star,0.5637263059616089,2,star,0.39408090710639954
1714,2,star,2,star,True,1,quasar,False,False,2,star,0.43806391954421997,2,star,0.5085868835449219,2,star,0.5003222227096558,1,quasar,0.5367707014083862,1,quasar,0.8452335000038147,0,galaxy,0.37784138321876526
1715,2,star,2,star,True,2,star,True,True,2,star,0.8273389339447021,2,star,0.8188976049423218,2,star,0.532988965511322,2,star,0.408966988325119,2,star,0.7272447943687439,2,star,0.6018720269203186
1716,2,star,2,star,True,2,star,True,True,2,star,0.9875450730323792,2,star,0.9907873272895813,2,star,0.9972322583198547,2,star,0.9827577471733093,2,star,0.994699239730835,2,star,0.6951945424079895
1717,2,star,2,star,True,2,star,True,True,2,star,0.8278762698173523,2,star,0.9349802136421204,2,star,0.9365772604942322,2,star,0.5463141798973083,2,star,0.6203208565711975,2,star,0.5413520336151123
1718,2,star,1,quasar,False,1,quasar,False,True,1,quasar,0.6162641048431396,2,star,0.8862040638923645,1,quasar,0.6495711803436279,1,quasar,0.6219072937965393,1,quasar,0.5376395583152771,0,galaxy,0.4948287308216095
1719,2,star,2,star,True,2,star,True,True,2,star,0.8576832413673401,1,quasar,0.5831438302993774,2,star,0.7420077323913574,1,quasar,0.7964236736297607,2,star,0.6944524049758911,2,star,0.6511090993881226
1720,2,star,2,star,True,2,star,True,True,2,star,0.9734389185905457,2,star,0.9999978542327881,2,star,0.9887259602546692,2,star,0.9932608008384705,2,star,0.9962158799171448,2,star,0.6920875906944275
1721,2,star,1,quasar,False,1,quasar,False,True,2,star,0.6181156635284424,1,quasar,0.5698868036270142,1,quasar,0.776961088180542,1,quasar,0.7095504403114319,1,quasar,0.6031531095504761,2,star,0.8077540397644043
1722,2,star,2,star,True,2,star,True,True,2,star,0.6659236550331116,2,star,0.8918657302856445,2,star,0.8041819930076599,1,quasar,0.5073006749153137,2,star,0.8579131364822388,2,star,0.9531373977661133
1723,2,star,2,star,True,2,star,True,True,2,star,0.9970399737358093,2,star,0.9982726573944092,2,star,0.9917410612106323,2,star,0.97249436378479,2,star,0.9961267113685608,2,star,0.8813270330429077
1724,2,star,1,quasar,False,2,star,True,False,2,star,0.7358424067497253,2,star,0.850774884223938,1,quasar,0.7987668514251709,1,quasar,0.6542583703994751,1,quasar,0.5467423796653748,2,star,0.4011309742927551
1725,2,star,2,star,True,2,star,True,True,2,star,0.9980965256690979,2,star,0.9962131977081299,2,star,0.9946499466896057,2,star,0.993614137172699,2,star,0.9967812299728394,2,star,0.7940425276756287
1726,2,star,1,quasar,False,2,star,True,False,2,star,0.9810456037521362,1,quasar,0.5137759447097778,1,quasar,0.6183120012283325,1,quasar,0.5152127742767334,2,star,0.7025078535079956,2,star,0.747241735458374
1727,2,star,0,galaxy,False,0,galaxy,False,True,0,galaxy,0.5431893467903137,2,star,0.671948254108429,2,star,0.6812232136726379,0,galaxy,0.9651753306388855,2,star,0.9964438080787659,0,galaxy,0.9585114121437073
1728,2,star,2,star,True,2,star,True,True,2,star,0.976203441619873,2,star,0.9905076026916504,2,star,0.9870451092720032,2,star,0.9743396043777466,2,star,0.9951985478401184,2,star,0.6863424777984619
1729,2,star,2,star,True,2,star,True,True,2,star,0.6488380432128906,2,star,0.9367887377738953,1,quasar,0.6892667412757874,1,quasar,0.8020599484443665,2,star,0.6564813256263733,2,star,0.5696441531181335
1730,2,star,1,quasar,False,1,quasar,False,True,1,quasar,0.8143367171287537,1,quasar,0.958756685256958,1,quasar,0.8238128423690796,1,quasar,0.8121410608291626,1,quasar,0.8662487268447876,2,star,0.5117303133010864
1731,2,star,2,star,True,2,star,True,True,2,star,0.9830223917961121,2,star,0.7207220196723938,2,star,0.7993576526641846,2,star,0.8152555823326111,1,quasar,0.6371142864227295,2,star,0.782160222530365
1732,2,star,2,star,True,2,star,True,True,2,star,0.9687590003013611,2,star,0.9157553911209106,2,star,0.9889461398124695,2,star,0.9558423161506653,2,star,0.9850698113441467,2,star,0.8188550472259521
1733,2,star,0,galaxy,False,2,star,True,False,0,galaxy,0.7272902131080627,2,star,0.7246494293212891,2,star,0.5177524089813232,0,galaxy,0.40807244181632996,1,quasar,0.8442429304122925,0,galaxy,0.6124283671379089
1734,2,star,0,galaxy,False,0,galaxy,False,True,2,star,0.5452239513397217,0,galaxy,0.5697535276412964,0,galaxy,0.8397732973098755,2,star,0.5049203038215637,1,quasar,0.5605533719062805,0,galaxy,0.5397530198097229
1735,2,star,1,quasar,False,1,quasar,False,True,1,quasar,0.7867094874382019,1,quasar,0.9816088080406189,1,quasar,0.8550397157669067,1,quasar,0.8138206601142883,1,quasar,0.6340034008026123,2,star,0.5180683135986328
1736,2,star,1,quasar,False,1,quasar,False,True,1,quasar,0.9203794598579407,1,quasar,0.6559268832206726,1,quasar,0.7132010459899902,1,quasar,0.6396032571792603,1,quasar,0.8109824657440186,2,star,0.5096397995948792
1737,2,star,2,star,True,2,star,True,True,2,star,0.9886011481285095,2,star,0.999895453453064,2,star,0.9827032089233398,2,star,0.974287748336792,2,star,0.9963110089302063,2,star,0.7300871014595032
1738,2,star,2,star,True,2,star,True,True,2,star,0.529301106929779,1,quasar,0.49544012546539307,2,star,0.7007142901420593,1,quasar,0.5484099388122559,2,star,0.8834405541419983,2,star,0.47066569328308105
1739,2,star,2,star,True,2,star,True,True,2,star,0.6214790344238281,1,quasar,0.7524980902671814,2,star,0.6221998333930969,2,star,0.6396691799163818,2,star,0.9339940547943115,0,galaxy,0.5373853445053101
1740,2,star,2,star,True,2,star,True,True,2,star,0.8147775530815125,2,star,0.9958158135414124,2,star,0.7993242740631104,2,star,0.9129729270935059,2,star,0.9927640557289124,0,galaxy,0.6655462384223938
1741,2,star,2,star,True,2,star,True,True,2,star,0.9899321794509888,2,star,0.9975691437721252,2,star,0.9778212308883667,2,star,0.5302075147628784,2,star,0.8673382997512817,2,star,0.5339720249176025
1742,2,star,2,star,True,2,star,True,True,2,star,0.9995579123497009,2,star,0.9993340373039246,2,star,0.9913101196289062,2,star,0.7956130504608154,2,star,0.9965163469314575,2,star,0.6767207980155945
1743,2,star,1,quasar,False,1,quasar,False,True,2,star,0.8580433130264282,1,quasar,0.839933454990387,1,quasar,0.6679725646972656,1,quasar,0.5586257576942444,1,quasar,0.7783274054527283,0,galaxy,0.5294685959815979
1744,2,star,2,star,True,2,star,True,True,2,star,0.7771329283714294,1,quasar,0.5272313356399536,2,star,0.693684995174408,2,star,0.8774600028991699,1,quasar,0.8890630006790161,2,star,0.5007999539375305
1745,2,star,2,star,True,2,star,True,True,2,star,0.7994968295097351,2,star,0.9210562109947205,2,star,0.8742842674255371,2,star,0.5701625943183899,2,star,0.9326571226119995,2,star,0.7254129648208618
1746,2,star,2,star,True,2,star,True,True,2,star,0.9425073862075806,2,star,0.5379071235656738,1,quasar,0.41895362734794617,2,star,0.5804875493049622,1,quasar,0.6274378299713135,2,star,0.5456221103668213
1747,2,star,2,star,True,2,star,True,True,2,star,0.944764256477356,2,star,0.8365961313247681,2,star,0.46965891122817993,2,star,0.681610643863678,2,star,0.9737106561660767,2,star,0.8043317198753357
1748,2,star,2,star,True,2,star,True,True,2,star,0.9397698044776917,2,star,0.6243906021118164,2,star,0.8010609745979309,2,star,0.5805699825286865,1,quasar,0.7410735487937927,0,galaxy,0.486737996339798
1749,2,star,1,quasar,False,1,quasar,False,True,2,star,0.9008232951164246,1,quasar,0.6078392863273621,1,quasar,0.7205235958099365,1,quasar,0.7942873239517212,2,star,0.5502989888191223,1,quasar,0.43025103211402893
1750,2,star,2,star,True,2,star,True,True,2,star,0.9711340069770813,2,star,0.9974084496498108,2,star,0.9226511716842651,2,star,0.9280807375907898,2,star,0.9908067584037781,2,star,0.7959251999855042
1751,2,star,1,quasar,False,1,quasar,False,True,1,quasar,0.7570585012435913,1,quasar,0.8740680813789368,1,quasar,0.7963114976882935,1,quasar,0.6897050738334656,1,quasar,0.6601223945617676,2,star,0.5920419692993164
1752,2,star,1,quasar,False,1,quasar,False,True,2,star,0.4624817669391632,2,star,0.8164880275726318,1,quasar,0.506882905960083,1,quasar,0.5880472660064697,1,quasar,0.6276750564575195,1,quasar,0.6107618808746338
1753,2,star,0,galaxy,False,2,star,True,False,2,star,0.5467090010643005,2,star,0.7994445562362671,0,galaxy,0.5385435223579407,0,galaxy,0.9679579138755798,2,star,0.9822819232940674,0,galaxy,0.7022006511688232
1754,2,star,2,star,True,2,star,True,True,2,star,0.9740390181541443,2,star,0.9718010425567627,2,star,0.9937283992767334,2,star,0.9640640020370483,2,star,0.9963262677192688,2,star,0.6576329469680786
1755,2,star,2,star,True,2,star,True,True,2,star,0.9724220037460327,2,star,0.733634352684021,2,star,0.8925265669822693,2,star,0.5181968808174133,2,star,0.988953709602356,2,star,0.6311888098716736
1756,2,star,2,star,True,2,star,True,True,2,star,0.9399288296699524,2,star,0.9565339684486389,2,star,0.8824843764305115,2,star,0.7103692889213562,2,star,0.911993145942688,1,quasar,0.34388479590415955
1757,2,star,1,quasar,False,1,quasar,False,True,2,star,0.6722739934921265,2,star,0.8493776917457581,1,quasar,0.83863765001297,1,quasar,0.7777892351150513,1,quasar,0.6109949946403503,1,quasar,0.4158494770526886
1758,2,star,2,star,True,2,star,True,True,2,star,0.9552751183509827,2,star,0.9370083212852478,2,star,0.9704282879829407,2,star,0.6694232821464539,2,star,0.9507701396942139,2,star,0.739221453666687
1759,2,star,2,star,True,2,star,True,True,2,star,0.7201868295669556,2,star,0.93048095703125,1,quasar,0.8074476718902588,1,quasar,0.5940112471580505,2,star,0.5112075209617615,2,star,0.5621702075004578
1760,2,star,2,star,True,2,star,True,True,2,star,0.9882671236991882,2,star,0.916167140007019,2,star,0.9859014749526978,2,star,0.940950870513916,2,star,0.9850896596908569,2,star,0.6503727436065674
1761,2,star,2,star,True,2,star,True,True,2,star,0.8975140452384949,1,quasar,0.3856140077114105,2,star,0.9226995706558228,2,star,0.7637245655059814,2,star,0.9689175486564636,2,star,0.5298230648040771
1762,2,star,2,star,True,2,star,True,True,2,star,0.9554126262664795,2,star,0.8245169520378113,2,star,0.5273730158805847,1,quasar,0.5721825361251831,2,star,0.6893690824508667,2,star,0.5295957922935486
1763,2,star,1,quasar,False,1,quasar,False,True,1,quasar,0.5699883699417114,2,star,0.55209881067276,1,quasar,0.8597715497016907,1,quasar,0.8186857104301453,1,quasar,0.7118278741836548,1,quasar,0.6266235113143921
1764,2,star,2,star,True,2,star,True,True,2,star,0.9899279475212097,2,star,0.6878596544265747,2,star,0.9885376691818237,2,star,0.9462593197822571,2,star,0.9713440537452698,2,star,0.4824392795562744
1765,2,star,2,star,True,2,star,True,True,2,star,0.7514595985412598,1,quasar,0.5119552612304688,2,star,0.8861581683158875,2,star,0.5034447312355042,2,star,0.5421982407569885,2,star,0.6622021198272705
1766,2,star,2,star,True,2,star,True,True,2,star,0.9736095070838928,2,star,0.40636202692985535,2,star,0.9326369762420654,2,star,0.9423819184303284,2,star,0.9752169847488403,0,galaxy,0.6209099888801575
1767,2,star,2,star,True,2,star,True,True,2,star,0.9317845106124878,2,star,0.9827030897140503,2,star,0.9786807298660278,2,star,0.9416666030883789,2,star,0.7738904356956482,2,star,0.9197449088096619
1768,2,star,2,star,True,2,star,True,True,2,star,0.9982098340988159,2,star,0.9601701498031616,2,star,0.9968672394752502,2,star,0.9790257811546326,2,star,0.9890271425247192,2,star,0.6093497276306152
1769,2,star,2,star,True,2,star,True,True,2,star,0.7778136730194092,2,star,0.9998564720153809,2,star,0.9933795928955078,2,star,0.9942533373832703,2,star,0.9962798953056335,2,star,0.5478988885879517
1770,2,star,2,star,True,2,star,True,True,2,star,0.8067105412483215,2,star,0.9948274493217468,2,star,0.9461104869842529,2,star,0.5883699655532837,2,star,0.9892629981040955,2,star,0.739258348941803
1771,2,star,2,star,True,2,star,True,True,2,star,0.4962947964668274,2,star,0.6555642485618591,1,quasar,0.5754559636116028,2,star,0.565346896648407,2,star,0.494723916053772,0,galaxy,0.5416467785835266
1772,2,star,2,star,True,2,star,True,True,0,galaxy,0.8192411065101624,2,star,0.7822768092155457,2,star,0.6932231187820435,2,star,0.5816534757614136,2,star,0.9726888537406921,0,galaxy,0.43600350618362427
1773,2,star,1,quasar,False,1,quasar,False,True,1,quasar,0.5981932878494263,1,quasar,0.940773606300354,1,quasar,0.8224390745162964,1,quasar,0.6539679765701294,1,quasar,0.7962424755096436,2,star,0.5817498564720154
1774,2,star,1,quasar,False,1,quasar,False,True,1,quasar,0.6571295261383057,1,quasar,0.7798308730125427,1,quasar,0.7328410744667053,1,quasar,0.7432584166526794,1,quasar,0.6772823333740234,2,star,0.7478972673416138
1775,2,star,1,quasar,False,2,star,True,False,2,star,0.956905722618103,2,star,0.8155471682548523,1,quasar,0.7846469283103943,1,quasar,0.6975329518318176,1,quasar,0.5731362700462341,2,star,0.5217156410217285
1776,2,star,1,quasar,False,1,quasar,False,True,1,quasar,0.6992266178131104,1,quasar,0.49837061762809753,1,quasar,0.7813447713851929,1,quasar,0.654632031917572,1,quasar,0.6162874102592468,2,star,0.3740350604057312
1777,2,star,1,quasar,False,1,quasar,False,True,2,star,0.6157782673835754,2,star,0.9237937331199646,1,quasar,0.8244511485099792,1,quasar,0.7563651204109192,1,quasar,0.7372950315475464,2,star,0.37833040952682495
1778,2,star,2,star,True,2,star,True,True,2,star,0.9799897074699402,2,star,0.9559713006019592,2,star,0.7782694697380066,2,star,0.5564400553703308,2,star,0.9459691047668457,0,galaxy,0.48252707719802856
1779,2,star,2,star,True,2,star,True,True,2,star,0.9766907095909119,2,star,0.9992316961288452,2,star,0.9935050010681152,2,star,0.9960094690322876,2,star,0.9957846999168396,2,star,0.7011738419532776
1780,2,star,2,star,True,2,star,True,True,2,star,0.99870765209198,2,star,0.999956488609314,2,star,0.9949658513069153,2,star,0.9954853653907776,2,star,0.9959852695465088,2,star,0.5620476007461548
1781,2,star,2,star,True,2,star,True,True,2,star,0.944542646408081,2,star,0.996179461479187,2,star,0.9815667867660522,2,star,0.9608468413352966,2,star,0.982542872428894,2,star,0.7878526449203491
1782,2,star,2,star,True,2,star,True,True,2,star,0.9871728420257568,2,star,0.9998539686203003,2,star,0.9941323399543762,2,star,0.992526650428772,2,star,0.9961963891983032,2,star,0.833708643913269
1783,2,star,2,star,True,2,star,True,True,2,star,0.5294636487960815,2,star,0.7366681694984436,1,quasar,0.5497766137123108,2,star,0.527065634727478,2,star,0.8646706938743591,2,star,0.7074939012527466
1784,2,star,2,star,True,2,star,True,True,2,star,0.6046640872955322,2,star,0.7738300561904907,2,star,0.8143216371536255,2,star,0.5402644872665405,2,star,0.6855122447013855,2,star,0.4611877202987671
1785,2,star,2,star,True,2,star,True,True,2,star,0.8569479584693909,2,star,0.6604521870613098,1,quasar,0.6374045610427856,1,quasar,0.6859946846961975,2,star,0.7465473413467407,2,star,0.4959781765937805
1786,2,star,1,quasar,False,1,quasar,False,True,2,star,0.5320532321929932,1,quasar,0.4990650713443756,1,quasar,0.7072543501853943,1,quasar,0.6921042203903198,1,quasar,0.6304023861885071,0,galaxy,0.3612988293170929
1787,2,star,2,star,True,2,star,True,True,2,star,0.9888334274291992,2,star,0.9996565580368042,2,star,0.9940463304519653,2,star,0.9884417057037354,2,star,0.9962975382804871,2,star,0.4596375524997711
1788,2,star,1,quasar,False,1,quasar,False,True,1,quasar,0.5693764686584473,2,star,0.5034840106964111,1,quasar,0.8067403435707092,1,quasar,0.8055747747421265,1,quasar,0.6536431312561035,1,quasar,0.4654073417186737
1789,2,star,2,star,True,2,star,True,True,2,star,0.9928696751594543,2,star,0.9421330690383911,2,star,0.9917404651641846,2,star,0.9835205674171448,2,star,0.9942108392715454,0,galaxy,0.438611775636673
1790,2,star,2,star,True,2,star,True,True,2,star,0.9970280528068542,2,star,0.9993232488632202,2,star,0.9944819211959839,2,star,0.986068606376648,2,star,0.9968464970588684,2,star,0.6481342911720276
1791,2,star,2,star,True,2,star,True,True,2,star,0.9556607007980347,2,star,0.9349904656410217,2,star,0.9704709053039551,2,star,0.9377416372299194,2,star,0.9901912212371826,2,star,0.7265637516975403
1792,2,star,2,star,True,2,star,True,True,2,star,0.8728912472724915,2,star,0.7262289524078369,2,star,0.7435179948806763,2,star,0.5767114162445068,2,star,0.6255495548248291,2,star,0.5095162391662598
1793,2,star,1,quasar,False,1,quasar,False,True,1,quasar,0.5112754106521606,2,star,0.6624332070350647,1,quasar,0.7702202200889587,1,quasar,0.6078343987464905,1,quasar,0.6962882876396179,2,star,0.36477646231651306
1794,2,star,1,quasar,False,1,quasar,False,True,2,star,0.8316053748130798,1,quasar,0.911696195602417,1,quasar,0.6303166747093201,1,quasar,0.7890728116035461,1,quasar,0.7954954504966736,2,star,0.5106490850448608
1795,2,star,2,star,True,2,star,True,True,2,star,0.7978057861328125,2,star,0.9207567572593689,1,quasar,0.6235264539718628,1,quasar,0.6850748062133789,2,star,0.9075717926025391,2,star,0.4940529465675354
1796,2,star,2,star,True,2,star,True,True,2,star,0.8525987863540649,2,star,0.8536474108695984,2,star,0.9854668378829956,2,star,0.9478287100791931,2,star,0.9844132661819458,2,star,0.6963040828704834
1797,2,star,2,star,True,2,star,True,True,2,star,0.9034342169761658,2,star,0.9804145097732544,2,star,0.9932048320770264,2,star,0.9529795050621033,2,star,0.9966867566108704,2,star,0.6247144341468811
1798,2,star,2,star,True,2,star,True,True,2,star,0.989738404750824,2,star,0.9991244673728943,2,star,0.9928319454193115,2,star,0.9914639592170715,2,star,0.9963800311088562,2,star,0.7624899744987488
1799,2,star,2,star,True,2,star,True,True,2,star,0.995912492275238,2,star,0.9950733780860901,2,star,0.9871013164520264,2,star,0.9881572127342224,2,star,0.9967095851898193,2,star,0.7310971021652222
1800,2,star,1,quasar,False,1,quasar,False,True,2,star,0.7907264232635498,1,quasar,0.7101793885231018,1,quasar,0.8382471203804016,1,quasar,0.7456490993499756,1,quasar,0.7828104496002197,0,galaxy,0.42447763681411743
1801,2,star,2,star,True,2,star,True,True,2,star,0.9798591136932373,2,star,0.9089091420173645,2,star,0.9476370215415955,2,star,0.8668226003646851,2,star,0.9323442578315735,2,star,0.6159254908561707
1802,2,star,2,star,True,2,star,True,True,2,star,0.9869734644889832,2,star,0.999631404876709,2,star,0.9925479292869568,2,star,0.9523258805274963,2,star,0.9961618185043335,2,star,0.925408124923706
1803,2,star,2,star,True,2,star,True,True,2,star,0.9801806807518005,2,star,0.9992818236351013,2,star,0.9942980408668518,2,star,0.9907304644584656,2,star,0.9961916208267212,2,star,0.6776228547096252
1804,2,star,2,star,True,2,star,True,True,2,star,0.9485598206520081,2,star,0.9242456555366516,1,quasar,0.527246356010437,1,quasar,0.7988861203193665,2,star,0.773240327835083,2,star,0.639524519443512
1805,2,star,2,star,True,2,star,True,True,2,star,0.9556167125701904,2,star,0.9998334646224976,2,star,0.9944745898246765,2,star,0.9552715420722961,2,star,0.9967648983001709,2,star,0.5413286089897156
1806,2,star,1,quasar,False,2,star,True,False,2,star,0.7072736024856567,2,star,0.8561279773712158,1,quasar,0.6394932866096497,1,quasar,0.6339831948280334,1,quasar,0.6642041802406311,2,star,0.3994998037815094
1807,2,star,2,star,True,2,star,True,True,2,star,0.9973984956741333,2,star,0.998978853225708,2,star,0.9813472032546997,2,star,0.9023516178131104,2,star,0.991229772567749,2,star,0.7935162782669067
1808,2,star,1,quasar,False,1,quasar,False,True,1,quasar,0.8361420631408691,1,quasar,0.7992687821388245,1,quasar,0.8109200596809387,1,quasar,0.617225706577301,1,quasar,0.5902655124664307,1,quasar,0.42814502120018005
1809,2,star,2,star,True,2,star,True,True,2,star,0.9510358572006226,2,star,0.9780346155166626,2,star,0.9641185998916626,2,star,0.7222506999969482,2,star,0.9417673349380493,0,galaxy,0.5319533348083496
1810,2,star,2,star,True,2,star,True,True,2,star,0.9576833248138428,2,star,0.9975791573524475,2,star,0.9939634203910828,2,star,0.9720056653022766,2,star,0.9948596954345703,2,star,0.8668916821479797
1811,2,star,2,star,True,2,star,True,True,2,star,0.8870251178741455,2,star,0.9922114610671997,2,star,0.9948033690452576,2,star,0.9831931591033936,2,star,0.9896193146705627,2,star,0.9333838224411011
1812,2,star,2,star,True,2,star,True,True,2,star,0.8454993367195129,2,star,0.8799527287483215,1,quasar,0.7155471444129944,1,quasar,0.7870429158210754,2,star,0.6399021744728088,2,star,0.48564615845680237
1813,2,star,2,star,True,2,star,True,True,2,star,0.9186990261077881,2,star,0.9412428140640259,2,star,0.9920471906661987,2,star,0.979296863079071,2,star,0.99404376745224,2,star,0.7992397546768188
1814,2,star,2,star,True,2,star,True,True,2,star,0.9761384725570679,2,star,0.988923192024231,2,star,0.9894059300422668,2,star,0.9863044619560242,2,star,0.996293842792511,2,star,0.578912079334259
1815,2,star,2,star,True,2,star,True,True,2,star,0.6718214154243469,2,star,0.9290210008621216,1,quasar,0.6422913670539856,2,star,0.636447548866272,2,star,0.6875218152999878,2,star,0.6248178482055664
1816,2,star,2,star,True,2,star,True,True,2,star,0.9549468159675598,2,star,0.9996987581253052,2,star,0.9908973574638367,2,star,0.9792987108230591,2,star,0.9960378408432007,2,star,0.8116501569747925
1817,2,star,1,quasar,False,1,quasar,False,True,2,star,0.5896204710006714,2,star,0.6975919008255005,1,quasar,0.7956201434135437,1,quasar,0.7834221720695496,1,quasar,0.530815601348877,2,star,0.6410618424415588
1818,2,star,2,star,True,2,star,True,True,2,star,0.9668297171592712,2,star,0.7218496799468994,1,quasar,0.5079402923583984,2,star,0.7462217807769775,2,star,0.9566328525543213,2,star,0.6575286388397217
1819,2,star,2,star,True,2,star,True,True,2,star,0.9951815009117126,2,star,0.957933247089386,2,star,0.988598108291626,2,star,0.9231574535369873,2,star,0.9882194995880127,2,star,0.7353032231330872
1820,2,star,2,star,True,2,star,True,True,2,star,0.9984508752822876,2,star,0.9981842637062073,2,star,0.9947075843811035,2,star,0.9852654337882996,2,star,0.9955339431762695,2,star,0.8007543683052063
1821,2,star,2,star,True,2,star,True,True,2,star,0.8161838054656982,2,star,0.7152228355407715,2,star,0.954438328742981,2,star,0.6732305884361267,2,star,0.6868479251861572,2,star,0.7097381353378296
1822,2,star,2,star,True,2,star,True,True,2,star,0.99652498960495,2,star,0.9982775449752808,2,star,0.9959630370140076,2,star,0.9667053818702698,2,star,0.9918598532676697,2,star,0.6775851845741272
1823,2,star,2,star,True,2,star,True,True,2,star,0.7780576348304749,2,star,0.9318133592605591,2,star,0.6590775847434998,2,star,0.8925531506538391,1,quasar,0.4898659884929657,0,galaxy,0.4710104763507843
1824,2,star,2,star,True,2,star,True,True,2,star,0.9928394556045532,2,star,0.997096061706543,2,star,0.993391752243042,2,star,0.9918851852416992,2,star,0.9965236783027649,2,star,0.8558797836303711
1825,2,star,2,star,True,2,star,True,True,2,star,0.9828733801841736,2,star,0.9926509261131287,2,star,0.9925833940505981,2,star,0.8977526426315308,2,star,0.9949663281440735,2,star,0.766986608505249
1826,2,star,2,star,True,2,star,True,True,2,star,0.9472986459732056,2,star,0.9760705232620239,2,star,0.9903592467308044,2,star,0.9935856461524963,2,star,0.9949812293052673,2,star,0.6969584822654724
1827,2,star,2,star,True,2,star,True,True,2,star,0.9938367009162903,2,star,0.9997434020042419,2,star,0.9899259805679321,2,star,0.9909405708312988,2,star,0.9955997467041016,2,star,0.7594613432884216
1828,2,star,1,quasar,False,1,quasar,False,True,1,quasar,0.5543361902236938,2,star,0.45530861616134644,1,quasar,0.8057364821434021,1,quasar,0.727345883846283,1,quasar,0.6809825897216797,2,star,0.4293980598449707
1829,2,star,2,star,True,2,star,True,True,2,star,0.9720723032951355,2,star,0.9923185110092163,2,star,0.9947822690010071,2,star,0.9838271141052246,2,star,0.9947673082351685,2,star,0.7045963406562805
1830,2,star,2,star,True,2,star,True,True,0,galaxy,0.815678060054779,2,star,0.8589579463005066,2,star,0.9027854204177856,0,galaxy,0.8470975756645203,2,star,0.9943386912345886,2,star,0.47856515645980835
1831,2,star,2,star,True,2,star,True,True,2,star,0.9986326098442078,2,star,0.9996185302734375,2,star,0.9733791947364807,2,star,0.8461148738861084,2,star,0.988509476184845,2,star,0.4914207458496094
1832,2,star,1,quasar,False,2,star,True,False,2,star,0.6143075823783875,1,quasar,0.5801421403884888,2,star,0.8977828025817871,1,quasar,0.7592651844024658,1,quasar,0.5094985961914062,1,quasar,0.45556777715682983
1833,2,star,2,star,True,2,star,True,True,2,star,0.997047483921051,2,star,0.9997767806053162,2,star,0.9915778636932373,2,star,0.9908305406570435,2,star,0.993523359298706,2,star,0.5306856632232666
1834,2,star,2,star,True,2,star,True,True,2,star,0.9779451489448547,2,star,0.9992579817771912,2,star,0.9944414496421814,2,star,0.9954116940498352,2,star,0.9967648983001709,2,star,0.8233159184455872
1835,2,star,2,star,True,2,star,True,True,2,star,0.9149672985076904,2,star,0.999193012714386,2,star,0.9943397641181946,2,star,0.9479557275772095,2,star,0.9962869882583618,2,star,0.5683009624481201
1836,2,star,2,star,True,2,star,True,True,2,star,0.980393648147583,2,star,0.9972597360610962,2,star,0.9938276410102844,2,star,0.994712233543396,2,star,0.9968410730361938,2,star,0.7930976152420044
1837,2,star,2,star,True,2,star,True,True,2,star,0.7610710263252258,2,star,0.6887874007225037,1,quasar,0.6820647716522217,1,quasar,0.6784720420837402,2,star,0.9738140106201172,2,star,0.7875967621803284
1838,2,star,2,star,True,2,star,True,True,2,star,0.8133964538574219,1,quasar,0.5730906128883362,2,star,0.7606516480445862,1,quasar,0.6958454251289368,2,star,0.781197190284729,2,star,0.7983492016792297
1839,2,star,2,star,True,2,star,True,True,2,star,0.9761105179786682,2,star,0.9749789834022522,2,star,0.9544751048088074,2,star,0.8746028542518616,2,star,0.9451366066932678,2,star,0.5969738364219666
1840,2,star,2,star,True,2,star,True,True,2,star,0.5600735545158386,2,star,0.7609553337097168,1,quasar,0.7005556225776672,1,quasar,0.7784761190414429,2,star,0.9249573349952698,2,star,0.5353568196296692
1841,2,star,2,star,True,2,star,True,True,2,star,0.9274632930755615,2,star,0.8612101674079895,1,quasar,0.557503342628479,2,star,0.6800380945205688,2,star,0.9832151532173157,2,star,0.5188915133476257
1842,2,star,2,star,True,2,star,True,True,2,star,0.9757196307182312,2,star,0.9610577821731567,2,star,0.9924995303153992,2,star,0.9692882299423218,2,star,0.9843184351921082,2,star,0.7672362327575684
1843,2,star,2,star,True,2,star,True,True,2,star,0.9910336136817932,2,star,0.9992515444755554,2,star,0.9932177662849426,2,star,0.9806432723999023,2,star,0.9961568713188171,2,star,0.6969696283340454
1844,2,star,2,star,True,2,star,True,True,2,star,0.8330435752868652,2,star,0.9295614361763,1,quasar,0.7752432823181152,1,quasar,0.7890406847000122,2,star,0.7254996299743652,2,star,0.59270179271698
1845,2,star,2,star,True,2,star,True,True,2,star,0.9987984895706177,2,star,0.9998759031295776,2,star,0.9940033555030823,2,star,0.9856725931167603,2,star,0.9959661960601807,2,star,0.7854105234146118
1846,2,star,2,star,True,2,star,True,True,2,star,0.8481289744377136,2,star,0.6569450497627258,2,star,0.682134211063385,2,star,0.7160991430282593,2,star,0.9836861491203308,2,star,0.519406259059906
1847,2,star,2,star,True,2,star,True,True,2,star,0.9007375240325928,2,star,0.882813036441803,1,quasar,0.682674765586853,2,star,0.5293357372283936,2,star,0.709537923336029,2,star,0.6051742434501648
1848,2,star,2,star,True,2,star,True,True,2,star,0.9720863103866577,2,star,0.8421234488487244,2,star,0.7451205253601074,1,quasar,0.7958874702453613,2,star,0.8160287141799927,2,star,0.6724843978881836
1849,2,star,2,star,True,2,star,True,True,2,star,0.9092889428138733,2,star,0.7997785210609436,2,star,0.9879657626152039,2,star,0.9649311900138855,2,star,0.9925873875617981,2,star,0.6977279186248779
1850,2,star,2,star,True,2,star,True,True,2,star,0.975158154964447,2,star,0.8783785104751587,2,star,0.99224454164505,2,star,0.9445173144340515,2,star,0.990012526512146,2,star,0.9852554798126221
1851,2,star,2,star,True,2,star,True,True,2,star,0.900012731552124,2,star,0.9904413223266602,2,star,0.9901337027549744,2,star,0.9610891342163086,2,star,0.9778600931167603,0,galaxy,0.6488415002822876
1852,2,star,2,star,True,2,star,True,True,2,star,0.9303861260414124,2,star,0.8932178616523743,1,quasar,0.5871095061302185,2,star,0.7102332711219788,2,star,0.9574549198150635,2,star,0.7032763957977295
1853,2,star,2,star,True,2,star,True,True,2,star,0.9973918199539185,2,star,0.9913621544837952,2,star,0.9950166344642639,2,star,0.9940377473831177,2,star,0.9903032183647156,2,star,0.8598819971084595
1854,2,star,2,star,True,2,star,True,True,2,star,0.9892704486846924,2,star,0.9981549382209778,2,star,0.9821189641952515,2,star,0.9840370416641235,2,star,0.9949777722358704,2,star,0.6744500994682312
1855,2,star,2,star,True,2,star,True,True,2,star,0.9790356159210205,2,star,0.8790949583053589,2,star,0.9905035495758057,2,star,0.981661319732666,2,star,0.9837117791175842,2,star,0.7732121348381042
1856,2,star,2,star,True,2,star,True,True,2,star,0.9731559157371521,2,star,0.9335787892341614,2,star,0.5390535593032837,2,star,0.5032950639724731,2,star,0.8219078779220581,2,star,0.6075769066810608
1857,2,star,2,star,True,2,star,True,True,2,star,0.9419000744819641,2,star,0.9899487495422363,2,star,0.9855378866195679,2,star,0.8806995749473572,2,star,0.9925704598426819,2,star,0.5943230390548706
1858,2,star,2,star,True,2,star,True,True,2,star,0.7535032033920288,2,star,0.543694019317627,2,star,0.9561948180198669,2,star,0.8362016677856445,2,star,0.7006133198738098,2,star,0.6543921828269958
1859,2,star,2,star,True,2,star,True,True,2,star,0.9835415482521057,2,star,0.9970868229866028,2,star,0.9925466179847717,2,star,0.8911150097846985,2,star,0.9947249293327332,2,star,0.8343836665153503
1860,2,star,2,star,True,2,star,True,True,2,star,0.9650587439537048,2,star,0.9807062149047852,2,star,0.9864641427993774,2,star,0.9837602376937866,2,star,0.9753784537315369,2,star,0.8990573883056641
1861,2,star,2,star,True,2,star,True,True,2,star,0.9573001861572266,2,star,0.925048291683197,2,star,0.9136022329330444,2,star,0.5603141188621521,2,star,0.9946085214614868,2,star,0.6641780734062195
1862,2,star,2,star,True,2,star,True,True,2,star,0.9683862328529358,2,star,0.9983609318733215,2,star,0.9824000597000122,2,star,0.620631217956543,2,star,0.9952219128608704,2,star,0.5205270648002625
1863,2,star,2,star,True,2,star,True,True,2,star,0.9565788507461548,2,star,0.9422096014022827,2,star,0.8787795305252075,2,star,0.6035060286521912,2,star,0.9244781136512756,2,star,0.5706071853637695
1864,2,star,2,star,True,2,star,True,True,2,star,0.8007374405860901,2,star,0.744184672832489,2,star,0.8487484455108643,1,quasar,0.8132363557815552,2,star,0.7625232338905334,2,star,0.5821309089660645
1865,2,star,0,galaxy,False,2,star,True,False,0,galaxy,0.7950825691223145,2,star,0.8323579430580139,2,star,0.8086347579956055,0,galaxy,0.5903652906417847,2,star,0.9944475889205933,0,galaxy,0.4978574216365814
1866,2,star,2,star,True,2,star,True,True,2,star,0.964296817779541,2,star,0.9989966750144958,2,star,0.9902310967445374,2,star,0.9790655374526978,2,star,0.9813103675842285,2,star,0.5910768508911133
1867,2,star,2,star,True,2,star,True,True,2,star,0.9747865200042725,2,star,0.9495148062705994,2,star,0.9417747259140015,2,star,0.8381626009941101,2,star,0.9854372143745422,2,star,0.7366092205047607
1868,2,star,2,star,True,2,star,True,True,2,star,0.8840420842170715,2,star,0.8787042498588562,2,star,0.5252445340156555,1,quasar,0.5363137125968933,2,star,0.7873342037200928,2,star,0.5069655776023865
1869,2,star,2,star,True,2,star,True,True,2,star,0.976747453212738,2,star,0.9984961748123169,2,star,0.9829361438751221,2,star,0.9916165471076965,2,star,0.9965230226516724,2,star,0.5915544033050537
1870,2,star,2,star,True,2,star,True,True,2,star,0.8730204105377197,2,star,0.9969105124473572,2,star,0.99324631690979,2,star,0.981561005115509,2,star,0.9958962202072144,2,star,0.7020857930183411
1871,2,star,2,star,True,2,star,True,True,2,star,0.9654257893562317,2,star,0.9915335774421692,2,star,0.9938517808914185,2,star,0.9542238712310791,2,star,0.9891308546066284,2,star,0.9149887561798096
1872,2,star,2,star,True,2,star,True,True,2,star,0.951900064945221,2,star,0.8369258046150208,2,star,0.9265356063842773,2,star,0.5261406898498535,2,star,0.9485816359519958,2,star,0.7854396104812622
1873,2,star,2,star,True,2,star,True,True,2,star,0.8496462106704712,2,star,0.9979206919670105,2,star,0.8275406360626221,2,star,0.9429193139076233,2,star,0.9777209162712097,2,star,0.8183192014694214
1874,2,star,2,star,True,2,star,True,True,2,star,0.9941738247871399,2,star,0.9892935752868652,2,star,0.9843320846557617,2,star,0.7948694825172424,2,star,0.9941709637641907,2,star,0.9207724332809448
1875,2,star,2,star,True,2,star,True,True,2,star,0.8250754475593567,2,star,0.9770191311836243,2,star,0.9284824728965759,2,star,0.8851169943809509,2,star,0.993293046951294,2,star,0.6275044679641724
1876,2,star,2,star,True,2,star,True,True,2,star,0.9982917904853821,2,star,0.9999498128890991,2,star,0.9958720803260803,2,star,0.9961426854133606,2,star,0.9971517324447632,2,star,0.9234944581985474
1877,2,star,2,star,True,2,star,True,True,2,star,0.9007468819618225,2,star,0.998012900352478,2,star,0.9593955278396606,2,star,0.8030491471290588,2,star,0.9601958394050598,2,star,0.8971303105354309
1878,2,star,2,star,True,2,star,True,True,2,star,0.7983565926551819,2,star,0.7203679084777832,2,star,0.8312371969223022,0,galaxy,0.8836143612861633,2,star,0.9882314801216125,2,star,0.8956195116043091
1879,2,star,2,star,True,2,star,True,True,2,star,0.508827269077301,1,quasar,0.725357711315155,2,star,0.8943114876747131,1,quasar,0.5564563870429993,2,star,0.8906787037849426,2,star,0.6880615949630737
1880,2,star,2,star,True,2,star,True,True,2,star,0.9235926866531372,2,star,0.9358716607093811,2,star,0.9813582301139832,2,star,0.845090389251709,2,star,0.9925659894943237,2,star,0.6385611891746521
1881,2,star,2,star,True,2,star,True,True,2,star,0.8160163164138794,2,star,0.7909391522407532,2,star,0.9593561291694641,2,star,0.712877631187439,2,star,0.9650456309318542,2,star,0.7909481525421143
1882,2,star,2,star,True,2,star,True,True,2,star,0.9801735877990723,2,star,0.9992703795433044,2,star,0.9715642333030701,2,star,0.8864549398422241,2,star,0.9897012710571289,2,star,0.5598359107971191
1883,2,star,2,star,True,2,star,True,True,2,star,0.9450750350952148,2,star,0.9812405705451965,2,star,0.9439528584480286,2,star,0.7780302166938782,2,star,0.9803596138954163,2,star,0.5580927729606628
1884,2,star,2,star,True,2,star,True,True,2,star,0.9903608560562134,2,star,0.9996631145477295,2,star,0.9602175951004028,2,star,0.9535881280899048,2,star,0.9910969734191895,0,galaxy,0.5393150448799133
1885,2,star,2,star,True,2,star,True,True,2,star,0.9582033157348633,2,star,0.9999949932098389,2,star,0.8906043767929077,2,star,0.9473943114280701,2,star,0.9969195127487183,2,star,0.5511958599090576
1886,2,star,2,star,True,2,star,True,True,2,star,0.980653703212738,2,star,0.9999152421951294,2,star,0.9988621473312378,2,star,0.9942979216575623,2,star,0.9970318078994751,2,star,0.9773377180099487
1887,2,star,2,star,True,2,star,True,True,2,star,0.9818233251571655,2,star,0.9933900833129883,2,star,0.9783922433853149,2,star,0.9162818789482117,2,star,0.9889125823974609,2,star,0.8253450393676758
1888,2,star,2,star,True,2,star,True,True,2,star,0.8604916930198669,2,star,0.9980556964874268,2,star,0.97117018699646,2,star,0.9651040434837341,2,star,0.9735490679740906,0,galaxy,0.35924893617630005
1889,2,star,2,star,True,2,star,True,True,0,galaxy,0.730181872844696,2,star,0.9840344190597534,2,star,0.5260903835296631,2,star,0.6018062233924866,2,star,0.9230172634124756,2,star,0.543628454208374
1890,2,star,1,quasar,False,2,star,True,False,2,star,0.8150919079780579,2,star,0.7769936919212341,1,quasar,0.5635720491409302,1,quasar,0.6229248046875,1,quasar,0.5652270913124084,1,quasar,0.41527754068374634
1891,2,star,2,star,True,2,star,True,True,2,star,0.8676890134811401,2,star,0.884573221206665,2,star,0.9625180959701538,2,star,0.920169472694397,2,star,0.9963885545730591,0,galaxy,0.535946249961853
1892,2,star,2,star,True,2,star,True,True,2,star,0.9043428301811218,2,star,0.9979700446128845,2,star,0.89189612865448,2,star,0.886365532875061,2,star,0.9933779835700989,0,galaxy,0.7311100959777832
1893,2,star,2,star,True,2,star,True,True,2,star,0.7489149570465088,2,star,0.9580080509185791,2,star,0.6405034065246582,0,galaxy,0.8703276515007019,2,star,0.916520893573761,2,star,0.47147130966186523
1894,2,star,2,star,True,2,star,True,True,2,star,0.8768698573112488,2,star,0.7862914204597473,1,quasar,0.5780763626098633,2,star,0.5252280831336975,2,star,0.5566688179969788,2,star,0.5512043237686157
1895,2,star,2,star,True,2,star,True,True,2,star,0.9900546073913574,2,star,0.9991475343704224,2,star,0.9944989085197449,2,star,0.9853399395942688,2,star,0.9965535402297974,2,star,0.6939100027084351
1896,2,star,2,star,True,2,star,True,True,2,star,0.9242931008338928,2,star,0.9988036155700684,2,star,0.8857434391975403,2,star,0.9413628578186035,2,star,0.9656041860580444,0,galaxy,0.6232292652130127
1897,2,star,2,star,True,2,star,True,True,2,star,0.9248504042625427,2,star,0.992090106010437,2,star,0.9021861553192139,2,star,0.952948808670044,2,star,0.9936102032661438,0,galaxy,0.5813098549842834
1898,2,star,2,star,True,2,star,True,True,2,star,0.833723247051239,2,star,0.9821304678916931,2,star,0.8820238709449768,2,star,0.6925227642059326,2,star,0.8816719055175781,2,star,0.6873106360435486
1899,2,star,2,star,True,2,star,True,True,2,star,0.974536657333374,2,star,0.9975681900978088,2,star,0.982150137424469,2,star,0.9703583121299744,2,star,0.9943006038665771,0,galaxy,0.43022164702415466
1900,2,star,2,star,True,2,star,True,True,2,star,0.9924006462097168,2,star,0.9995678067207336,2,star,0.990711510181427,2,star,0.9901565313339233,2,star,0.9957026839256287,2,star,0.7337117791175842
1901,2,star,2,star,True,2,star,True,True,2,star,0.9962798953056335,2,star,0.9998537302017212,2,star,0.9952751398086548,2,star,0.9933928847312927,2,star,0.9967613816261292,2,star,0.6153227090835571
1902,2,star,2,star,True,2,star,True,True,2,star,0.9902113080024719,2,star,0.991253674030304,2,star,0.9912871718406677,2,star,0.9828185439109802,2,star,0.9960601925849915,2,star,0.5662862658500671
1903,2,star,2,star,True,2,star,True,True,2,star,0.9839733242988586,2,star,0.9969280362129211,2,star,0.9777902364730835,2,star,0.7968792915344238,2,star,0.9935206770896912,2,star,0.5124738216400146
1904,2,star,2,star,True,2,star,True,True,2,star,0.5723787546157837,2,star,0.9980667233467102,2,star,0.9885662198066711,1,quasar,0.6106389760971069,1,quasar,0.573547899723053,2,star,0.8284411430358887
1905,2,star,2,star,True,2,star,True,True,2,star,0.882073700428009,2,star,0.9614163041114807,2,star,0.9723660945892334,2,star,0.5270735621452332,2,star,0.9961128234863281,0,galaxy,0.49986782670021057
1906,2,star,0,galaxy,False,2,star,True,False,2,star,0.690684974193573,2,star,0.8707652688026428,0,galaxy,0.5241140127182007,0,galaxy,0.47002482414245605,2,star,0.9488220810890198,0,galaxy,0.46323874592781067
1907,2,star,2,star,True,2,star,True,True,2,star,0.951563835144043,2,star,0.9258179664611816,2,star,0.9748271703720093,2,star,0.9732992053031921,2,star,0.9959501028060913,2,star,0.5623540878295898
1908,2,star,2,star,True,2,star,True,True,2,star,0.4757075607776642,2,star,0.6275188326835632,2,star,0.9128332734107971,2,star,0.6074678301811218,2,star,0.6882258057594299,2,star,0.5198169946670532
1909,2,star,2,star,True,2,star,True,True,2,star,0.991355836391449,2,star,0.901945173740387,2,star,0.8130983710289001,2,star,0.8885073661804199,2,star,0.9863539338111877,0,galaxy,0.5671558380126953
1910,2,star,2,star,True,2,star,True,True,2,star,0.9959452748298645,2,star,0.9925617575645447,2,star,0.9676007628440857,2,star,0.9381605982780457,2,star,0.9912808537483215,2,star,0.38301971554756165
1911,2,star,2,star,True,2,star,True,True,2,star,0.6280668377876282,2,star,0.9944660067558289,2,star,0.9160236120223999,2,star,0.987371563911438,2,star,0.9031952023506165,2,star,0.6330757737159729
1912,2,star,2,star,True,2,star,True,True,2,star,0.9922004342079163,2,star,0.9998600482940674,2,star,0.9887470602989197,2,star,0.9747487902641296,2,star,0.9967328310012817,0,galaxy,0.4438132345676422
1913,2,star,2,star,True,2,star,True,True,2,star,0.9096176028251648,2,star,0.9299996495246887,2,star,0.969794511795044,2,star,0.8761983513832092,2,star,0.975857675075531,0,galaxy,0.37967801094055176
1914,2,star,2,star,True,2,star,True,True,2,star,0.9284610748291016,2,star,0.9665682315826416,2,star,0.6011940240859985,2,star,0.6876984238624573,2,star,0.6875166893005371,0,galaxy,0.38386380672454834
1915,2,star,2,star,True,2,star,True,True,2,star,0.9652844071388245,2,star,0.9807729721069336,2,star,0.9901734590530396,2,star,0.9396656155586243,2,star,0.9941349625587463,2,star,0.8616516590118408
1916,2,star,2,star,True,2,star,True,True,2,star,0.9960352778434753,2,star,0.9996671676635742,2,star,0.9949219822883606,2,star,0.9883346557617188,2,star,0.9957786798477173,2,star,0.5686829686164856
1917,2,star,2,star,True,2,star,True,True,2,star,0.9262447953224182,2,star,0.9023922681808472,2,star,0.8640064001083374,2,star,0.7393699884414673,2,star,0.9696266651153564,0,galaxy,0.5221292972564697
1918,2,star,2,star,True,2,star,True,True,2,star,0.7624066472053528,2,star,0.9968984127044678,2,star,0.9671210646629333,2,star,0.9901140928268433,2,star,0.9961802959442139,2,star,0.5113603472709656
1919,2,star,2,star,True,2,star,True,True,2,star,0.9697020053863525,2,star,0.8430373668670654,1,quasar,0.6066403985023499,1,quasar,0.6601604223251343,2,star,0.5591976046562195,2,star,0.48093804717063904
1920,2,star,2,star,True,2,star,True,True,2,star,0.974833607673645,2,star,0.9813505411148071,2,star,0.8932725191116333,2,star,0.5671308636665344,2,star,0.9831292033195496,0,galaxy,0.6536185145378113
1921,2,star,2,star,True,2,star,True,True,2,star,0.9086515307426453,2,star,0.9993839263916016,2,star,0.9843252897262573,2,star,0.9544001221656799,2,star,0.9963845014572144,0,galaxy,0.44842225313186646
1922,2,star,2,star,True,2,star,True,True,2,star,0.9965962767601013,2,star,0.9998262524604797,2,star,0.9946619868278503,2,star,0.9911454319953918,2,star,0.9941858053207397,0,galaxy,0.43839162588119507
1923,2,star,2,star,True,2,star,True,True,2,star,0.9861721396446228,2,star,0.8469884395599365,2,star,0.8453043699264526,2,star,0.7416083812713623,2,star,0.9305565357208252,2,star,0.44293883442878723
1924,2,star,1,quasar,False,2,star,True,False,2,star,0.7981759309768677,1,quasar,0.5760210156440735,1,quasar,0.6135299801826477,1,quasar,0.6736261248588562,2,star,0.6519625782966614,2,star,0.4149321913719177
1925,2,star,2,star,True,2,star,True,True,2,star,0.9451028108596802,2,star,0.7524064183235168,2,star,0.6303101181983948,2,star,0.7174380421638489,2,star,0.7926874756813049,2,star,0.49759724736213684
1926,2,star,2,star,True,2,star,True,True,2,star,0.9844940304756165,2,star,0.9960225820541382,2,star,0.9923305511474609,2,star,0.9840280413627625,2,star,0.9938578009605408,2,star,0.5698834657669067
1927,2,star,1,quasar,False,1,quasar,False,True,2,star,0.7156461477279663,1,quasar,0.7192803621292114,1,quasar,0.7456961870193481,1,quasar,0.7818350791931152,1,quasar,0.8184211254119873,1,quasar,0.41708528995513916
1928,2,star,2,star,True,2,star,True,True,2,star,0.9748206734657288,2,star,0.9990286827087402,2,star,0.9936796426773071,2,star,0.9633943438529968,2,star,0.9970788955688477,2,star,0.5509393215179443
1929,2,star,2,star,True,2,star,True,True,2,star,0.9546129703521729,2,star,0.9897702932357788,2,star,0.9471039772033691,2,star,0.8625256419181824,2,star,0.9842321872711182,0,galaxy,0.4144691228866577
1930,2,star,1,quasar,False,1,quasar,False,True,2,star,0.5736873745918274,2,star,0.6998903155326843,1,quasar,0.6520920395851135,1,quasar,0.575947642326355,1,quasar,0.715484082698822,2,star,0.3936493992805481
1931,2,star,1,quasar,False,2,star,True,False,2,star,0.693230926990509,2,star,0.581243097782135,1,quasar,0.6173163652420044,1,quasar,0.5465542078018188,1,quasar,0.7246896624565125,0,galaxy,0.5008554458618164
1932,2,star,2,star,True,2,star,True,True,2,star,0.7308567762374878,2,star,0.4479218125343323,2,star,0.39975985884666443,2,star,0.7496463060379028,2,star,0.9920250177383423,2,star,0.4428126811981201
1933,2,star,2,star,True,2,star,True,True,2,star,0.9973863959312439,2,star,0.9634808897972107,2,star,0.8270116448402405,2,star,0.8739038109779358,2,star,0.9678918123245239,2,star,0.7094051837921143
1934,2,star,1,quasar,False,1,quasar,False,True,2,star,0.8560329675674438,1,quasar,0.6899926662445068,1,quasar,0.7213194966316223,1,quasar,0.7033982872962952,1,quasar,0.7348878383636475,2,star,0.6385698318481445
1935,2,star,1,quasar,False,2,star,True,False,2,star,0.8098312616348267,2,star,0.6187272071838379,1,quasar,0.6053311824798584,1,quasar,0.6672749519348145,1,quasar,0.626787006855011,2,star,0.505054771900177
1936,2,star,2,star,True,2,star,True,True,2,star,0.9853390455245972,2,star,0.999716579914093,2,star,0.988878071308136,2,star,0.9719254374504089,2,star,0.9929667711257935,2,star,0.5864186882972717
1937,2,star,2,star,True,2,star,True,True,2,star,0.9930114150047302,2,star,0.9998553991317749,2,star,0.9728090167045593,2,star,0.9358155131340027,2,star,0.9944807291030884,2,star,0.8461918830871582
1938,2,star,2,star,True,2,star,True,True,2,star,0.9725366234779358,2,star,0.9857656955718994,2,star,0.9837190508842468,2,star,0.9256731271743774,2,star,0.9963520765304565,0,galaxy,0.5597559809684753
1939,2,star,2,star,True,2,star,True,True,2,star,0.9928866028785706,2,star,0.9946436882019043,2,star,0.9834133386611938,2,star,0.9722005128860474,2,star,0.9960821270942688,2,star,0.6065824627876282
1940,2,star,2,star,True,2,star,True,True,2,star,0.8167312741279602,2,star,0.869005024433136,2,star,0.43554404377937317,2,star,0.6480995416641235,2,star,0.9776788949966431,2,star,0.435444712638855
1941,2,star,2,star,True,2,star,True,True,2,star,0.9104794859886169,2,star,0.811619222164154,2,star,0.5380314588546753,1,quasar,0.653302788734436,1,quasar,0.5627749562263489,2,star,0.5464868545532227
1942,2,star,2,star,True,2,star,True,True,2,star,0.9986434578895569,2,star,0.9999955892562866,2,star,0.9916182160377502,2,star,0.9827210307121277,2,star,0.9971086382865906,2,star,0.585027813911438
1943,2,star,1,quasar,False,1,quasar,False,True,1,quasar,0.6745579838752747,1,quasar,0.579310417175293,1,quasar,0.6593005657196045,1,quasar,0.7986989617347717,1,quasar,0.7291569113731384,2,star,0.5954508781433105
1944,2,star,2,star,True,2,star,True,True,2,star,0.920814573764801,2,star,0.7818061709403992,2,star,0.465392529964447,1,quasar,0.5119878053665161,2,star,0.8431468605995178,2,star,0.44423189759254456
1945,2,star,2,star,True,2,star,True,True,2,star,0.7898275852203369,2,star,0.845288872718811,2,star,0.9156113862991333,1,quasar,0.5814271569252014,2,star,0.7645388841629028,2,star,0.6989443302154541
1946,2,star,2,star,True,2,star,True,True,2,star,0.9432300329208374,2,star,0.8285472989082336,2,star,0.5342968702316284,1,quasar,0.5487037897109985,1,quasar,0.6350296139717102,2,star,0.7360244989395142
1947,2,star,2,star,True,2,star,True,True,2,star,0.9777138829231262,2,star,0.999371349811554,2,star,0.9164595603942871,2,star,0.9022436738014221,2,star,0.9641557335853577,2,star,0.8008267879486084
1948,2,star,2,star,True,2,star,True,True,2,star,0.9907830953598022,2,star,0.9996875524520874,2,star,0.9934813976287842,2,star,0.9956676959991455,2,star,0.9963651895523071,2,star,0.7121084928512573
1949,2,star,2,star,True,2,star,True,True,2,star,0.9961429238319397,2,star,0.9997088313102722,2,star,0.9952194094657898,2,star,0.9946751594543457,2,star,0.9969649910926819,2,star,0.7081323862075806
1950,2,star,1,quasar,False,2,star,True,False,2,star,0.871696949005127,2,star,0.8763188719749451,1,quasar,0.5142049789428711,1,quasar,0.4796689450740814,1,quasar,0.5663247108459473,2,star,0.48197370767593384
1951,2,star,2,star,True,2,star,True,True,2,star,0.989038348197937,2,star,0.9617886543273926,2,star,0.9007336497306824,2,star,0.958943784236908,2,star,0.9945366382598877,2,star,0.8338665962219238
1952,2,star,1,quasar,False,1,quasar,False,True,2,star,0.7005630731582642,2,star,0.9682520031929016,1,quasar,0.7786592245101929,1,quasar,0.768484354019165,1,quasar,0.8101428747177124,2,star,0.5048132538795471
1953,2,star,1,quasar,False,2,star,True,False,2,star,0.7562639713287354,2,star,0.8082928657531738,1,quasar,0.5104582905769348,1,quasar,0.809444785118103,1,quasar,0.5360737442970276,2,star,0.6864520311355591
1954,2,star,2,star,True,2,star,True,True,2,star,0.9351938962936401,2,star,0.9990744590759277,2,star,0.9846906065940857,2,star,0.9109531044960022,2,star,0.9826887845993042,2,star,0.928651750087738
1955,2,star,2,star,True,2,star,True,True,2,star,0.8782131671905518,2,star,0.7545883059501648,2,star,0.5338979363441467,1,quasar,0.6179968118667603,2,star,0.9489943385124207,2,star,0.46182334423065186
1956,2,star,2,star,True,2,star,True,True,2,star,0.7734367251396179,2,star,0.9847437739372253,2,star,0.9800594449043274,2,star,0.9736431837081909,2,star,0.990348219871521,2,star,0.6407389640808105
1957,2,star,2,star,True,2,star,True,True,2,star,0.9795841574668884,2,star,0.9978406429290771,2,star,0.8789687752723694,2,star,0.9513469338417053,2,star,0.7514782547950745,0,galaxy,0.4763823449611664
1958,2,star,2,star,True,2,star,True,True,2,star,0.802955150604248,2,star,0.9467308521270752,2,star,0.9286345839500427,1,quasar,0.5909140110015869,2,star,0.753753125667572,2,star,0.6186271905899048
1959,2,star,2,star,True,2,star,True,True,2,star,0.9935763478279114,2,star,0.9999719858169556,2,star,0.9882254600524902,2,star,0.9921533465385437,2,star,0.9829888939857483,0,galaxy,0.8604720830917358
1960,2,star,2,star,True,2,star,True,True,2,star,0.9926294088363647,2,star,0.9913676381111145,2,star,0.8461744785308838,2,star,0.6624382734298706,2,star,0.9811136722564697,0,galaxy,0.7591385245323181
1961,2,star,2,star,True,2,star,True,True,2,star,0.944668710231781,2,star,0.5047797560691833,2,star,0.6532271504402161,2,star,0.7404400110244751,2,star,0.8099653124809265,1,quasar,0.599031925201416
1962,2,star,1,quasar,False,1,quasar,False,True,1,quasar,0.5855863094329834,1,quasar,0.5023091435432434,1,quasar,0.7778103947639465,1,quasar,0.5363052487373352,1,quasar,0.6899890303611755,2,star,0.5573222041130066
1963,2,star,2,star,True,2,star,True,True,2,star,0.9887490272521973,2,star,0.9725640416145325,2,star,0.9671383500099182,2,star,0.8305053114891052,2,star,0.9630508422851562,2,star,0.6761472225189209
1964,2,star,2,star,True,2,star,True,True,2,star,0.8314714431762695,2,star,0.9449602961540222,2,star,0.6822916269302368,2,star,0.6938751935958862,2,star,0.8105798959732056,2,star,0.7625030279159546
1965,2,star,2,star,True,2,star,True,True,2,star,0.9802550673484802,2,star,0.9998883008956909,2,star,0.9907354116439819,2,star,0.9894598722457886,2,star,0.9948496222496033,2,star,0.37209442257881165
1966,2,star,2,star,True,2,star,True,True,2,star,0.9867173433303833,2,star,0.9999281167984009,2,star,0.9887027740478516,2,star,0.8658328652381897,2,star,0.9959157109260559,0,galaxy,0.8192864656448364
1967,2,star,2,star,True,2,star,True,True,2,star,0.8283165693283081,2,star,0.9877603650093079,2,star,0.9452807903289795,1,quasar,0.5195784568786621,2,star,0.9262143969535828,2,star,0.7499013543128967
1968,2,star,2,star,True,2,star,True,True,2,star,0.9926887154579163,2,star,0.9571086168289185,2,star,0.9947852492332458,2,star,0.9827917218208313,2,star,0.9937830567359924,2,star,0.6907116174697876
1969,2,star,2,star,True,2,star,True,True,2,star,0.9889205098152161,2,star,0.9980872273445129,2,star,0.9805353283882141,2,star,0.9454835653305054,2,star,0.9959079027175903,2,star,0.7132377028465271
1970,2,star,1,quasar,False,1,quasar,False,True,2,star,0.6912270188331604,2,star,0.6447809338569641,1,quasar,0.7899764776229858,1,quasar,0.6072874665260315,1,quasar,0.566985011100769,2,star,0.42081141471862793
1971,2,star,2,star,True,2,star,True,True,2,star,0.9875580072402954,2,star,0.6080315709114075,2,star,0.9701536297798157,2,star,0.7452654838562012,2,star,0.9741638898849487,2,star,0.6395172476768494
1972,2,star,2,star,True,2,star,True,True,2,star,0.9927377104759216,2,star,0.9965723752975464,2,star,0.9899501800537109,2,star,0.9022127389907837,2,star,0.9926794767379761,2,star,0.8083805441856384
1973,2,star,1,quasar,False,1,quasar,False,True,1,quasar,0.5255677700042725,1,quasar,0.8037695288658142,2,star,0.7363977432250977,2,star,0.5040251016616821,1,quasar,0.789986252784729,1,quasar,0.5777158737182617
1974,2,star,2,star,True,2,star,True,True,2,star,0.7079741358757019,2,star,0.8527758717536926,2,star,0.9196865558624268,2,star,0.958041787147522,1,quasar,0.6353486180305481,2,star,0.7642475366592407
1975,2,star,2,star,True,2,star,True,True,2,star,0.9982786178588867,2,star,0.9946985244750977,2,star,0.9954516291618347,2,star,0.9956523776054382,2,star,0.975371778011322,2,star,0.7453643679618835
1976,2,star,0,galaxy,False,0,galaxy,False,True,0,galaxy,0.9138930439949036,0,galaxy,0.45290884375572205,2,star,0.7547268867492676,0,galaxy,0.7691003084182739,0,galaxy,0.7063598036766052,0,galaxy,0.48180174827575684
1977,2,star,2,star,True,2,star,True,True,2,star,0.9715682864189148,2,star,0.9784743189811707,2,star,0.9920722842216492,2,star,0.9811807870864868,2,star,0.9851372241973877,2,star,0.5399745106697083
1978,2,star,2,star,True,2,star,True,True,2,star,0.8126331567764282,2,star,0.845595121383667,2,star,0.9222362041473389,1,quasar,0.6248357892036438,1,quasar,0.6285606622695923,2,star,0.6126218438148499
1979,2,star,2,star,True,2,star,True,True,2,star,0.8999506235122681,2,star,0.9992969036102295,2,star,0.9762601256370544,2,star,0.7565765976905823,2,star,0.9955670237541199,0,galaxy,0.5847177505493164
1980,2,star,2,star,True,2,star,True,True,2,star,0.9900193214416504,2,star,0.8666467666625977,2,star,0.9926044940948486,2,star,0.9639347195625305,2,star,0.995627760887146,2,star,0.7526320219039917
1981,2,star,2,star,True,2,star,True,True,2,star,0.975985050201416,2,star,0.8926935195922852,2,star,0.9935122132301331,2,star,0.9817113876342773,2,star,0.9878039360046387,2,star,0.6941552758216858
1982,2,star,1,quasar,False,2,star,True,False,2,star,0.9434476494789124,2,star,0.7413695454597473,1,quasar,0.8018019795417786,1,quasar,0.6700540781021118,1,quasar,0.6168688535690308,2,star,0.6027087569236755
1983,2,star,1,quasar,False,1,quasar,False,True,2,star,0.6074025630950928,1,quasar,0.4663330614566803,1,quasar,0.41817721724510193,1,quasar,0.639511227607727,1,quasar,0.6862229704856873,2,star,0.4703608453273773
1984,2,star,1,quasar,False,1,quasar,False,True,1,quasar,0.6581723093986511,1,quasar,0.5283390283584595,1,quasar,0.7963283658027649,1,quasar,0.6119828224182129,1,quasar,0.5811024308204651,0,galaxy,0.45596346259117126
1985,2,star,2,star,True,2,star,True,True,2,star,0.7158510684967041,2,star,0.755702018737793,2,star,0.5806373953819275,1,quasar,0.5911325812339783,2,star,0.513691782951355,2,star,0.5357586145401001
1986,2,star,1,quasar,False,1,quasar,False,True,2,star,0.6782070398330688,2,star,0.8696878552436829,1,quasar,0.8743311762809753,1,quasar,0.79735267162323,1,quasar,0.939400851726532,1,quasar,0.4852767288684845
1987,2,star,2,star,True,2,star,True,True,2,star,0.9979648590087891,2,star,0.9998407363891602,2,star,0.9933682084083557,2,star,0.9924113750457764,2,star,0.9955918192863464,2,star,0.7063055038452148
1988,2,star,1,quasar,False,1,quasar,False,True,1,quasar,0.8532635569572449,1,quasar,0.704117476940155,1,quasar,0.7301612496376038,1,quasar,0.7608019709587097,1,quasar,0.6940903067588806,1,quasar,0.6158977746963501
1989,2,star,2,star,True,2,star,True,True,2,star,0.9893597364425659,2,star,0.9522374272346497,2,star,0.9713650941848755,2,star,0.9726167321205139,2,star,0.9939363598823547,2,star,0.6246441602706909
1990,2,star,2,star,True,2,star,True,True,2,star,0.9446765780448914,2,star,0.5113316774368286,2,star,0.9614627957344055,2,star,0.8913933634757996,1,quasar,0.9125328660011292,2,star,0.59107905626297
1991,2,star,2,star,True,2,star,True,True,2,star,0.9516783952713013,2,star,0.7960692644119263,2,star,0.9481374025344849,2,star,0.6202525496482849,2,star,0.9958667755126953,2,star,0.5320019125938416
1992,2,star,2,star,True,2,star,True,True,2,star,0.9862949252128601,2,star,0.9922072291374207,2,star,0.9933819770812988,2,star,0.9860237836837769,2,star,0.9958985447883606,2,star,0.7587487697601318
1993,2,star,2,star,True,2,star,True,True,2,star,0.9610602855682373,2,star,0.9950690269470215,2,star,0.7875876426696777,2,star,0.8297650814056396,2,star,0.9966245889663696,0,galaxy,0.3717364966869354
1994,2,star,2,star,True,2,star,True,True,2,star,0.9766455888748169,2,star,0.9984936714172363,2,star,0.9941165447235107,2,star,0.9885945320129395,2,star,0.9955416321754456,2,star,0.718244194984436
1995,2,star,1,quasar,False,1,quasar,False,True,1,quasar,0.5341244339942932,1,quasar,0.6713317632675171,1,quasar,0.8009772896766663,1,quasar,0.5724165439605713,2,star,0.5547587275505066,2,star,0.52691251039505
1996,2,star,1,quasar,False,1,quasar,False,True,2,star,0.6090191602706909,1,quasar,0.8582203388214111,1,quasar,0.8083995580673218,1,quasar,0.7776767611503601,1,quasar,0.8638731837272644,2,star,0.5287905931472778
1997,2,star,1,quasar,False,1,quasar,False,True,2,star,0.7355090379714966,1,quasar,0.6326842308044434,1,quasar,0.5876747369766235,1,quasar,0.7580457925796509,1,quasar,0.6667072772979736,2,star,0.4178059697151184
1998,2,star,1,quasar,False,1,quasar,False,True,1,quasar,0.7282267808914185,1,quasar,0.8955832719802856,1,quasar,0.8614497184753418,1,quasar,0.7936162352561951,1,quasar,0.8337491750717163,2,star,0.4423237144947052
1999,2,star,1,quasar,False,1,quasar,False,True,1,quasar,0.7073395252227783,1,quasar,0.920420229434967,1,quasar,0.8552794456481934,1,quasar,0.7664602994918823,1,quasar,0.7719179391860962,1,quasar,0.4059535264968872
2000,2,star,2,star,True,2,star,True,True,2,star,0.9935093522071838,2,star,0.9999544620513916,2,star,0.9964720010757446,2,star,0.9883849620819092,2,star,0.9972056746482849,0,galaxy,0.5125133991241455
2001,2,star,2,star,True,2,star,True,True,2,star,0.8212298154830933,2,star,0.9966315627098083,2,star,0.7212016582489014,2,star,0.8541325926780701,2,star,0.9198974967002869,2,star,0.4897385239601135
2002,2,star,2,star,True,2,star,True,True,2,star,0.9333695769309998,2,star,0.7683874368667603,2,star,0.9906596541404724,2,star,0.9775410294532776,2,star,0.9811026453971863,2,star,0.7081233263015747
2003,2,star,2,star,True,2,star,True,True,2,star,0.9825484752655029,2,star,0.9999216794967651,2,star,0.9896053075790405,2,star,0.9748960137367249,2,star,0.9802292585372925,2,star,0.5756932497024536
2004,2,star,2,star,True,2,star,True,True,2,star,0.9305201172828674,2,star,0.9959329962730408,2,star,0.9937363862991333,2,star,0.9836065769195557,2,star,0.9940673112869263,2,star,0.6883012652397156
2005,2,star,2,star,True,2,star,True,True,2,star,0.9908210635185242,2,star,0.999119222164154,2,star,0.9936197400093079,2,star,0.9875378012657166,2,star,0.9965632557868958,2,star,0.9193823337554932
2006,2,star,2,star,True,2,star,True,True,2,star,0.9947443008422852,2,star,0.9982267022132874,2,star,0.9814351797103882,2,star,0.9632807374000549,2,star,0.996870219707489,0,galaxy,0.5524260401725769
2007,2,star,2,star,True,2,star,True,True,2,star,0.7772350311279297,1,quasar,0.7695372700691223,2,star,0.4000729024410248,2,star,0.46007630228996277,2,star,0.8593114018440247,0,galaxy,0.40877336263656616
2008,2,star,2,star,True,2,star,True,True,2,star,0.9465364217758179,2,star,0.9997875094413757,2,star,0.9899646639823914,1,quasar,0.5051827430725098,2,star,0.9785072803497314,2,star,0.943756639957428
2009,2,star,1,quasar,False,1,quasar,False,True,2,star,0.8103502988815308,1,quasar,0.9204605221748352,1,quasar,0.8773533701896667,1,quasar,0.8202043771743774,1,quasar,0.8532450795173645,1,quasar,0.626680850982666
2010,2,star,2,star,True,2,star,True,True,2,star,0.9765476584434509,2,star,0.9910165071487427,2,star,0.9257364273071289,2,star,0.8958361744880676,2,star,0.9965524673461914,0,galaxy,0.4839187562465668
2011,2,star,1,quasar,False,1,quasar,False,True,2,star,0.6108295917510986,2,star,0.7351744174957275,1,quasar,0.8069190979003906,1,quasar,0.7799400687217712,2,star,0.672083854675293,1,quasar,0.507407546043396
2012,2,star,2,star,True,2,star,True,True,2,star,0.9788269996643066,2,star,0.956669807434082,2,star,0.9843320846557617,2,star,0.8343881368637085,2,star,0.9908059239387512,2,star,0.47756147384643555
2013,2,star,2,star,True,2,star,True,True,2,star,0.8876256942749023,2,star,0.6476550102233887,1,quasar,0.37184059619903564,2,star,0.6613683104515076,2,star,0.7903113961219788,0,galaxy,0.5381574034690857
2014,2,star,2,star,True,2,star,True,True,2,star,0.9820625185966492,2,star,0.6116288900375366,2,star,0.6996796131134033,1,quasar,0.6295028924942017,2,star,0.7133618593215942,2,star,0.4685699939727783
2015,2,star,2,star,True,2,star,True,True,2,star,0.9702044725418091,2,star,0.9538798332214355,2,star,0.9939768314361572,2,star,0.9487677812576294,2,star,0.9936383366584778,2,star,0.6840418577194214
2016,2,star,1,quasar,False,1,quasar,False,True,2,star,0.6803522109985352,1,quasar,0.6367825865745544,1,quasar,0.8427706956863403,1,quasar,0.6539570689201355,1,quasar,0.8527613282203674,0,galaxy,0.4040638506412506
2017,2,star,2,star,True,2,star,True,True,2,star,0.9871130585670471,2,star,0.9747815132141113,2,star,0.9872921705245972,2,star,0.9327518939971924,2,star,0.9941898584365845,2,star,0.6985350847244263
2018,2,star,2,star,True,2,star,True,True,2,star,0.5537987351417542,2,star,0.6215627789497375,2,star,0.9277937412261963,1,quasar,0.6193562746047974,2,star,0.903179943561554,2,star,0.7637080550193787
2019,2,star,2,star,True,2,star,True,True,2,star,0.9817332029342651,2,star,0.9452551007270813,2,star,0.8465545177459717,2,star,0.8908846974372864,1,quasar,0.5432968139648438,2,star,0.7652057409286499
2020,2,star,2,star,True,2,star,True,True,2,star,0.992908239364624,2,star,0.9168703556060791,2,star,0.6735903024673462,2,star,0.6556284427642822,2,star,0.9349814653396606,2,star,0.5718608498573303
2021,2,star,1,quasar,False,2,star,True,False,2,star,0.9325671195983887,2,star,0.802966833114624,1,quasar,0.7487777471542358,1,quasar,0.6511861681938171,1,quasar,0.560672402381897,2,star,0.40757066011428833
2022,2,star,2,star,True,2,star,True,True,2,star,0.6101447343826294,1,quasar,0.573724627494812,2,star,0.8847918510437012,1,quasar,0.7958659529685974,2,star,0.5180013179779053,2,star,0.6949788928031921
2023,2,star,1,quasar,False,1,quasar,False,True,2,star,0.5451241731643677,1,quasar,0.5276086330413818,1,quasar,0.8035896420478821,1,quasar,0.6852569580078125,2,star,0.6041472554206848,1,quasar,0.4558494985103607
2024,2,star,2,star,True,2,star,True,True,2,star,0.9086419343948364,2,star,0.9878717660903931,2,star,0.9888253808021545,2,star,0.9703410267829895,2,star,0.9628193378448486,2,star,0.8761236667633057
2025,2,star,2,star,True,2,star,True,True,2,star,0.9503259658813477,2,star,0.8825254440307617,2,star,0.981200635433197,2,star,0.8043988943099976,2,star,0.9953130483627319,2,star,0.6151666641235352
2026,2,star,2,star,True,2,star,True,True,2,star,0.8578543663024902,2,star,0.6410554051399231,2,star,0.9038388729095459,1,quasar,0.5908325910568237,2,star,0.7310686707496643,2,star,0.5447704195976257
2027,2,star,2,star,True,2,star,True,True,2,star,0.8318923711776733,2,star,0.7746627330780029,2,star,0.7826718688011169,2,star,0.521041214466095,1,quasar,0.6138400435447693,2,star,0.686008632183075
2028,2,star,1,quasar,False,1,quasar,False,True,2,star,0.6987757086753845,1,quasar,0.7722036838531494,1,quasar,0.8364765048027039,1,quasar,0.6550595164299011,1,quasar,0.8164432048797607,2,star,0.4330540597438812
2029,2,star,2,star,True,2,star,True,True,2,star,0.989535927772522,2,star,0.998454213142395,2,star,0.9955085515975952,2,star,0.9834475517272949,2,star,0.9920624494552612,2,star,0.8773002624511719
2030,2,star,2,star,True,2,star,True,True,2,star,0.9945127964019775,2,star,0.999972939491272,2,star,0.9917803406715393,2,star,0.9912780523300171,2,star,0.9966282248497009,2,star,0.7216287851333618
2031,2,star,0,galaxy,False,0,galaxy,False,True,0,galaxy,0.7824859023094177,2,star,0.6231238842010498,0,galaxy,0.9294511675834656,0,galaxy,0.9382140040397644,1,quasar,0.582472026348114,0,galaxy,0.5397652387619019
2032,2,star,2,star,True,2,star,True,True,2,star,0.7308107018470764,2,star,0.8679960370063782,1,quasar,0.48105907440185547,2,star,0.6809285879135132,2,star,0.9304891228675842,2,star,0.49538320302963257
2033,2,star,1,quasar,False,1,quasar,False,True,1,quasar,0.8109903931617737,1,quasar,0.7686953544616699,1,quasar,0.6780993342399597,1,quasar,0.7688096761703491,1,quasar,0.7109714150428772,2,star,0.4463871419429779
2034,2,star,2,star,True,2,star,True,True,2,star,0.9021515250205994,2,star,0.7015580534934998,1,quasar,0.6918950080871582,1,quasar,0.7715195417404175,2,star,0.7856371998786926,2,star,0.5239755511283875
2035,2,star,2,star,True,2,star,True,True,2,star,0.9842202067375183,2,star,0.9870813488960266,2,star,0.9937718510627747,2,star,0.9590391516685486,2,star,0.9918563365936279,2,star,0.7932083010673523
2036,2,star,1,quasar,False,1,quasar,False,True,1,quasar,0.580515444278717,1,quasar,0.9571171402931213,1,quasar,0.8288060426712036,1,quasar,0.7890101075172424,1,quasar,0.8923646807670593,1,quasar,0.4011567234992981
2037,2,star,0,galaxy,False,2,star,True,False,2,star,0.3932201862335205,2,star,0.8735306262969971,0,galaxy,0.6003552079200745,0,galaxy,0.49977245926856995,2,star,0.9544734954833984,0,galaxy,0.9769558310508728
2038,2,star,1,quasar,False,1,quasar,False,True,1,quasar,0.5661370754241943,2,star,0.8995283246040344,1,quasar,0.7760080099105835,1,quasar,0.5871363878250122,1,quasar,0.5755448937416077,0,galaxy,0.7069212794303894
2039,2,star,2,star,True,2,star,True,True,2,star,0.6869675517082214,2,star,0.7132409811019897,2,star,0.9448508620262146,2,star,0.6592875719070435,2,star,0.9831959009170532,2,star,0.5731649994850159
2040,2,star,2,star,True,2,star,True,True,2,star,0.9844399690628052,2,star,0.8654846549034119,2,star,0.9828648567199707,2,star,0.9143809080123901,2,star,0.8982252478599548,2,star,0.7129444479942322
2041,2,star,1,quasar,False,1,quasar,False,True,1,quasar,0.5981564521789551,1,quasar,0.5859265327453613,1,quasar,0.8578190207481384,1,quasar,0.790420651435852,1,quasar,0.8152124881744385,2,star,0.40134260058403015
2042,2,star,2,star,True,2,star,True,True,2,star,0.9672994017601013,2,star,0.8235008716583252,2,star,0.9724145531654358,2,star,0.8519170880317688,2,star,0.9435024857521057,2,star,0.5166709423065186
2043,2,star,1,quasar,False,1,quasar,False,True,1,quasar,0.5101312398910522,1,quasar,0.6395004987716675,1,quasar,0.8023379445075989,1,quasar,0.8054569959640503,1,quasar,0.7746545672416687,2,star,0.5094878673553467
2044,2,star,2,star,True,2,star,True,True,2,star,0.9831832647323608,2,star,0.9979714751243591,2,star,0.9837237596511841,2,star,0.9640786051750183,2,star,0.9884644150733948,2,star,0.7666857242584229
2045,2,star,2,star,True,2,star,True,True,2,star,0.6945099234580994,2,star,0.9692093729972839,2,star,0.7045374512672424,2,star,0.6827660202980042,2,star,0.7655225396156311,2,star,0.6558651924133301
2046,2,star,1,quasar,False,1,quasar,False,True,2,star,0.5029066205024719,1,quasar,0.6361364126205444,1,quasar,0.7587950825691223,1,quasar,0.6485156416893005,2,star,0.5295537114143372,2,star,0.6830471754074097
2047,2,star,2,star,True,2,star,True,True,2,star,0.9446718096733093,2,star,0.9945397973060608,2,star,0.9946046471595764,2,star,0.9929152727127075,2,star,0.9967812299728394,2,star,0.8184937238693237
2048,2,star,2,star,True,2,star,True,True,2,star,0.6405179500579834,2,star,0.543610692024231,1,quasar,0.5796007513999939,1,quasar,0.7782186269760132,2,star,0.5726525783538818,2,star,0.5874101519584656
2049,2,star,2,star,True,2,star,True,True,2,star,0.9864702820777893,2,star,0.9998859167098999,2,star,0.9988916516304016,2,star,0.6898585557937622,2,star,0.9955180287361145,2,star,0.9959766268730164
2050,2,star,2,star,True,2,star,True,True,2,star,0.96258544921875,2,star,0.7673810124397278,2,star,0.9195422530174255,2,star,0.6693767309188843,2,star,0.9870131611824036,2,star,0.7831616997718811
2051,2,star,2,star,True,2,star,True,True,2,star,0.9078609347343445,2,star,0.9700556993484497,2,star,0.8504801392555237,1,quasar,0.5771340727806091,2,star,0.5375767350196838,2,star,0.7964500188827515
2052,2,star,2,star,True,2,star,True,True,2,star,0.5896406769752502,2,star,0.49974822998046875,2,star,0.400824636220932,2,star,0.6277140974998474,2,star,0.9899439811706543,2,star,0.5428515076637268
2053,2,star,2,star,True,2,star,True,True,2,star,0.824446976184845,2,star,0.9303216338157654,2,star,0.7561129331588745,1,quasar,0.5099006295204163,2,star,0.6391332149505615,2,star,0.7258707880973816
2054,2,star,2,star,True,2,star,True,True,2,star,0.9813240170478821,2,star,0.7903233766555786,2,star,0.9930979609489441,2,star,0.9746382236480713,2,star,0.9904961585998535,2,star,0.8243657350540161
2055,2,star,1,quasar,False,2,star,True,False,2,star,0.758650004863739,2,star,0.5972828269004822,1,quasar,0.6228925585746765,1,quasar,0.6207224130630493,1,quasar,0.6050145030021667,2,star,0.511418342590332
2056,2,star,2,star,True,2,star,True,True,2,star,0.9669303297996521,2,star,0.6478186249732971,2,star,0.9731546640396118,2,star,0.7956826090812683,2,star,0.9649256467819214,2,star,0.6517114639282227
2057,2,star,2,star,True,2,star,True,True,2,star,0.7254343628883362,2,star,0.9678258299827576,2,star,0.9866622090339661,2,star,0.6563141942024231,2,star,0.9884577393531799,2,star,0.38137853145599365
2058,2,star,2,star,True,2,star,True,True,2,star,0.7731392979621887,2,star,0.8205376863479614,1,quasar,0.5441026091575623,2,star,0.6490263938903809,2,star,0.7936773896217346,2,star,0.6168831586837769
2059,2,star,1,quasar,False,1,quasar,False,True,2,star,0.7082608938217163,1,quasar,0.9339563250541687,1,quasar,0.8107479810714722,1,quasar,0.6986342072486877,1,quasar,0.8076768517494202,2,star,0.4739020764827728
2060,2,star,2,star,True,2,star,True,True,2,star,0.8594932556152344,2,star,0.8554500937461853,1,quasar,0.7778886556625366,2,star,0.5057049989700317,2,star,0.9086239337921143,2,star,0.4866597056388855
2061,2,star,2,star,True,2,star,True,True,0,galaxy,0.42351728677749634,1,quasar,0.5550099611282349,2,star,0.44256094098091125,0,galaxy,0.3905526399612427,2,star,0.956764817237854,2,star,0.5606454610824585
2062,2,star,2,star,True,2,star,True,True,2,star,0.8888629674911499,2,star,0.8463761806488037,2,star,0.766240656375885,2,star,0.8444387316703796,2,star,0.9766880869865417,2,star,0.7741759419441223
2063,2,star,1,quasar,False,1,quasar,False,True,1,quasar,0.6120439171791077,1,quasar,0.8395588994026184,1,quasar,0.6378219127655029,1,quasar,0.5288919806480408,1,quasar,0.6941797137260437,1,quasar,0.5092398524284363
2064,2,star,2,star,True,2,star,True,True,2,star,0.9111335277557373,2,star,0.9458975195884705,2,star,0.9598194360733032,1,quasar,0.8029658794403076,2,star,0.7917226552963257,2,star,0.71241694688797
2065,2,star,1,quasar,False,1,quasar,False,True,2,star,0.9332402348518372,1,quasar,0.8471729159355164,1,quasar,0.8311798572540283,1,quasar,0.5645864605903625,1,quasar,0.7971888780593872,2,star,0.47345951199531555
2066,2,star,1,quasar,False,1,quasar,False,True,2,star,0.4654833674430847,2,star,0.4040372371673584,1,quasar,0.657826840877533,1,quasar,0.6741461753845215,1,quasar,0.6766279339790344,1,quasar,0.4032413959503174
2067,2,star,2,star,True,2,star,True,True,2,star,0.9241582751274109,2,star,0.9981492757797241,2,star,0.9931835532188416,2,star,0.9930434226989746,2,star,0.9958362579345703,2,star,0.46486690640449524
2068,2,star,2,star,True,2,star,True,True,2,star,0.9792075753211975,2,star,0.9801427721977234,2,star,0.994350790977478,2,star,0.984149158000946,2,star,0.9960552453994751,2,star,0.7925189733505249
2069,2,star,1,quasar,False,1,quasar,False,True,2,star,0.8228647112846375,1,quasar,0.5917472839355469,1,quasar,0.8158354759216309,1,quasar,0.8076496124267578,2,star,0.6410287618637085,2,star,0.3545679450035095
2070,2,star,1,quasar,False,1,quasar,False,True,2,star,0.6660312414169312,2,star,0.6366748809814453,1,quasar,0.7302019596099854,1,quasar,0.6508344411849976,1,quasar,0.5913788080215454,2,star,0.5261364579200745
2071,2,star,1,quasar,False,2,star,True,False,2,star,0.9644142389297485,2,star,0.5263590216636658,1,quasar,0.7274134159088135,1,quasar,0.6274877786636353,1,quasar,0.5470569133758545,1,quasar,0.5038069486618042
2072,2,star,2,star,True,2,star,True,True,2,star,0.9816416501998901,2,star,0.995025098323822,2,star,0.9943775534629822,2,star,0.9901248216629028,2,star,0.9959688186645508,2,star,0.6714036464691162
2073,2,star,2,star,True,2,star,True,True,2,star,0.9472357630729675,2,star,0.9791227579116821,2,star,0.9932206869125366,2,star,0.9501572847366333,2,star,0.9914237856864929,2,star,0.6164590120315552
2074,2,star,2,star,True,2,star,True,True,2,star,0.9952898025512695,2,star,0.996126115322113,2,star,0.9950203895568848,2,star,0.9879905581474304,2,star,0.996483564376831,2,star,0.685219943523407
2075,2,star,2,star,True,2,star,True,True,2,star,0.7955721020698547,2,star,0.9875418543815613,2,star,0.4224550127983093,2,star,0.4803111255168915,2,star,0.5602774024009705,2,star,0.7270112633705139
2076,2,star,2,star,True,2,star,True,True,2,star,0.9855173230171204,2,star,0.8708864450454712,2,star,0.9479269981384277,2,star,0.9577344059944153,2,star,0.9222266674041748,2,star,0.631678581237793
2077,2,star,2,star,True,2,star,True,True,2,star,0.9914894104003906,2,star,0.9993870258331299,2,star,0.9913089275360107,2,star,0.8249178528785706,2,star,0.9951908588409424,2,star,0.7590386271476746
2078,2,star,2,star,True,2,star,True,True,2,star,0.9632839560508728,2,star,0.9980310797691345,2,star,0.9923954010009766,2,star,0.9740787148475647,2,star,0.9946032166481018,2,star,0.7782551646232605
2079,2,star,2,star,True,2,star,True,True,2,star,0.94464510679245,2,star,0.9341840147972107,2,star,0.771035373210907,2,star,0.7118842005729675,2,star,0.9747886657714844,1,quasar,0.5847460627555847
2080,2,star,2,star,True,2,star,True,True,2,star,0.6773436665534973,2,star,0.9494644999504089,2,star,0.9898239970207214,2,star,0.5148788690567017,2,star,0.9957697987556458,0,galaxy,0.40556079149246216
2081,2,star,1,quasar,False,1,quasar,False,True,2,star,0.5147857666015625,1,quasar,0.8531503081321716,1,quasar,0.8534324765205383,1,quasar,0.6317628622055054,1,quasar,0.8616412878036499,2,star,0.4866679608821869
2082,2,star,1,quasar,False,2,star,True,False,2,star,0.8971701264381409,2,star,0.626183271408081,1,quasar,0.7234572172164917,1,quasar,0.6563209891319275,1,quasar,0.5591613054275513,2,star,0.6441891193389893
2083,2,star,2,star,True,2,star,True,True,2,star,0.9588358998298645,2,star,0.9977078437805176,2,star,0.9647552967071533,2,star,0.9922073483467102,2,star,0.9835804104804993,2,star,0.6373112201690674
2084,2,star,0,galaxy,False,0,galaxy,False,True,0,galaxy,0.9638965129852295,0,galaxy,0.6278332471847534,0,galaxy,0.5325698852539062,0,galaxy,0.8489384055137634,0,galaxy,0.9982863068580627,0,galaxy,0.8597410917282104
2085,2,star,2,star,True,2,star,True,True,2,star,0.9050227403640747,2,star,0.9493409991264343,2,star,0.8545888066291809,2,star,0.8254192471504211,2,star,0.646946132183075,2,star,0.6064493060112
2086,2,star,2,star,True,2,star,True,True,2,star,0.9208765625953674,2,star,0.9915653467178345,2,star,0.9921740293502808,2,star,0.984248697757721,2,star,0.9930388331413269,2,star,0.8926535248756409
2087,2,star,1,quasar,False,1,quasar,False,True,2,star,0.5783068537712097,1,quasar,0.5997148156166077,1,quasar,0.7784078121185303,1,quasar,0.8099492788314819,1,quasar,0.6507336497306824,2,star,0.5155847072601318
2088,2,star,2,star,True,2,star,True,True,2,star,0.9395512938499451,1,quasar,0.592265248298645,2,star,0.5480127930641174,2,star,0.6151496767997742,2,star,0.9838953614234924,1,quasar,0.7368102669715881
2089,2,star,2,star,True,2,star,True,True,2,star,0.9893507361412048,2,star,0.8905572891235352,0,galaxy,0.5600996017456055,2,star,0.675334095954895,2,star,0.9405875205993652,1,quasar,0.3769649863243103
2090,2,star,2,star,True,2,star,True,True,2,star,0.9967858791351318,2,star,0.9154879450798035,2,star,0.9924604296684265,2,star,0.971752405166626,2,star,0.9787895083427429,1,quasar,0.5531718134880066
2091,2,star,2,star,True,2,star,True,True,2,star,0.9420844316482544,2,star,0.8485314249992371,2,star,0.9819948077201843,2,star,0.7008967995643616,2,star,0.9937356114387512,2,star,0.6450344920158386
2092,2,star,1,quasar,False,1,quasar,False,True,1,quasar,0.6082976460456848,1,quasar,0.7681432366371155,1,quasar,0.8131405711174011,1,quasar,0.8194809556007385,1,quasar,0.7468478083610535,2,star,0.501481831073761
2093,2,star,2,star,True,2,star,True,True,2,star,0.7429363131523132,2,star,0.6911272406578064,2,star,0.8014745116233826,1,quasar,0.5891823172569275,2,star,0.590009868144989,2,star,0.6914469599723816
2094,2,star,1,quasar,False,1,quasar,False,True,1,quasar,0.6062147617340088,1,quasar,0.8510170578956604,2,star,0.8300341963768005,1,quasar,0.5305166840553284,1,quasar,0.8046139478683472,2,star,0.5621432065963745
2095,2,star,1,quasar,False,1,quasar,False,True,1,quasar,0.6638801693916321,1,quasar,0.9195131659507751,1,quasar,0.846522867679596,1,quasar,0.8002145886421204,1,quasar,0.6475991606712341,2,star,0.6523857712745667
2096,2,star,0,galaxy,False,0,galaxy,False,True,0,galaxy,0.5769453644752502,0,galaxy,0.8082501292228699,2,star,0.42252615094184875,0,galaxy,0.900146484375,2,star,0.6910483241081238,2,star,0.43311455845832825
2097,2,star,2,star,True,2,star,True,True,2,star,0.9935582280158997,2,star,0.9751220345497131,2,star,0.747646689414978,2,star,0.8398553729057312,2,star,0.966044545173645,2,star,0.8495488166809082
2098,2,star,2,star,True,2,star,True,True,2,star,0.9795209765434265,2,star,0.8299506902694702,2,star,0.9920055270195007,2,star,0.9304702281951904,2,star,0.9919924736022949,2,star,0.8062198758125305
2099,2,star,1,quasar,False,1,quasar,False,True,2,star,0.6505667567253113,1,quasar,0.552998960018158,1,quasar,0.7664608955383301,1,quasar,0.6054401993751526,1,quasar,0.833003044128418,2,star,0.4579607844352722
2100,2,star,1,quasar,False,1,quasar,False,True,1,quasar,0.514560878276825,1,quasar,0.7530900835990906,1,quasar,0.8489590883255005,1,quasar,0.8237232565879822,1,quasar,0.5595886707305908,2,star,0.5047568082809448
2101,2,star,1,quasar,False,1,quasar,False,True,2,star,0.5005020499229431,1,quasar,0.8849364519119263,1,quasar,0.7018733024597168,1,quasar,0.78769850730896,1,quasar,0.5367443561553955,2,star,0.7526334524154663
2102,2,star,2,star,True,2,star,True,True,2,star,0.8840731978416443,2,star,0.6603959202766418,1,quasar,0.5376865863800049,1,quasar,0.508141040802002,2,star,0.9336718916893005,2,star,0.6131569743156433
2103,2,star,2,star,True,2,star,True,True,2,star,0.9760181903839111,2,star,0.9991363883018494,2,star,0.9888870120048523,2,star,0.9850769639015198,2,star,0.9918066263198853,2,star,0.7876207828521729
2104,2,star,1,quasar,False,1,quasar,False,True,2,star,0.5527417659759521,2,star,0.6358623504638672,1,quasar,0.8565140962600708,1,quasar,0.7828675508499146,1,quasar,0.6001436114311218,1,quasar,0.48598411679267883
2105,2,star,2,star,True,2,star,True,True,2,star,0.7828925848007202,2,star,0.8102622032165527,2,star,0.8447404503822327,1,quasar,0.7871825695037842,2,star,0.6033897399902344,2,star,0.6546941995620728
2106,2,star,2,star,True,2,star,True,True,2,star,0.9574726819992065,2,star,0.9875544905662537,2,star,0.9835318326950073,2,star,0.9032480120658875,2,star,0.9922595620155334,2,star,0.8508124351501465
2107,2,star,2,star,True,2,star,True,True,2,star,0.9432451128959656,2,star,0.8956447839736938,2,star,0.8296220302581787,2,star,0.9348328709602356,2,star,0.9878867864608765,2,star,0.5654271841049194
2108,2,star,1,quasar,False,1,quasar,False,True,1,quasar,0.7319546341896057,1,quasar,0.7621212005615234,1,quasar,0.8132668137550354,1,quasar,0.6706809997558594,1,quasar,0.5880600214004517,1,quasar,0.5869576930999756
2109,2,star,1,quasar,False,1,quasar,False,True,1,quasar,0.6177965402603149,2,star,0.5493583679199219,1,quasar,0.6757671236991882,1,quasar,0.6411097049713135,2,star,0.5001311302185059,2,star,0.6279800534248352
2110,2,star,2,star,True,2,star,True,True,2,star,0.9193788766860962,2,star,0.9008470773696899,2,star,0.9914261102676392,2,star,0.9718766808509827,2,star,0.9438574910163879,2,star,0.7713260650634766
2111,2,star,2,star,True,2,star,True,True,2,star,0.9310018420219421,2,star,0.9871557950973511,2,star,0.9904013276100159,2,star,0.9912848472595215,2,star,0.9904712438583374,2,star,0.8803334832191467
2112,2,star,2,star,True,2,star,True,True,2,star,0.9055576324462891,2,star,0.9998509883880615,2,star,0.9773305654525757,2,star,0.9925951361656189,2,star,0.9957024455070496,2,star,0.8261544704437256
2113,2,star,2,star,True,2,star,True,True,2,star,0.9576516151428223,2,star,0.9209290146827698,2,star,0.9388976097106934,2,star,0.8588732481002808,2,star,0.6494314074516296,2,star,0.7635979652404785
2114,2,star,2,star,True,2,star,True,True,2,star,0.9095540642738342,2,star,0.9253657460212708,2,star,0.9048463702201843,2,star,0.7778552174568176,2,star,0.9885241389274597,0,galaxy,0.5181021690368652
2115,2,star,1,quasar,False,1,quasar,False,True,2,star,0.5560247898101807,2,star,0.709768533706665,1,quasar,0.7835860848426819,1,quasar,0.5162956118583679,1,quasar,0.7441067695617676,2,star,0.6344983577728271
2116,2,star,2,star,True,2,star,True,True,2,star,0.8890349268913269,2,star,0.9754505157470703,2,star,0.4545404613018036,2,star,0.8502278327941895,2,star,0.9912859797477722,2,star,0.7333680391311646
2117,2,star,2,star,True,2,star,True,True,2,star,0.684762179851532,2,star,0.65876305103302,2,star,0.7176356911659241,2,star,0.6641934514045715,2,star,0.932051420211792,0,galaxy,0.543698251247406
2118,2,star,2,star,True,2,star,True,True,2,star,0.6294676065444946,2,star,0.7974686026573181,1,quasar,0.6062263250350952,1,quasar,0.4912959337234497,2,star,0.9834209084510803,2,star,0.42817264795303345
2119,2,star,2,star,True,2,star,True,True,2,star,0.6006353497505188,2,star,0.8908610939979553,1,quasar,0.5773043036460876,1,quasar,0.5416252017021179,2,star,0.7528648972511292,2,star,0.7724233269691467
2120,2,star,2,star,True,2,star,True,True,2,star,0.670375645160675,2,star,0.9826823472976685,1,quasar,0.5376719832420349,2,star,0.6273136734962463,2,star,0.9616114497184753,2,star,0.6549239754676819
2121,2,star,2,star,True,2,star,True,True,2,star,0.7630372047424316,2,star,0.9421423077583313,2,star,0.5442531704902649,2,star,0.7689933776855469,2,star,0.9794395565986633,1,quasar,0.4846055209636688
2122,2,star,2,star,True,2,star,True,True,2,star,0.9443338513374329,2,star,0.9803335070610046,2,star,0.5011488795280457,2,star,0.5532698631286621,2,star,0.6539093255996704,2,star,0.628767192363739
2123,2,star,2,star,True,2,star,True,True,2,star,0.8797668814659119,2,star,0.9611254930496216,1,quasar,0.529120683670044,2,star,0.9048185348510742,2,star,0.9125540256500244,2,star,0.6453399658203125
2124,2,star,2,star,True,2,star,True,True,2,star,0.7710034847259521,2,star,0.9265567064285278,2,star,0.9889618754386902,2,star,0.7320062518119812,2,star,0.9918274879455566,0,galaxy,0.9980904459953308
2125,2,star,2,star,True,2,star,True,True,2,star,0.8298602104187012,2,star,0.9247645735740662,2,star,0.9549136757850647,2,star,0.6745455861091614,2,star,0.9627000093460083,2,star,0.6905279159545898
2126,2,star,2,star,True,2,star,True,True,2,star,0.6763681769371033,2,star,0.6026906371116638,2,star,0.9201329946517944,1,quasar,0.6494406461715698,2,star,0.8160093426704407,2,star,0.64304119348526
2127,2,star,2,star,True,2,star,True,True,1,quasar,0.43308746814727783,2,star,0.8619710803031921,2,star,0.6347476840019226,2,star,0.6311075687408447,1,quasar,0.5775666236877441,2,star,0.6710278987884521
2128,2,star,1,quasar,False,1,quasar,False,True,2,star,0.5754899382591248,1,quasar,0.5676296353340149,1,quasar,0.6300665736198425,2,star,0.6381638646125793,1,quasar,0.9222842454910278,2,star,0.42017748951911926
2129,2,star,2,star,True,2,star,True,True,2,star,0.6032784581184387,2,star,0.798829972743988,2,star,0.8945897221565247,2,star,0.9415339231491089,2,star,0.9750682711601257,0,galaxy,0.46622234582901
2130,2,star,2,star,True,2,star,True,True,2,star,0.7770159244537354,2,star,0.8497040271759033,2,star,0.9694538712501526,2,star,0.9583430886268616,2,star,0.9719977378845215,2,star,0.9746923446655273
2131,2,star,2,star,True,2,star,True,True,2,star,0.594922661781311,1,quasar,0.5054112076759338,2,star,0.9636335968971252,2,star,0.8935887217521667,2,star,0.8422194123268127,1,quasar,0.5912748575210571
2132,2,star,0,galaxy,False,2,star,True,False,0,galaxy,0.37095704674720764,2,star,0.6315162181854248,0,galaxy,0.4629245698451996,0,galaxy,0.7018845677375793,2,star,0.8157370090484619,2,star,0.6815450191497803
2133,2,star,2,star,True,2,star,True,True,2,star,0.6371647715568542,2,star,0.8808183073997498,2,star,0.9449177980422974,2,star,0.8986642360687256,2,star,0.9639844298362732,2,star,0.7168660759925842
2134,2,star,2,star,True,2,star,True,True,2,star,0.9929896593093872,2,star,0.9999511241912842,2,star,0.9925596714019775,2,star,0.9944807291030884,2,star,0.9943189024925232,2,star,0.693742573261261
2135,2,star,2,star,True,2,star,True,True,2,star,0.9950778484344482,2,star,0.9972352385520935,2,star,0.9859405755996704,2,star,0.6078869700431824,2,star,0.9954833984375,2,star,0.6132489442825317
2136,2,star,2,star,True,2,star,True,True,2,star,0.9901549816131592,2,star,0.9980311989784241,2,star,0.9923844337463379,2,star,0.9927772283554077,2,star,0.9958372116088867,2,star,0.8305277228355408
2137,2,star,2,star,True,2,star,True,True,2,star,0.9492872953414917,2,star,0.8636203408241272,2,star,0.6678149700164795,2,star,0.7530483603477478,2,star,0.9846293926239014,2,star,0.5508472919464111
2138,2,star,2,star,True,2,star,True,True,2,star,0.7305092215538025,2,star,0.9955835938453674,2,star,0.9636761546134949,2,star,0.8808465003967285,2,star,0.9905416369438171,2,star,0.7422357797622681
2139,2,star,2,star,True,2,star,True,True,2,star,0.9088960289955139,2,star,0.9623926281929016,2,star,0.9860288500785828,2,star,0.9770563244819641,2,star,0.963381826877594,2,star,0.8663708567619324
2140,2,star,2,star,True,2,star,True,True,2,star,0.8586720824241638,2,star,0.7036662697792053,2,star,0.8619757294654846,2,star,0.6887336373329163,1,quasar,0.5280767679214478,2,star,0.6436098217964172
2141,2,star,2,star,True,2,star,True,True,2,star,0.8306496739387512,2,star,0.9494636058807373,1,quasar,0.7189787030220032,1,quasar,0.5461283326148987,2,star,0.7937132120132446,2,star,0.7970759272575378
2142,2,star,2,star,True,2,star,True,True,2,star,0.9812307953834534,2,star,0.9994354844093323,2,star,0.9926884174346924,2,star,0.9817962050437927,2,star,0.9961906671524048,2,star,0.47277167439460754
2143,2,star,2,star,True,2,star,True,True,2,star,0.9971803426742554,2,star,0.9996719360351562,2,star,0.9952933192253113,2,star,0.9902752637863159,2,star,0.9934670329093933,2,star,0.7932512164115906
2144,2,star,2,star,True,2,star,True,True,2,star,0.9775290489196777,2,star,0.9999098777770996,2,star,0.988889217376709,2,star,0.9939640164375305,2,star,0.9961205124855042,2,star,0.470802366733551
2145,2,star,2,star,True,2,star,True,True,2,star,0.6914609670639038,2,star,0.7149988412857056,1,quasar,0.7574076652526855,1,quasar,0.7903851270675659,2,star,0.9370724558830261,2,star,0.5568563938140869
2146,2,star,2,star,True,2,star,True,True,2,star,0.9721747040748596,2,star,0.5160804390907288,2,star,0.9795433878898621,2,star,0.9401221871376038,2,star,0.8388052582740784,2,star,0.8274407386779785
2147,2,star,2,star,True,2,star,True,True,2,star,0.8976844549179077,2,star,0.9994300007820129,2,star,0.9878899455070496,2,star,0.9390475153923035,2,star,0.9944410920143127,2,star,0.6268423199653625
2148,2,star,2,star,True,2,star,True,True,2,star,0.881416916847229,2,star,0.9312531352043152,2,star,0.8903370499610901,2,star,0.8141951560974121,1,quasar,0.7200388312339783,2,star,0.4031967222690582
2149,2,star,2,star,True,2,star,True,True,2,star,0.9938340187072754,2,star,0.9999603033065796,2,star,0.9493312239646912,2,star,0.9834896326065063,2,star,0.9955809712409973,1,quasar,0.40748196840286255
2150,2,star,2,star,True,2,star,True,True,2,star,0.9792608618736267,2,star,0.97633957862854,2,star,0.9873802661895752,2,star,0.9714595079421997,2,star,0.9826570153236389,2,star,0.763167142868042
2151,2,star,2,star,True,2,star,True,True,2,star,0.9874979853630066,2,star,0.9915993213653564,2,star,0.9911636114120483,2,star,0.9855990409851074,2,star,0.996514618396759,2,star,0.7568373680114746
2152,2,star,2,star,True,2,star,True,True,2,star,0.9654962420463562,2,star,0.9942881464958191,2,star,0.9938451647758484,2,star,0.9909546971321106,2,star,0.9948177933692932,2,star,0.5926219820976257
2153,2,star,2,star,True,2,star,True,True,2,star,0.9970376491546631,2,star,0.950096607208252,2,star,0.9906994700431824,2,star,0.9515517354011536,2,star,0.9927659034729004,2,star,0.6878514885902405
2154,2,star,2,star,True,2,star,True,True,2,star,0.8497121930122375,2,star,0.8925597667694092,2,star,0.9636028409004211,2,star,0.8581885695457458,2,star,0.9465944170951843,2,star,0.8063995838165283
2155,2,star,2,star,True,2,star,True,True,2,star,0.9608944058418274,2,star,0.9433478116989136,1,quasar,0.602765679359436,2,star,0.5551453828811646,2,star,0.8855075836181641,2,star,0.6963253617286682
2156,2,star,2,star,True,2,star,True,True,2,star,0.8201651573181152,2,star,0.83814537525177,2,star,0.9081735014915466,1,quasar,0.5828076601028442,2,star,0.8573617339134216,2,star,0.6011782288551331
2157,2,star,2,star,True,2,star,True,True,2,star,0.9935030341148376,2,star,0.9907683730125427,2,star,0.9937396049499512,2,star,0.9893351197242737,2,star,0.9962539672851562,2,star,0.7105101943016052
2158,2,star,0,galaxy,False,0,galaxy,False,True,0,galaxy,0.8995590209960938,0,galaxy,0.4640217423439026,0,galaxy,0.9770876169204712,0,galaxy,0.9868788123130798,0,galaxy,0.9951699376106262,0,galaxy,0.6024516224861145
2159,2,star,2,star,True,2,star,True,True,2,star,0.9391666054725647,2,star,0.9995498061180115,2,star,0.985724687576294,2,star,0.99082350730896,2,star,0.9948652386665344,2,star,0.6106346249580383
2160,2,star,1,quasar,False,2,star,True,False,2,star,0.9002479910850525,1,quasar,0.5184561014175415,1,quasar,0.6718409657478333,2,star,0.6339374780654907,1,quasar,0.6124303340911865,2,star,0.6746780276298523
2161,2,star,2,star,True,2,star,True,True,2,star,0.9908578991889954,2,star,0.8508159518241882,1,quasar,0.6994972825050354,1,quasar,0.7790952920913696,2,star,0.7690554261207581,2,star,0.9219602942466736
2162,2,star,2,star,True,2,star,True,True,2,star,0.9077252149581909,2,star,0.6868721842765808,2,star,0.9146188497543335,2,star,0.9217713475227356,2,star,0.9926357865333557,1,quasar,0.3952380418777466
2163,2,star,2,star,True,2,star,True,True,2,star,0.9978095889091492,2,star,0.9992914199829102,2,star,0.9973503351211548,2,star,0.9923993945121765,2,star,0.9921956062316895,2,star,0.727649986743927
2164,2,star,2,star,True,2,star,True,True,2,star,0.8083494901657104,2,star,0.9587324857711792,2,star,0.971814751625061,2,star,0.5199644565582275,2,star,0.6846937537193298,2,star,0.3630905747413635
2165,2,star,2,star,True,2,star,True,True,2,star,0.9698306322097778,2,star,0.7774757742881775,2,star,0.5578810572624207,1,quasar,0.5080797672271729,2,star,0.9300577044487,1,quasar,0.5465099811553955
2166,2,star,1,quasar,False,1,quasar,False,True,1,quasar,0.7671367526054382,1,quasar,0.6347041726112366,1,quasar,0.8344374299049377,1,quasar,0.8193613290786743,1,quasar,0.9257735013961792,1,quasar,0.5122480392456055
2167,2,star,1,quasar,False,1,quasar,False,True,1,quasar,0.5824833512306213,1,quasar,0.6532443165779114,1,quasar,0.5689421892166138,1,quasar,0.7178844809532166,1,quasar,0.5671803951263428,2,star,0.6729422211647034
2168,2,star,2,star,True,2,star,True,True,2,star,0.9783972501754761,2,star,0.9945306181907654,2,star,0.989200234413147,2,star,0.9910515546798706,2,star,0.9927955269813538,2,star,0.8761677742004395
2169,2,star,2,star,True,2,star,True,True,2,star,0.9781638383865356,2,star,0.9310046434402466,2,star,0.812897801399231,2,star,0.4358965754508972,2,star,0.9784305095672607,2,star,0.5873495936393738
2170,2,star,2,star,True,2,star,True,True,2,star,0.8231288194656372,2,star,0.9606043100357056,1,quasar,0.8547129034996033,1,quasar,0.7579611539840698,2,star,0.7203434705734253,2,star,0.5100566744804382
2171,2,star,2,star,True,2,star,True,True,2,star,0.9201354384422302,2,star,0.8547465205192566,2,star,0.6130654811859131,2,star,0.6272704601287842,2,star,0.7397905588150024,2,star,0.862902820110321
2172,2,star,2,star,True,2,star,True,True,2,star,0.8869750499725342,2,star,0.8361168503761292,2,star,0.799650251865387,2,star,0.5425373911857605,2,star,0.7544800639152527,2,star,0.5670126676559448
2173,2,star,2,star,True,2,star,True,True,2,star,0.9463790059089661,2,star,0.9889280796051025,2,star,0.9921492338180542,2,star,0.9745255708694458,2,star,0.9958882927894592,2,star,0.626305878162384
2174,2,star,2,star,True,2,star,True,True,2,star,0.973086416721344,2,star,0.7807225584983826,2,star,0.9728094935417175,2,star,0.8988490104675293,2,star,0.9940396547317505,2,star,0.6688113808631897
2175,2,star,1,quasar,False,1,quasar,False,True,1,quasar,0.8251363039016724,1,quasar,0.8328490257263184,1,quasar,0.8535248041152954,1,quasar,0.7523826360702515,1,quasar,0.9085894227027893,1,quasar,0.42405202984809875
2176,2,star,2,star,True,2,star,True,True,2,star,0.9660505056381226,2,star,0.9918506741523743,2,star,0.7317200303077698,2,star,0.8167045712471008,2,star,0.9622485637664795,2,star,0.7054802179336548
2177,2,star,2,star,True,2,star,True,True,2,star,0.8395825624465942,2,star,0.8569177985191345,1,quasar,0.6447047591209412,2,star,0.5492178201675415,2,star,0.8107365965843201,2,star,0.5556632280349731
2178,2,star,2,star,True,2,star,True,True,2,star,0.7798625826835632,2,star,0.982178270816803,1,quasar,0.7839598059654236,1,quasar,0.673854649066925,2,star,0.5952991843223572,2,star,0.5225759148597717
2179,2,star,2,star,True,2,star,True,True,2,star,0.874772846698761,2,star,0.9940091371536255,2,star,0.9877756834030151,2,star,0.9890815019607544,2,star,0.9937787652015686,0,galaxy,0.4761553108692169
2180,2,star,1,quasar,False,1,quasar,False,True,1,quasar,0.5772100687026978,1,quasar,0.9565429091453552,1,quasar,0.8433480858802795,1,quasar,0.7884959578514099,1,quasar,0.669270396232605,1,quasar,0.42590492963790894
2181,2,star,2,star,True,2,star,True,True,2,star,0.7627835273742676,2,star,0.8540868759155273,2,star,0.6028829216957092,2,star,0.6690590977668762,2,star,0.832461416721344,2,star,0.737983226776123
2182,2,star,2,star,True,2,star,True,True,2,star,0.9930235147476196,2,star,0.8749516606330872,2,star,0.8786584138870239,2,star,0.7672917246818542,2,star,0.9254338145256042,2,star,0.767819344997406
2183,2,star,2,star,True,2,star,True,True,0,galaxy,0.6390703916549683,2,star,0.8801314830780029,2,star,0.8493168354034424,2,star,0.6128677725791931,2,star,0.9759619832038879,2,star,0.5319081544876099
2184,2,star,1,quasar,False,2,star,True,False,2,star,0.9176213145256042,2,star,0.6096116900444031,1,quasar,0.8328121900558472,1,quasar,0.6064661145210266,1,quasar,0.5801007151603699,2,star,0.723433256149292
2185,2,star,2,star,True,2,star,True,True,2,star,0.9841931462287903,2,star,0.9683600664138794,2,star,0.989159882068634,2,star,0.9010211825370789,2,star,0.9588388800621033,2,star,0.8232772946357727
2186,2,star,2,star,True,2,star,True,True,2,star,0.8137326836585999,1,quasar,0.5288236737251282,2,star,0.978434681892395,2,star,0.8446286916732788,2,star,0.8775283694267273,2,star,0.6651683449745178
2187,2,star,2,star,True,2,star,True,True,2,star,0.9994338154792786,2,star,0.9998421669006348,2,star,0.9951462149620056,2,star,0.9906823635101318,2,star,0.99472576379776,2,star,0.74765944480896
2188,2,star,2,star,True,2,star,True,True,2,star,0.5389196872711182,2,star,0.9016362428665161,2,star,0.44175073504447937,2,star,0.48599734902381897,1,quasar,0.5192969441413879,2,star,0.4513757526874542
2189,2,star,2,star,True,2,star,True,True,2,star,0.986117422580719,2,star,0.9994217157363892,2,star,0.9942365288734436,2,star,0.9856933355331421,2,star,0.9968845248222351,2,star,0.42020416259765625
2190,2,star,2,star,True,2,star,True,True,2,star,0.9865562915802002,2,star,0.969998836517334,2,star,0.9724904298782349,2,star,0.9446417093276978,2,star,0.9954675436019897,2,star,0.6058089733123779
2191,2,star,2,star,True,2,star,True,True,2,star,0.957543671131134,2,star,0.9997460246086121,2,star,0.9944250583648682,2,star,0.9856224656105042,2,star,0.9955846667289734,2,star,0.6694196462631226
2192,2,star,2,star,True,2,star,True,True,2,star,0.9962916374206543,2,star,0.9990678429603577,2,star,0.9956660270690918,2,star,0.9954031705856323,2,star,0.9960281848907471,2,star,0.8163782358169556
2193,2,star,2,star,True,2,star,True,True,2,star,0.9856628775596619,2,star,0.937367856502533,2,star,0.992881178855896,2,star,0.9906795620918274,2,star,0.992533802986145,2,star,0.6465640068054199
2194,2,star,2,star,True,2,star,True,True,2,star,0.9950201511383057,2,star,0.9996412992477417,2,star,0.988542914390564,2,star,0.9692988395690918,2,star,0.9936221241950989,2,star,0.6724178791046143
2195,2,star,2,star,True,2,star,True,True,2,star,0.9947463870048523,2,star,0.9838610887527466,2,star,0.9947598576545715,2,star,0.9912638664245605,2,star,0.9954513907432556,2,star,0.8240057229995728
2196,2,star,2,star,True,2,star,True,True,2,star,0.9961016178131104,2,star,0.9982359409332275,2,star,0.9944623112678528,2,star,0.9929285645484924,2,star,0.9958019852638245,2,star,0.7701759934425354
2197,2,star,2,star,True,2,star,True,True,2,star,0.9835959672927856,2,star,0.8998919129371643,2,star,0.9569817185401917,2,star,0.9529284238815308,2,star,0.9203921556472778,1,quasar,0.5255175828933716
2198,2,star,2,star,True,2,star,True,True,2,star,0.4934487044811249,2,star,0.9999227523803711,2,star,0.9904568791389465,2,star,0.9785418510437012,2,star,0.9893546104431152,0,galaxy,0.3535124361515045
2199,2,star,2,star,True,2,star,True,True,2,star,0.9955101013183594,2,star,0.9895843863487244,2,star,0.9900202751159668,2,star,0.9847267866134644,2,star,0.9963008165359497,2,star,0.5233228802680969
2200,2,star,2,star,True,2,star,True,True,2,star,0.9948148131370544,2,star,0.9967637062072754,2,star,0.992668092250824,2,star,0.9902869462966919,2,star,0.9937742948532104,2,star,0.8548272848129272
2201,2,star,2,star,True,2,star,True,True,2,star,0.9517610669136047,2,star,0.9954493641853333,2,star,0.976496160030365,2,star,0.9111166596412659,2,star,0.9891093969345093,2,star,0.8957182168960571
2202,2,star,2,star,True,2,star,True,True,2,star,0.8086112141609192,2,star,0.8717902302742004,2,star,0.9891836643218994,2,star,0.9196842312812805,2,star,0.9951425790786743,2,star,0.9581741690635681
2203,2,star,2,star,True,2,star,True,True,2,star,0.9710582494735718,2,star,0.9294667840003967,2,star,0.9583789706230164,2,star,0.9657596945762634,1,quasar,0.517185389995575,2,star,0.5817309617996216
2204,2,star,1,quasar,False,1,quasar,False,True,2,star,0.6229876279830933,1,quasar,0.9102156162261963,1,quasar,0.8637233376502991,1,quasar,0.5904720425605774,2,star,0.7164292931556702,2,star,0.5151881575584412
2205,2,star,2,star,True,2,star,True,True,2,star,0.9606983065605164,2,star,0.984100341796875,2,star,0.9947713017463684,2,star,0.9924973249435425,2,star,0.9922602772712708,2,star,0.5068361163139343
2206,2,star,2,star,True,2,star,True,True,2,star,0.990399181842804,2,star,0.795622706413269,2,star,0.9908891320228577,2,star,0.9393361210823059,2,star,0.9940464496612549,2,star,0.5827879309654236
2207,2,star,2,star,True,2,star,True,True,2,star,0.9912105798721313,2,star,0.8083286285400391,2,star,0.626410722732544,1,quasar,0.6002631783485413,2,star,0.9404231309890747,2,star,0.5761496424674988
2208,2,star,2,star,True,2,star,True,True,2,star,0.9980608820915222,2,star,0.9964255690574646,2,star,0.9897692203521729,2,star,0.9844313263893127,2,star,0.9805085062980652,2,star,0.6551357507705688
2209,2,star,2,star,True,2,star,True,True,2,star,0.9720470905303955,2,star,0.9769899845123291,2,star,0.9803093671798706,2,star,0.904556393623352,2,star,0.9788464307785034,2,star,0.7948441505432129
2210,2,star,2,star,True,2,star,True,True,2,star,0.9721917510032654,2,star,0.9958111047744751,2,star,0.9828941226005554,2,star,0.9064252972602844,2,star,0.9964370727539062,2,star,0.5015534162521362
2211,2,star,2,star,True,2,star,True,True,2,star,0.7127983570098877,1,quasar,0.527330756187439,1,quasar,0.5773268938064575,2,star,0.7885190844535828,2,star,0.8844626545906067,2,star,0.7687687873840332
2212,2,star,2,star,True,2,star,True,True,2,star,0.9346882104873657,2,star,0.65403813123703,2,star,0.8543760180473328,2,star,0.7678314447402954,2,star,0.9945565462112427,2,star,0.7408655285835266
2213,2,star,2,star,True,2,star,True,True,2,star,0.5327854156494141,2,star,0.9833858609199524,2,star,0.9742735028266907,1,quasar,0.6695854663848877,2,star,0.7824322581291199,2,star,0.7087018489837646
2214,2,star,1,quasar,False,2,star,True,False,1,quasar,0.5058287978172302,1,quasar,0.5413775444030762,2,star,0.5535728931427002,1,quasar,0.5432361364364624,2,star,0.7158122658729553,1,quasar,0.4300556182861328
2215,2,star,2,star,True,2,star,True,True,2,star,0.9511979222297668,2,star,0.955982506275177,2,star,0.668731153011322,2,star,0.5735472440719604,2,star,0.9020608067512512,2,star,0.6454461216926575
2216,2,star,1,quasar,False,1,quasar,False,True,2,star,0.526429295539856,2,star,0.7609113454818726,1,quasar,0.878896176815033,1,quasar,0.8067312240600586,1,quasar,0.7501547932624817,1,quasar,0.518379807472229
2217,2,star,2,star,True,2,star,True,True,2,star,0.971917450428009,2,star,0.5704355835914612,2,star,0.8894829750061035,2,star,0.8617257475852966,2,star,0.9216641187667847,2,star,0.6147022247314453
2218,2,star,2,star,True,2,star,True,True,2,star,0.9941467046737671,2,star,0.9954517483711243,2,star,0.9141189455986023,2,star,0.9589155912399292,2,star,0.9943104982376099,2,star,0.5796077847480774
2219,2,star,1,quasar,False,2,star,True,False,2,star,0.8833329677581787,1,quasar,0.7635477781295776,1,quasar,0.5154270529747009,1,quasar,0.5393913388252258,2,star,0.6235383749008179,2,star,0.730734646320343
2220,2,star,2,star,True,2,star,True,True,2,star,0.9916621446609497,2,star,0.9998045563697815,2,star,0.9721344113349915,2,star,0.9031688570976257,2,star,0.9958064556121826,0,galaxy,0.47722306847572327
2221,2,star,2,star,True,2,star,True,True,2,star,0.9980270266532898,2,star,0.9996546506881714,2,star,0.9942920207977295,2,star,0.9961317777633667,2,star,0.994320273399353,2,star,0.7698677778244019
2222,2,star,2,star,True,2,star,True,True,2,star,0.9882110953330994,2,star,0.9834274053573608,2,star,0.9890555143356323,2,star,0.9864689111709595,2,star,0.9832069873809814,2,star,0.7447359561920166
2223,2,star,2,star,True,2,star,True,True,2,star,0.768853485584259,2,star,0.8990858793258667,2,star,0.5797131657600403,1,quasar,0.6278684735298157,2,star,0.6809912919998169,2,star,0.7167694568634033
2224,2,star,2,star,True,2,star,True,True,2,star,0.9707823395729065,2,star,0.9785134792327881,2,star,0.9892309308052063,2,star,0.9737215042114258,2,star,0.9951533079147339,2,star,0.7684099078178406
2225,2,star,0,galaxy,False,2,star,True,False,2,star,0.6992958188056946,2,star,0.7854751348495483,0,galaxy,0.8651730418205261,0,galaxy,0.5101014971733093,1,quasar,0.8066475987434387,0,galaxy,0.3620905578136444
2226,2,star,2,star,True,2,star,True,True,2,star,0.9302364587783813,2,star,0.9665175676345825,2,star,0.9853715300559998,2,star,0.9574862718582153,2,star,0.6476983428001404,2,star,0.6636297702789307
2227,2,star,2,star,True,2,star,True,True,2,star,0.9449580311775208,2,star,0.9824762344360352,2,star,0.9685944318771362,2,star,0.7160364985466003,2,star,0.9069184064865112,0,galaxy,0.4969804286956787
2228,2,star,2,star,True,2,star,True,True,2,star,0.9881572127342224,2,star,0.9999281167984009,2,star,0.9927104711532593,2,star,0.9937276840209961,2,star,0.9966464638710022,2,star,0.4489786624908447
2229,2,star,2,star,True,2,star,True,True,2,star,0.994487464427948,2,star,0.9994100332260132,2,star,0.9953656196594238,2,star,0.9944039583206177,2,star,0.9950039982795715,2,star,0.5527885556221008
2230,2,star,2,star,True,2,star,True,True,2,star,0.9857638478279114,2,star,0.9023348093032837,2,star,0.8201689720153809,2,star,0.7046321630477905,2,star,0.9135302901268005,2,star,0.659363865852356
2231,2,star,1,quasar,False,2,star,True,False,2,star,0.9500590562820435,2,star,0.6576623320579529,1,quasar,0.6489061117172241,1,quasar,0.6410396695137024,1,quasar,0.5970639586448669,2,star,0.43406933546066284
2232,2,star,1,quasar,False,1,quasar,False,True,1,quasar,0.6429268717765808,2,star,0.8069432377815247,1,quasar,0.8269252777099609,1,quasar,0.6187840700149536,1,quasar,0.6256032586097717,1,quasar,0.4395134449005127
2233,2,star,2,star,True,2,star,True,True,2,star,0.9007613658905029,2,star,0.8211890459060669,1,quasar,0.728794515132904,1,quasar,0.6037592887878418,2,star,0.7015148401260376,2,star,0.5935060977935791
2234,2,star,1,quasar,False,1,quasar,False,True,1,quasar,0.5093306303024292,1,quasar,0.906610906124115,1,quasar,0.783473551273346,1,quasar,0.7480859756469727,1,quasar,0.7556837201118469,2,star,0.5390655398368835
2235,2,star,2,star,True,2,star,True,True,2,star,0.9351904392242432,2,star,0.7513059377670288,2,star,0.5685431361198425,2,star,0.6961116790771484,2,star,0.8438985347747803,2,star,0.5058526992797852
2236,2,star,2,star,True,2,star,True,True,2,star,0.985768735408783,2,star,0.9997950196266174,2,star,0.9947063326835632,2,star,0.9953342080116272,2,star,0.9967742562294006,2,star,0.7702500224113464
2237,2,star,2,star,True,2,star,True,True,2,star,0.9885385632514954,2,star,0.9958527088165283,2,star,0.968752384185791,2,star,0.9893312454223633,2,star,0.9931548833847046,1,quasar,0.40030035376548767
2238,2,star,2,star,True,2,star,True,True,2,star,0.9758931994438171,2,star,0.9941980838775635,2,star,0.9388870000839233,2,star,0.5464516282081604,2,star,0.9943422079086304,0,galaxy,0.43649962544441223
2239,2,star,2,star,True,2,star,True,True,2,star,0.9708192944526672,2,star,0.9998098015785217,2,star,0.9891047477722168,2,star,0.98123699426651,2,star,0.9964659214019775,2,star,0.7213707566261292
2240,2,star,2,star,True,2,star,True,True,2,star,0.7694072127342224,1,quasar,0.730277955532074,2,star,0.5128262639045715,2,star,0.5747382640838623,1,quasar,0.6499656438827515,2,star,0.7946579456329346
2241,2,star,2,star,True,2,star,True,True,2,star,0.6323482394218445,2,star,0.6293635368347168,1,quasar,0.5837234258651733,1,quasar,0.6034542918205261,2,star,0.5424500703811646,2,star,0.5431790351867676
2242,2,star,2,star,True,2,star,True,True,2,star,0.6007399559020996,2,star,0.9550353288650513,1,quasar,0.6206539869308472,1,quasar,0.6035890579223633,2,star,0.49780550599098206,2,star,0.6083608269691467
2243,2,star,2,star,True,2,star,True,True,2,star,0.9826629161834717,2,star,0.9489988684654236,2,star,0.9936601519584656,2,star,0.9935250282287598,2,star,0.9892822504043579,2,star,0.7845728993415833
2244,2,star,2,star,True,2,star,True,True,2,star,0.8470510840415955,1,quasar,0.6786998510360718,1,quasar,0.8306093811988831,2,star,0.6284257173538208,2,star,0.5173095464706421,2,star,0.48570048809051514
2245,2,star,2,star,True,2,star,True,True,2,star,0.9772638082504272,2,star,0.6251316666603088,2,star,0.6122050285339355,2,star,0.8294142484664917,2,star,0.8666478991508484,2,star,0.6391112208366394
2246,2,star,2,star,True,2,star,True,True,2,star,0.9433786869049072,2,star,0.9932956099510193,2,star,0.9651044607162476,2,star,0.6258323788642883,2,star,0.9951807260513306,0,galaxy,0.4836008548736572
2247,2,star,1,quasar,False,1,quasar,False,True,2,star,0.8447027802467346,1,quasar,0.5330023169517517,1,quasar,0.8477343916893005,1,quasar,0.7507232427597046,1,quasar,0.7355936169624329,2,star,0.46177372336387634
2248,2,star,2,star,True,2,star,True,True,2,star,0.8629659414291382,2,star,0.668601930141449,1,quasar,0.5279332995414734,2,star,0.8702393770217896,2,star,0.7109288573265076,2,star,0.5884246230125427
2249,2,star,1,quasar,False,1,quasar,False,True,1,quasar,0.7791550755500793,1,quasar,0.4184862971305847,2,star,0.7784125208854675,1,quasar,0.542367696762085,0,galaxy,0.4219927489757538,0,galaxy,0.454549640417099
2250,2,star,1,quasar,False,1,quasar,False,True,1,quasar,0.716315507888794,1,quasar,0.7931079268455505,1,quasar,0.7747353911399841,1,quasar,0.7924573421478271,1,quasar,0.7745788097381592,2,star,0.4576996862888336
2251,2,star,2,star,True,2,star,True,True,2,star,0.997424840927124,2,star,0.9963244795799255,2,star,0.9934197068214417,2,star,0.9925665855407715,2,star,0.9958844780921936,2,star,0.8852014541625977
2252,2,star,2,star,True,2,star,True,True,2,star,0.9340130090713501,2,star,0.781436562538147,2,star,0.9596081972122192,0,galaxy,0.954160749912262,2,star,0.9411147832870483,2,star,0.5358875393867493
2253,2,star,2,star,True,2,star,True,True,2,star,0.964867889881134,1,quasar,0.8577070832252502,2,star,0.7749424576759338,2,star,0.7127418518066406,1,quasar,0.6811292767524719,2,star,0.6453050971031189
2254,2,star,1,quasar,False,2,star,True,False,1,quasar,0.5997664928436279,2,star,0.6559088826179504,2,star,0.8726233839988708,1,quasar,0.54201740026474,1,quasar,0.5277798175811768,1,quasar,0.518012523651123
2255,2,star,1,quasar,False,1,quasar,False,True,1,quasar,0.5049688816070557,1,quasar,0.5028932094573975,1,quasar,0.8305139541625977,1,quasar,0.8142394423484802,2,star,0.5496755838394165,2,star,0.4695979654788971
2256,2,star,1,quasar,False,1,quasar,False,True,2,star,0.5429602861404419,1,quasar,0.6071951985359192,1,quasar,0.8246084451675415,1,quasar,0.7735127210617065,1,quasar,0.5280413031578064,2,star,0.4138825237751007
2257,2,star,0,galaxy,False,0,galaxy,False,True,0,galaxy,0.9724055528640747,2,star,0.5634040236473083,2,star,0.8876066207885742,0,galaxy,0.9710284471511841,0,galaxy,0.9570578336715698,0,galaxy,0.5399731397628784
2258,2,star,1,quasar,False,2,star,True,False,2,star,0.9106411933898926,2,star,0.9438535571098328,1,quasar,0.7844173908233643,1,quasar,0.7299296259880066,1,quasar,0.6128588318824768,2,star,0.6244934797286987
2259,2,star,2,star,True,2,star,True,True,2,star,0.9947763681411743,2,star,0.9994932413101196,2,star,0.9947229623794556,2,star,0.9849055409431458,2,star,0.9950463771820068,2,star,0.8136870861053467
2260,2,star,1,quasar,False,1,quasar,False,True,2,star,0.6407350897789001,2,star,0.7348835468292236,1,quasar,0.8568578958511353,1,quasar,0.7091199159622192,1,quasar,0.7680811882019043,2,star,0.5214288234710693
2261,2,star,2,star,True,2,star,True,True,2,star,0.9708824753761292,2,star,0.9992122650146484,2,star,0.9860870242118835,2,star,0.9734874963760376,2,star,0.994327962398529,2,star,0.7834844589233398
2262,2,star,2,star,True,2,star,True,True,2,star,0.6940957307815552,2,star,0.5178908705711365,1,quasar,0.8704746961593628,1,quasar,0.69207763671875,2,star,0.7942764163017273,2,star,0.6287753582000732
2263,2,star,2,star,True,2,star,True,True,2,star,0.9389325380325317,2,star,0.988304615020752,2,star,0.9616808891296387,2,star,0.9365367293357849,2,star,0.9868077635765076,2,star,0.5661359429359436
2264,2,star,0,galaxy,False,0,galaxy,False,True,0,galaxy,0.9280555844306946,2,star,0.5922606587409973,0,galaxy,0.8779633641242981,0,galaxy,0.8860370516777039,2,star,0.9640912413597107,0,galaxy,0.5874989032745361
2265,2,star,2,star,True,2,star,True,True,2,star,0.5206707119941711,2,star,0.9352490901947021,2,star,0.923318088054657,1,quasar,0.6158199906349182,2,star,0.8513857126235962,2,star,0.688091516494751
2266,2,star,2,star,True,2,star,True,True,2,star,0.640586793422699,2,star,0.982951819896698,2,star,0.9890891909599304,2,star,0.9854318499565125,1,quasar,0.5985229015350342,1,quasar,0.4884085953235626
2267,2,star,2,star,True,2,star,True,True,2,star,0.5990126729011536,2,star,0.8739036321640015,2,star,0.9074800610542297,0,galaxy,0.8158676028251648,2,star,0.9881354570388794,2,star,0.6443900465965271
2268,2,star,2,star,True,2,star,True,True,2,star,0.5032249689102173,2,star,0.7848796248435974,2,star,0.9278342723846436,2,star,0.5089072585105896,2,star,0.8571622371673584,2,star,0.5521577596664429
2269,2,star,2,star,True,2,star,True,True,2,star,0.9702621698379517,2,star,0.9912130236625671,2,star,0.9779972434043884,2,star,0.9327175617218018,2,star,0.9947628378868103,2,star,0.7031164765357971
2270,2,star,1,quasar,False,1,quasar,False,True,1,quasar,0.5250146389007568,2,star,0.6824769973754883,1,quasar,0.4986906945705414,1,quasar,0.5844025015830994,1,quasar,0.5428726077079773,2,star,0.37776505947113037
2271,2,star,2,star,True,2,star,True,True,2,star,0.6800927519798279,2,star,0.862264096736908,2,star,0.9128459692001343,2,star,0.5951930284500122,2,star,0.6849337816238403,2,star,0.4991005063056946
2272,2,star,1,quasar,False,1,quasar,False,True,1,quasar,0.566143274307251,2,star,0.8000767827033997,1,quasar,0.831825852394104,1,quasar,0.649821400642395,1,quasar,0.7557736039161682,2,star,0.46703416109085083
2273,2,star,2,star,True,2,star,True,True,2,star,0.8819072246551514,2,star,0.6337630152702332,2,star,0.5359349846839905,1,quasar,0.5202584862709045,2,star,0.8181602954864502,2,star,0.5940383076667786
2274,2,star,2,star,True,2,star,True,True,2,star,0.9953344464302063,2,star,0.9993323683738708,2,star,0.9884081482887268,2,star,0.9881525635719299,2,star,0.9967478513717651,2,star,0.8333863019943237
2275,2,star,1,quasar,False,2,star,True,False,2,star,0.7209097743034363,2,star,0.9740590453147888,1,quasar,0.7000167369842529,1,quasar,0.6200398206710815,1,quasar,0.548930287361145,2,star,0.38418516516685486
2276,2,star,2,star,True,2,star,True,True,2,star,0.4793749451637268,2,star,0.6908116340637207,2,star,0.8811044096946716,0,galaxy,0.9748377799987793,2,star,0.9909517765045166,0,galaxy,0.41722121834754944
2277,2,star,2,star,True,2,star,True,True,2,star,0.9174217581748962,2,star,0.9114892482757568,2,star,0.7115978598594666,2,star,0.602346658706665,2,star,0.9750273823738098,2,star,0.5141183137893677
2278,2,star,2,star,True,2,star,True,True,2,star,0.834901750087738,2,star,0.9318186640739441,2,star,0.7480141520500183,2,star,0.7799728512763977,2,star,0.9846448302268982,2,star,0.5684912204742432
2279,2,star,2,star,True,2,star,True,True,2,star,0.9728010296821594,2,star,0.9957408905029297,2,star,0.9164764285087585,2,star,0.8618237376213074,2,star,0.9783723950386047,2,star,0.37234261631965637
2280,2,star,1,quasar,False,1,quasar,False,True,2,star,0.8981839418411255,1,quasar,0.62162184715271,1,quasar,0.8087887167930603,1,quasar,0.7982703447341919,1,quasar,0.5707895755767822,2,star,0.38058239221572876
2281,2,star,1,quasar,False,2,star,True,False,2,star,0.6738099455833435,1,quasar,0.5136421322822571,1,quasar,0.5941448211669922,1,quasar,0.6306516528129578,2,star,0.7613196969032288,2,star,0.4220241904258728
2282,2,star,1,quasar,False,1,quasar,False,True,2,star,0.5734478831291199,1,quasar,0.6833245158195496,1,quasar,0.7592184543609619,1,quasar,0.7901056408882141,2,star,0.708777666091919,2,star,0.5800918340682983
2283,2,star,2,star,True,2,star,True,True,2,star,0.9211221933364868,2,star,0.9939218759536743,2,star,0.9394088387489319,2,star,0.9755679965019226,2,star,0.9903087019920349,2,star,0.46588122844696045
2284,2,star,2,star,True,2,star,True,True,2,star,0.846985399723053,2,star,0.7568414211273193,2,star,0.8999051451683044,1,quasar,0.7562859058380127,2,star,0.922084629535675,2,star,0.9888843297958374
2285,2,star,1,quasar,False,1,quasar,False,True,2,star,0.6739853024482727,2,star,0.5339689254760742,1,quasar,0.7966494560241699,1,quasar,0.5415353775024414,1,quasar,0.7937091588973999,2,star,0.5763258934020996
2286,2,star,2,star,True,2,star,True,True,2,star,0.7487742304801941,2,star,0.9983966946601868,2,star,0.8836380243301392,1,quasar,0.7934830188751221,2,star,0.7270201444625854,2,star,0.7676147818565369
2287,2,star,1,quasar,False,2,star,True,False,2,star,0.906672477722168,2,star,0.6035214066505432,1,quasar,0.6086689829826355,1,quasar,0.7827509641647339,1,quasar,0.622847855091095,2,star,0.5204012989997864
2288,2,star,2,star,True,2,star,True,True,2,star,0.6497493982315063,2,star,0.611232578754425,1,quasar,0.7112860083580017,1,quasar,0.793825626373291,2,star,0.8471871018409729,2,star,0.6826095581054688
2289,2,star,2,star,True,2,star,True,True,2,star,0.9045156836509705,2,star,0.5051892399787903,2,star,0.6720948219299316,2,star,0.5771257877349854,2,star,0.7195727825164795,2,star,0.8575118780136108
2290,2,star,0,galaxy,False,0,galaxy,False,True,0,galaxy,0.47734156250953674,2,star,0.6197847723960876,1,quasar,0.40195000171661377,0,galaxy,0.9777432680130005,1,quasar,0.7318409085273743,0,galaxy,0.45988795161247253
2291,2,star,2,star,True,2,star,True,True,2,star,0.9189204573631287,2,star,0.8410471677780151,1,quasar,0.432970255613327,1,quasar,0.6887115240097046,2,star,0.8474674820899963,2,star,0.5869026780128479
2292,2,star,1,quasar,False,1,quasar,False,True,1,quasar,0.530971348285675,1,quasar,0.6436142325401306,1,quasar,0.7454882264137268,1,quasar,0.7773771286010742,1,quasar,0.9227598905563354,1,quasar,0.426906555891037
2293,2,star,2,star,True,2,star,True,True,2,star,0.9977472424507141,2,star,0.9699940085411072,2,star,0.7744102478027344,2,star,0.9730358123779297,2,star,0.9939618706703186,2,star,0.6722919344902039
2294,2,star,2,star,True,2,star,True,True,2,star,0.9644074440002441,1,quasar,0.6489273905754089,2,star,0.5207154154777527,2,star,0.5643898844718933,2,star,0.9818741083145142,2,star,0.7675378918647766
2295,2,star,2,star,True,2,star,True,True,2,star,0.9831551313400269,2,star,0.9712443351745605,2,star,0.9924334287643433,2,star,0.9771629571914673,2,star,0.9944150447845459,2,star,0.7550725936889648
2296,2,star,2,star,True,2,star,True,True,2,star,0.9629807472229004,2,star,0.9877026677131653,2,star,0.9916123151779175,2,star,0.9671308994293213,2,star,0.9947953820228577,2,star,0.9025853872299194
2297,2,star,2,star,True,2,star,True,True,2,star,0.7788452506065369,2,star,0.5439372658729553,1,quasar,0.8022181391716003,2,star,0.6989660859107971,2,star,0.9810996651649475,2,star,0.5858343839645386
2298,2,star,2,star,True,2,star,True,True,2,star,0.9860367178916931,2,star,0.9987471103668213,2,star,0.9950022101402283,2,star,0.99400395154953,2,star,0.9969090819358826,2,star,0.8125975131988525
2299,2,star,2,star,True,2,star,True,True,2,star,0.9883669018745422,2,star,0.9988182187080383,2,star,0.9780478477478027,2,star,0.9725157618522644,2,star,0.99607914686203,2,star,0.5760696530342102
2300,2,star,2,star,True,2,star,True,True,2,star,0.9069743156433105,2,star,0.8292699456214905,1,quasar,0.6099172830581665,1,quasar,0.717071533203125,2,star,0.8716363310813904,2,star,0.5225817561149597
2301,2,star,2,star,True,2,star,True,True,2,star,0.5557173490524292,2,star,0.9985474944114685,2,star,0.8648890256881714,2,star,0.857994794845581,2,star,0.9688576459884644,2,star,0.5651147365570068
2302,2,star,2,star,True,2,star,True,True,2,star,0.995930016040802,2,star,0.9956480860710144,2,star,0.9926727414131165,2,star,0.9944760203361511,2,star,0.9904239773750305,2,star,0.6818913221359253
2303,2,star,2,star,True,2,star,True,True,2,star,0.9975595474243164,2,star,0.9993118047714233,2,star,0.9819936156272888,2,star,0.9927682876586914,2,star,0.9970521926879883,2,star,0.9260748028755188
2304,2,star,2,star,True,2,star,True,True,2,star,0.9612042307853699,2,star,0.9962984919548035,2,star,0.9871017932891846,2,star,0.929541289806366,2,star,0.9895050525665283,2,star,0.8313333988189697
2305,2,star,2,star,True,2,star,True,True,2,star,0.8847296237945557,2,star,0.565779447555542,2,star,0.8669710159301758,2,star,0.5521880388259888,1,quasar,0.638515293598175,2,star,0.6980553269386292
2306,2,star,1,quasar,False,2,star,True,False,2,star,0.942764163017273,2,star,0.9488813281059265,1,quasar,0.8235947489738464,1,quasar,0.5465144515037537,1,quasar,0.6838533282279968,0,galaxy,0.5049301981925964
2307,2,star,2,star,True,2,star,True,True,2,star,0.9977438449859619,2,star,0.9994890689849854,2,star,0.9948446750640869,2,star,0.9941522479057312,2,star,0.995715320110321,2,star,0.8672469258308411
2308,2,star,2,star,True,2,star,True,True,2,star,0.9819837808609009,2,star,0.9975835084915161,2,star,0.9932112097740173,2,star,0.994962215423584,2,star,0.9765453934669495,2,star,0.8158762454986572
2309,2,star,2,star,True,2,star,True,True,2,star,0.9842490553855896,2,star,0.9995419979095459,2,star,0.9825787544250488,2,star,0.9849470853805542,2,star,0.9958646297454834,2,star,0.7280764579772949
2310,2,star,1,quasar,False,2,star,True,False,2,star,0.9363443851470947,2,star,0.7662097811698914,1,quasar,0.807673454284668,1,quasar,0.6417732834815979,1,quasar,0.5610098838806152,2,star,0.5128178596496582
2311,2,star,1,quasar,False,1,quasar,False,True,2,star,0.5978843569755554,1,quasar,0.7915705442428589,1,quasar,0.8062502145767212,1,quasar,0.5633445978164673,1,quasar,0.8966147303581238,2,star,0.7111476063728333
2312,2,star,2,star,True,2,star,True,True,2,star,0.9882798194885254,2,star,0.9988345503807068,2,star,0.887061595916748,2,star,0.8759444952011108,2,star,0.9905431866645813,2,star,0.6048382520675659
2313,2,star,2,star,True,2,star,True,True,2,star,0.9796581268310547,2,star,0.9015084505081177,1,quasar,0.7740871906280518,1,quasar,0.5283709764480591,2,star,0.788515031337738,2,star,0.807870090007782
2314,2,star,2,star,True,2,star,True,True,2,star,0.9657354354858398,2,star,0.6512402892112732,1,quasar,0.6023427844047546,2,star,0.572414755821228,2,star,0.8632497787475586,2,star,0.616005539894104
2315,2,star,2,star,True,2,star,True,True,2,star,0.9877403378486633,2,star,0.9999970197677612,2,star,0.9926666617393494,2,star,0.9837520122528076,2,star,0.9960148334503174,2,star,0.8757228851318359
2316,2,star,2,star,True,2,star,True,True,2,star,0.9362976551055908,2,star,0.836433470249176,2,star,0.847342848777771,2,star,0.654471755027771,2,star,0.9832777380943298,2,star,0.609758198261261
2317,2,star,1,quasar,False,2,star,True,False,2,star,0.7779198884963989,2,star,0.7360559701919556,1,quasar,0.8298786282539368,1,quasar,0.825437605381012,1,quasar,0.5321680307388306,2,star,0.7361401319503784
2318,2,star,2,star,True,2,star,True,True,2,star,0.9979897737503052,2,star,0.994799017906189,2,star,0.9947691559791565,2,star,0.9936283230781555,2,star,0.993598222732544,2,star,0.6984979510307312
2319,2,star,2,star,True,2,star,True,True,2,star,0.7165313363075256,2,star,0.9761809706687927,1,quasar,0.8050459027290344,0,galaxy,0.44202446937561035,2,star,0.6173321604728699,0,galaxy,0.6564160585403442
2320,2,star,2,star,True,2,star,True,True,2,star,0.9825230836868286,2,star,0.9979404807090759,2,star,0.9943885207176208,2,star,0.9953294992446899,2,star,0.9953410625457764,2,star,0.8020557165145874
2321,2,star,2,star,True,2,star,True,True,2,star,0.9918990135192871,2,star,0.9791933298110962,2,star,0.9937546253204346,2,star,0.991080105304718,2,star,0.984688401222229,2,star,0.7714741826057434
2322,2,star,2,star,True,2,star,True,True,2,star,0.9612064361572266,2,star,0.753760576248169,2,star,0.5470983982086182,2,star,0.6714800596237183,2,star,0.9608138203620911,1,quasar,0.5331189036369324
2323,2,star,2,star,True,2,star,True,True,2,star,0.9899386167526245,2,star,0.9933760762214661,2,star,0.9908720850944519,2,star,0.9066038727760315,2,star,0.993528425693512,2,star,0.8857496380805969
2324,2,star,2,star,True,2,star,True,True,2,star,0.9883612990379333,2,star,0.9994810223579407,2,star,0.9936322569847107,2,star,0.976479709148407,2,star,0.9943253397941589,2,star,0.816224992275238
2325,2,star,2,star,True,2,star,True,True,2,star,0.9884413480758667,2,star,0.9949626922607422,2,star,0.786026656627655,2,star,0.9868466258049011,2,star,0.9960092306137085,2,star,0.9322585463523865
2326,2,star,2,star,True,2,star,True,True,2,star,0.9171603322029114,2,star,0.997352123260498,2,star,0.9868114590644836,2,star,0.9538033604621887,2,star,0.9920864701271057,2,star,0.7118724584579468
2327,2,star,2,star,True,2,star,True,True,2,star,0.933487057685852,2,star,0.9614706039428711,2,star,0.9500192403793335,2,star,0.7825697660446167,2,star,0.9400665760040283,2,star,0.7434768676757812
2328,2,star,1,quasar,False,2,star,True,False,1,quasar,0.6905431151390076,1,quasar,0.5386941432952881,2,star,0.922505259513855,1,quasar,0.618911862373352,2,star,0.9673504829406738,1,quasar,0.6670265793800354
2329,2,star,1,quasar,False,1,quasar,False,True,2,star,0.6713190078735352,1,quasar,0.8444359302520752,1,quasar,0.8127702474594116,1,quasar,0.7777764797210693,2,star,0.5520164966583252,2,star,0.4878460168838501
2330,2,star,2,star,True,2,star,True,True,2,star,0.7633690237998962,2,star,0.9681680798530579,1,quasar,0.5299835205078125,2,star,0.8187374472618103,2,star,0.9868818521499634,2,star,0.7464882135391235
2331,2,star,2,star,True,2,star,True,True,2,star,0.9411823749542236,2,star,0.9527299404144287,2,star,0.7669757604598999,2,star,0.5738680362701416,2,star,0.9908954501152039,0,galaxy,0.4019579291343689
2332,2,star,2,star,True,2,star,True,True,2,star,0.9073694348335266,2,star,0.6520307660102844,2,star,0.9694487452507019,0,galaxy,0.8985322117805481,2,star,0.9603238105773926,0,galaxy,0.393384724855423
2333,2,star,2,star,True,2,star,True,True,2,star,0.7872448563575745,2,star,0.8990577459335327,2,star,0.9458593130111694,1,quasar,0.5111079812049866,2,star,0.956104576587677,2,star,0.9097654819488525
2334,2,star,2,star,True,2,star,True,True,2,star,0.8469849228858948,2,star,0.9635674357414246,2,star,0.6906570792198181,2,star,0.5463919043540955,2,star,0.8061284422874451,2,star,0.65229731798172
2335,2,star,2,star,True,2,star,True,True,2,star,0.9254022836685181,2,star,0.9701720476150513,2,star,0.9378808736801147,2,star,0.815003514289856,2,star,0.9920281767845154,0,galaxy,0.39636752009391785
2336,2,star,2,star,True,2,star,True,True,2,star,0.9943318367004395,2,star,0.9999829530715942,2,star,0.9866088032722473,2,star,0.6796301603317261,2,star,0.9967959523200989,2,star,0.5592093467712402
2337,2,star,1,quasar,False,1,quasar,False,True,2,star,0.5544208288192749,1,quasar,0.8686206340789795,1,quasar,0.8042953014373779,1,quasar,0.6687871813774109,1,quasar,0.9061329960823059,2,star,0.5067763328552246
2338,2,star,0,galaxy,False,2,star,True,False,0,galaxy,0.49064886569976807,2,star,0.9274269938468933,0,galaxy,0.5248872637748718,0,galaxy,0.5011950135231018,2,star,0.7833449840545654,1,quasar,0.47198721766471863
2339,2,star,2,star,True,2,star,True,True,2,star,0.8805239200592041,1,quasar,0.557719349861145,2,star,0.7338180541992188,2,star,0.8578697443008423,1,quasar,0.6871211528778076,2,star,0.4816918671131134
2340,2,star,2,star,True,2,star,True,True,2,star,0.6893001198768616,2,star,0.5837593674659729,0,galaxy,0.40402376651763916,1,quasar,0.6297680735588074,2,star,0.566457986831665,2,star,0.5522293448448181
2341,2,star,2,star,True,2,star,True,True,2,star,0.9919523596763611,2,star,0.9942548871040344,2,star,0.9843679070472717,2,star,0.9715949296951294,2,star,0.9600170850753784,2,star,0.7925589680671692
2342,2,star,2,star,True,2,star,True,True,2,star,0.9948354959487915,2,star,0.9998291730880737,2,star,0.994881272315979,2,star,0.9953624606132507,2,star,0.9964419007301331,2,star,0.6403719782829285
2343,2,star,2,star,True,2,star,True,True,2,star,0.799700140953064,2,star,0.9535359740257263,2,star,0.9856573939323425,2,star,0.728011965751648,2,star,0.9849236011505127,1,quasar,0.5365242958068848
2344,2,star,2,star,True,2,star,True,True,2,star,0.9688822627067566,2,star,0.6622094511985779,2,star,0.679912269115448,2,star,0.511524498462677,2,star,0.8015556931495667,0,galaxy,0.5699700117111206
2345,2,star,1,quasar,False,1,quasar,False,True,1,quasar,0.6665300726890564,2,star,0.6310051679611206,1,quasar,0.5680293440818787,1,quasar,0.6220293641090393,1,quasar,0.7184432744979858,1,quasar,0.45388224720954895
2346,2,star,2,star,True,2,star,True,True,2,star,0.920681357383728,2,star,0.6847690343856812,2,star,0.9679402709007263,1,quasar,0.7850345969200134,1,quasar,0.6404802799224854,2,star,0.5454922914505005
2347,2,star,2,star,True,2,star,True,True,2,star,0.9867608547210693,2,star,0.9996645450592041,2,star,0.994147777557373,2,star,0.7147167325019836,2,star,0.9966752529144287,2,star,0.7632512450218201
2348,2,star,2,star,True,2,star,True,True,2,star,0.7936863899230957,2,star,0.6581293344497681,1,quasar,0.6676663160324097,1,quasar,0.7915984392166138,2,star,0.5182188153266907,2,star,0.40881675481796265
2349,2,star,2,star,True,2,star,True,True,2,star,0.9215714931488037,2,star,0.9990610480308533,2,star,0.9804659485816956,2,star,0.985441267490387,2,star,0.9967605471611023,2,star,0.5425868630409241
2350,2,star,2,star,True,2,star,True,True,2,star,0.9781450629234314,2,star,0.999901533126831,2,star,0.992472767829895,2,star,0.991796612739563,2,star,0.9972215890884399,2,star,0.7836948037147522
2351,2,star,1,quasar,False,2,star,True,False,2,star,0.8576874732971191,2,star,0.9570211172103882,1,quasar,0.5904801487922668,1,quasar,0.7711032032966614,1,quasar,0.7911977767944336,2,star,0.7086723446846008
2352,2,star,2,star,True,2,star,True,True,2,star,0.9265905618667603,1,quasar,0.5321678519248962,2,star,0.5367133021354675,2,star,0.5630103945732117,2,star,0.5001873970031738,1,quasar,0.4842260479927063
2353,2,star,2,star,True,2,star,True,True,2,star,0.7022410035133362,2,star,0.9902374148368835,2,star,0.9472817182540894,2,star,0.4753072261810303,2,star,0.9400402307510376,2,star,0.4837237596511841
